n_client_queries,n_client_responses,n_upstream_queries,n_upstream_responses,total_wire_bytes,upstream_client_ratio,response_multiplicity,max_active_upstream,distinct_client_ecs,distinct_upstream_ecs,ecs_fanout,missing_ecs_rate,ecs_mismatch_rate,txid_entropy,sport_entropy,answer_uniqueness,answer_disagreement,ttl_mean,ttl_cv,rcode_diversity,servfail_rate,state_reuse_rate,client_latency_mean,client_latency_p95,client_latency_cv,upstream_latency_mean,response_race_gap_mean,n_timeouts,episode_id,seed,policy,condition,label,resolver_used
1,1,1,1,90,1.0,1.0,1,0,0,0.0,0.0,0.0,-0.0,-0.0,1.0,0.0,3520.0,0.0,1.0,0.0,0.0,0.0024340152740478516,0.0024340152740478516,0.0,0.001990795135498047,0.0,0,1c2911e2-18aa-4158-a547-8f62756c79a4,20260816,aggregate,benign-plain,0,quad9
1,1,1,1,116,1.0,1.0,1,0,0,0.0,0.0,0.0,-0.0,-0.0,1.0,0.0,2138.0,0.0,1.0,0.0,0.0,0.0050127506256103516,0.0050127506256103516,0.0,0.004197120666503906,0.0,0,d43dc504-2baf-41ab-a9c9-4b4ce4cfa5a4,20260816,aggregate,benign-plain,0,opendns
1,1,1,1,146,1.0,1.0,1,0,0,0.0,0.0,0.0,-0.0,-0.0,1.0,0.0,3.0,0.0,1.0,0.0,0.0,0.0020661354064941406,0.0020661354064941406,0.0,0.0020067691802978516,0.0,0,2e67c77a-7566-489a-aaca-d646c5d80eac,20260816,aggregate,benign-plain,0,google
1,1,1,1,102,1.0,1.0,1,0,0,0.0,0.0,0.0,-0.0,-0.0,1.0,0.0,300.0,0.0,1.0,0.0,0.0,0.0038712024688720703,0.0038712024688720703,0.0,0.003633737564086914,0.0,0,c34c728f-af79-483b-b870-215c16690269,20260816,aggregate,benign-plain,0,opendns
1,1,1,1,98,1.0,1.0,1,0,0,0.0,0.0,0.0,-0.0,-0.0,1.0,0.0,709.0,0.0,1.0,0.0,0.0,0.003947019577026367,0.003947019577026367,0.0,0.0037522315979003906,0.0,0,8245ce6d-9403-448a-a3ef-5305e2144bca,20260816,aggregate,benign-plain,0,cloudflare
1,1,1,1,96,1.0,1.0,1,0,0,0.0,0.0,0.0,-0.0,-0.0,1.0,0.0,30.0,0.0,1.0,0.0,0.0,0.022435426712036133,0.022435426712036133,0.0,0.022246122360229492,0.0,0,837727ac-c919-4b0d-9425-24f048c7b419,20260816,aggregate,benign-plain,0,cloudflare
1,1,1,1,106,1.0,1.0,1,0,0,0.0,0.0,0.0,-0.0,-0.0,1.0,0.0,300.0,0.0,1.0,0.0,0.0,0.01316976547241211,0.01316976547241211,0.0,0.013094425201416016,0.0,0,83242754-598d-4fcf-9abe-fc4b51b3fa54,20260816,aggregate,benign-plain,0,google
1,1,1,1,92,1.0,1.0,1,0,0,0.0,0.0,0.0,-0.0,-0.0,1.0,0.0,300.0,0.0,1.0,0.0,0.0,0.01884174346923828,0.01884174346923828,0.0,0.018312692642211914,0.0,0,82d72a16-4eba-4ca9-9ebd-7e298c17aff3,20260816,aggregate,benign-plain,0,opendns
1,1,1,1,104,1.0,1.0,1,0,0,0.0,0.0,0.0,-0.0,-0.0,1.0,0.0,20139.0,0.0,1.0,0.0,0.0,0.016934871673583984,0.016934871673583984,0.0,0.016304969787597656,0.0,0,1dbb6724-52d6-4d3a-83a1-de0357922ca5,20260816,aggregate,benign-plain,0,google
1,1,1,1,108,1.0,1.0,1,0,0,0.0,0.0,0.0,-0.0,-0.0,1.0,0.0,196.0,0.0,1.0,0.0,0.0,0.01645374298095703,0.01645374298095703,0.0,0.01640462875366211,0.0,0,0c4b9bc8-c027-4c1b-b037-818bcdf8d9ba,20260816,aggregate,benign-plain,0,opendns
1,1,1,1,84,1.0,1.0,1,0,0,0.0,0.0,0.0,-0.0,-0.0,1.0,0.0,60.0,0.0,1.0,0.0,0.0,0.02090907096862793,0.02090907096862793,0.0,0.020840883255004883,0.0,0,b183758f-00ca-46b7-827d-58249adff4e2,20260816,aggregate,benign-plain,0,cloudflare
1,1,1,1,126,1.0,1.0,1,0,0,0.0,0.0,0.0,-0.0,-0.0,1.0,0.0,767.0,0.0,1.0,0.0,0.0,0.005805015563964844,0.005805015563964844,0.0,0.00214385986328125,0.0,0,22b0d11f-5e0c-4248-8c32-57d109ec8860,20260816,aggregate,benign-plain,0,google
1,1,1,1,142,1.0,1.0,1,0,0,0.0,0.0,0.0,-0.0,-0.0,1.0,0.0,130.0,0.0,1.0,0.0,0.0,0.019304275512695312,0.019304275512695312,0.0,0.012684345245361328,0.0,0,ea9d69e8-faaa-403e-b039-1ebb5bb25f5e,20260816,aggregate,benign-plain,0,cloudflare
1,1,1,1,144,1.0,1.0,1,0,0,0.0,0.0,0.0,-0.0,-0.0,1.0,0.0,60.0,0.0,1.0,0.0,0.0,0.02676868438720703,0.02676868438720703,0.0,0.026587724685668945,0.0,0,e51a3793-a902-4642-9d64-b7c2f3e4c54e,20260816,aggregate,benign-plain,0,cloudflare
1,1,1,1,228,1.0,1.0,1,0,0,0.0,0.0,0.0,-0.0,-0.0,1.0,0.0,193.66666666666666,1.6486638328245824,1.0,0.0,0.0,0.004161834716796875,0.004161834716796875,0.0,0.0034101009368896484,0.0,0,8ed5a700-ddb2-4758-9b75-9f7119bed857,20260816,aggregate,benign-plain,0,cloudflare
1,1,1,1,112,1.0,1.0,1,0,0,0.0,0.0,0.0,-0.0,-0.0,1.0,0.0,17.0,0.0,1.0,0.0,0.0,0.007898807525634766,0.007898807525634766,0.0,0.0077321529388427734,0.0,0,292b2f1a-6d47-4cb8-aa0e-6a1771e07c26,20260816,aggregate,benign-plain,0,cloudflare
1,1,1,1,104,1.0,1.0,1,0,0,0.0,0.0,0.0,-0.0,-0.0,1.0,0.0,13863.0,0.0,1.0,0.0,0.0,0.0021300315856933594,0.0021300315856933594,0.0,0.001425027847290039,0.0,0,37c109b1-07b9-4299-9133-f984698288a6,20260816,aggregate,benign-plain,0,cloudflare
1,1,1,1,104,1.0,1.0,1,0,0,0.0,0.0,0.0,-0.0,-0.0,1.0,0.0,7.0,0.0,1.0,0.0,0.0,0.003480195999145508,0.003480195999145508,0.0,0.0022280216217041016,0.0,0,71d3c9ee-0c8f-4e21-9cb7-367bad564d70,20260816,aggregate,benign-plain,0,cloudflare
1,1,1,1,92,1.0,1.0,1,0,0,0.0,0.0,0.0,-0.0,-0.0,1.0,0.0,28.0,0.0,1.0,0.0,0.0,0.02837967872619629,0.02837967872619629,0.0,0.027709007263183594,0.0,0,47d6d94c-98cf-4f3b-8caf-ed7e72929e11,20260816,aggregate,benign-plain,0,google
1,1,1,1,142,1.0,1.0,1,0,0,0.0,0.0,0.0,-0.0,-0.0,1.0,0.0,495.0,0.0,1.0,0.0,0.0,0.003863811492919922,0.003863811492919922,0.0,0.002616405487060547,0.0,0,add5fa5b-fe5d-42a8-8e1b-c29fea4fbd86,20260816,aggregate,benign-plain,0,google
1,1,1,1,88,1.0,1.0,1,0,0,0.0,0.0,0.0,-0.0,-0.0,1.0,0.0,424.0,0.0,1.0,0.0,0.0,0.003989458084106445,0.003989458084106445,0.0,0.002205371856689453,0.0,0,96f49d76-c830-4e89-be13-6b4830c82a9a,20260816,aggregate,benign-plain,0,google
1,1,1,1,94,1.0,1.0,1,0,0,0.0,0.0,0.0,-0.0,-0.0,1.0,0.0,3096.0,0.0,1.0,0.0,0.0,0.003599405288696289,0.003599405288696289,0.0,0.0021352767944335938,0.0,0,73612f81-218e-47e1-9e6c-2112839adbfa,20260816,aggregate,benign-plain,0,cloudflare
1,1,1,1,100,1.0,1.0,1,0,0,0.0,0.0,0.0,-0.0,-0.0,1.0,0.0,120.0,0.0,1.0,0.0,0.0,0.0023300647735595703,0.0023300647735595703,0.0,0.0012440681457519531,0.0,0,f2da9588-0bf5-4a5a-8223-057a54c735ab,20260816,aggregate,benign-plain,0,opendns
1,1,1,1,108,1.0,1.0,1,0,0,0.0,0.0,0.0,-0.0,-0.0,1.0,0.0,2.0,0.0,1.0,0.0,0.0,0.0061571598052978516,0.0061571598052978516,0.0,0.005635976791381836,0.0,0,ee68ef61-4e90-4894-94a5-eb181bb35624,20260816,aggregate,benign-plain,0,cloudflare
1,1,1,1,209,1.0,1.0,1,0,0,0.0,0.0,0.0,-0.0,-0.0,1.0,0.0,300.0,0.0,1.0,0.0,0.0,0.006735324859619141,0.006735324859619141,0.0,0.004029035568237305,0.0,0,770aec0e-d467-480b-abe6-4afa59d29046,20260816,aggregate,benign-plain,0,opendns
1,1,1,1,166,1.0,1.0,1,0,0,0.0,0.0,0.0,-0.0,-0.0,1.0,0.0,6.0,0.0,1.0,0.0,0.0,0.002046346664428711,0.002046346664428711,0.0,0.001979351043701172,0.0,0,07986750-3f0a-4f74-b4e3-5a4f071affea,20260816,aggregate,benign-plain,0,opendns
1,1,1,1,219,1.0,1.0,1,0,0,0.0,0.0,0.0,-0.0,-0.0,1.0,0.0,300.0,0.0,1.0,0.0,0.0,0.0067424774169921875,0.0067424774169921875,0.0,0.006705284118652344,0.0,0,9a2ce76a-b902-4b10-ad2a-2a53bd956551,20260816,aggregate,benign-plain,0,opendns
1,1,1,1,152,1.0,1.0,1,0,0,0.0,0.0,0.0,-0.0,-0.0,1.0,0.0,300.0,0.0,1.0,0.0,0.0,0.003928661346435547,0.003928661346435547,0.0,0.003475666046142578,0.0,0,f647239d-c90b-4340-aeed-652133975ee3,20260816,aggregate,benign-plain,0,google
1,1,1,1,92,1.0,1.0,1,0,0,0.0,0.0,0.0,-0.0,-0.0,1.0,0.0,28.0,0.0,1.0,0.0,0.0,0.028864622116088867,0.028864622116088867,0.0,0.028072118759155273,0.0,0,fd323936-8837-423a-90ac-233244560b4e,20260816,aggregate,benign-plain,0,quad9
1,1,1,1,177,1.0,1.0,1,0,0,0.0,0.0,0.0,-0.0,-0.0,1.0,0.0,59.333333333333336,0.015890040026663988,1.0,0.0,0.0,0.013136625289916992,0.013136625289916992,0.0,0.012574195861816406,0.0,0,09eb9671-17a2-47bc-895f-a635bae445f5,20260816,aggregate,benign-plain,0,google
1,1,1,1,114,1.0,1.0,1,0,0,0.0,0.0,0.0,-0.0,-0.0,1.0,0.0,300.0,0.0,1.0,0.0,0.0,0.015712738037109375,0.015712738037109375,0.0,0.01479029655456543,0.0,0,d0b3f83c-1ece-4604-9cd2-8950281fc071,20260816,aggregate,benign-plain,0,google
1,1,1,1,156,1.0,1.0,1,0,0,0.0,0.0,0.0,-0.0,-0.0,1.0,0.0,300.0,0.0,1.0,0.0,0.0,0.01703333854675293,0.01703333854675293,0.0,0.01581406593322754,0.0,0,389c8bee-29fa-4dcf-af70-f0696f0af100,20260816,aggregate,benign-plain,0,cloudflare
1,1,1,1,110,1.0,1.0,1,0,0,0.0,0.0,0.0,-0.0,-0.0,1.0,0.0,300.0,0.0,1.0,0.0,0.0,0.01496434211730957,0.01496434211730957,0.0,0.01383066177368164,0.0,0,7170c6b0-2244-451d-905c-e37812d23923,20260816,aggregate,benign-plain,0,quad9
1,1,1,1,88,1.0,1.0,1,0,0,0.0,0.0,0.0,-0.0,-0.0,1.0,0.0,300.0,0.0,1.0,0.0,0.0,0.033898115158081055,0.033898115158081055,0.0,0.03309345245361328,0.0,0,b92503f7-82f9-4f8f-b473-7d49d6a90ece,20260816,aggregate,benign-plain,0,google
1,1,1,1,192,1.0,1.0,1,0,0,0.0,0.0,0.0,-0.0,-0.0,1.0,0.0,300.0,0.0,1.0,0.0,0.0,0.0031855106353759766,0.0031855106353759766,0.0,0.0028831958770751953,0.0,0,9f1f8cb1-7291-43ba-8b2a-da779695ad0e,20260816,aggregate,benign-plain,0,quad9
1,1,1,1,184,1.0,1.0,0,0,0,0.0,0.0,0.0,-0.0,-0.0,1.0,0.0,300.0,0.0,1.0,0.0,0.0,2.5258805751800537,2.5258805751800537,0.0,0.0,0.0,0,b35be8d9-6329-4210-91e7-58487386b38d,20260816,aggregate,benign-plain,0,opendns
1,1,1,1,152,1.0,1.0,0,0,0,0.0,0.0,0.0,-0.0,-0.0,1.0,0.0,9.0,0.0,1.0,0.0,0.0,2.5274055004119873,2.5274055004119873,0.0,0.0,0.0,0,da6f6e27-7464-4333-b2a0-d0a4c6b23dfc,20260816,aggregate,benign-plain,0,google
1,1,1,1,136,1.0,1.0,0,0,0,0.0,0.0,0.0,-0.0,-0.0,1.0,0.0,3157.0,0.0,1.0,0.0,0.0,2.5290157794952393,2.5290157794952393,0.0,0.0,0.0,0,66284359-6159-4bbe-afbf-c588a1bf1fca,20260816,aggregate,benign-plain,0,google
1,1,1,1,120,1.0,1.0,0,0,0,0.0,0.0,0.0,-0.0,-0.0,1.0,0.0,198.0,0.0,1.0,0.0,0.0,2.52811598777771,2.52811598777771,0.0,0.0,0.0,0,8220767b-cc32-4578-8d48-a6209b07d2f9,20260816,aggregate,benign-plain,0,cloudflare
1,1,1,1,94,1.0,1.0,0,0,0,0.0,0.0,0.0,-0.0,-0.0,1.0,0.0,12413.0,0.0,1.0,0.0,0.0,2.531858444213867,2.531858444213867,0.0,0.0,0.0,0,4c8eef88-bc95-49f3-bae5-ca61bd0451bb,20260816,aggregate,benign-plain,0,quad9
1,1,1,1,140,1.0,1.0,1,0,0,0.0,0.0,0.0,-0.0,-0.0,1.0,0.0,213.0,0.0,1.0,0.0,0.0,0.0013036727905273438,0.0013036727905273438,0.0,0.0012733936309814453,0.0,0,609f604c-4105-4fe2-b8e3-5ef19c847dba,20260816,aggregate,benign-plain,0,cloudflare
1,1,1,1,137,1.0,1.0,0,0,0,0.0,0.0,0.0,-0.0,-0.0,1.0,0.0,8872.5,0.9940264863341787,1.0,0.0,0.0,2.5348007678985596,2.5348007678985596,0.0,0.0,0.0,0,8fa2fc41-1130-4af6-bdbf-41ef717326f8,20260816,aggregate,benign-plain,0,quad9
1,1,1,1,144,1.0,1.0,0,0,0,0.0,0.0,0.0,-0.0,-0.0,1.0,0.0,13027.0,0.0,1.0,0.0,0.0,2.5289804935455322,2.5289804935455322,0.0,0.0,0.0,0,90ec026c-9c8b-44db-b7f5-6548706f5f17,20260816,aggregate,benign-plain,0,google
1,1,1,1,140,1.0,1.0,0,0,0,0.0,0.0,0.0,-0.0,-0.0,1.0,0.0,39.0,0.0,1.0,0.0,0.0,2.527677297592163,2.527677297592163,0.0,0.0,0.0,0,474a20fe-af2e-4a75-b433-90c371ac6681,20260816,aggregate,benign-plain,0,cloudflare
1,1,1,1,102,1.0,1.0,1,0,0,0.0,0.0,0.0,-0.0,-0.0,1.0,0.0,2661.0,0.0,1.0,0.0,0.0,0.002705812454223633,0.002705812454223633,0.0,0.0026655197143554688,0.0,0,74d8500f-5563-49a0-9160-3c0a25908ae7,20260816,aggregate,benign-plain,0,google
1,1,1,1,114,1.0,1.0,1,0,0,0.0,0.0,0.0,-0.0,-0.0,1.0,0.0,32.0,0.0,1.0,0.0,0.0,0.0026710033416748047,0.0026710033416748047,0.0,0.002635478973388672,0.0,0,e840a316-11e5-40b6-9ac5-088c32e9e8d5,20260816,aggregate,benign-plain,0,cloudflare
1,1,1,1,98,1.0,1.0,1,0,0,0.0,0.0,0.0,-0.0,-0.0,1.0,0.0,1076.0,0.0,1.0,0.0,0.0,0.0038950443267822266,0.0038950443267822266,0.0,0.0038530826568603516,0.0,0,51825313-ae2a-418f-8e63-2f17728c2537,20260816,aggregate,benign-plain,0,google
1,1,1,1,184,1.0,1.0,0,0,0,0.0,0.0,0.0,-0.0,-0.0,1.0,0.0,60.0,0.0,1.0,0.0,0.0,2.529649019241333,2.529649019241333,0.0,0.0,0.0,0,175f107a-e723-4a39-94df-c7a4c5841c38,20260816,aggregate,benign-plain,0,opendns
1,1,1,1,86,1.0,1.0,1,0,0,0.0,0.0,0.0,-0.0,-0.0,1.0,0.0,1128.0,0.0,1.0,0.0,0.0,0.014271736145019531,0.014271736145019531,0.0,0.01421356201171875,0.0,0,a6b49f96-469c-4553-b7aa-bb24bbb252d0,20260816,aggregate,benign-plain,0,cloudflare
1,1,1,1,112,1.0,1.0,0,0,0,0.0,0.0,0.0,-0.0,-0.0,1.0,0.0,216.0,0.0,1.0,0.0,0.0,2.5335586071014404,2.5335586071014404,0.0,0.0,0.0,0,c8d0108f-9792-483b-b03f-e651e034908e,20260816,aggregate,benign-plain,0,cloudflare
1,1,1,1,110,1.0,1.0,1,0,0,0.0,0.0,0.0,-0.0,-0.0,1.0,0.0,166.0,0.0,1.0,0.0,0.0,0.01603531837463379,0.01603531837463379,0.0,0.011590242385864258,0.0,0,55f3fe72-ba53-4b0d-a984-1decacd2e45f,20260816,aggregate,benign-plain,0,google
1,1,1,1,100,1.0,1.0,1,0,0,0.0,0.0,0.0,-0.0,-0.0,1.0,0.0,362.0,0.0,1.0,0.0,0.0,0.0028116703033447266,0.0028116703033447266,0.0,0.002780914306640625,0.0,0,496a63c4-8e3e-4f31-a2e3-3d668250e335,20260816,aggregate,benign-plain,0,opendns
1,1,1,1,116,1.0,1.0,0,0,0,0.0,0.0,0.0,-0.0,-0.0,1.0,0.0,300.0,0.0,1.0,0.0,0.0,2.5410873889923096,2.5410873889923096,0.0,0.0,0.0,0,238c9c25-5665-400e-9053-efd6e1dd35df,20260816,aggregate,benign-plain,0,opendns
1,1,1,1,102,1.0,1.0,0,0,0,0.0,0.0,0.0,-0.0,-0.0,1.0,0.0,20.0,0.0,1.0,0.0,0.0,2.5181725025177,2.5181725025177,0.0,0.0,0.0,0,69833bfa-a66e-4fc7-89ce-bf94207776af,20260816,aggregate,benign-plain,0,google
1,1,1,1,102,1.0,1.0,1,0,0,0.0,0.0,0.0,-0.0,-0.0,1.0,0.0,225.0,0.0,1.0,0.0,0.0,0.019000768661499023,0.019000768661499023,0.0,0.01895880699157715,0.0,0,ffaf46ce-5eac-4518-91f5-f8f1d4caa6a2,20260816,aggregate,benign-plain,0,opendns
1,1,1,1,112,1.0,1.0,1,0,0,0.0,0.0,0.0,-0.0,-0.0,1.0,0.0,37.0,0.0,1.0,0.0,0.0,0.0022199153900146484,0.0022199153900146484,0.0,0.002170562744140625,0.0,0,471f1ef3-2859-401f-9c02-cc2010aa9682,20260816,aggregate,benign-plain,0,google
1,1,1,1,96,1.0,1.0,1,0,0,0.0,0.0,0.0,-0.0,-0.0,1.0,0.0,35.0,0.0,1.0,0.0,0.0,0.019353151321411133,0.019353151321411133,0.0,0.003823995590209961,0.0,0,076bd6a0-5546-40d6-a9ae-241f5841f4dd,20260816,aggregate,benign-plain,0,cloudflare
1,1,1,1,150,1.0,1.0,0,0,0,0.0,0.0,0.0,-0.0,-0.0,1.0,0.0,60.0,0.0,1.0,0.0,0.0,2.5491673946380615,2.5491673946380615,0.0,0.0,0.0,0,7a5f15e2-3189-4f7c-b553-c616260bffe6,20260816,aggregate,benign-plain,0,quad9
1,1,1,1,98,1.0,1.0,1,0,0,0.0,0.0,0.0,-0.0,-0.0,1.0,0.0,600.0,0.0,1.0,0.0,0.0,0.007310628890991211,0.007310628890991211,0.0,0.007200717926025391,0.0,0,cd6e88e9-35f3-4d20-9253-ae090c7e41bd,20260816,aggregate,benign-plain,0,cloudflare
1,1,1,1,88,1.0,1.0,1,0,0,0.0,0.0,0.0,-0.0,-0.0,1.0,0.0,891.0,0.0,1.0,0.0,0.0,0.005440950393676758,0.005440950393676758,0.0,0.002529144287109375,0.0,0,3aec7da1-f95c-4975-95eb-2ca49370d94d,20260816,aggregate,benign-plain,0,google
1,1,1,1,160,1.0,1.0,1,0,0,0.0,0.0,0.0,-0.0,-0.0,1.0,0.0,7604.0,0.0,1.0,0.0,0.0,0.002215862274169922,0.002215862274169922,0.0,0.0021619796752929688,0.0,0,15254e87-b1ee-4e9c-b67c-9073c0718799,20260816,aggregate,benign-plain,0,quad9
1,1,1,1,92,1.0,1.0,1,0,0,0.0,0.0,0.0,-0.0,-0.0,1.0,0.0,191.0,0.0,1.0,0.0,0.0,0.00480341911315918,0.00480341911315918,0.0,0.0028569698333740234,0.0,0,dc61fef1-624f-499f-a48f-e7b453355033,20260816,aggregate,benign-plain,0,google
1,1,1,1,98,1.0,1.0,1,0,0,0.0,0.0,0.0,-0.0,-0.0,1.0,0.0,1853.0,0.0,1.0,0.0,0.0,0.006432771682739258,0.006432771682739258,0.0,0.006338834762573242,0.0,0,cf8ee5e3-89fb-4a69-8201-1cf651d97222,20260816,aggregate,benign-plain,0,cloudflare
1,1,1,1,98,1.0,1.0,1,0,0,0.0,0.0,0.0,-0.0,-0.0,1.0,0.0,11.0,0.0,1.0,0.0,0.0,0.006333589553833008,0.006333589553833008,0.0,0.004751443862915039,0.0,0,59468016-5a27-4d98-bfda-b71dff3a3553,20260816,aggregate,benign-plain,0,google
1,1,1,1,140,1.0,1.0,1,0,0,0.0,0.0,0.0,-0.0,-0.0,1.0,0.0,182.0,0.0,1.0,0.0,0.0,0.006891965866088867,0.006891965866088867,0.0,0.005787849426269531,0.0,0,d2031386-8f3b-4ac4-8bb4-d6fff77fe131,20260816,aggregate,benign-plain,0,quad9
1,1,1,1,96,1.0,1.0,1,0,0,0.0,0.0,0.0,-0.0,-0.0,1.0,0.0,129.0,0.0,1.0,0.0,0.0,0.004845857620239258,0.004845857620239258,0.0,0.004711627960205078,0.0,0,5f124594-2915-4942-b818-8bd5a0c27dd8,20260816,aggregate,benign-plain,0,cloudflare
1,1,1,1,142,1.0,1.0,1,0,0,0.0,0.0,0.0,-0.0,-0.0,1.0,0.0,203.0,0.0,1.0,0.0,0.0,0.00441741943359375,0.00441741943359375,0.0,0.0030601024627685547,0.0,0,929b689f-857a-468c-b761-3c837a1f7ba3,20260816,aggregate,benign-plain,0,cloudflare
1,1,1,1,192,1.0,1.0,1,0,0,0.0,0.0,0.0,-0.0,-0.0,1.0,0.0,200.0,0.0,1.0,0.0,0.0,0.005202770233154297,0.005202770233154297,0.0,0.003678560256958008,0.0,0,5d0f66ab-fadd-4f00-9969-f82af2259b23,20260816,aggregate,benign-plain,0,cloudflare
1,1,1,1,118,1.0,1.0,1,0,0,0.0,0.0,0.0,-0.0,-0.0,1.0,0.0,300.0,0.0,1.0,0.0,0.0,0.05798912048339844,0.05798912048339844,0.0,0.05789923667907715,0.0,0,e27222ad-1006-4f53-a040-cd3c22101bdc,20260816,aggregate,benign-plain,0,quad9
1,1,1,1,110,1.0,1.0,1,0,0,0.0,0.0,0.0,-0.0,-0.0,1.0,0.0,20.0,0.0,1.0,0.0,0.0,0.04985165596008301,0.04985165596008301,0.0,0.049800872802734375,0.0,0,1ff2cb53-13d1-4dd2-ac53-d76771cc0749,20260816,aggregate,benign-plain,0,opendns
1,1,1,1,96,1.0,1.0,1,0,0,0.0,0.0,0.0,-0.0,-0.0,1.0,0.0,19.0,0.0,1.0,0.0,0.0,0.004348278045654297,0.004348278045654297,0.0,0.004240512847900391,0.0,0,1f54162f-decb-4749-a4b3-2f50f4c59cf7,20260816,aggregate,benign-plain,0,quad9
1,1,1,1,114,1.0,1.0,0,0,0,0.0,0.0,0.0,-0.0,-0.0,1.0,0.0,60.0,0.0,1.0,0.0,0.0,2.600248336791992,2.600248336791992,0.0,0.0,0.0,0,97ac7d7b-ba7f-4022-b057-2e89a3c12fe2,20260816,aggregate,benign-plain,0,quad9
1,1,1,1,136,1.0,1.0,1,0,0,0.0,0.0,0.0,-0.0,-0.0,1.0,0.0,3157.0,0.0,1.0,0.0,0.0,0.05096578598022461,0.05096578598022461,0.0,0.0019195079803466797,0.0,0,4b4ab92f-f9a7-4723-9c6e-b22ec610ea9c,20260816,aggregate,benign-plain,0,opendns
1,1,1,1,122,1.0,1.0,1,0,0,0.0,0.0,0.0,-0.0,-0.0,1.0,0.0,545.0,0.0,1.0,0.0,0.0,0.051247358322143555,0.051247358322143555,0.0,0.04860377311706543,0.0,0,9f08eed9-438f-4489-847c-38c1f1dd497e,20260816,aggregate,benign-plain,0,cloudflare
1,1,1,1,161,1.0,1.0,1,0,0,0.0,0.0,0.0,-0.0,-0.0,1.0,0.0,5.0,0.0,1.0,0.0,0.0,0.05321860313415527,0.05321860313415527,0.0,0.05246758460998535,0.0,0,db29273b-f910-4a7a-847f-dc89b085f62f,20260816,aggregate,benign-plain,0,google
1,1,1,1,148,1.0,1.0,1,0,0,0.0,0.0,0.0,-0.0,-0.0,1.0,0.0,531.0,0.0,1.0,0.0,0.0,0.0029900074005126953,0.0029900074005126953,0.0,0.0015213489532470703,0.0,0,d71eb62e-77ae-481c-9f3e-d3e16529b2c7,20260816,aggregate,benign-plain,0,google
1,1,1,1,158,1.0,1.0,1,0,0,0.0,0.0,0.0,-0.0,-0.0,1.0,0.0,300.0,0.0,1.0,0.0,0.0,0.05200338363647461,0.05200338363647461,0.0,0.05194449424743652,0.0,0,7e3fadc6-e856-49d7-b87f-297ce54d0615,20260816,aggregate,benign-plain,0,quad9
1,1,1,1,162,1.0,1.0,1,0,0,0.0,0.0,0.0,-0.0,-0.0,1.0,0.0,191.0,0.0,1.0,0.0,0.0,0.0033125877380371094,0.0033125877380371094,0.0,0.002907276153564453,0.0,0,728f7e88-2e64-4417-b4cd-37bae7a703e8,20260816,aggregate,benign-plain,0,google
1,1,1,1,108,1.0,1.0,1,0,0,0.0,0.0,0.0,-0.0,-0.0,1.0,0.0,173.0,0.0,1.0,0.0,0.0,0.005047321319580078,0.005047321319580078,0.0,0.0012431144714355469,0.0,0,d53559e7-5de3-4be7-9050-4a87bb5a91d0,20260816,aggregate,benign-plain,0,opendns
1,1,1,1,154,1.0,1.0,1,0,0,0.0,0.0,0.0,-0.0,-0.0,1.0,0.0,60.0,0.0,1.0,0.0,0.0,0.05417466163635254,0.05417466163635254,0.0,0.054137229919433594,0.0,0,d9a6e38c-c2c9-4fac-a355-ed40a65b7d47,20260816,aggregate,benign-plain,0,quad9
1,1,1,1,88,1.0,1.0,1,0,0,0.0,0.0,0.0,-0.0,-0.0,1.0,0.0,258.0,0.0,1.0,0.0,0.0,0.0020546913146972656,0.0020546913146972656,0.0,0.0019943714141845703,0.0,0,0e959d5c-4c15-418b-a498-59fb5cfe5c0c,20260816,aggregate,benign-plain,0,opendns
1,1,1,1,152,1.0,1.0,1,0,0,0.0,0.0,0.0,-0.0,-0.0,1.0,0.0,23.0,0.0,1.0,0.0,0.0,0.0018463134765625,0.0018463134765625,0.0,0.0017535686492919922,0.0,0,834993d0-8621-45e1-b289-9c61af8caa65,20260816,aggregate,benign-plain,0,cloudflare
1,1,1,1,96,1.0,1.0,1,0,0,0.0,0.0,0.0,-0.0,-0.0,1.0,0.0,11.0,0.0,1.0,0.0,0.0,0.004271268844604492,0.004271268844604492,0.0,0.0041887760162353516,0.0,0,a01a0227-f2d2-4f3b-9dbf-5e11417bb4fa,20260816,aggregate,benign-plain,0,cloudflare
1,1,1,1,88,1.0,1.0,1,0,0,0.0,0.0,0.0,-0.0,-0.0,1.0,0.0,17715.0,0.0,1.0,0.0,0.0,0.00582122802734375,0.00582122802734375,0.0,0.002953767776489258,0.0,0,60b3ec75-0735-421f-913d-3c38a38a3c7a,20260816,aggregate,benign-plain,0,cloudflare
1,1,1,1,166,1.0,1.0,1,0,0,0.0,0.0,0.0,-0.0,-0.0,1.0,0.0,60.0,0.0,1.0,0.0,0.0,0.06256437301635742,0.06256437301635742,0.0,0.06223464012145996,0.0,0,84323289-bbd7-443f-a437-8a21ed25734d,20260816,aggregate,benign-plain,0,cloudflare
3,3,1,3,232,0.3333333333333333,1.0,1,1,1,1.0,0.0,0.0,-0.0,-0.0,0.3333333333333333,0.0,221.0,0.0,0.3333333333333333,0.0,0.6666666666666666,0.0015906492869059246,0.0022905588150024412,0.378836282420797,0.0021140575408935547,0.0,0,dead2e0c-83c6-48f3-840a-40f8dc01ff3e,20260816,aggregate,benign-ecs-stable,0,cloudflare
3,3,1,3,508,0.3333333333333333,1.0,1,1,1,1.0,0.0,0.0,-0.0,-0.0,0.3333333333333333,0.0,250.0,0.0,0.3333333333333333,0.0,0.6666666666666666,0.0053568681081136065,0.006580257415771484,0.27202479592325685,0.004804372787475586,0.0,0,4ae343fd-2dc6-47f1-ba15-85b9b1140001,20260816,aggregate,benign-ecs-stable,0,quad9
3,3,1,3,492,0.3333333333333333,1.0,1,1,1,1.0,0.0,0.0,-0.0,-0.0,0.3333333333333333,0.0,252.0,0.0,0.3333333333333333,0.0,0.6666666666666666,0.0017848809560139973,0.003541088104248047,0.8568887324514995,0.0018775463104248047,0.0,0,e2bb0cf2-037d-4f1b-ae99-f63c375ab1f1,20260816,aggregate,benign-ecs-stable,0,quad9
3,3,1,3,524,0.3333333333333333,1.0,1,1,1,1.0,0.0,0.0,-0.0,-0.0,0.3333333333333333,0.0,300.0,0.0,0.3333333333333333,0.0,0.6666666666666666,0.0020545323689778647,0.003097057342529297,0.5287179838607501,0.003121614456176758,0.0,0,02ac779b-5d49-402c-9d41-504612ccdc36,20260816,aggregate,benign-ecs-stable,0,cloudflare
3,3,3,3,416,1.0,1.0,1,1,1,0.3333333333333333,0.0,0.0,1.0,1.0,0.6666666666666666,0.33333333333333337,15.0,0.0,0.3333333333333333,0.0,0.0,0.003286282221476237,0.0051413774490356445,0.5030401556000648,0.003155946731567383,0.0,0,c4ace4eb-4c35-4a0e-b8b5-33589f0ab37a,20260816,aggregate,benign-ecs-stable,0,opendns
3,3,1,3,392,0.3333333333333333,1.0,1,1,1,1.0,0.0,0.0,-0.0,-0.0,0.3333333333333333,0.0,12.0,0.0,0.3333333333333333,0.0,0.6666666666666666,0.0011547406514485676,0.0014826536178588867,0.24370922425172206,0.001455068588256836,0.0,0,93044943-b482-4549-bc3c-7a790837e19f,20260816,aggregate,benign-ecs-stable,0,quad9
1,1,1,1,96,1.0,1.0,1,0,0,0.0,0.0,0.0,-0.0,-0.0,1.0,0.0,19.0,0.0,1.0,0.0,0.0,0.018529415130615234,0.018529415130615234,0.0,0.018478870391845703,0.0,0,077f7257-f86f-4fbb-8233-803f16a3f984,20260816,aggregate,benign-plain,0,cloudflare
3,3,1,3,408,0.3333333333333333,1.0,1,1,1,1.0,0.0,0.0,-0.0,-0.0,0.3333333333333333,0.0,40.0,0.0,0.3333333333333333,0.0,0.6666666666666666,0.0029199918111165366,0.0038396835327148436,0.2833228047635998,0.002684354782104492,0.0,0,cbba899d-860c-4811-bc56-f16ca586e2b5,20260816,aggregate,benign-ecs-stable,0,quad9
1,1,1,1,102,1.0,1.0,1,0,0,0.0,0.0,0.0,-0.0,-0.0,1.0,0.0,300.0,0.0,1.0,0.0,0.0,0.01660466194152832,0.01660466194152832,0.0,0.014718294143676758,0.0,0,e3553ddb-88bd-482b-b39c-8f9284862cba,20260816,aggregate,benign-plain,0,opendns
3,3,1,3,508,0.3333333333333333,1.0,1,1,1,1.0,0.0,0.0,-0.0,-0.0,0.3333333333333333,0.0,205.0,0.0,0.3333333333333333,0.0,0.6666666666666666,0.0023691654205322266,0.002896428108215332,0.2052565607700017,0.002779245376586914,0.0,0,a8f5c044-69d1-494a-a860-c6bbaf38bbbc,20260816,aggregate,benign-ecs-stable,0,google
3,3,1,3,380,0.3333333333333333,1.0,1,1,1,1.0,0.0,0.0,-0.0,-0.0,0.3333333333333333,0.0,60.0,0.0,0.3333333333333333,0.0,0.6666666666666666,0.01432347297668457,0.016403818130493165,0.13006863724703105,0.016577720642089844,0.0,0,9ce4eba3-3cb9-4d70-8183-ab8502973fb6,20260816,aggregate,benign-ecs-stable,0,opendns
1,1,1,1,122,1.0,1.0,1,0,0,0.0,0.0,0.0,-0.0,-0.0,1.0,0.0,300.0,0.0,1.0,0.0,0.0,0.026185989379882812,0.026185989379882812,0.0,0.026119232177734375,0.0,0,a3c87ecf-17fd-4f43-a8fc-ed66aa8a1c0c,20260816,aggregate,benign-plain,0,opendns
3,3,1,3,256,0.3333333333333333,1.0,1,1,1,1.0,0.0,0.0,-0.0,-0.0,0.3333333333333333,0.0,618.0,0.0,0.3333333333333333,0.0,0.6666666666666666,0.004499991734822591,0.005319690704345703,0.1507781652291803,0.003918886184692383,0.0,0,94ba43ed-9c57-430a-a59f-7736afb66caa,20260816,aggregate,benign-ecs-stable,0,quad9
3,3,1,3,554,0.3333333333333333,1.0,1,1,1,1.0,0.0,0.0,-0.0,-0.0,0.3333333333333333,0.0,178.0,0.46956345379700815,0.3333333333333333,0.0,0.6666666666666666,0.001741965611775716,0.003412604331970215,0.8024108585804548,0.0035400390625,0.0,0,aaab5aca-f14c-422e-9d06-87b14781f79d,20260816,aggregate,benign-ecs-stable,0,opendns
3,3,2,3,472,0.6666666666666666,1.0,1,1,1,0.5,0.0,0.0,1.0,1.0,0.3333333333333333,0.0,15.0,0.0,0.3333333333333333,0.0,0.3333333333333333,0.0013929208119710286,0.0021806955337524414,0.7762835803881644,0.0018829107284545898,0.0,0,8af576fe-38ea-407c-a6d5-2624c0574e6b,20260816,aggregate,benign-ecs-stable,0,google
3,3,1,3,268,0.3333333333333333,1.0,1,1,1,1.0,0.0,0.0,-0.0,-0.0,0.3333333333333333,0.0,250.0,0.0,0.3333333333333333,0.0,0.6666666666666666,0.003996928532918294,0.006591534614562988,0.5395106654249185,0.004479408264160156,0.0,0,73588487-bdc7-4d66-acf9-c4850e050b47,20260816,aggregate,benign-ecs-stable,0,quad9
3,3,1,3,528,0.3333333333333333,1.0,1,1,1,1.0,0.0,0.0,-0.0,-0.0,0.3333333333333333,0.0,300.0,0.0,0.3333333333333333,0.0,0.6666666666666666,0.005268096923828125,0.0062454938888549805,0.1695012465144249,0.006260395050048828,0.0,0,730b97db-9c51-457f-8431-554aa16abaa3,20260816,aggregate,benign-ecs-stable,0,google
3,3,1,3,464,0.3333333333333333,1.0,1,1,1,1.0,0.0,0.0,-0.0,-0.0,0.3333333333333333,0.0,181.0,0.0,0.3333333333333333,0.0,0.6666666666666666,0.0006953875223795573,0.001594257354736328,1.0705010415688536,0.001703023910522461,0.0,0,b0c2c335-b3fe-416d-a128-78cab79bd506,20260816,aggregate,benign-ecs-stable,0,opendns
3,3,1,3,300,0.3333333333333333,1.0,1,1,1,1.0,0.0,0.0,-0.0,-0.0,0.3333333333333333,0.0,30.0,0.0,0.3333333333333333,0.0,0.6666666666666666,0.0014000733693440754,0.002090787887573242,0.4087005291370898,0.0021741390228271484,0.0,0,8071b77c-b966-4e59-84cd-95343ab0d7f8,20260816,aggregate,benign-ecs-stable,0,cloudflare
3,3,1,3,256,0.3333333333333333,1.0,1,1,1,1.0,0.0,0.0,-0.0,-0.0,0.3333333333333333,0.0,60.0,0.0,0.3333333333333333,0.0,0.6666666666666666,0.01827685038248698,0.018939399719238283,0.03874493052958496,0.018932342529296875,0.0,0,81435adc-f6a2-4392-9fc3-bae9f6c1ef78,20260816,aggregate,benign-ecs-stable,0,cloudflare
3,3,1,3,268,0.3333333333333333,1.0,1,1,1,1.0,0.0,0.0,-0.0,-0.0,0.3333333333333333,0.0,300.0,0.0,0.3333333333333333,0.0,0.6666666666666666,0.0028975804646809897,0.0033605337142944337,0.1322376596462762,0.003397703170776367,0.0,0,4a79548e-33f1-4896-9e4c-d50acc805fba,20260816,aggregate,benign-ecs-stable,0,google
3,3,1,3,244,0.3333333333333333,1.0,1,1,1,1.0,0.0,0.0,-0.0,-0.0,0.3333333333333333,0.0,22.0,0.0,0.3333333333333333,0.0,0.6666666666666666,0.002609411875406901,0.003222990036010742,0.20204699867967493,0.0032193660736083984,0.0,0,03060745-cdb0-4c0a-ba85-6761ed52b7bb,20260816,aggregate,benign-ecs-stable,0,quad9
1,1,1,1,98,1.0,1.0,1,0,0,0.0,0.0,0.0,-0.0,-0.0,1.0,0.0,60.0,0.0,1.0,0.0,0.0,0.03567671775817871,0.03567671775817871,0.0,0.03562736511230469,0.0,0,ade30e92-ebcb-4333-927d-b06e9774353f,20260816,aggregate,benign-plain,0,cloudflare
3,3,2,3,278,0.6666666666666666,1.0,1,1,1,0.5,0.0,0.0,1.0,1.0,0.3333333333333333,0.0,300.0,0.0,0.3333333333333333,0.0,0.3333333333333333,0.0017694632212320964,0.0028704404830932617,0.6088475468875575,0.0020978450775146484,0.0,0,99db6db1-9348-4b3e-954e-a06ae5ffd6d0,20260816,aggregate,benign-ecs-stable,0,google
3,3,2,3,303,0.6666666666666666,1.0,1,1,1,0.5,0.0,0.0,1.0,1.0,0.3333333333333333,0.0,7.666666666666667,1.2297509238026911,0.3333333333333333,0.0,0.3333333333333333,0.001428047815958659,0.002143597602844238,0.6851261732387584,0.0020873546600341797,0.0,0,d08c9909-32e4-44c2-b163-9818a1bd5704,20260816,aggregate,benign-ecs-stable,0,cloudflare
3,3,1,3,504,0.3333333333333333,1.0,1,1,1,1.0,0.0,0.0,-0.0,-0.0,0.3333333333333333,0.0,21.0,0.0,0.3333333333333333,0.0,0.6666666666666666,0.0019996960957845054,0.002475452423095703,0.19690047503923677,0.0018239021301269531,0.0,0,f6a5dc2e-54a2-48bf-b703-a703ab6b1008,20260816,aggregate,benign-ecs-stable,0,quad9
3,3,2,3,467,0.6666666666666666,1.0,1,1,1,0.5,0.0,0.0,1.0,1.0,0.3333333333333333,0.0,261.6666666666667,0.08287111320912403,0.3333333333333333,0.0,0.3333333333333333,0.002238114674886068,0.0025701522827148438,0.17088258836055223,0.0019893646240234375,0.0,0,76bd360c-4b7e-45d8-947f-377fef4258e9,20260816,aggregate,benign-ecs-stable,0,google
3,3,1,3,408,0.3333333333333333,1.0,1,1,1,1.0,0.0,0.0,-0.0,-0.0,0.3333333333333333,0.0,60.0,0.0,0.3333333333333333,0.0,0.6666666666666666,0.03069766362508138,0.03227136135101318,0.055624102483039686,0.03209829330444336,0.0,0,d0a31ccd-3dad-4d78-8fb3-4c1f51c64eed,20260816,aggregate,benign-ecs-stable,0,quad9
3,3,1,3,288,0.3333333333333333,1.0,1,1,1,1.0,0.0,0.0,-0.0,-0.0,0.3333333333333333,0.0,300.0,0.0,0.3333333333333333,0.0,0.6666666666666666,0.004045168558756511,0.004822564125061035,0.1802528214030144,0.0046689510345458984,0.0,0,7ad037f5-ac52-4007-96b3-47ce0e213906,20260816,aggregate,benign-ecs-stable,0,google
3,3,1,3,412,0.3333333333333333,1.0,1,1,1,1.0,0.0,0.0,-0.0,-0.0,0.3333333333333333,0.0,60.0,0.0,0.3333333333333333,0.0,0.6666666666666666,0.014620780944824219,0.016066503524780274,0.08342689041170424,0.015402793884277344,0.0,0,91d57dbc-8462-478a-af52-782db1cfa55d,20260816,aggregate,benign-ecs-stable,0,opendns
3,3,1,3,252,0.3333333333333333,1.0,1,1,1,1.0,0.0,0.0,-0.0,-0.0,0.3333333333333333,0.0,47.0,0.0,0.3333333333333333,0.0,0.6666666666666666,0.00396116574605306,0.004965138435363769,0.2367628362031465,0.0049059391021728516,0.0,0,f488b885-e41f-4a78-8d04-655b0c38b3ea,20260816,aggregate,benign-ecs-stable,0,quad9
3,3,1,3,376,0.3333333333333333,1.0,1,1,1,1.0,0.0,0.0,-0.0,-0.0,0.3333333333333333,0.0,33.0,0.0,0.3333333333333333,0.0,0.6666666666666666,0.0034094651540120444,0.003906607627868652,0.12879629478424395,0.0027534961700439453,0.0,0,c6464045-4bf5-4d93-b8f8-ff695d3d47bb,20260816,aggregate,benign-ecs-stable,0,google
3,3,1,3,244,0.3333333333333333,1.0,1,1,1,1.0,0.0,0.0,-0.0,-0.0,0.3333333333333333,0.0,300.0,0.0,0.3333333333333333,0.0,0.6666666666666666,0.00514531135559082,0.006140780448913574,0.2092307973418503,0.005666255950927734,0.0,0,4c95658a-162d-4e2c-9cc4-2ab5e9e6d2e9,20260816,aggregate,benign-ecs-stable,0,cloudflare
3,3,1,3,420,0.3333333333333333,1.0,1,1,1,1.0,0.0,0.0,-0.0,-0.0,0.3333333333333333,0.0,60.0,0.0,0.3333333333333333,0.0,0.6666666666666666,0.026787519454956055,0.027353477478027344,0.023672726948514033,0.026594161987304688,0.0,0,a5636816-cb69-4d39-84ea-df424979cfa2,20260816,aggregate,benign-ecs-stable,0,cloudflare
3,3,1,3,420,0.3333333333333333,1.0,1,1,1,1.0,0.0,0.0,-0.0,-0.0,0.3333333333333333,0.0,60.0,0.0,0.3333333333333333,0.0,0.6666666666666666,0.035765488942464195,0.037877440452575684,0.049502742820024835,0.038155317306518555,0.0,0,333d736f-4fee-4ecb-a4de-e8e3ee605459,20260816,aggregate,benign-ecs-stable,0,cloudflare
3,3,1,3,412,0.3333333333333333,1.0,1,1,1,1.0,0.0,0.0,-0.0,-0.0,0.3333333333333333,0.0,60.0,0.0,0.3333333333333333,0.0,0.6666666666666666,0.019595543543497723,0.020923328399658204,0.07217306915654037,0.020754337310791016,0.0,0,bdecd9cd-b998-4708-bc24-47d61331e000,20260816,aggregate,benign-ecs-stable,0,opendns
3,3,1,3,232,0.3333333333333333,1.0,1,1,1,1.0,0.0,0.0,-0.0,-0.0,0.3333333333333333,0.0,300.0,0.0,0.3333333333333333,0.0,0.6666666666666666,0.003976742426554362,0.006189680099487304,0.4908693276192508,0.005377054214477539,0.0,0,032e9d2a-8678-4050-920c-da2a6fb77906,20260816,aggregate,benign-ecs-stable,0,opendns
3,3,1,3,346,0.3333333333333333,1.0,1,1,1,1.0,0.0,0.0,-0.0,-0.0,0.3333333333333333,0.0,280.0,0.0,0.3333333333333333,0.0,0.6666666666666666,0.0026497840881347656,0.004810142517089843,0.6765767107372416,0.0017976760864257812,0.0,0,140497ca-a34f-427f-9d13-1b86726c9d1d,20260816,aggregate,benign-ecs-stable,0,opendns
3,3,1,3,492,0.3333333333333333,1.0,1,1,1,1.0,0.0,0.0,-0.0,-0.0,0.3333333333333333,0.0,300.0,0.0,0.3333333333333333,0.0,0.6666666666666666,0.002971490224202474,0.005228209495544433,0.6416533232733286,0.0055010318756103516,0.0,0,c156f663-0365-4d2f-bdab-1b84afdf1e82,20260816,aggregate,benign-ecs-stable,0,opendns
3,3,1,3,524,0.3333333333333333,1.0,1,1,1,1.0,0.0,0.0,-0.0,-0.0,0.3333333333333333,0.0,300.0,0.0,0.3333333333333333,0.0,0.6666666666666666,0.0034417311350504556,0.004752302169799804,0.33567510940575623,0.0035736560821533203,0.0,0,a47d9bc5-c1da-441f-906b-a6d3371d9898,20260816,aggregate,benign-ecs-stable,0,quad9
3,3,1,3,516,0.3333333333333333,1.0,1,1,1,1.0,0.0,0.0,-0.0,-0.0,0.3333333333333333,0.0,210.0,0.0,0.3333333333333333,0.0,0.6666666666666666,0.0017625490824381511,0.0019556999206542967,0.09619337479603983,0.001714468002319336,0.0,0,fdd8b493-73fb-4c2c-8859-90cf013c2a6c,20260816,aggregate,benign-ecs-stable,0,opendns
3,3,1,3,412,0.3333333333333333,1.0,1,1,1,1.0,0.0,0.0,-0.0,-0.0,0.3333333333333333,0.0,60.0,0.0,0.3333333333333333,0.0,0.6666666666666666,0.015661875406901043,0.016853475570678712,0.07126010199534316,0.01692342758178711,0.0,0,aa3f26c2-334f-4609-abf7-d20536e2474c,20260816,aggregate,benign-ecs-stable,0,cloudflare
3,3,1,3,228,0.3333333333333333,1.0,1,1,1,1.0,0.0,0.0,-0.0,-0.0,0.3333333333333333,0.0,60.0,0.0,0.3333333333333333,0.0,0.6666666666666666,0.013149102528889975,0.015616798400878906,0.2333709931515946,0.012915372848510742,0.0,0,5cf00ec6-9335-44d4-bbc5-7572fa594b0d,20260816,aggregate,benign-ecs-stable,0,google
3,3,1,3,392,0.3333333333333333,1.0,1,1,1,1.0,0.0,0.0,-0.0,-0.0,0.3333333333333333,0.0,60.0,0.0,0.3333333333333333,0.0,0.6666666666666666,0.03332193692525228,0.0351830244064331,0.05334447683379569,0.03531169891357422,0.0,0,63536b5e-6ea0-4875-990d-9b01be87171b,20260816,aggregate,benign-ecs-stable,0,google
3,3,1,3,380,0.3333333333333333,1.0,1,1,1,1.0,0.0,0.0,-0.0,-0.0,0.3333333333333333,0.0,60.0,0.0,0.3333333333333333,0.0,0.6666666666666666,0.02899018923441569,0.030350875854492188,0.040987226334661286,0.02999591827392578,0.0,0,bf0d789b-1c23-466d-bde3-413bffd6fbc1,20260816,aggregate,benign-ecs-stable,0,opendns
3,3,1,3,348,0.3333333333333333,1.0,1,1,1,1.0,0.0,0.0,-0.0,-0.0,0.3333333333333333,0.0,60.0,0.0,0.3333333333333333,0.0,0.6666666666666666,0.03979841868082682,0.04035565853118896,0.01641207898847189,0.04031848907470703,0.0,0,e1f094d2-ffa1-4e7c-b71d-1a42927a8826,20260816,aggregate,benign-ecs-stable,0,opendns
3,3,1,3,392,0.3333333333333333,1.0,1,1,1,1.0,0.0,0.0,-0.0,-0.0,0.3333333333333333,0.0,60.0,0.0,0.3333333333333333,0.0,0.6666666666666666,0.016882658004760742,0.017809844017028807,0.04767835995090582,0.015287160873413086,0.0,0,58e882ae-f603-4f88-9097-71db68491fe8,20260816,aggregate,benign-ecs-stable,0,opendns
3,3,1,3,388,0.3333333333333333,1.0,1,1,1,1.0,0.0,0.0,-0.0,-0.0,0.3333333333333333,0.0,60.0,0.0,0.3333333333333333,0.0,0.6666666666666666,0.03396145502726237,0.03515713214874268,0.02920349925840553,0.03528952598571777,0.0,0,c2c207a3-4d13-45f6-a12b-24ea82fd723f,20260816,aggregate,benign-ecs-stable,0,google
3,3,1,3,396,0.3333333333333333,1.0,1,1,1,1.0,0.0,0.0,-0.0,-0.0,0.3333333333333333,0.0,60.0,0.0,0.3333333333333333,0.0,0.6666666666666666,0.04094465573628744,0.04228012561798096,0.031226878653412407,0.042340755462646484,0.0,0,abe179e5-ff1a-4e57-bc7e-a7e2fb67499e,20260816,aggregate,benign-ecs-stable,0,cloudflare
3,3,1,3,376,0.3333333333333333,1.0,1,1,1,1.0,0.0,0.0,-0.0,-0.0,0.3333333333333333,0.0,60.0,0.0,0.3333333333333333,0.0,0.6666666666666666,0.04202135403951009,0.0436805248260498,0.03270762522334406,0.04293394088745117,0.0,0,01c52490-d8b4-4a33-aecd-882d7df7a2ab,20260816,aggregate,benign-ecs-stable,0,opendns
3,3,1,3,412,0.3333333333333333,1.0,1,1,1,1.0,0.0,0.0,-0.0,-0.0,0.3333333333333333,0.0,60.0,0.0,0.3333333333333333,0.0,0.6666666666666666,0.042209227879842125,0.042937612533569335,0.01669866239815912,0.0425267219543457,0.0,0,092a2047-f2f8-4f0e-aeff-ccec7dfd39b5,20260816,aggregate,benign-ecs-stable,0,opendns
3,3,1,3,228,0.3333333333333333,1.0,1,1,1,1.0,0.0,0.0,-0.0,-0.0,0.3333333333333333,0.0,60.0,0.0,0.3333333333333333,0.0,0.6666666666666666,0.012588898340861002,0.012781143188476562,0.013886372806877323,0.01266336441040039,0.0,0,9a95ac1c-270b-4cc9-96fe-6ae2a27a7f39,20260816,aggregate,benign-ecs-stable,0,cloudflare
1,1,1,1,94,1.0,1.0,1,0,0,0.0,0.0,0.0,-0.0,-0.0,1.0,0.0,600.0,0.0,1.0,0.0,0.0,0.16823387145996094,0.16823387145996094,0.0,0.16751360893249512,0.0,0,e3bb1e5e-4976-4029-b911-cf966c14ae9c,20260816,aggregate,benign-plain,0,google
3,3,1,3,508,0.3333333333333333,1.0,1,1,1,1.0,0.0,0.0,-0.0,-0.0,0.3333333333333333,0.0,275.0,0.0,0.3333333333333333,0.0,0.6666666666666666,0.0015309651692708333,0.0017491817474365233,0.12299601751978656,0.001560211181640625,0.0,0,bcb84c95-abbc-4775-bacf-f8b64a219efc,20260816,aggregate,benign-ecs-stable,0,google
3,3,1,3,440,0.3333333333333333,1.0,1,1,1,1.0,0.0,0.0,-0.0,-0.0,0.3333333333333333,0.0,60.0,0.0,0.3333333333333333,0.0,0.6666666666666666,0.0306552251180013,0.030833339691162108,0.005030050734929241,0.03071880340576172,0.0,0,b29877ed-3ba3-450e-b1e9-0e306debc062,20260816,aggregate,benign-ecs-stable,0,google
3,3,1,3,228,0.3333333333333333,1.0,0,1,1,1.0,0.0,0.0,-0.0,-0.0,0.3333333333333333,0.0,193.0,0.0,0.3333333333333333,0.0,0.6666666666666666,2.503741979598999,2.5040218114852903,9.28779173299064e-05,0.0,0.0,0,5ec953c8-447b-4906-8269-bfcd9e08e408,20260816,aggregate,benign-ecs-stable,0,google
3,3,1,3,532,0.3333333333333333,1.0,1,1,1,1.0,0.0,0.0,-0.0,-0.0,0.3333333333333333,0.0,300.0,0.0,0.3333333333333333,0.0,0.6666666666666666,0.0031195481618245444,0.00356748104095459,0.120456025185888,0.0035185813903808594,0.0,0,ca5d6957-051c-450a-9873-a22bbc9f6861,20260816,aggregate,benign-ecs-stable,0,google
3,3,1,3,508,0.3333333333333333,1.0,1,1,1,1.0,0.0,0.0,-0.0,-0.0,0.3333333333333333,0.0,300.0,0.0,0.3333333333333333,0.0,0.6666666666666666,0.002738396326700846,0.0028761863708496095,0.04749514621397466,0.002727985382080078,0.0,0,b7bbcf05-5283-4771-bc5c-f72ebc4b4a01,20260816,aggregate,benign-ecs-stable,0,opendns
3,3,1,3,412,0.3333333333333333,1.0,0,1,1,1.0,0.0,0.0,-0.0,-0.0,0.3333333333333333,0.0,60.0,0.0,0.3333333333333333,0.0,0.6666666666666666,2.517896890640259,2.518116807937622,8.546438995014888e-05,0.0,0.0,0,f9149f2a-39fb-418f-a06f-800cb83e2864,20260816,aggregate,benign-ecs-stable,0,cloudflare
3,3,1,3,376,0.3333333333333333,1.0,0,1,1,1.0,0.0,0.0,-0.0,-0.0,0.3333333333333333,0.0,60.0,0.0,0.3333333333333333,0.0,0.6666666666666666,2.518066724141439,2.5184012413024903,0.00015160845481451457,0.0,0.0,0,88d0c4aa-fdfa-4be0-96ba-9f240480592c,20260816,aggregate,benign-ecs-stable,0,opendns
3,3,1,3,244,0.3333333333333333,1.0,0,1,1,1.0,0.0,0.0,-0.0,-0.0,0.3333333333333333,0.0,300.0,0.0,0.3333333333333333,0.0,0.6666666666666666,2.50547726949056,2.505821967124939,0.00011417472585949566,0.0,0.0,0,67a9a09d-000c-49f3-a1fc-fd516e7f41d6,20260816,aggregate,benign-ecs-stable,0,opendns
3,3,1,3,240,0.3333333333333333,1.0,0,1,1,1.0,0.0,0.0,-0.0,-0.0,0.3333333333333333,0.0,58.0,0.0,0.3333333333333333,0.0,0.6666666666666666,2.517460346221924,2.5176604986190796,6.862523647375096e-05,0.0,0.0,0,066c5bda-9481-417e-9eab-ee0283294f37,20260816,aggregate,benign-ecs-stable,0,google
3,3,1,3,268,0.3333333333333333,1.0,1,1,1,1.0,0.0,0.0,-0.0,-0.0,0.3333333333333333,0.0,300.0,0.0,0.3333333333333333,0.0,0.6666666666666666,0.0038693745930989585,0.004083943367004394,0.04874812162940897,0.0039157867431640625,0.0,0,4c1e6b3d-36d9-4379-a4c5-94cc35f6970c,20260816,aggregate,benign-ecs-stable,0,cloudflare
3,3,1,3,440,0.3333333333333333,1.0,0,1,1,1.0,0.0,0.0,-0.0,-0.0,0.3333333333333333,0.0,60.0,0.0,0.3333333333333333,0.0,0.6666666666666666,2.516949733098348,2.51710307598114,5.895258890858736e-05,0.0,0.0,0,eae40a60-2051-4b92-b69c-172d7d9e46da,20260816,aggregate,benign-ecs-stable,0,google
3,3,1,3,528,0.3333333333333333,1.0,1,1,1,1.0,0.0,0.0,-0.0,-0.0,0.3333333333333333,0.0,300.0,0.0,0.3333333333333333,0.0,0.6666666666666666,0.003165562947591146,0.0034448862075805663,0.08601033124392728,0.003175973892211914,0.0,0,3be2fd2e-1ced-4ac5-94ed-86649a9479c3,20260816,aggregate,benign-ecs-stable,0,quad9
3,3,1,3,228,0.3333333333333333,1.0,0,1,1,1.0,0.0,0.0,-0.0,-0.0,0.3333333333333333,0.0,60.0,0.0,0.3333333333333333,0.0,0.6666666666666666,2.515425523122152,2.515637731552124,7.090703089474354e-05,0.0,0.0,0,cdc6ab7c-cb5d-4070-a495-e3a88b8e627e,20260816,aggregate,benign-ecs-stable,0,opendns
3,3,1,3,300,0.3333333333333333,1.0,0,1,1,1.0,0.0,0.0,-0.0,-0.0,0.3333333333333333,0.0,300.0,0.0,0.3333333333333333,0.0,0.6666666666666666,2.5088535149892173,2.509139084815979,0.00010053993564937609,0.0,0.0,0,ef314fe7-b78a-4946-b33b-f13de398a2d3,20260816,aggregate,benign-ecs-stable,0,opendns
3,3,1,3,472,0.3333333333333333,1.0,1,1,1,1.0,0.0,0.0,-0.0,-0.0,0.3333333333333333,0.0,300.0,0.0,0.3333333333333333,0.0,0.6666666666666666,0.0028808911641438804,0.003534221649169922,0.24923904508190778,0.0028641223907470703,0.0,0,7e3a0c70-c0bc-4b04-ba12-e396443470dd,20260816,aggregate,benign-ecs-stable,0,quad9
3,3,1,3,260,0.3333333333333333,1.0,0,1,1,1.0,0.0,0.0,-0.0,-0.0,0.3333333333333333,0.0,60.0,0.0,0.3333333333333333,0.0,0.6666666666666666,2.5221334298451743,2.522303342819214,5.7025142566457334e-05,0.0,0.0,0,e59cb905-cf28-4753-8b63-88df38738002,20260816,aggregate,benign-ecs-stable,0,opendns
3,3,1,3,252,0.3333333333333333,1.0,1,1,1,1.0,0.0,0.0,-0.0,-0.0,0.3333333333333333,0.0,9.0,0.0,0.3333333333333333,0.0,0.6666666666666666,0.001959562301635742,0.002422046661376953,0.21637402360750693,0.00167083740234375,0.0,0,5b67a239-5a59-4e67-85d5-d2bee2cb2e8d,20260816,aggregate,benign-ecs-stable,0,quad9
3,3,1,3,579,0.3333333333333333,1.0,1,1,1,1.0,0.0,0.0,-0.0,-0.0,0.3333333333333333,0.0,300.0,0.0,0.3333333333333333,0.0,0.6666666666666666,0.005245288213094075,0.006080985069274902,0.15109753686409563,0.004355669021606445,0.0,0,4a27eeb8-2227-4597-b4d1-dd308cbedb51,20260816,aggregate,benign-ecs-stable,0,quad9
3,3,1,3,346,0.3333333333333333,1.0,1,1,1,1.0,0.0,0.0,-0.0,-0.0,0.3333333333333333,0.0,300.0,0.0,0.3333333333333333,0.0,0.6666666666666666,0.002459287643432617,0.0032014846801757812,0.26540664746181436,0.00323486328125,0.0,0,e5aaa716-7bf6-454e-93de-cf4cde17fda7,20260816,aggregate,benign-ecs-stable,0,cloudflare
3,3,1,3,260,0.3333333333333333,1.0,1,1,1,1.0,0.0,0.0,-0.0,-0.0,0.3333333333333333,0.0,37.0,0.0,0.3333333333333333,0.0,0.6666666666666666,0.0021767616271972656,0.002744030952453613,0.27553594648911417,0.002351045608520508,0.0,0,37d88f66-4b05-4dee-8eb9-109883ca4b01,20260816,aggregate,benign-ecs-stable,0,opendns
3,3,1,3,504,0.3333333333333333,1.0,1,1,1,1.0,0.0,0.0,-0.0,-0.0,0.3333333333333333,0.0,23.0,0.0,0.3333333333333333,0.0,0.6666666666666666,0.0018185774485270183,0.0023491621017456056,0.29427787647361187,0.0019154548645019531,0.0,0,f94f3d07-ee30-455d-9dd2-18969a27cafa,20260816,aggregate,benign-ecs-stable,0,google
3,3,1,3,396,0.3333333333333333,1.0,1,1,1,1.0,0.0,0.0,-0.0,-0.0,0.3333333333333333,0.0,60.0,0.0,0.3333333333333333,0.0,0.6666666666666666,0.0152436892191569,0.015955734252929687,0.03894360890680673,0.015968799591064453,0.0,0,8f09390b-dc91-4f82-911d-4bff05a3e84c,20260816,aggregate,benign-ecs-stable,0,opendns
3,3,1,3,508,0.3333333333333333,1.0,1,1,1,1.0,0.0,0.0,-0.0,-0.0,0.3333333333333333,0.0,300.0,0.0,0.3333333333333333,0.0,0.6666666666666666,0.0033992926279703775,0.0038392305374145507,0.11341695852347682,0.0034151077270507812,0.0,0,c7fb6ce5-5c37-4443-8eb2-7c808838a19d,20260816,aggregate,benign-ecs-stable,0,google
3,3,1,3,510,0.3333333333333333,1.0,0,1,1,1.0,0.0,0.0,-0.0,-0.0,0.3333333333333333,0.0,300.0,0.0,0.3333333333333333,0.0,0.6666666666666666,2.506868759791056,2.5070346117019655,5.818040838689005e-05,0.0,0.0,0,4190fc9c-339a-4e4d-ac74-e06b83373f62,20260816,aggregate,benign-ecs-stable,0,quad9
3,3,1,3,440,0.3333333333333333,1.0,1,1,1,1.0,0.0,0.0,-0.0,-0.0,0.3333333333333333,0.0,60.0,0.0,0.3333333333333333,0.0,0.6666666666666666,0.014308611551920572,0.015155625343322755,0.06536753988069516,0.01459956169128418,0.0,0,67db6a6f-8267-4cba-b6f6-04711f3c6242,20260816,aggregate,benign-ecs-stable,0,cloudflare
3,3,1,3,300,0.3333333333333333,1.0,1,1,1,1.0,0.0,0.0,-0.0,-0.0,0.3333333333333333,0.0,20.0,0.0,0.3333333333333333,0.0,0.6666666666666666,0.013462225596110025,0.014744281768798828,0.0828974815401034,0.013430356979370117,0.0,0,1a6105ca-ff62-40c4-8c6c-167b4ca4f462,20260816,aggregate,benign-ecs-stable,0,google
3,3,1,3,508,0.3333333333333333,1.0,1,1,1,1.0,0.0,0.0,-0.0,-0.0,0.3333333333333333,0.0,300.0,0.0,0.3333333333333333,0.0,0.6666666666666666,0.003319899241129557,0.004014778137207031,0.17717836566560521,0.0030655860900878906,0.0,0,e5e2df31-bed8-40ac-a433-ef025c29c390,20260816,aggregate,benign-ecs-stable,0,cloudflare
3,3,1,3,369,0.3333333333333333,1.0,1,1,1,1.0,0.0,0.0,-0.0,-0.0,0.3333333333333333,0.0,300.0,0.0,0.3333333333333333,0.0,0.6666666666666666,0.0037364959716796875,0.0039870977401733395,0.07339715771476701,0.003215312957763672,0.0,0,84c79e03-34b5-4992-bd45-515fd2e876eb,20260816,aggregate,benign-ecs-stable,0,google
3,3,1,3,300,0.3333333333333333,1.0,1,1,1,1.0,0.0,0.0,-0.0,-0.0,0.3333333333333333,0.0,300.0,0.0,0.3333333333333333,0.0,0.6666666666666666,0.0022613207499186196,0.0025317192077636717,0.11197494069780568,0.00244903564453125,0.0,0,33946c37-610f-4160-a5ed-51fb52567d1a,20260816,aggregate,benign-ecs-stable,0,opendns
3,3,1,3,228,0.3333333333333333,1.0,1,1,1,1.0,0.0,0.0,-0.0,-0.0,0.3333333333333333,0.0,60.0,0.0,0.3333333333333333,0.0,0.6666666666666666,0.014374415079752604,0.014857316017150879,0.028714995855815276,0.014478683471679688,0.0,0,a433f30e-d77d-4247-ae06-f1aeba45aa57,20260816,aggregate,benign-ecs-stable,0,cloudflare
3,3,1,3,244,0.3333333333333333,1.0,0,1,1,1.0,0.0,0.0,-0.0,-0.0,0.3333333333333333,0.0,27.0,0.0,0.3333333333333333,0.0,0.6666666666666666,2.504201094309489,2.5047860622406004,0.000203468160519256,0.0,0.0,0,c181ff49-9ddc-43bc-8190-09334c8acdb9,20260816,aggregate,benign-ecs-stable,0,opendns
3,3,1,3,440,0.3333333333333333,1.0,1,1,1,1.0,0.0,0.0,-0.0,-0.0,0.3333333333333333,0.0,60.0,0.0,0.3333333333333333,0.0,0.6666666666666666,0.03009684880574544,0.03137624263763428,0.03522095249164168,0.03149771690368652,0.0,0,f99525ed-086b-4b18-abcf-b3156f2ba6df,20260816,aggregate,benign-ecs-stable,0,quad9
3,3,1,3,264,0.3333333333333333,1.0,1,1,1,1.0,0.0,0.0,-0.0,-0.0,0.3333333333333333,0.0,300.0,0.0,0.3333333333333333,0.0,0.6666666666666666,0.004053910573323567,0.004448652267456055,0.09713131354109666,0.004307746887207031,0.0,0,696f09e9-6d0c-4914-bae4-22ae8dcb24bd,20260816,aggregate,benign-ecs-stable,0,cloudflare
3,3,1,3,384,0.3333333333333333,1.0,1,1,1,1.0,0.0,0.0,-0.0,-0.0,0.3333333333333333,0.0,207.0,0.0,0.3333333333333333,0.0,0.6666666666666666,0.003220081329345703,0.00395209789276123,0.189569285214799,0.0036323070526123047,0.0,0,e3165390-b85a-4c13-b451-0b854a50a0ad,20260816,aggregate,benign-ecs-stable,0,quad9
3,3,1,3,396,0.3333333333333333,1.0,1,1,1,1.0,0.0,0.0,-0.0,-0.0,0.3333333333333333,0.0,60.0,0.0,0.3333333333333333,0.0,0.6666666666666666,0.015670935312906902,0.016096210479736327,0.022461144010534156,0.015859127044677734,0.0,0,b3357769-c78b-4455-9279-bec2b8e4e039,20260816,aggregate,benign-ecs-stable,0,google
3,3,1,3,617,0.3333333333333333,1.0,0,1,1,1.0,0.0,0.0,-0.0,-0.0,0.3333333333333333,0.0,300.0,0.0,0.3333333333333333,0.0,0.6666666666666666,2.506753444671631,2.5069802522659304,7.87359871762448e-05,0.0,0.0,0,e4267607-ce34-4150-a10d-14e6f969cc4e,20260816,aggregate,benign-ecs-stable,0,quad9
4,4,2,4,370,0.5,1.0,1,4,2,1.0,0.0,0.0,1.0,1.0,0.25,0.0,8.0,0.5,0.25,0.0,0.5,0.0018789172172546387,0.0026819825172424315,0.3391184179076793,0.0021871328353881836,0.0,0,1fef6832-6a51-4c0e-b3fa-100375be2541,20260816,aggregate,benign-ecs-geo,0,google
4,4,2,4,358,0.5,1.0,1,4,2,1.0,0.0,0.0,1.0,1.0,0.5,0.25,300.0,0.0,0.25,0.0,0.5,0.0023746490478515625,0.003974151611328125,0.6424517060838786,0.003144502639770508,0.0,0,dc0726c4-585a-4075-8abe-320d6d9a6de6,20260816,aggregate,benign-ecs-geo,0,google
4,4,1,4,654,0.25,1.0,1,4,1,1.0,0.0,0.0,-0.0,-0.0,0.25,0.0,300.0,0.0,0.25,0.0,0.75,0.0051735639572143555,0.005765986442565918,0.09635133312562862,0.0055942535400390625,0.0,0,08b2fe5e-8ce3-4917-a647-a5cd281e5627,20260816,aggregate,benign-ecs-geo,0,cloudflare
4,4,1,4,491,0.25,1.0,1,4,1,1.0,0.0,0.0,-0.0,-0.0,0.25,0.0,37.0,0.0,0.25,0.0,0.75,0.002037346363067627,0.00235440731048584,0.11849519648366937,0.0021729469299316406,0.0,0,2a3cd5d9-c505-49bb-a0cf-633152daf94b,20260816,aggregate,benign-ecs-geo,0,opendns
3,3,1,3,232,0.3333333333333333,1.0,1,1,1,1.0,0.0,0.0,-0.0,-0.0,0.3333333333333333,0.0,60.0,0.0,0.3333333333333333,0.0,0.6666666666666666,0.019777456919352215,0.020290780067443847,0.026603245017439093,0.019528865814208984,0.0,0,fc1defff-e16f-44a0-898e-359ef662b14f,20260816,aggregate,benign-ecs-stable,0,quad9
3,3,1,3,392,0.3333333333333333,1.0,1,1,1,1.0,0.0,0.0,-0.0,-0.0,0.3333333333333333,0.0,60.0,0.0,0.3333333333333333,0.0,0.6666666666666666,0.02146323521931966,0.02210419178009033,0.02983319123340112,0.022083759307861328,0.0,0,abf54367-e8e4-4e7d-9e3c-056b48dabd43,20260816,aggregate,benign-ecs-stable,0,quad9
4,4,1,4,314,0.25,1.0,1,4,1,1.0,0.0,0.0,-0.0,-0.0,0.25,0.0,60.0,0.0,0.25,0.0,0.75,0.013986468315124512,0.016105568408966063,0.12062738034030016,0.01629328727722168,0.0,0,524106ac-1895-40bc-8b4b-0147f20db44e,20260816,aggregate,benign-ecs-geo,0,quad9
4,4,1,4,309,0.25,1.0,1,4,1,1.0,0.0,0.0,-0.0,-0.0,0.25,0.0,300.0,0.0,0.25,0.0,0.75,0.002171814441680908,0.0031179308891296385,0.35882098034474114,0.0031621456146240234,0.0,0,898e8918-916d-4e44-b0ec-5c9c4104e511,20260816,aggregate,benign-ecs-geo,0,opendns
4,4,2,4,352,0.5,1.0,1,4,2,1.0,0.0,0.0,1.0,1.0,0.25,0.0,59.0,0.0,0.25,0.0,0.5,0.007199287414550781,0.017874264717102045,1.0626094707968043,0.011410117149353027,0.0,0,f072ae34-4309-4592-a3b2-366aee21aa7d,20260816,aggregate,benign-ecs-geo,0,cloudflare
4,4,2,4,532,0.5,1.0,1,4,2,1.0,0.0,0.0,1.0,1.0,0.25,0.0,30.0,0.0,0.25,0.0,0.5,0.001561880111694336,0.0027538299560546874,0.7340139120303993,0.002328157424926758,0.0,0,d2f346bf-ae64-4303-b9dc-19ed96b3bc5f,20260816,aggregate,benign-ecs-geo,0,google
3,3,1,3,416,0.3333333333333333,1.0,1,1,1,1.0,0.0,0.0,-0.0,-0.0,0.3333333333333333,0.0,60.0,0.0,0.3333333333333333,0.0,0.6666666666666666,0.04348611831665039,0.04402296543121338,0.012066410626986867,0.04320788383483887,0.0,0,4ff81bfc-69aa-46cf-b691-435c3d8a9570,20260816,aggregate,benign-ecs-stable,0,cloudflare
3,3,1,3,416,0.3333333333333333,1.0,1,1,1,1.0,0.0,0.0,-0.0,-0.0,0.3333333333333333,0.0,60.0,0.0,0.3333333333333333,0.0,0.6666666666666666,0.03620100021362305,0.036713051795959475,0.012225750358745529,0.0363764762878418,0.0,0,2a922600-2562-4a7a-aab3-22bb5561f3fa,20260816,aggregate,benign-ecs-stable,0,opendns
4,4,2,4,530,0.5,1.0,1,4,2,1.0,0.0,0.0,1.0,1.0,0.5,0.5,293.85714285714283,0.05120469564398476,0.25,0.0,0.5,0.006779611110687256,0.012694203853607177,0.7522753756677899,0.006841301918029785,0.0,0,bd464164-2ff1-41ce-93b8-54fd68fb53ee,20260816,aggregate,benign-ecs-geo,0,opendns
4,4,1,4,383,0.25,1.0,1,4,1,1.0,0.0,0.0,-0.0,-0.0,0.25,0.0,120.0,0.0,0.25,0.0,0.75,0.009817719459533691,0.013322317600250244,0.5203449456456991,0.01334381103515625,0.0,0,64dbf1a4-0386-403f-b929-68627e8e3129,20260816,aggregate,benign-ecs-geo,0,opendns
4,4,2,4,714,0.5,1.0,1,4,2,1.0,0.0,0.0,1.0,1.0,0.5,0.5,273.5,0.09689213893967093,0.25,0.0,0.5,0.001911163330078125,0.0032354474067687986,0.7147529353149245,0.00233304500579834,0.0,0,92b22987-552b-460c-8730-368b91da5cbb,20260816,aggregate,benign-ecs-geo,0,opendns
4,4,1,4,659,0.25,1.0,1,4,1,1.0,0.0,0.0,-0.0,-0.0,0.25,0.0,300.0,0.0,0.25,0.0,0.75,0.028220653533935547,0.02948542833328247,0.03196280127156839,0.029687166213989258,0.0,0,3a63e68d-58f5-422c-94f7-eaa5085ea82a,20260816,aggregate,benign-ecs-geo,0,quad9
4,4,1,4,383,0.25,1.0,1,4,1,1.0,0.0,0.0,-0.0,-0.0,0.25,0.0,120.0,0.0,0.25,0.0,0.75,0.012211859226226807,0.020166790485382075,0.4670402040608636,0.013479471206665039,0.0,0,a36e9aa5-c5ba-492b-ba73-815dcd286d78,20260816,aggregate,benign-ecs-geo,0,cloudflare
4,4,1,4,511,0.25,1.0,1,4,1,1.0,0.0,0.0,-0.0,-0.0,0.25,0.0,60.0,0.0,0.25,0.0,0.75,0.03546547889709473,0.03614187240600586,0.023789078024453108,0.03610825538635254,0.0,0,4a1ad7b9-3e2b-436a-aeed-ce2d0b4a2d78,20260816,aggregate,benign-ecs-geo,0,quad9
4,4,2,4,428,0.5,1.0,1,4,2,1.0,0.0,0.0,1.0,1.0,0.25,0.0,282.75,0.035222960719791495,0.25,0.0,0.5,0.011979222297668457,0.03637090921401976,1.463368458976176,0.0214158296585083,0.0,0,2626c314-b7af-457c-8b98-636b7724c94e,20260816,aggregate,benign-ecs-geo,0,google
3,3,1,3,380,0.3333333333333333,1.0,0,1,1,1.0,0.0,0.0,-0.0,-0.0,0.3333333333333333,0.0,60.0,0.0,0.3333333333333333,0.0,0.6666666666666666,2.522034247716268,2.522260808944702,7.548503278463486e-05,0.0,0.0,0,dfb168fb-2c4a-46c7-bd2f-fc057c6bb9b0,20260816,aggregate,benign-ecs-stable,0,quad9
4,4,1,4,383,0.25,1.0,1,4,1,1.0,0.0,0.0,-0.0,-0.0,0.25,0.0,120.0,0.0,0.25,0.0,0.75,0.010051548480987549,0.013370966911315917,0.25136396686526075,0.013254404067993164,0.0,0,5f9c50b8-52a5-4e06-8fdf-1ca0bfc4a07c,20260816,aggregate,benign-ecs-geo,0,cloudflare
4,4,2,4,500,0.5,1.0,1,4,2,1.0,0.0,0.0,1.0,1.0,0.5,0.5,286.0,0.11990509230407166,0.25,0.0,0.5,0.0025109052658081055,0.003849077224731445,0.46851876578093143,0.0025898218154907227,0.0,0,a3d0b6e6-2447-4a23-beaf-985b74d0dba5,20260816,aggregate,benign-ecs-geo,0,quad9
4,4,2,4,358,0.5,1.0,1,4,2,1.0,0.0,0.0,1.0,1.0,0.5,0.25,237.0,0.46041856910058765,0.25,0.0,0.5,0.0015805959701538086,0.002755308151245117,0.7424596651638955,0.002255678176879883,0.0,0,cea603f8-be4a-4d7c-9583-48a53ef5c8b2,20260816,aggregate,benign-ecs-geo,0,opendns
3,3,1,3,400,0.3333333333333333,1.0,0,1,1,1.0,0.0,0.0,-0.0,-0.0,0.3333333333333333,0.0,60.0,0.0,0.3333333333333333,0.0,0.6666666666666666,2.5221834977467856,2.522335720062256,5.6410309345444324e-05,0.0,0.0,0,e0a6b5b5-97e7-4116-bbda-b17fc17906c9,20260816,aggregate,benign-ecs-stable,0,cloudflare
4,4,3,4,590,0.75,1.0,1,4,3,1.0,0.0,0.0,1.0,1.0,0.75,0.5,300.0,0.0,0.25,0.0,0.25,0.0032452940940856934,0.004265332221984863,0.3643603694877052,0.0034727255503336587,0.0,0,353f1a79-6597-40eb-a671-ecb0ac5f7a0b,20260816,aggregate,benign-ecs-geo,0,google
4,4,2,4,358,0.5,1.0,1,4,2,1.0,0.0,0.0,1.0,1.0,0.5,0.5,300.0,0.0,0.25,0.0,0.5,0.0028918981552124023,0.004140746593475342,0.42718404324733217,0.003338456153869629,0.0,0,ace71b1d-f82f-4042-a9ac-05d537459ffc,20260816,aggregate,benign-ecs-geo,0,quad9
4,4,2,4,400,0.5,1.0,1,4,2,1.0,0.0,0.0,1.0,1.0,0.5,0.25,300.0,0.0,0.25,0.0,0.5,0.0018970370292663574,0.003970694541931152,0.9415191528012501,0.0030225515365600586,0.0,0,a61a82b8-7ec9-4247-bed4-c65e5c886232,20260816,aggregate,benign-ecs-geo,0,quad9
4,4,1,4,546,0.25,1.0,1,4,1,1.0,0.0,0.0,-0.0,-0.0,0.25,0.0,60.0,0.0,0.25,0.0,0.75,0.011581778526306152,0.014467942714691161,0.20330375619116095,0.01450204849243164,0.0,0,12e2e8c1-464c-4afe-8225-6cede36336c8,20260816,aggregate,benign-ecs-geo,0,opendns
4,4,2,4,648,0.5,1.0,1,4,2,1.0,0.0,0.0,1.0,1.0,0.5,0.25,300.0,0.0,0.25,0.0,0.5,0.0027486681938171387,0.004334473609924316,0.5474575047626946,0.0037337541580200195,0.0,0,7e12894c-5897-4414-866b-752088170136,20260816,aggregate,benign-ecs-geo,0,google
4,4,1,4,324,0.25,1.0,1,4,1,1.0,0.0,0.0,-0.0,-0.0,0.25,0.0,60.0,0.0,0.25,0.0,0.75,0.01523888111114502,0.018575334548950193,0.17695622940748432,0.018324613571166992,0.0,0,066b1324-1fac-412f-8337-3d8ded27a291,20260816,aggregate,benign-ecs-geo,0,cloudflare
4,4,1,4,491,0.25,1.0,1,4,1,1.0,0.0,0.0,-0.0,-0.0,0.25,0.0,60.0,0.0,0.25,0.0,0.75,0.013090252876281738,0.015370833873748779,0.14605977113047008,0.015576839447021484,0.0,0,92ffcc9b-b375-4730-9de8-baf855aa0eb6,20260816,aggregate,benign-ecs-geo,0,quad9
4,4,2,4,732,0.5,1.0,1,4,2,1.0,0.0,0.0,1.0,1.0,0.5,0.25,294.25,0.03384636242488036,0.25,0.0,0.5,0.002428889274597168,0.003765773773193359,0.4907678886745028,0.0033048391342163086,0.0,0,941b197e-de92-4e87-ab91-dc5b1d7fcbb7,20260816,aggregate,benign-ecs-geo,0,google
4,4,1,4,511,0.25,1.0,1,4,1,1.0,0.0,0.0,-0.0,-0.0,0.25,0.0,60.0,0.0,0.25,0.0,0.75,0.01268678903579712,0.015097367763519286,0.1477059955354549,0.01457667350769043,0.0,0,50794920-69b3-45e6-87e5-9341e83cc7a7,20260816,aggregate,benign-ecs-geo,0,opendns
4,4,2,4,738,0.5,1.0,1,4,2,1.0,0.0,0.0,1.0,1.0,0.5,0.5,300.0,0.0,0.25,0.0,0.5,0.0033159852027893066,0.005754101276397704,0.5728152525382624,0.004691123962402344,0.0,0,00adc295-c762-4aea-b93f-3603468de89f,20260816,aggregate,benign-ecs-geo,0,quad9
4,4,1,4,506,0.25,1.0,1,4,1,1.0,0.0,0.0,-0.0,-0.0,0.25,0.0,60.0,0.0,0.25,0.0,0.75,0.03751480579376221,0.04483053684234619,0.13890192347065988,0.03812694549560547,0.0,0,31b943ab-0762-4105-a038-0946d1bd0ce4,20260816,aggregate,benign-ecs-geo,0,opendns
4,4,2,4,388,0.5,1.0,1,4,2,1.0,0.0,0.0,1.0,1.0,0.5,0.5,300.0,0.0,0.25,0.0,0.5,0.017990589141845703,0.03268193006515503,0.7923439232905249,0.018507003784179688,0.0,0,f855a42a-0069-4f3c-be80-731fd44e7fda,20260816,aggregate,benign-ecs-geo,0,quad9
4,4,3,4,407,0.75,1.0,1,4,3,1.0,0.0,0.0,1.0,1.0,0.5,0.25,44.75,0.06773383046358739,0.25,0.0,0.25,0.002532064914703369,0.003924667835235595,0.4034660363578127,0.0023720264434814453,0.0,0,01032103-710e-4fff-a673-4d4768b84244,20260816,aggregate,benign-ecs-geo,0,cloudflare
4,4,2,4,744,0.5,1.0,1,4,2,1.0,0.0,0.0,1.0,1.0,0.5,0.5,287.5,0.043478260869565216,0.25,0.0,0.5,0.0014549493789672852,0.002917361259460449,0.9572288267935696,0.002653360366821289,0.0,0,d0d3cabd-3925-4a68-98b1-39ccc9068cc2,20260816,aggregate,benign-ecs-geo,0,opendns
4,4,2,4,810,0.5,1.0,1,4,2,1.0,0.0,0.0,1.0,1.0,0.5,0.5,300.0,0.0,0.25,0.0,0.5,0.0019526481628417969,0.003762412071228027,0.819107329073066,0.0031110048294067383,0.0,0,8f91f696-43b8-4e65-947b-8e121cb467dd,20260816,aggregate,benign-ecs-geo,0,opendns
4,4,1,4,506,0.25,1.0,1,4,1,1.0,0.0,0.0,-0.0,-0.0,0.25,0.0,60.0,0.0,0.25,0.0,0.75,0.01275092363357544,0.01669623851776123,0.2494056461408026,0.016071319580078125,0.0,0,8792de9f-9a32-4d5c-acfb-34eee6596458,20260816,aggregate,benign-ecs-geo,0,quad9
4,4,2,4,530,0.5,1.0,1,4,2,1.0,0.0,0.0,1.0,1.0,0.5,0.5,300.0,0.0,0.25,0.0,0.5,0.003401339054107666,0.0049248218536376955,0.44860690212741455,0.004506826400756836,0.0,0,b8a57484-2c82-4d60-83ea-65941f85b0b5,20260816,aggregate,benign-ecs-geo,0,opendns
4,4,1,4,314,0.25,1.0,1,4,1,1.0,0.0,0.0,-0.0,-0.0,0.25,0.0,60.0,0.0,0.25,0.0,0.75,0.01354062557220459,0.01669361591339111,0.19712068679976344,0.01583123207092285,0.0,0,ebed6a69-07c9-4b6f-b6bd-e220ede5f370,20260816,aggregate,benign-ecs-geo,0,quad9
4,4,1,4,541,0.25,1.0,1,4,1,1.0,0.0,0.0,-0.0,-0.0,0.25,0.0,60.0,0.0,0.25,0.0,0.75,0.02892094850540161,0.031164491176605226,0.07828317079272532,0.031038522720336914,0.0,0,8ca30799-0203-4d5e-9e08-9f22e0e18b78,20260816,aggregate,benign-ecs-geo,0,google
4,4,1,4,473,0.25,1.0,1,4,1,1.0,0.0,0.0,-0.0,-0.0,0.25,0.0,300.0,0.0,0.25,0.0,0.75,0.0048487186431884766,0.007211899757385253,0.3643817774189017,0.0073146820068359375,0.0,0,5a271142-b55e-4717-91db-203c765b7d38,20260816,aggregate,benign-ecs-geo,0,cloudflare
4,4,1,4,536,0.25,1.0,1,4,1,1.0,0.0,0.0,-0.0,-0.0,0.25,0.0,60.0,0.0,0.25,0.0,0.75,0.03398561477661133,0.03583141565322876,0.0413022859112709,0.035085439682006836,0.0,0,48671bb9-45e8-4c42-8793-be5ef49deefd,20260816,aggregate,benign-ecs-geo,0,quad9
4,4,1,4,289,0.25,1.0,1,4,1,1.0,0.0,0.0,-0.0,-0.0,0.25,0.0,60.0,0.0,0.25,0.0,0.75,0.02499300241470337,0.02910252809524536,0.13118470752806702,0.029309749603271484,0.0,0,4c6291f2-3447-4146-8311-1a5e28c79d80,20260816,aggregate,benign-ecs-geo,0,opendns
4,4,2,4,720,0.5,1.0,1,4,2,1.0,0.0,0.0,1.0,1.0,0.5,0.25,63.0,1.347150628109127,0.25,0.0,0.5,1.876820683479309,2.503512740135193,0.5765660013080802,0.0023279190063476562,0.0,0,636551f6-1c62-48e3-9afe-378b7ac29b6e,20260816,aggregate,benign-ecs-geo,0,opendns
4,4,1,4,324,0.25,1.0,0,4,1,1.0,0.0,0.0,-0.0,-0.0,0.25,0.0,300.0,0.0,0.25,0.0,0.75,2.500562906265259,2.5036683320999145,0.0009186732643304737,0.0,0.0,0,d631d02a-3d29-4789-aee6-f7a5d40e6c63,20260816,aggregate,benign-ecs-geo,0,quad9
4,4,2,4,714,0.5,1.0,1,4,2,1.0,0.0,0.0,1.0,1.0,0.5,0.5,171.5,0.749271137026239,0.25,0.0,0.5,1.2524675130844116,2.5035619854927065,0.9984023587800034,0.003223419189453125,0.0,0,d8e2094a-8725-4d20-ad18-47d30b8e84c9,20260816,aggregate,benign-ecs-geo,0,cloudflare
4,4,1,4,309,0.25,1.0,0,4,1,1.0,0.0,0.0,-0.0,-0.0,0.25,0.0,300.0,0.0,0.25,0.0,0.75,2.502639591693878,2.5044955372810365,0.0005906964434187564,0.0,0.0,0,45002fb9-ce6a-4a95-856c-6f100364d9cc,20260816,aggregate,benign-ecs-geo,0,opendns
4,4,2,4,702,0.5,1.0,1,4,2,1.0,0.0,0.0,1.0,1.0,0.5,0.5,300.0,0.0,0.25,0.0,0.5,1.2542039155960083,2.5071959614753725,0.998360000148979,0.0028808116912841797,0.0,0,c31e412d-5e15-4412-82d6-2f6145e5a4ab,20260816,aggregate,benign-ecs-geo,0,google
4,4,2,4,732,0.5,1.0,1,4,2,1.0,0.0,0.0,1.0,1.0,0.5,0.5,300.0,0.0,0.25,0.0,0.5,1.2541120052337646,2.5073736906051636,0.9985565644969928,0.002566814422607422,0.0,0,34e69710-9f46-4fce-b936-cc1fdeb6128b,20260816,aggregate,benign-ecs-geo,0,opendns
4,4,1,4,473,0.25,1.0,1,4,1,1.0,0.0,0.0,-0.0,-0.0,0.25,0.0,200.0,0.0,0.25,0.0,0.75,0.0036299824714660645,0.005811858177185058,0.4671088972207414,0.0043697357177734375,0.0,0,e1c5b2b2-fd9d-4ba7-849b-f80cec09b1d6,20260816,aggregate,benign-ecs-geo,0,quad9
4,4,1,4,531,0.25,1.0,1,4,1,1.0,0.0,0.0,-0.0,-0.0,0.25,0.0,300.0,0.0,0.25,0.0,0.75,0.00558394193649292,0.0067980408668518065,0.16993669062356342,0.005836963653564453,0.0,0,adb0ff91-9ced-477c-9f1a-dc0329154ecf,20260816,aggregate,benign-ecs-geo,0,google
4,4,2,4,532,0.5,1.0,1,4,2,1.0,0.0,0.0,1.0,1.0,0.25,0.0,24.0,0.07216878364870322,0.25,0.0,0.5,0.002355635166168213,0.004294753074645995,0.6511919085868418,0.0026656389236450195,0.0,0,de2fdce1-dba2-47b9-85f0-ded2c5ee29f3,20260816,aggregate,benign-ecs-geo,0,cloudflare
4,4,1,4,659,0.25,1.0,1,4,1,1.0,0.0,0.0,-0.0,-0.0,0.25,0.0,272.0,0.0,0.25,0.0,0.75,0.0023339390754699707,0.004186022281646728,0.71208276196813,0.004339456558227539,0.0,0,1830d946-fe5f-4406-9700-79609a946caf,20260816,aggregate,benign-ecs-geo,0,google
4,4,1,4,720,0.25,1.0,0,4,1,1.0,0.0,0.0,-0.0,-0.0,0.25,0.0,122.66666666666667,0.5769195173415466,0.25,0.0,0.75,2.5070173144340515,2.5076488256454468,0.00025036931950455683,0.0,0.0,0,4c4cfde4-cfde-473a-8d83-e4e7bb2997d0,20260816,aggregate,benign-ecs-geo,0,cloudflare
4,4,1,4,309,0.25,1.0,0,4,1,1.0,0.0,0.0,-0.0,-0.0,0.25,0.0,300.0,0.0,0.25,0.0,0.75,2.5114211440086365,2.512099015712738,0.00024441932474252167,0.0,0.0,0,536c1808-0d48-4d9f-aafc-91b5bb47517d,20260816,aggregate,benign-ecs-geo,0,opendns
4,4,1,4,309,0.25,1.0,1,4,1,1.0,0.0,0.0,-0.0,-0.0,0.25,0.0,25.0,0.0,0.25,0.0,0.75,0.001612544059753418,0.003301441669464111,0.8002916404909869,0.0024335384368896484,0.0,0,8a0e2727-54f4-4861-be6b-e612fc9266d0,20260816,aggregate,benign-ecs-geo,0,cloudflare
4,4,1,4,329,0.25,1.0,1,4,1,1.0,0.0,0.0,-0.0,-0.0,0.25,0.0,34.0,0.0,0.25,0.0,0.75,0.004142820835113525,0.006945478916168211,0.4931594375609388,0.005060434341430664,0.0,0,41717c0d-2f1f-4975-b031-f22f7ace5736,20260816,aggregate,benign-ecs-geo,0,quad9
4,4,1,4,319,0.25,1.0,0,4,1,1.0,0.0,0.0,-0.0,-0.0,0.25,0.0,13.0,0.0,0.25,0.0,0.75,2.5101478099823,2.510321593284607,5.794658110133588e-05,0.0,0.0,0,a823e692-7a9d-4b42-ac75-11a67e2222df,20260816,aggregate,benign-ecs-geo,0,google
4,4,1,4,531,0.25,1.0,0,4,1,1.0,0.0,0.0,-0.0,-0.0,0.25,0.0,9.0,0.0,0.25,0.0,0.75,2.5068187713623047,2.507083225250244,8.99601502997696e-05,0.0,0.0,0,5873ded7-6427-4ab3-b415-a9e8f518a2a0,20260816,aggregate,benign-ecs-geo,0,google
4,4,2,4,388,0.5,1.0,1,4,2,1.0,0.0,0.0,1.0,1.0,0.5,0.25,300.0,0.0,0.25,0.0,0.5,0.00441974401473999,0.006111145019531249,0.31745586573315915,0.004603743553161621,0.0,0,3eeeb243-46e8-4faf-b54b-d13d912f6407,20260816,aggregate,benign-ecs-geo,0,opendns
4,4,1,4,506,0.25,1.0,1,4,1,1.0,0.0,0.0,-0.0,-0.0,0.25,0.0,60.0,0.0,0.25,0.0,0.75,0.014890909194946289,0.01774073839187622,0.15718721197503027,0.018013715744018555,0.0,0,aaa647f6-59bd-4ec5-a6e6-152885c5eb76,20260816,aggregate,benign-ecs-geo,0,cloudflare
4,4,2,4,720,0.5,1.0,1,4,2,1.0,0.0,0.0,1.0,1.0,0.5,0.25,300.0,0.0,0.25,0.0,0.5,0.0020284056663513184,0.0037740707397460934,0.6643623704805187,0.0027202367782592773,0.0,0,b4bac4d8-e099-4f5d-be14-eb1e18b4fe46,20260816,aggregate,benign-ecs-geo,0,google
4,4,1,4,516,0.25,1.0,0,4,1,1.0,0.0,0.0,-0.0,-0.0,0.25,0.0,60.0,0.0,0.25,0.0,0.75,2.523824691772461,2.525065553188324,0.0003860845952284582,0.0,0.0,0,a51db558-b17e-4d12-802c-e4cae206b75c,20260816,aggregate,benign-ecs-geo,0,google
4,4,1,4,309,0.25,1.0,1,4,1,1.0,0.0,0.0,-0.0,-0.0,0.25,0.0,300.0,0.0,0.25,0.0,0.75,0.00287020206451416,0.005571067333221435,0.7161528614283371,0.0048885345458984375,0.0,0,a2a5ac59-56b6-4b6c-bb3c-3fac9a6daa52,20260816,aggregate,benign-ecs-geo,0,cloudflare
4,4,1,4,511,0.25,1.0,0,4,1,1.0,0.0,0.0,-0.0,-0.0,0.25,0.0,60.0,0.0,0.25,0.0,0.75,2.524031341075897,2.5245887875556945,0.0001925662411440641,0.0,0.0,0,3834605a-c842-4cfa-bd68-4f6cf7ebe188,20260816,aggregate,benign-ecs-geo,0,google
4,4,1,4,531,0.25,1.0,1,4,1,1.0,0.0,0.0,-0.0,-0.0,0.25,0.0,300.0,0.0,0.25,0.0,0.75,0.0031681060791015625,0.00442129373550415,0.3199518556222077,0.0035614967346191406,0.0,0,2c0bfb17-5e0b-4870-a970-a94ffea9c8d2,20260816,aggregate,benign-ecs-geo,0,opendns
4,4,2,4,638,0.5,1.0,1,4,2,1.0,0.0,0.0,1.0,1.0,0.5,0.5,67.77777777777777,1.4291904444562762,0.25,0.0,0.5,0.002370178699493408,0.00528731346130371,0.9021980873441412,0.00215756893157959,0.0,0,98758989-5134-46fb-99e0-7751e6c1fb84,20260816,aggregate,benign-ecs-geo,0,google
4,4,1,4,491,0.25,1.0,0,4,1,1.0,0.0,0.0,-0.0,-0.0,0.25,0.0,60.0,0.0,0.25,0.0,0.75,2.5306878685951233,2.5344525456428526,0.001091599744990679,0.0,0.0,0,34e4b84c-7b83-4ff8-a2dd-e59a267ea00c,20260816,aggregate,benign-ecs-geo,0,quad9
4,4,1,4,664,0.25,1.0,1,4,1,1.0,0.0,0.0,-0.0,-0.0,0.25,0.0,300.0,0.0,0.25,0.0,0.75,0.0052176713943481445,0.0064485549926757806,0.19178946232908292,0.0033757686614990234,0.0,0,ff1df104-2723-47ee-8e0b-bae032a49370,20260816,aggregate,benign-ecs-geo,0,opendns
4,4,2,4,648,0.5,1.0,1,4,2,1.0,0.0,0.0,1.0,1.0,0.5,0.25,300.0,0.0,0.25,0.0,0.5,0.003515899181365967,0.005557847023010254,0.6176611126617793,0.005439877510070801,0.0,0,a9b7fa1c-e54a-458e-8104-e4fe48207718,20260816,aggregate,benign-ecs-geo,0,cloudflare
4,4,1,4,526,0.25,1.0,0,4,1,1.0,0.0,0.0,-0.0,-0.0,0.25,0.0,60.0,0.0,0.25,0.0,0.75,2.537069261074066,2.5387169480323792,0.0005161103359542176,0.0,0.0,0,fd98f647-b0db-46f2-8ff1-5f1faa557a40,20260816,aggregate,benign-ecs-geo,0,quad9
4,4,1,4,383,0.25,1.0,1,4,1,1.0,0.0,0.0,-0.0,-0.0,0.25,0.0,120.0,0.0,0.25,0.0,0.75,0.014075994491577148,0.016600871086120607,0.1985920079307444,0.015349149703979492,0.0,0,ec9e37e5-b157-4442-a970-58d98f0b8b34,20260816,aggregate,benign-ecs-geo,0,quad9
4,4,2,4,370,0.5,1.0,1,4,2,1.0,0.0,0.0,1.0,1.0,0.5,0.25,10.25,0.7181674080163637,0.25,0.0,0.5,0.002786576747894287,0.006010329723358154,1.0033592627655759,0.004206418991088867,0.0,0,7640ce0c-ce89-42e4-9b56-0b5d4cc50fbf,20260816,aggregate,benign-ecs-geo,0,quad9
4,4,1,4,614,0.25,1.0,1,4,1,1.0,0.0,0.0,-0.0,-0.0,0.25,0.0,244.0,0.0,0.25,0.0,0.75,0.0024433135986328125,0.004974901676177978,0.8065274325232461,0.003185272216796875,0.0,0,0b9ef913-401a-4757-9159-0b86569c78df,20260816,aggregate,benign-ecs-geo,0,quad9
4,4,2,4,376,0.5,1.0,1,4,2,1.0,0.0,0.0,1.0,1.0,0.25,0.0,4414.5,0.15517637204518994,0.25,0.0,0.5,0.00231778621673584,0.005133914947509765,0.985374025046575,0.004427671432495117,0.0,0,77ddfd27-f43f-43c6-817f-561ecf46620b,20260816,aggregate,benign-ecs-geo,0,cloudflare
4,4,2,4,382,0.5,1.0,1,4,2,1.0,0.0,0.0,1.0,1.0,0.25,0.0,1241.0,0.13677758190310232,0.25,0.0,0.5,0.0020070672035217285,0.003134453296661377,0.5627617775278513,0.0015696287155151367,0.0,0,be6e3914-18ab-4ad3-80e8-cc9280bbcfc8,20260816,aggregate,benign-ecs-geo,0,google
4,4,1,4,378,0.25,1.0,1,4,1,1.0,0.0,0.0,-0.0,-0.0,0.25,0.0,246.0,0.0,0.25,0.0,0.75,0.002163410186767578,0.003716897964477539,0.5900107360436567,0.0023021697998046875,0.0,0,e4f70b63-1864-447c-9bf3-af2f1b01b9e9,20260816,aggregate,benign-ecs-geo,0,google
4,4,1,4,511,0.25,1.0,1,4,1,1.0,0.0,0.0,-0.0,-0.0,0.25,0.0,60.0,0.0,0.25,0.0,0.75,0.015148580074310303,0.017212498188018798,0.1157778364599826,0.015273094177246094,0.0,0,1527b6a3-6eda-440b-88eb-068f70cfaf0a,20260816,aggregate,benign-ecs-geo,0,google
4,4,1,4,536,0.25,1.0,1,4,1,1.0,0.0,0.0,-0.0,-0.0,0.25,0.0,60.0,0.0,0.25,0.0,0.75,0.011403322219848633,0.01571301221847534,0.2947346573060657,0.015349388122558594,0.0,0,e94397fe-120b-4899-b2df-f4cd7a4f377e,20260816,aggregate,benign-ecs-geo,0,cloudflare
4,4,1,4,511,0.25,1.0,1,4,1,1.0,0.0,0.0,-0.0,-0.0,0.25,0.0,41.0,0.0,0.25,0.0,0.75,0.0012555718421936035,0.0027207493782043456,1.0048612564819297,0.0017750263214111328,0.0,0,4feb6b9f-1f0c-414a-846d-38a5d9cbfcac,20260816,aggregate,benign-ecs-geo,0,opendns
4,4,1,4,689,0.25,1.0,1,4,1,1.0,0.0,0.0,-0.0,-0.0,0.25,0.0,300.0,0.0,0.25,0.0,0.75,0.007941663265228271,0.011907529830932616,0.36903325750751337,0.011785745620727539,0.0,0,773f576f-67f0-4556-9f80-d21292734793,20260816,aggregate,benign-ecs-geo,0,google
4,4,1,4,536,0.25,1.0,1,4,1,1.0,0.0,0.0,-0.0,-0.0,0.25,0.0,60.0,0.0,0.25,0.0,0.75,0.03900444507598877,0.04037400484085083,0.02534880732408509,0.04059576988220215,0.0,0,28e515a0-e21f-4f45-afe4-025c6d727bda,20260816,aggregate,benign-ecs-geo,0,quad9
4,4,1,4,516,0.25,1.0,1,4,1,1.0,0.0,0.0,-0.0,-0.0,0.25,0.0,60.0,0.0,0.25,0.0,0.75,0.014890611171722412,0.016788446903228758,0.0925184363758076,0.016469478607177734,0.0,0,6a5b6744-416b-4fd4-8ff7-5d7a6ee9a2a7,20260816,aggregate,benign-ecs-geo,0,cloudflare
4,4,1,4,516,0.25,1.0,1,4,1,1.0,0.0,0.0,-0.0,-0.0,0.25,0.0,60.0,0.0,0.25,0.0,0.75,0.03522896766662598,0.03600137233734131,0.016065246331557904,0.03569650650024414,0.0,0,78cef43f-0663-4b9d-8d17-36050b7beb74,20260816,aggregate,benign-ecs-geo,0,opendns
4,4,1,4,679,0.25,1.0,1,4,1,1.0,0.0,0.0,-0.0,-0.0,0.25,0.0,300.0,0.0,0.25,0.0,0.75,0.0011536478996276855,0.004053294658660889,2.2330449133195462,0.004141092300415039,0.0,0,97a3adab-d79a-433a-8ca2-dfce584cb93f,20260816,aggregate,benign-ecs-geo,0,cloudflare
4,4,1,4,383,0.25,1.0,1,4,1,1.0,0.0,0.0,-0.0,-0.0,0.25,0.0,20.0,0.0,0.25,0.0,0.75,0.017159998416900635,0.018350183963775635,0.05246479076106074,0.0185244083404541,0.0,0,da324037-7e99-445a-91de-64dba3972abe,20260816,aggregate,benign-ecs-geo,0,cloudflare
4,4,1,4,491,0.25,1.0,1,4,1,1.0,0.0,0.0,-0.0,-0.0,0.25,0.0,60.0,0.0,0.25,0.0,0.75,0.04338878393173218,0.045298218727111816,0.039199325654600596,0.04468178749084473,0.0,0,a22c08f1-8fdc-40d8-b083-7e2a8d834083,20260816,aggregate,benign-ecs-geo,0,quad9
4,4,1,4,319,0.25,1.0,1,4,1,1.0,0.0,0.0,-0.0,-0.0,0.25,0.0,13.0,0.0,0.25,0.0,0.75,0.0015524625778198242,0.003570926189422607,0.9785446016777664,0.0038225650787353516,0.0,0,18bd739b-9ffc-4611-8efc-07de190668d4,20260816,aggregate,benign-ecs-geo,0,quad9
4,4,1,4,324,0.25,1.0,1,4,1,1.0,0.0,0.0,-0.0,-0.0,0.25,0.0,60.0,0.0,0.25,0.0,0.75,0.012698590755462646,0.014582598209381103,0.14340421211658244,0.014628887176513672,0.0,0,2b9512bf-cb1c-4f0f-8903-e156bc3b0442,20260816,aggregate,benign-ecs-geo,0,google
4,4,2,4,428,0.5,1.0,1,4,2,1.0,0.0,0.0,1.0,1.0,0.5,0.5,225.0,0.3333333333333333,0.25,0.0,0.5,0.009161531925201416,0.015689849853515625,0.6924383791464777,0.00937497615814209,0.0,0,8cfb2b50-8877-4708-b706-680184196983,20260816,aggregate,benign-ecs-geo,0,google
4,4,4,4,499,1.0,1.0,4,0,0,0.0,0.0,0.0,1.0,1.0,1.0,0.75,1271.6,1.0993155378971902,0.25,0.0,0.0,0.006098568439483643,0.009883630275726316,0.45244473275407876,0.003972113132476807,0.0,0,e3cea1b6-f167-4cf6-a537-b0432334540e,20260816,aggregate,benign-burst,0,quad9
4,4,1,4,491,0.25,1.0,1,4,1,1.0,0.0,0.0,-0.0,-0.0,0.25,0.0,60.0,0.0,0.25,0.0,0.75,0.016752183437347412,0.018771851062774656,0.09121898744299921,0.01841115951538086,0.0,0,18f23429-1a6d-4f81-a2e8-7a776a76be87,20260816,aggregate,benign-ecs-geo,0,quad9
4,4,4,4,549,1.0,1.0,4,0,0,0.0,0.0,0.0,1.0,1.0,1.0,0.75,1510.7272727272727,2.7632503001355753,0.25,0.0,0.0,0.006359875202178955,0.010797905921936034,0.5275764839269709,0.005224704742431641,0.0,0,e29b93d5-2a11-4381-a510-8e9f0d758a62,20260816,aggregate,benign-burst,0,opendns
4,4,2,4,530,0.5,1.0,1,4,2,1.0,0.0,0.0,1.0,1.0,0.5,0.5,300.0,0.0,0.25,0.0,0.5,0.007102251052856445,0.008026850223541259,0.13267533707321155,0.004695534706115723,0.0,0,b2c074ba-a18f-40c5-b987-294acc555b13,20260816,aggregate,benign-ecs-geo,0,quad9
4,4,4,4,514,1.0,1.0,4,0,0,0.0,0.0,0.0,1.0,1.0,1.0,0.75,141.28571428571428,0.6801239129904884,0.25,0.0,0.0,0.012065291404724121,0.01921628713607788,0.5519391015892458,0.010817885398864746,0.0,0,8ff7577d-60e2-4e5c-8f52-d9c2de7d9264,20260816,aggregate,benign-burst,0,google
4,4,4,4,619,1.0,1.0,3,0,0,0.0,0.0,0.0,1.0,1.0,1.0,0.75,770.0,1.2564579902583628,0.25,0.0,0.0,0.010232031345367432,0.022688531875610346,0.8710804715807065,0.008817493915557861,0.0,0,3ebc41c2-dbfa-4542-8fad-91d4d104d5a5,20260816,aggregate,benign-burst,0,quad9
4,4,1,4,531,0.25,1.0,1,4,1,1.0,0.0,0.0,-0.0,-0.0,0.25,0.0,60.0,0.0,0.25,0.0,0.75,0.0293428897857666,0.032369685173034665,0.08863926089902091,0.032767534255981445,0.0,0,b10f25ce-cf92-47f5-8fc9-89de6e11cc0d,20260816,aggregate,benign-ecs-geo,0,opendns
4,4,4,4,436,1.0,1.0,3,0,0,0.0,0.0,0.0,1.0,1.0,1.0,0.75,511.875,0.5830924537274336,0.25,0.0,0.0,0.008864521980285645,0.01996489763259887,0.8911724691999059,0.007018744945526123,0.0,0,792685a8-07d7-4a7f-a169-31e2a25fe95d,20260816,aggregate,benign-burst,0,opendns
4,4,4,4,414,1.0,1.0,2,0,0,0.0,0.0,0.0,1.0,1.0,1.0,0.75,2994.8571428571427,2.334434693604944,0.25,0.0,0.0,0.014672160148620605,0.03583365678787231,1.0325366147069828,0.013798296451568604,0.0,0,7e32e5b2-157b-4422-9dd1-ae8bdabc60b3,20260816,aggregate,benign-burst,0,opendns
4,4,4,4,500,1.0,1.0,4,0,0,0.0,0.0,0.0,1.0,1.0,1.0,0.75,372.1,1.0514307529781008,0.25,0.0,0.0,0.04652237892150879,0.13574608564376825,1.373490053275348,0.04583096504211426,0.0,0,140328f8-dc32-48a8-8a5d-6a0879ec4535,20260816,aggregate,benign-burst,0,opendns
4,4,4,4,590,1.0,1.0,4,0,0,0.0,0.0,0.0,1.0,1.0,1.0,0.75,166.53333333333333,0.5391893305236622,0.25,0.0,0.0,0.006706953048706055,0.018505036830902093,1.267406466262365,0.0064716339111328125,0.0,0,b5caad6b-52ff-4d8d-bc45-b354939aa8d6,20260816,aggregate,benign-burst,0,cloudflare
4,4,4,4,425,1.0,1.0,2,0,0,0.0,0.0,0.0,1.0,1.0,1.0,0.75,3656.1666666666665,2.161836113070185,0.25,0.0,0.0,0.6305343508720398,2.130286753177642,1.7163836180381455,0.0030326048533121743,0.0,0,6148eb12-d0ef-4907-b9de-944aad9cf2fb,20260816,aggregate,benign-burst,0,opendns
4,4,4,4,392,1.0,1.0,3,0,0,0.0,0.0,0.0,1.0,1.0,1.0,0.75,104.6,0.48847440149318583,0.25,0.0,0.0,0.6360135674476624,2.135381746292113,1.6996572309221385,0.008970975875854492,0.0,0,5b5e7d59-0730-4219-8c1a-59de67394b0d,20260816,aggregate,benign-burst,0,opendns
4,4,4,4,437,1.0,1.0,2,0,0,0.0,0.0,0.0,1.0,1.0,1.0,0.75,3453.1666666666665,2.076732272070912,0.25,0.0,0.0,0.6311690807342529,2.1378502964973443,1.7227305833240607,0.002086083094278971,0.0,0,c2c3fffe-f434-4fdc-b1ee-44801bf3ca2d,20260816,aggregate,benign-burst,0,cloudflare
4,4,4,4,510,1.0,1.0,0,0,0,0.0,0.0,0.0,1.0,1.0,1.0,0.75,516.5384615384615,1.5297136502128137,0.25,0.0,0.0,2.509168267250061,2.510684585571289,0.0005063407076756731,0.0,0.0,0,984cc5e3-1e0e-4f06-8f62-c3ea6533a753,20260816,aggregate,benign-burst,0,opendns
4,4,4,4,477,1.0,1.0,1,0,0,0.0,0.0,0.0,1.0,1.0,1.0,0.75,1162.125,1.6025940334839237,0.25,0.0,0.0,1.8830434679985046,2.5151772618293764,0.5764472827904524,0.0029022693634033203,0.0,0,af2fbcd2-2f6c-457a-a037-1ee0739bc738,20260816,aggregate,benign-burst,0,cloudflare
4,4,4,4,418,1.0,1.0,0,0,0,0.0,0.0,0.0,1.0,1.0,1.0,0.75,709.2,1.080543863368303,0.25,0.0,0.0,2.5111226439476013,2.513936686515808,0.0008509186060632906,0.0,0.0,0,e667685f-e127-4484-be72-a1959bcce156,20260816,aggregate,benign-burst,0,cloudflare
4,4,4,4,548,1.0,1.0,2,0,0,0.0,0.0,0.0,1.0,1.0,1.0,0.75,246.3846153846154,0.7842691018053007,0.25,0.0,0.0,0.005319654941558838,0.008613216876983642,0.45900627989248227,0.0033680200576782227,0.0,0,58447734-b173-445a-9c0a-ecbd84386898,20260816,aggregate,benign-burst,0,google
4,4,4,4,392,1.0,1.0,0,0,0,0.0,0.0,0.0,1.0,1.0,1.0,0.75,108.0,0.6503138421396731,0.25,0.0,0.0,2.508741617202759,2.511005330085754,0.0008719186478549416,0.0,0.0,0,165f9e7c-8584-47b4-8854-1b55e6619b09,20260816,aggregate,benign-burst,0,opendns
4,4,4,4,556,1.0,1.0,0,0,0,0.0,0.0,0.0,1.0,1.0,1.0,0.75,1967.0,2.892030382401978,0.25,0.0,0.0,2.5127599239349365,2.518795740604401,0.0017981483683535732,0.0,0.0,0,ed66f28c-f595-4247-94b8-af04971890d3,20260816,aggregate,benign-burst,0,cloudflare
4,4,4,4,704,1.0,1.0,4,0,0,0.0,0.0,0.0,1.0,1.0,1.0,0.75,612.4347826086956,1.7952141628368223,0.25,0.0,0.0,0.002665579319000244,0.0035163640975952146,0.27752778594219074,0.0025339126586914062,0.0,0,90405d0f-e08f-4502-a822-243c72648a8b,20260816,aggregate,benign-burst,0,google
4,4,4,4,454,1.0,1.0,3,0,0,0.0,0.0,0.0,1.0,1.0,1.0,0.75,1310.2222222222222,2.685633751292191,0.25,0.0,0.0,0.006426870822906494,0.011953139305114744,0.6160874228151996,0.005764782428741455,0.0,0,6395071b-ddaa-4251-95e6-0208795cfd39,20260816,aggregate,benign-burst,0,opendns
4,4,4,4,460,1.0,1.0,0,0,0,0.0,0.0,0.0,1.0,1.0,1.0,0.75,187.25,0.445221813326305,0.25,0.0,0.0,2.5119383931159973,2.5201228976249697,0.002366634199772432,0.0,0.0,0,a88d3012-be73-4fc5-8958-2787b5aac57f,20260816,aggregate,benign-burst,0,quad9
4,4,4,4,556,1.0,1.0,3,0,0,0.0,0.0,0.0,1.0,1.0,1.0,0.75,227.06666666666666,0.2817475693535256,0.25,0.0,0.0,0.0070667266845703125,0.016441786289215082,0.9529406835371967,0.006759583950042725,0.0,0,83194bb1-6899-43b2-9bf7-1b5f9287024d,20260816,aggregate,benign-burst,0,google
4,4,4,4,506,1.0,1.0,3,0,0,0.0,0.0,0.0,1.0,1.0,1.0,0.75,154.72727272727272,1.1233805662979268,0.25,0.0,0.0,0.6490049958229065,2.1684170961379996,1.6872679512146491,0.01603245735168457,0.0,0,abed0cb1-4a14-4cf0-baa1-0dfa5c4adea2,20260816,aggregate,benign-burst,0,quad9
4,4,4,4,576,1.0,1.0,3,0,0,0.0,0.0,0.0,1.0,1.0,1.0,0.75,209.86666666666667,0.5718918449493632,0.25,0.0,0.0,0.007656097412109375,0.017036128044128414,0.8732302163618725,0.0065032243728637695,0.0,0,1d207753-2827-4c9b-b9d4-a9382877d401,20260816,aggregate,benign-burst,0,cloudflare
4,4,4,4,481,1.0,1.0,3,0,0,0.0,0.0,0.0,1.0,1.0,1.0,0.75,3331.3333333333335,1.9097601072948345,0.25,0.0,0.0,0.007178008556365967,0.014304006099700924,0.7096124842212017,0.006225645542144775,0.0,0,c0aa2db7-6d07-49c7-9fd9-4313f3a20a5b,20260816,aggregate,benign-burst,0,cloudflare
4,4,4,4,515,1.0,1.0,3,0,0,0.0,0.0,0.0,1.0,1.0,1.0,0.75,138.44444444444446,1.0031383601833914,0.25,0.0,0.0,0.005962848663330078,0.013533163070678707,0.908457101523602,0.00534367561340332,0.0,0,a004d2a9-b49a-41bd-883e-3068d5748614,20260816,aggregate,benign-burst,0,opendns
4,4,4,4,450,1.0,1.0,3,0,0,0.0,0.0,0.0,1.0,1.0,1.0,0.75,671.8888888888889,0.5730672236812756,0.25,0.0,0.0,0.0024129152297973633,0.0036499261856079096,0.38286368227973944,0.001989424228668213,0.0,0,4fd6bd3a-819e-4e44-a46c-4e0498436e9e,20260816,aggregate,benign-burst,0,opendns
4,4,4,4,492,1.0,1.0,4,0,0,0.0,0.0,0.0,1.0,1.0,1.0,0.75,2154.3,2.7327199508599493,0.25,0.0,0.0,0.003896653652191162,0.004211616516113281,0.10271831472984146,0.0029422640800476074,0.0,0,a5dd1d67-1d1a-4de0-817c-4de41c2f8c4a,20260816,aggregate,benign-burst,0,quad9
4,4,4,4,558,1.0,1.0,2,0,0,0.0,0.0,0.0,1.0,1.0,1.0,0.75,1769.0666666666666,2.949881577904371,0.25,0.0,0.0,1.272994875907898,2.5432026386260986,0.9876482715992496,0.015750885009765625,0.0,0,3ed06291-6b64-469c-829b-3c5870971395,20260816,aggregate,benign-burst,0,opendns
4,4,4,4,590,1.0,1.0,3,0,0,0.0,0.0,0.0,1.0,1.0,1.0,0.75,276.1333333333333,0.24892352035016901,0.25,0.0,0.0,0.013474643230438232,0.01921967267990112,0.4300826478252018,0.011933445930480957,0.0,0,a6a28121-680c-47b2-85c0-e2746aaa5309,20260816,aggregate,benign-burst,0,quad9
4,4,4,4,410,1.0,1.0,4,0,0,0.0,0.0,0.0,1.0,1.0,1.0,0.75,1688.8333333333333,1.9224444887693342,0.25,0.0,0.0,0.005025506019592285,0.011990356445312496,0.9866745218199936,0.004839718341827393,0.0,0,e10b86c8-ad3b-4438-a96b-14a523e93c4f,20260816,aggregate,benign-burst,0,opendns
4,4,4,4,484,1.0,1.0,1,0,0,0.0,0.0,0.0,1.0,1.0,1.0,0.75,138.25,0.8507690625560792,0.25,0.0,0.0,1.8876227140426636,2.522234261035919,0.5767008732524519,0.0019402503967285156,0.0,0,7196e0da-921a-4739-bd1c-1f696f72eb59,20260816,aggregate,benign-burst,0,opendns
4,4,4,4,474,1.0,1.0,2,0,0,0.0,0.0,0.0,1.0,1.0,1.0,0.75,10595.333333333334,0.8759083619399405,0.25,0.0,0.0,0.014128148555755615,0.03773357868194579,1.1896455344514913,0.013329505920410156,0.0,0,3fdae576-3cd3-4806-b93f-128a58b97c79,20260816,aggregate,benign-burst,0,cloudflare
4,4,4,4,574,1.0,1.0,1,0,0,0.0,0.0,0.0,1.0,1.0,1.0,0.75,756.6153846153846,1.380322210889206,0.25,0.0,0.0,1.8972141742706299,2.552719807624817,0.5767370231231018,0.0021924972534179688,0.0,0,e1b60c0f-01a4-4306-abbf-e65fd306ef2e,20260816,aggregate,benign-burst,0,quad9
4,4,4,4,472,1.0,1.0,4,0,0,0.0,0.0,0.0,1.0,1.0,1.0,0.75,251.77777777777777,0.6979771676652908,0.25,0.0,0.0,0.012673377990722656,0.03554639816284178,1.2907140162732667,0.012095391750335693,0.0,0,5ff793c0-30c5-4401-be6f-3d2c6a4553e0,20260816,aggregate,benign-burst,0,google
4,4,4,4,478,1.0,1.0,3,0,0,0.0,0.0,0.0,1.0,1.0,1.0,0.75,520.3333333333334,1.914914687929908,0.25,0.0,0.0,0.01698446273803711,0.04035478830337524,1.007259398712693,0.01658731698989868,0.0,0,41d80cf9-0d10-456f-aa09-6f909b9c4d31,20260816,aggregate,benign-burst,0,google
4,4,4,4,574,1.0,1.0,4,0,0,0.0,0.0,0.0,1.0,1.0,1.0,0.75,747.0,1.2793205021244438,0.25,0.0,0.0,0.0214993953704834,0.04728984832763671,0.9503660168721474,0.021078407764434814,0.0,0,079377b8-bc71-4dbf-8bfc-ae8803c5d54b,20260816,aggregate,benign-burst,0,cloudflare
4,4,4,4,434,1.0,1.0,3,0,0,0.0,0.0,0.0,1.0,1.0,1.0,0.75,440.85714285714283,2.053492557773647,0.25,0.0,0.0,0.6357525587081909,2.134277272224425,1.6974872274579549,0.012531439463297525,0.0,0,a8a93023-69d9-4bca-bd41-4d75dc4b19e7,20260816,aggregate,benign-burst,0,google
4,4,4,4,566,1.0,1.0,3,0,0,0.0,0.0,0.0,1.0,1.0,1.0,0.75,154.0,0.7755323961991489,0.25,0.0,0.0,0.6423043012619019,2.1351694583892815,1.6756477862721266,0.020743449529012043,0.0,0,6507e2aa-6c06-4501-91c3-c079eb5d05bd,20260816,aggregate,benign-burst,0,quad9
4,4,4,4,500,1.0,1.0,3,0,0,0.0,0.0,0.0,1.0,1.0,1.0,0.75,162.91666666666666,0.681253691886776,0.25,0.0,0.0,0.6312590837478638,2.1373935461044304,1.7217412785470931,0.0028224786122639975,0.0,0,f0fd7e1a-a2d3-4720-8041-f32a63268ee6,20260816,aggregate,benign-burst,0,quad9
4,4,4,4,512,1.0,1.0,0,0,0,0.0,0.0,0.0,1.0,1.0,1.0,0.75,93.25,1.1976534784654427,0.25,0.0,0.0,2.5095531940460205,2.511561596393585,0.0007875423594057581,0.0,0.0,0,b39d5dd6-82cc-41c6-ab35-3647c97ce2f7,20260816,aggregate,benign-burst,0,google
4,4,4,4,406,1.0,1.0,0,0,0,0.0,0.0,0.0,1.0,1.0,1.0,0.75,618.6666666666666,1.205307388745172,0.25,0.0,0.0,2.510839879512787,2.5153250098228455,0.0013241187362958333,0.0,0.0,0,4554da5e-2a9f-4a7c-8e49-53e3e005a861,20260816,aggregate,benign-burst,0,quad9
4,4,4,4,550,1.0,1.0,0,0,0,0.0,0.0,0.0,1.0,1.0,1.0,0.75,432.2857142857143,1.3759918815278278,0.25,0.0,0.0,2.509765923023224,2.510581851005554,0.00031626748980602686,0.0,0.0,0,1a475f86-b6be-43d7-83e3-02e4c65d3c48,20260816,aggregate,benign-burst,0,quad9
4,4,4,4,575,1.0,1.0,0,0,0,0.0,0.0,0.0,1.0,1.0,1.0,0.75,225.86666666666667,0.5442867129390797,0.25,0.0,0.0,2.5169132351875305,2.522606062889099,0.0020130672041449526,0.0,0.0,0,faed252c-8e6c-4fcb-adb4-ae92ff626724,20260816,aggregate,benign-burst,0,cloudflare
4,4,4,4,558,1.0,1.0,0,0,0,0.0,0.0,0.0,1.0,1.0,1.0,0.75,207.35714285714286,0.5264450350979754,0.25,0.0,0.0,2.510914444923401,2.5185185432434083,0.0021869839744298224,0.0,0.0,0,d6289073-da0b-40a8-b62a-df0ec01259c3,20260816,aggregate,benign-burst,0,cloudflare
4,4,4,4,478,1.0,1.0,3,0,0,0.0,0.0,0.0,1.0,1.0,1.0,0.75,356.5,0.44452417486758344,0.25,0.0,0.0,0.003033876419067383,0.004593563079833983,0.36775648507012154,0.0023494958877563477,0.0,0,934c873a-ebc7-4588-9cb2-309f837dd964,20260816,aggregate,benign-burst,0,quad9
4,4,4,4,606,1.0,1.0,0,0,0,0.0,0.0,0.0,1.0,1.0,1.0,0.75,102.07692307692308,0.6366814787565622,0.25,0.0,0.0,2.511228084564209,2.520847737789154,0.0027352676862674903,0.0,0.0,0,2125a499-7caa-43fa-a70d-2d149cbdf5d0,20260816,aggregate,benign-burst,0,google
4,4,4,4,498,1.0,1.0,2,0,0,0.0,0.0,0.0,1.0,1.0,1.0,0.75,7759.545454545455,1.3049924512651547,0.25,0.0,0.0,0.0024610161781311035,0.0034382581710815426,0.2826983838628443,0.001919090747833252,0.0,0,4480c193-ccc9-43cc-8d09-328d42575fb1,20260816,aggregate,benign-burst,0,opendns
4,4,4,4,546,1.0,1.0,3,0,0,0.0,0.0,0.0,1.0,1.0,1.0,0.75,207.07142857142858,1.515651457670606,0.25,0.0,0.0,0.0057836174964904785,0.011965119838714598,0.7610179226313065,0.005075395107269287,0.0,0,49badd28-9763-45ee-a2e9-6ebfaa289ca3,20260816,aggregate,benign-burst,0,google
4,4,4,4,502,1.0,1.0,0,0,0,0.0,0.0,0.0,1.0,1.0,1.0,0.75,57.9,0.10880829015544043,0.25,0.0,0.0,2.5226845741271973,2.5324649691581724,0.0035680148231403298,0.0,0.0,0,a25f9405-57b0-42fc-b155-ecdedfb74126,20260816,aggregate,benign-burst,0,opendns
4,4,4,4,484,1.0,1.0,3,0,0,0.0,0.0,0.0,1.0,1.0,1.0,0.75,4094.6666666666665,1.7629138943670073,0.25,0.0,0.0,0.01567453145980835,0.029693770408630367,0.7361263998138561,0.015260457992553711,0.0,0,91cbb238-c180-4508-a627-570c4500edd3,20260816,aggregate,benign-burst,0,google
4,4,4,4,446,1.0,1.0,3,0,0,0.0,0.0,0.0,1.0,1.0,1.0,0.75,1745.25,0.9087109042456845,0.25,0.0,0.0,0.0058037638664245605,0.01382890939712524,0.9907843062046716,0.005393624305725098,0.0,0,73532b9e-982f-406f-91ce-eb4834959414,20260816,aggregate,benign-burst,0,opendns
4,4,4,4,482,1.0,1.0,4,0,0,0.0,0.0,0.0,1.0,1.0,1.0,0.75,148.5,0.2215938468058551,0.25,0.0,0.0,0.00470733642578125,0.01146818399429321,1.0251613362040946,0.004558742046356201,0.0,0,87ab9970-bdb1-419b-91b8-32e3c0e8e442,20260816,aggregate,benign-burst,0,opendns
4,4,4,4,496,1.0,1.0,4,0,0,0.0,0.0,0.0,1.0,1.0,1.0,0.75,134.9090909090909,0.5963638509389647,0.25,0.0,0.0,0.017579257488250732,0.030198752880096432,0.6004165922242538,0.017110705375671387,0.0,0,2d250f5b-08dd-4ce4-a837-af1b464cf2b3,20260816,aggregate,benign-burst,0,opendns
4,4,4,4,474,1.0,1.0,1,0,0,0.0,0.0,0.0,1.0,1.0,1.0,0.75,139.1,0.6139017622804112,0.25,0.0,0.0,1.8868244886398315,2.519447374343872,0.5768825012894634,0.0014591217041015625,0.0,0,959def67-e1ab-4148-847d-915f6dad0c74,20260816,aggregate,benign-burst,0,quad9
4,4,4,4,552,1.0,1.0,4,0,0,0.0,0.0,0.0,1.0,1.0,0.75,0.5,3618.090909090909,1.9662510836925569,0.25,0.0,0.0,0.007435441017150879,0.01871604919433593,1.0846855283357486,0.007330358028411865,0.0,0,d3fb4980-3e75-433b-bf18-2474601304c2,20260816,aggregate,benign-burst,0,opendns
4,4,4,4,588,1.0,1.0,3,0,0,0.0,0.0,0.0,1.0,1.0,1.0,0.75,1471.5,2.239125192909092,0.25,0.0,0.0,0.01738947629928589,0.04014354944229125,0.9452670786921927,0.01637643575668335,0.0,0,054f65d2-b0d8-4769-8302-128bc82df07c,20260816,aggregate,benign-burst,0,opendns
4,4,4,4,420,1.0,1.0,3,0,0,0.0,0.0,0.0,1.0,1.0,1.0,0.75,162.28571428571428,0.615005134703092,0.25,0.0,0.0,0.010244250297546387,0.02846935987472533,1.2792168143109337,0.009788036346435547,0.0,0,e826394c-ec79-4893-9a6e-aa7f97e95d6f,20260816,aggregate,benign-burst,0,cloudflare
4,4,4,4,420,1.0,1.0,0,0,0,0.0,0.0,0.0,1.0,1.0,1.0,0.75,2495.4285714285716,2.4023850819484385,0.25,0.0,0.0,2.513264238834381,2.5304615259170533,0.004899312942503383,0.0,0.0,0,e221bdef-1d2c-48e3-bae8-a1006569095c,20260816,aggregate,benign-burst,0,quad9
4,4,4,4,525,1.0,1.0,4,0,0,0.0,0.0,0.0,1.0,1.0,1.0,0.75,2129.4444444444443,2.755042962155455,0.25,0.0,0.0,0.008795499801635742,0.016154766082763672,0.7379657081260156,0.008471965789794922,0.0,0,bfe9b895-7f86-475d-b2e8-e15ab5acdef4,20260816,aggregate,benign-burst,0,cloudflare
4,4,4,4,516,1.0,1.0,4,0,0,0.0,0.0,0.0,1.0,1.0,1.0,0.75,43.27272727272727,0.39477914778307044,0.25,0.0,0.0,0.01639646291732788,0.04366540908813475,1.18440639962383,0.016093671321868896,0.0,0,fa61642e-bf23-4a3a-9bba-de5c0b012a97,20260816,aggregate,benign-burst,0,quad9
4,4,4,4,430,1.0,1.0,3,0,0,0.0,0.0,0.0,1.0,1.0,1.0,0.75,679.4285714285714,1.758778579220164,0.25,0.0,0.0,0.023805677890777588,0.07453030347824094,1.5369371074807956,0.023445606231689453,0.0,0,5abab6bb-4be9-45b1-9b23-c1f3511dde0d,20260816,aggregate,benign-burst,0,opendns
4,4,4,4,448,1.0,1.0,3,0,0,0.0,0.0,0.0,1.0,1.0,1.0,0.75,146.625,0.9506114770206132,0.25,0.0,0.0,0.630125105381012,2.138485920429229,1.727480204663138,0.0015095074971516926,0.0,0,9aeb991e-cf34-4a9e-ba7e-9365b40b1818,20260816,aggregate,benign-burst,0,cloudflare
4,4,4,4,720,1.0,1.0,1,0,0,0.0,0.0,0.0,1.0,1.0,1.0,0.75,515.9047619047619,1.201993986567539,0.25,0.0,0.0,1.9318318963050842,2.639320361614227,0.5771986807313659,0.0014917850494384766,0.0,0,32fc4f2f-1585-42ee-930b-042b1bfcc18a,20260816,aggregate,benign-burst,0,cloudflare
4,4,4,4,558,1.0,1.0,4,0,0,0.0,0.0,0.0,1.0,1.0,1.0,0.75,208.57142857142858,0.590790648023228,0.25,0.0,0.0,0.042953312397003174,0.12053786516189571,1.2985282041400463,0.042628467082977295,0.0,0,261cb4f6-ac1d-44da-9540-3c58833a2ad5,20260816,aggregate,benign-burst,0,cloudflare
4,4,4,4,501,1.0,1.0,1,0,0,0.0,0.0,0.0,1.0,1.0,1.0,0.75,2167.3,2.792807498908477,0.25,0.0,0.0,1.9670164585113525,2.655600833892822,0.5674188293463254,0.035565853118896484,0.0,0,a6e06241-7618-4f1f-a4c4-8a3a52434b83,20260816,aggregate,benign-burst,0,opendns
4,4,4,4,408,1.0,1.0,3,0,0,0.0,0.0,0.0,1.0,1.0,1.0,0.75,151.33333333333334,0.8080218674248371,0.25,0.0,0.0,0.628563642501831,2.130734169483184,1.724687203268539,0.0023359457651774087,0.0,0,b3bf9545-8a8c-40be-9554-0eb3a2e57e5f,20260816,aggregate,benign-burst,0,google
4,4,4,4,500,1.0,1.0,3,0,0,0.0,0.0,0.0,1.0,1.0,1.0,0.75,299.3636363636364,0.6530502161460491,0.25,0.0,0.0,0.00299835205078125,0.0035912513732910155,0.1581517004647508,0.002405703067779541,0.0,0,46f1ee34-ab00-4d8c-b120-f49ba5bec8cb,20260816,aggregate,benign-burst,0,quad9
4,4,4,4,419,1.0,1.0,1,0,0,0.0,0.0,0.0,1.0,1.0,1.0,0.75,4820.333333333333,1.6233882139056903,0.25,0.0,0.0,1.883650779724121,2.508441758155823,0.5730109518622073,0.013751983642578125,0.0,0,17df6de9-a351-4f5b-bccc-922c9dedc76b,20260816,aggregate,benign-burst,0,google
4,4,4,4,502,1.0,1.0,0,0,0,0.0,0.0,0.0,1.0,1.0,1.0,0.75,501.8888888888889,1.1634807421499722,0.25,0.0,0.0,2.510112166404724,2.5180860280990602,0.0022804344845830057,0.0,0.0,0,fd7b410d-9477-45f5-a42a-8466bd01862a,20260816,aggregate,benign-burst,0,quad9
4,4,4,4,536,1.0,1.0,0,0,0,0.0,0.0,0.0,1.0,1.0,1.0,0.75,167.33333333333334,0.5870852853172154,0.25,0.0,0.0,2.5119858980178833,2.517422878742218,0.002251206731239266,0.0,0.0,0,0f042767-76d0-4971-b270-d8d28c481de0,20260816,aggregate,benign-burst,0,quad9
4,4,4,4,499,1.0,1.0,3,0,0,0.0,0.0,0.0,1.0,1.0,1.0,0.75,2237.4444444444443,2.6049573395018104,0.25,0.0,0.0,0.002751588821411133,0.003359556198120117,0.17481957792196842,0.001953601837158203,0.0,0,c417ddbf-b616-4648-b003-e65fdecca815,20260816,aggregate,benign-burst,0,quad9
4,4,4,4,382,1.0,1.0,0,0,0,0.0,0.0,0.0,1.0,1.0,1.0,0.75,4572.5,1.1389036448566339,0.25,0.0,0.0,2.509258806705475,2.5171162605285646,0.0022426671794452974,0.0,0.0,0,08f28765-ebbe-4981-b96c-f902edbe0be8,20260816,aggregate,benign-burst,0,opendns
4,4,4,4,495,1.0,1.0,0,0,0,0.0,0.0,0.0,1.0,1.0,1.0,0.75,160.7,1.3402102975155021,0.25,0.0,0.0,2.510384678840637,2.5190231800079346,0.0024606086280904663,0.0,0.0,0,7d9cb034-f416-4b32-99d8-2fb09de0dbb8,20260816,aggregate,benign-burst,0,cloudflare
4,4,4,4,456,1.0,1.0,0,0,0,0.0,0.0,0.0,1.0,1.0,1.0,0.75,84.5,0.682784857208953,0.25,0.0,0.0,2.512849271297455,2.5196166157722475,0.0026841497796876437,0.0,0.0,0,7386b6a2-cb89-4eba-b821-15c871919b73,20260816,aggregate,benign-burst,0,google
4,4,4,4,498,1.0,1.0,2,0,0,0.0,0.0,0.0,1.0,1.0,1.0,0.75,5380.8,1.19814285938727,0.25,0.0,0.0,0.002758502960205078,0.003929901123046874,0.3385130981392905,0.0022274255752563477,0.0,0,b90cb656-57ed-409b-86a6-8f31433cec68,20260816,aggregate,benign-burst,0,cloudflare
4,4,4,4,490,1.0,1.0,3,0,0,0.0,0.0,0.0,1.0,1.0,1.0,0.75,34.27272727272727,0.5797076007951188,0.25,0.0,0.0,0.0019059181213378906,0.002021455764770508,0.060920369434341134,0.001448988914489746,0.0,0,3c040c3d-1bb3-4853-b778-0a8366efb6d1,20260816,aggregate,benign-burst,0,cloudflare
4,4,4,4,470,1.0,1.0,1,0,0,0.0,0.0,0.0,1.0,1.0,1.0,0.75,608.3636363636364,2.8604245331477602,0.25,0.0,0.0,1.8828465342521667,2.5153417110443117,0.5764565777956436,0.002801179885864258,0.0,0,0283615f-1bc3-4b8b-bf09-7889f0107949,20260816,aggregate,benign-burst,0,quad9
4,4,4,4,441,1.0,1.0,4,0,0,0.0,0.0,0.0,1.0,1.0,1.0,0.75,243.14285714285714,1.5563138448287532,0.25,0.0,0.0,0.0017462372779846191,0.002217614650726318,0.20651548650716697,0.0014873147010803223,0.0,0,d0060bbf-d16a-48e9-8ab5-68fb08c201e6,20260816,aggregate,benign-burst,0,quad9
4,4,4,4,567,1.0,1.0,3,0,0,0.0,0.0,0.0,1.0,1.0,1.0,0.75,66.28571428571429,1.4421952607173798,0.25,0.0,0.0,0.006828248500823975,0.013855803012847898,0.7587907645922595,0.006444334983825684,0.0,0,c04c0ac2-46b8-4a99-9bf6-1a14520baa34,20260816,aggregate,benign-burst,0,opendns
4,4,4,4,534,1.0,1.0,4,0,0,0.0,0.0,0.0,1.0,1.0,1.0,0.75,265.5,0.10554543328965765,0.25,0.0,0.0,0.009089946746826172,0.016034674644470216,0.7100051372354318,0.008184432983398438,0.0,0,813f19d9-67e8-450a-b14d-3fc7749702fb,20260816,aggregate,benign-burst,0,opendns
1,1,1,1,145,1.0,1.0,1,1,1,1.0,1.0,0.0,-0.0,-0.0,1.0,0.0,20.0,0.0,1.0,0.0,0.0,0.002956867218017578,0.002956867218017578,0.0,0.0022974014282226562,0.0,0,f47c7877-7f57-4765-8f49-bd7e354d7a29,20260816,aggregate,adverse-ecs-omit,1,local-adverse-authority
1,1,1,1,117,1.0,1.0,1,1,1,1.0,1.0,0.0,-0.0,-0.0,1.0,0.0,195.0,0.0,1.0,0.0,0.0,0.0033617019653320312,0.0033617019653320312,0.0,0.0032203197479248047,0.0,0,edf1aba4-edf6-4e83-b85b-73415c93e357,20260816,aggregate,adverse-ecs-omit,1,local-adverse-authority
1,1,1,1,153,1.0,1.0,1,1,1,1.0,1.0,0.0,-0.0,-0.0,1.0,0.0,905.0,0.0,1.0,0.0,0.0,0.0031800270080566406,0.0031800270080566406,0.0,0.003100156784057617,0.0,0,0b210a7b-abcd-4045-b748-4eef7258748a,20260816,aggregate,adverse-ecs-omit,1,local-adverse-authority
4,4,4,4,428,1.0,1.0,3,0,0,0.0,0.0,0.0,1.0,1.0,1.0,0.75,579.2857142857143,1.5325920024598865,0.25,0.0,0.0,0.005111575126647949,0.011822032928466793,0.9337129782836403,0.0046645402908325195,0.0,0,8994add3-05de-4160-8e26-0b9627c1354f,20260816,aggregate,benign-burst,0,cloudflare
1,1,1,1,115,1.0,1.0,1,1,1,1.0,1.0,0.0,-0.0,-0.0,1.0,0.0,20861.0,0.0,1.0,0.0,0.0,0.0066547393798828125,0.0066547393798828125,0.0,0.006583452224731445,0.0,0,20901cc6-ef78-4fce-8f44-65f8b2118442,20260816,aggregate,adverse-ecs-omit,1,local-adverse-authority
4,4,4,4,436,1.0,1.0,3,0,0,0.0,0.0,0.0,1.0,1.0,1.0,0.75,64.875,1.1812652549326625,0.25,0.0,0.0,0.009753406047821045,0.02688777446746825,1.258480795012048,0.00932466983795166,0.0,0,e028f009-3ab8-4da0-aacc-e9988309dd4d,20260816,aggregate,benign-burst,0,cloudflare
1,1,1,1,108,1.0,1.0,1,1,1,1.0,0.0,0.0,-0.0,-0.0,1.0,0.0,1366.0,0.0,1.0,0.0,0.0,0.003101825714111328,0.003101825714111328,0.0,0.002999544143676758,0.0,0,82736c62-3cbb-41c4-b3e3-77fdc618da1c,20260816,aggregate,adverse-ecs-omit,1,local-adverse-authority
1,1,1,1,117,1.0,1.0,1,1,1,1.0,1.0,0.0,-0.0,-0.0,1.0,0.0,19206.0,0.0,1.0,0.0,0.0,0.003630399703979492,0.003630399703979492,0.0,0.0032045841217041016,0.0,0,c5d07275-17b7-4ad5-9846-5f43498ac46e,20260816,aggregate,adverse-ecs-omit,1,local-adverse-authority
4,4,4,4,450,1.0,1.0,4,0,0,0.0,0.0,0.0,1.0,1.0,1.0,0.75,197.71428571428572,0.651392769131832,0.25,0.0,0.0,0.01748788356781006,0.03586517572402953,0.7822779706189538,0.017192721366882324,0.0,0,0b239b85-2e84-43a7-b594-a5d614944b46,20260816,aggregate,benign-burst,0,quad9
1,1,1,1,125,1.0,1.0,1,1,1,1.0,1.0,0.0,-0.0,-0.0,1.0,0.0,258.0,0.0,1.0,0.0,0.0,0.004646778106689453,0.004646778106689453,0.0,0.004519224166870117,0.0,0,58a0fb11-f57e-42cb-bd6c-a37695cef11f,20260816,aggregate,adverse-ecs-omit,1,local-adverse-authority
1,1,1,1,103,1.0,1.0,1,1,1,1.0,1.0,0.0,-0.0,-0.0,1.0,0.0,190.0,0.0,1.0,0.0,0.0,0.0049059391021728516,0.0049059391021728516,0.0,0.004835367202758789,0.0,0,2cd3d822-f554-4ef8-92e2-e665561795d2,20260816,aggregate,adverse-ecs-omit,1,local-adverse-authority
4,4,4,4,586,1.0,1.0,1,0,0,0.0,0.0,0.0,1.0,1.0,1.0,0.75,333.75,1.9850396908416432,0.25,0.0,0.0,1.929489016532898,2.5052541851997376,0.5162069772233867,0.20407557487487793,0.0,0,006f04e5-67f4-4ec8-a8b4-03dca9139d03,20260816,aggregate,benign-burst,0,opendns
1,1,1,1,157,1.0,1.0,1,1,1,1.0,1.0,0.0,-0.0,-0.0,1.0,0.0,60.0,0.0,1.0,0.0,0.0,0.0024023056030273438,0.0024023056030273438,0.0,0.0023658275604248047,0.0,0,e7778256-158f-489c-a63b-da70fb46eca8,20260816,aggregate,adverse-ecs-omit,1,local-adverse-authority
1,1,1,1,115,1.0,1.0,1,1,1,1.0,1.0,0.0,-0.0,-0.0,1.0,0.0,17569.0,0.0,1.0,0.0,0.0,0.002174854278564453,0.002174854278564453,0.0,0.0019989013671875,0.0,0,04142b94-f36d-4b78-9740-99598565d069,20260816,aggregate,adverse-ecs-omit,1,local-adverse-authority
1,1,1,1,121,1.0,1.0,1,1,1,1.0,1.0,0.0,-0.0,-0.0,1.0,0.0,161.0,0.0,1.0,0.0,0.0,0.0036246776580810547,0.0036246776580810547,0.0,0.003152132034301758,0.0,0,3a231be5-8921-44de-b3b7-f66cf4edeef0,20260816,aggregate,adverse-ecs-omit,1,local-adverse-authority
1,1,1,1,107,1.0,1.0,1,1,1,1.0,1.0,0.0,-0.0,-0.0,1.0,0.0,18.0,0.0,1.0,0.0,0.0,0.013421297073364258,0.013421297073364258,0.0,0.013373374938964844,0.0,0,b0710193-2fe0-4c2c-bc2f-c8ae84b044a9,20260816,aggregate,adverse-ecs-omit,1,local-adverse-authority
1,1,1,1,163,1.0,1.0,1,1,1,1.0,1.0,0.0,-0.0,-0.0,1.0,0.0,60.0,0.0,1.0,0.0,0.0,0.002418041229248047,0.002418041229248047,0.0,0.0022470951080322266,0.0,0,d750f403-0ba2-43a8-b828-37fe12bdb185,20260816,aggregate,adverse-ecs-omit,1,local-adverse-authority
1,1,1,1,195,1.0,1.0,1,1,1,1.0,1.0,0.0,-0.0,-0.0,1.0,0.0,151.0,0.0,1.0,0.0,0.0,0.002894163131713867,0.002894163131713867,0.0,0.002618074417114258,0.0,0,407d9484-bdfc-4bb7-adc2-bc6413dafd1e,20260816,aggregate,adverse-ecs-omit,1,local-adverse-authority
1,1,1,1,115,1.0,1.0,1,1,1,1.0,1.0,0.0,-0.0,-0.0,1.0,0.0,28.0,0.0,1.0,0.0,0.0,0.002676248550415039,0.002676248550415039,0.0,0.0020155906677246094,0.0,0,563628bf-74b7-4e04-a599-6f4367bcfcfb,20260816,aggregate,adverse-ecs-omit,1,local-adverse-authority
4,4,4,4,480,1.0,1.0,3,0,0,0.0,0.0,0.0,1.0,1.0,1.0,0.75,124.8,0.8980995714488936,0.25,0.0,0.0,0.018452763557434082,0.04058493375778197,0.9145662575832246,0.01785576343536377,0.0,0,de258d30-69c5-47a5-bd14-81136c1ab7a5,20260816,aggregate,benign-burst,0,cloudflare
1,1,1,1,128,1.0,1.0,1,1,1,1.0,0.0,0.0,-0.0,-0.0,1.0,0.0,20290.0,0.0,1.0,0.0,0.0,0.002202749252319336,0.002202749252319336,0.0,0.0021147727966308594,0.0,0,fcf3a504-e70f-47fa-a399-ab5d81e7a96a,20260816,aggregate,adverse-ecs-omit,1,local-adverse-authority
1,1,1,1,163,1.0,1.0,1,1,1,1.0,1.0,0.0,-0.0,-0.0,1.0,0.0,3509.0,0.0,1.0,0.0,0.0,0.015068531036376953,0.015068531036376953,0.0,0.014121055603027344,0.0,0,aa34cdda-4863-402f-8cf4-b2b51d0d1368,20260816,aggregate,adverse-ecs-omit,1,local-adverse-authority
1,1,1,1,137,1.0,1.0,1,1,1,1.0,1.0,0.0,-0.0,-0.0,1.0,0.0,47.0,0.0,1.0,0.0,0.0,0.01544189453125,0.01544189453125,0.0,0.015084028244018555,0.0,0,796d33ee-5a88-40c6-9077-cc1fc0f999c9,20260816,aggregate,adverse-ecs-omit,1,local-adverse-authority
1,1,1,1,109,1.0,1.0,1,1,1,1.0,1.0,0.0,-0.0,-0.0,1.0,0.0,60.0,0.0,1.0,0.0,0.0,0.030080080032348633,0.030080080032348633,0.0,0.029989957809448242,0.0,0,b67e2e99-4eed-4a05-861c-cfaaa47e0cd1,20260816,aggregate,adverse-ecs-omit,1,local-adverse-authority
1,1,1,1,132,1.0,1.0,1,1,1,1.0,0.0,0.0,-0.0,-0.0,1.0,0.0,226.0,0.0,1.0,0.0,0.0,0.017082929611206055,0.017082929611206055,0.0,0.016977310180664062,0.0,0,f741e457-b60a-417b-9aac-739e5b9a79de,20260816,aggregate,adverse-ecs-omit,1,local-adverse-authority
1,1,1,1,119,1.0,1.0,1,1,1,1.0,1.0,0.0,-0.0,-0.0,1.0,0.0,300.0,0.0,1.0,0.0,0.0,0.017091035842895508,0.017091035842895508,0.0,0.01696634292602539,0.0,0,ad61d4e5-03aa-4634-8e99-ca7289e8adaf,20260816,aggregate,adverse-ecs-omit,1,local-adverse-authority
1,1,1,1,127,1.0,1.0,1,1,1,1.0,1.0,0.0,-0.0,-0.0,1.0,0.0,50.0,0.0,1.0,0.0,0.0,0.0038480758666992188,0.0038480758666992188,0.0,0.003751039505004883,0.0,0,e131bbc3-e5a5-433a-9452-b46d5c272b07,20260816,aggregate,adverse-ecs-omit,1,local-adverse-authority
1,1,1,1,111,1.0,1.0,1,1,1,1.0,1.0,0.0,-0.0,-0.0,1.0,0.0,237.0,0.0,1.0,0.0,0.0,0.0366361141204834,0.0366361141204834,0.0,0.036535024642944336,0.0,0,ab1e7051-1978-41c6-86a0-e634c623a745,20260816,aggregate,adverse-ecs-omit,1,local-adverse-authority
1,1,1,1,199,1.0,1.0,1,1,1,1.0,1.0,0.0,-0.0,-0.0,1.0,0.0,252.0,0.0,1.0,0.0,0.0,0.006119728088378906,0.006119728088378906,0.0,0.0060002803802490234,0.0,0,e51498a5-b0c5-48d8-8caf-5ac4d30635d4,20260816,aggregate,adverse-ecs-omit,1,local-adverse-authority
1,1,1,1,115,1.0,1.0,1,1,1,1.0,1.0,0.0,-0.0,-0.0,1.0,0.0,21600.0,0.0,1.0,0.0,0.0,0.01680445671081543,0.01680445671081543,0.0,0.016692638397216797,0.0,0,f89c44a1-dd37-4dcf-b8ce-cffeac629dd4,20260816,aggregate,adverse-ecs-omit,1,local-adverse-authority
1,1,1,1,128,1.0,1.0,1,1,1,1.0,0.0,0.0,-0.0,-0.0,1.0,0.0,17262.0,0.0,1.0,0.0,0.0,0.03988528251647949,0.03988528251647949,0.0,0.03961491584777832,0.0,0,bf977c15-a17a-456a-9b9d-19ccdd62f2d7,20260816,aggregate,adverse-ecs-omit,1,local-adverse-authority
4,4,4,4,496,1.0,1.0,0,0,0,0.0,0.0,0.0,1.0,1.0,1.0,0.75,510.8181818181818,1.926884135079064,0.25,0.0,0.0,2.543241262435913,2.631579101085663,0.02503710970119208,0.0,0.0,0,3da94cad-c23e-4d5c-93a2-7ea743e6dabb,20260816,aggregate,benign-burst,0,quad9
1,1,1,1,124,1.0,1.0,1,1,1,1.0,0.0,0.0,-0.0,-0.0,1.0,0.0,534.0,0.0,1.0,0.0,0.0,0.0019500255584716797,0.0019500255584716797,0.0,0.0018358230590820312,0.0,0,734430e1-2ee9-46af-b6c7-f6fff78775c1,20260816,aggregate,adverse-ecs-omit,1,local-adverse-authority
1,1,1,1,168,1.0,1.0,1,1,1,1.0,0.0,0.0,-0.0,-0.0,1.0,0.0,11.0,0.0,1.0,0.0,0.0,0.016318559646606445,0.016318559646606445,0.0,0.01622748374938965,0.0,0,6345875f-ca24-4043-8460-76cb9ae507bf,20260816,aggregate,adverse-ecs-omit,1,local-adverse-authority
1,1,1,1,111,1.0,1.0,1,1,1,1.0,1.0,0.0,-0.0,-0.0,1.0,0.0,600.0,0.0,1.0,0.0,0.0,0.003465890884399414,0.003465890884399414,0.0,0.003258943557739258,0.0,0,958326cb-3f88-4096-afdf-e60e22d561c9,20260816,aggregate,adverse-ecs-omit,1,local-adverse-authority
1,1,1,1,163,1.0,1.0,1,1,1,1.0,1.0,0.0,-0.0,-0.0,1.0,0.0,60.0,0.0,1.0,0.0,0.0,0.01706242561340332,0.01706242561340332,0.0,0.016969919204711914,0.0,0,1e50bd4b-67b2-46c3-8fcd-d8302e6d9884,20260816,aggregate,adverse-ecs-omit,1,local-adverse-authority
1,1,1,1,105,1.0,1.0,1,1,1,1.0,1.0,0.0,-0.0,-0.0,1.0,0.0,60.0,0.0,1.0,0.0,0.0,0.003000974655151367,0.003000974655151367,0.0,0.002834796905517578,0.0,0,58252fe7-622a-4867-8e91-303da0d89720,20260816,aggregate,adverse-ecs-omit,1,local-adverse-authority
1,1,1,1,117,1.0,1.0,1,1,1,1.0,1.0,0.0,-0.0,-0.0,1.0,0.0,19867.0,0.0,1.0,0.0,0.0,0.0025315284729003906,0.0025315284729003906,0.0,0.002438068389892578,0.0,0,9aa9514a-9289-4201-8e14-9350b4f0d509,20260816,aggregate,adverse-ecs-omit,1,local-adverse-authority
1,1,1,1,216,1.0,1.0,1,1,1,1.0,0.0,0.0,-0.0,-0.0,1.0,0.0,160.0,0.0,1.0,0.0,0.0,0.0025398731231689453,0.0025398731231689453,0.0,0.002414703369140625,0.0,0,c6c6d03a-1ef4-4517-abf8-073370af8aa3,20260816,aggregate,adverse-ecs-omit,1,local-adverse-authority
1,1,1,1,117,1.0,1.0,1,1,1,1.0,1.0,0.0,-0.0,-0.0,1.0,0.0,300.0,0.0,1.0,0.0,0.0,0.0026061534881591797,0.0026061534881591797,0.0,0.0024640560150146484,0.0,0,1ed3f195-bc40-41d3-baa3-c883b71f6838,20260816,aggregate,adverse-ecs-omit,1,local-adverse-authority
1,1,1,1,122,1.0,1.0,1,1,1,1.0,0.0,0.0,-0.0,-0.0,1.0,0.0,300.0,0.0,1.0,0.0,0.0,0.004431962966918945,0.004431962966918945,0.0,0.004290342330932617,0.0,0,ad9e82c8-6feb-4103-a8d5-8bb30ade694e,20260816,aggregate,adverse-ecs-omit,1,local-adverse-authority
1,1,1,1,136,1.0,1.0,1,1,1,1.0,0.0,0.0,-0.0,-0.0,1.0,0.0,270.0,0.0,1.0,0.0,0.0,0.01283407211303711,0.01283407211303711,0.0,0.01267385482788086,0.0,0,112f42fa-5ba2-4d0b-8528-fcbf7b696a96,20260816,aggregate,adverse-ecs-omit,1,local-adverse-authority
1,1,1,1,115,1.0,1.0,1,1,1,1.0,1.0,0.0,-0.0,-0.0,1.0,0.0,300.0,0.0,1.0,0.0,0.0,0.0035746097564697266,0.0035746097564697266,0.0,0.0029556751251220703,0.0,0,195fc4f8-581b-48f6-87ad-c3be5de1becb,20260816,aggregate,adverse-ecs-omit,1,local-adverse-authority
1,1,1,1,105,1.0,1.0,1,1,1,1.0,1.0,0.0,-0.0,-0.0,1.0,0.0,300.0,0.0,1.0,0.0,0.0,0.003726482391357422,0.003726482391357422,0.0,0.0034847259521484375,0.0,0,ea49e073-7250-4b86-abc3-c227b86e38e9,20260816,aggregate,adverse-ecs-omit,1,local-adverse-authority
1,1,1,1,111,1.0,1.0,1,1,1,1.0,1.0,0.0,-0.0,-0.0,1.0,0.0,1526.0,0.0,1.0,0.0,0.0,0.002647876739501953,0.002647876739501953,0.0,0.002538919448852539,0.0,0,dca26a6b-ca36-422f-a03a-1519e8a42edb,20260816,aggregate,adverse-ecs-omit,1,local-adverse-authority
1,1,1,1,120,1.0,1.0,1,1,1,1.0,0.0,0.0,-0.0,-0.0,1.0,0.0,300.0,0.0,1.0,0.0,0.0,0.01398611068725586,0.01398611068725586,0.0,0.013889789581298828,0.0,0,43e43c4c-bedf-41d4-9de8-2a97f9bed982,20260816,aggregate,adverse-ecs-omit,1,local-adverse-authority
1,1,1,1,114,1.0,1.0,1,1,1,1.0,0.0,0.0,-0.0,-0.0,1.0,0.0,300.0,0.0,1.0,0.0,0.0,0.003938198089599609,0.003938198089599609,0.0,0.0038576126098632812,0.0,0,3ce32b04-edd8-477f-b4e3-d7fe7c5f8f04,20260816,aggregate,adverse-ecs-omit,1,local-adverse-authority
1,1,1,1,117,1.0,1.0,1,1,1,1.0,1.0,0.0,-0.0,-0.0,1.0,0.0,300.0,0.0,1.0,0.0,0.0,0.002376079559326172,0.002376079559326172,0.0,0.0019712448120117188,0.0,0,c5ebca05-caa2-49f5-89f8-b2d76c63d26d,20260816,aggregate,adverse-ecs-omit,1,local-adverse-authority
1,1,1,1,154,1.0,1.0,1,1,1,1.0,0.0,0.0,-0.0,-0.0,1.0,0.0,300.0,0.0,1.0,0.0,0.0,0.0035250186920166016,0.0035250186920166016,0.0,0.0034322738647460938,0.0,0,e421bf58-7b01-4140-ba77-272db8748565,20260816,aggregate,adverse-ecs-omit,1,local-adverse-authority
1,1,1,1,130,1.0,1.0,1,1,1,1.0,0.0,0.0,-0.0,-0.0,1.0,0.0,173.0,0.0,1.0,0.0,0.0,0.0019905567169189453,0.0019905567169189453,0.0,0.0018925666809082031,0.0,0,991ec573-cca3-4667-80c5-75b2019bcdee,20260816,aggregate,adverse-ecs-omit,1,local-adverse-authority
1,1,1,1,123,1.0,1.0,1,1,1,1.0,1.0,0.0,-0.0,-0.0,1.0,0.0,300.0,0.0,1.0,0.0,0.0,0.002605438232421875,0.002605438232421875,0.0,0.0025599002838134766,0.0,0,7a83d28c-be24-490e-8de6-54395a29113c,20260816,aggregate,adverse-ecs-omit,1,local-adverse-authority
1,1,1,1,107,1.0,1.0,1,1,1,1.0,1.0,0.0,-0.0,-0.0,1.0,0.0,13.0,0.0,1.0,0.0,0.0,0.0018804073333740234,0.0018804073333740234,0.0,0.001802682876586914,0.0,0,658d8bf1-f279-4b14-b7f4-9ffe6b0d2d9a,20260816,aggregate,adverse-ecs-omit,1,local-adverse-authority
1,1,1,1,119,1.0,1.0,1,1,1,1.0,1.0,0.0,-0.0,-0.0,1.0,0.0,20.0,0.0,1.0,0.0,0.0,0.016647815704345703,0.016647815704345703,0.0,0.01655721664428711,0.0,0,1beb697c-813b-4322-9653-ae6bd7c13dfe,20260816,aggregate,adverse-ecs-omit,1,local-adverse-authority
1,1,1,1,147,1.0,1.0,1,1,1,1.0,1.0,0.0,-0.0,-0.0,1.0,0.0,10.0,0.0,1.0,0.0,0.0,0.0023043155670166016,0.0023043155670166016,0.0,0.001988649368286133,0.0,0,8ff74ff4-6996-437a-96b9-d477373fec89,20260816,aggregate,adverse-ecs-omit,1,local-adverse-authority
1,1,1,1,140,1.0,1.0,1,1,1,1.0,0.0,0.0,-0.0,-0.0,1.0,0.0,60.0,0.0,1.0,0.0,0.0,0.019321203231811523,0.019321203231811523,0.0,0.019220829010009766,0.0,0,7c3f775a-6d65-405f-bf94-8d66b292ff32,20260816,aggregate,adverse-ecs-omit,1,local-adverse-authority
1,1,1,1,107,1.0,1.0,1,1,1,1.0,1.0,0.0,-0.0,-0.0,1.0,0.0,10.0,0.0,1.0,0.0,0.0,0.002431631088256836,0.002431631088256836,0.0,0.0023436546325683594,0.0,0,0c425c67-5899-403f-97a2-2430d2e4d1a3,20260816,aggregate,adverse-ecs-omit,1,local-adverse-authority
1,1,1,1,151,1.0,1.0,1,1,1,1.0,1.0,0.0,-0.0,-0.0,1.0,0.0,60.0,0.0,1.0,0.0,0.0,0.0013775825500488281,0.0013775825500488281,0.0,0.0012772083282470703,0.0,0,f16ce3c4-816f-42ba-b44d-493e9349d5bd,20260816,aggregate,adverse-ecs-omit,1,local-adverse-authority
1,1,1,1,111,1.0,1.0,1,1,1,1.0,1.0,0.0,-0.0,-0.0,1.0,0.0,151.0,0.0,1.0,0.0,0.0,0.005914449691772461,0.005914449691772461,0.0,0.004949331283569336,0.0,0,f2962b0f-4fce-47c3-b733-0be604f93f20,20260816,aggregate,adverse-ecs-omit,1,local-adverse-authority
1,1,1,1,131,1.0,1.0,1,1,1,1.0,1.0,0.0,-0.0,-0.0,1.0,0.0,213.0,0.0,1.0,0.0,0.0,0.0016586780548095703,0.0016586780548095703,0.0,0.0015606880187988281,0.0,0,7a6fc015-3eeb-45e8-994b-2f33693da75d,20260816,aggregate,adverse-ecs-omit,1,local-adverse-authority
1,1,1,1,99,1.0,1.0,1,1,1,1.0,1.0,0.0,-0.0,-0.0,1.0,0.0,60.0,0.0,1.0,0.0,0.0,0.002500295639038086,0.002500295639038086,0.0,0.002385377883911133,0.0,0,180a0b85-da9e-41d1-a094-09a36bb8dc90,20260816,aggregate,adverse-ecs-omit,1,local-adverse-authority
1,1,1,1,123,1.0,1.0,1,1,1,1.0,1.0,0.0,-0.0,-0.0,1.0,0.0,19.0,0.0,1.0,0.0,0.0,0.012036561965942383,0.012036561965942383,0.0,0.011943817138671875,0.0,0,86f585b1-52cf-49e9-9999-7af16810f077,20260816,aggregate,adverse-ecs-omit,1,local-adverse-authority
1,1,1,1,111,1.0,1.0,1,1,1,1.0,1.0,0.0,-0.0,-0.0,1.0,0.0,51.0,0.0,1.0,0.0,0.0,0.0018324851989746094,0.0018324851989746094,0.0,0.00174713134765625,0.0,0,53fa6ec2-6b89-412e-883e-79d8db93d5f8,20260816,aggregate,adverse-ecs-omit,1,local-adverse-authority
1,1,1,1,169,1.0,1.0,1,1,1,1.0,1.0,0.0,-0.0,-0.0,1.0,0.0,60.0,0.0,1.0,0.0,0.0,0.005031585693359375,0.005031585693359375,0.0,0.004933595657348633,0.0,0,68cf78e0-c6e3-4ba2-990b-d4a82824a297,20260816,aggregate,adverse-ecs-omit,1,local-adverse-authority
1,1,1,1,133,1.0,1.0,1,1,1,1.0,1.0,0.0,-0.0,-0.0,1.0,0.0,211.0,0.0,1.0,0.0,0.0,0.0023741722106933594,0.0023741722106933594,0.0,0.0022978782653808594,0.0,0,99797aa9-7804-4e22-aa7d-26711400ea73,20260816,aggregate,adverse-ecs-omit,1,local-adverse-authority
1,1,1,1,143,1.0,1.0,1,1,1,1.0,1.0,0.0,-0.0,-0.0,1.0,0.0,300.0,0.0,1.0,0.0,0.0,0.0268704891204834,0.0268704891204834,0.0,0.02683281898498535,0.0,0,bebc3623-ebfd-4532-a036-2140d4d99bff,20260816,aggregate,adverse-ecs-omit,1,local-adverse-authority
1,1,1,1,127,1.0,1.0,1,1,1,1.0,1.0,0.0,-0.0,-0.0,1.0,0.0,296.0,0.0,1.0,0.0,0.0,0.0016446113586425781,0.0016446113586425781,0.0,0.0015473365783691406,0.0,0,62f47bff-2993-492b-8284-1070f4ab3e89,20260816,aggregate,adverse-ecs-omit,1,local-adverse-authority
1,1,1,1,110,1.0,1.0,1,1,1,1.0,0.0,0.0,-0.0,-0.0,1.0,0.0,242.0,0.0,1.0,0.0,0.0,0.0034971237182617188,0.0034971237182617188,0.0,0.0032205581665039062,0.0,0,8185b588-1cc4-49db-a8cf-be93fa518df1,20260816,aggregate,adverse-ecs-omit,1,local-adverse-authority
1,1,1,1,105,1.0,1.0,1,1,1,1.0,1.0,0.0,-0.0,-0.0,1.0,0.0,13.0,0.0,1.0,0.0,0.0,0.0036945343017578125,0.0036945343017578125,0.0,0.0034492015838623047,0.0,0,ba6c4f77-c0c3-471f-83d9-5b2064e599f3,20260816,aggregate,adverse-ecs-omit,1,local-adverse-authority
1,1,1,1,139,1.0,1.0,1,1,1,1.0,1.0,0.0,-0.0,-0.0,1.0,0.0,3372.0,0.0,1.0,0.0,0.0,0.0039255619049072266,0.0039255619049072266,0.0,0.003823518753051758,0.0,0,da24459e-e9f4-4cdd-a498-fce67d52b937,20260816,aggregate,adverse-ecs-omit,1,local-adverse-authority
1,1,1,1,97,1.0,1.0,1,1,1,1.0,1.0,0.0,-0.0,-0.0,1.0,0.0,30.0,0.0,1.0,0.0,0.0,0.0037009716033935547,0.0037009716033935547,0.0,0.0034589767456054688,0.0,0,021c4e44-7596-4dce-a115-951fdcba16de,20260816,aggregate,adverse-ecs-omit,1,local-adverse-authority
1,1,1,1,188,1.0,1.0,1,1,1,1.0,0.0,0.0,-0.0,-0.0,1.0,0.0,274.0,0.0,1.0,0.0,0.0,0.004259586334228516,0.004259586334228516,0.0,0.004162311553955078,0.0,0,7ad3ef7c-e81b-4158-a750-411155774d48,20260816,aggregate,adverse-ecs-omit,1,local-adverse-authority
1,1,1,1,109,1.0,1.0,1,1,1,1.0,1.0,0.0,-0.0,-0.0,1.0,0.0,235.0,0.0,1.0,0.0,0.0,0.04264998435974121,0.04264998435974121,0.0,0.042150020599365234,0.0,0,47693eb7-1f46-489c-bcab-ed0209932835,20260816,aggregate,adverse-ecs-omit,1,local-adverse-authority
1,1,1,1,125,1.0,1.0,1,1,1,1.0,1.0,0.0,-0.0,-0.0,1.0,0.0,223.0,0.0,1.0,0.0,0.0,0.0020503997802734375,0.0020503997802734375,0.0,0.0019519329071044922,0.0,0,ad307822-69c8-4cf4-8f7b-b069fd7a4112,20260816,aggregate,adverse-ecs-omit,1,local-adverse-authority
1,1,1,1,134,1.0,1.0,1,1,1,1.0,0.0,0.0,-0.0,-0.0,1.0,0.0,26.0,0.0,1.0,0.0,0.0,0.003513813018798828,0.003513813018798828,0.0,0.0034055709838867188,0.0,0,d43d403c-70fc-4993-8e46-1e2fa416b02c,20260816,aggregate,adverse-ecs-omit,1,local-adverse-authority
1,1,1,1,119,1.0,1.0,1,1,1,1.0,1.0,0.0,-0.0,-0.0,1.0,0.0,300.0,0.0,1.0,0.0,0.0,0.002646207809448242,0.002646207809448242,0.0,0.002493143081665039,0.0,0,03beab89-192a-4f9f-b19f-ef7a90333ad4,20260816,aggregate,adverse-ecs-omit,1,local-adverse-authority
1,1,1,1,97,1.0,1.0,1,1,1,1.0,1.0,0.0,-0.0,-0.0,1.0,0.0,300.0,0.0,1.0,0.0,0.0,0.001987934112548828,0.001987934112548828,0.0,0.0016300678253173828,0.0,0,4516a452-698b-43ff-9c91-83732b4c4b9f,20260816,aggregate,adverse-ecs-omit,1,local-adverse-authority
1,1,1,1,122,1.0,1.0,1,1,1,1.0,0.0,0.0,-0.0,-0.0,1.0,0.0,300.0,0.0,1.0,0.0,0.0,0.003345489501953125,0.003345489501953125,0.0,0.003216981887817383,0.0,0,8955fbbc-6003-4588-8a4d-dd8dc2ad43af,20260816,aggregate,adverse-ecs-omit,1,local-adverse-authority
1,1,1,1,157,1.0,1.0,1,1,1,1.0,1.0,0.0,-0.0,-0.0,1.0,0.0,60.0,0.0,1.0,0.0,0.0,0.0033380985260009766,0.0033380985260009766,0.0,0.0031647682189941406,0.0,0,3db37b8d-fd1f-4102-bcab-63bf2564d1f9,20260816,aggregate,adverse-ecs-omit,1,local-adverse-authority
1,1,1,1,149,1.0,1.0,1,1,1,1.0,1.0,0.0,-0.0,-0.0,1.0,0.0,18.0,0.0,1.0,0.0,0.0,0.025182247161865234,0.025182247161865234,0.0,0.024685144424438477,0.0,0,0ed974d3-c617-4cbf-9d81-62a534271a40,20260816,aggregate,adverse-ecs-omit,1,local-adverse-authority
1,1,1,1,117,1.0,1.0,1,1,1,1.0,1.0,0.0,-0.0,-0.0,1.0,0.0,300.0,0.0,1.0,0.0,0.0,0.002777099609375,0.002777099609375,0.0,0.0027015209197998047,0.0,0,cc91cccc-9915-40f4-b6c3-b7a1ffcf2f51,20260816,aggregate,adverse-ecs-omit,1,local-adverse-authority
1,1,1,1,163,1.0,1.0,1,1,1,1.0,1.0,0.0,-0.0,-0.0,1.0,0.0,300.0,0.0,1.0,0.0,0.0,0.005410909652709961,0.005410909652709961,0.0,0.005102634429931641,0.0,0,864538fd-c9f2-49c4-919f-e2fc03cf3784,20260816,aggregate,adverse-ecs-omit,1,local-adverse-authority
1,1,1,1,168,1.0,1.0,1,1,1,1.0,0.0,0.0,-0.0,-0.0,1.0,0.0,296.0,0.0,1.0,0.0,0.0,0.0032727718353271484,0.0032727718353271484,0.0,0.0028409957885742188,0.0,0,d0898fc6-1747-431b-a819-c603872c4391,20260816,aggregate,adverse-ecs-omit,1,local-adverse-authority
1,1,1,1,158,1.0,1.0,1,1,1,1.0,0.0,0.0,-0.0,-0.0,1.0,0.0,36.0,0.0,1.0,0.0,0.0,0.013495683670043945,0.013495683670043945,0.0,0.013412714004516602,0.0,0,4691bbe3-a2b0-4396-8ff4-9849dc76f44e,20260816,aggregate,adverse-ecs-omit,1,local-adverse-authority
1,1,1,1,123,1.0,1.0,1,1,1,1.0,1.0,0.0,-0.0,-0.0,1.0,0.0,16.0,0.0,1.0,0.0,0.0,0.004006385803222656,0.004006385803222656,0.0,0.003923654556274414,0.0,0,d94c2e9c-253a-40b0-b089-0777d8387562,20260816,aggregate,adverse-ecs-omit,1,local-adverse-authority
1,1,1,1,145,1.0,1.0,1,1,1,1.0,1.0,0.0,-0.0,-0.0,1.0,0.0,300.0,0.0,1.0,0.0,0.0,0.01638960838317871,0.01638960838317871,0.0,0.016294002532958984,0.0,0,4ab11c10-bfa1-4e1f-a267-a4cf9f4ec879,20260816,aggregate,adverse-ecs-omit,1,local-adverse-authority
1,1,1,1,153,1.0,1.0,1,1,1,1.0,1.0,0.0,-0.0,-0.0,1.0,0.0,888.0,0.0,1.0,0.0,0.0,0.0027909278869628906,0.0027909278869628906,0.0,0.0027158260345458984,0.0,0,33b3b7d4-13c4-4bd0-9ddb-5a737f2fb7dd,20260816,aggregate,adverse-ecs-omit,1,local-adverse-authority
1,1,1,1,95,1.0,1.0,1,1,1,1.0,1.0,0.0,-0.0,-0.0,1.0,0.0,136.0,0.0,1.0,0.0,0.0,0.0018687248229980469,0.0018687248229980469,0.0,0.0018062591552734375,0.0,0,6d789721-650d-4a6e-910c-170c97aa5ef9,20260816,aggregate,adverse-ecs-omit,1,local-adverse-authority
1,1,1,1,129,1.0,1.0,1,1,1,1.0,1.0,0.0,-0.0,-0.0,1.0,0.0,300.0,0.0,1.0,0.0,0.0,0.004197835922241211,0.004197835922241211,0.0,0.0040853023529052734,0.0,0,c72cf86f-199d-4bf6-8364-28037e8ed555,20260816,aggregate,adverse-ecs-omit,1,local-adverse-authority
1,1,1,1,106,1.0,1.0,1,1,1,1.0,0.0,0.0,-0.0,-0.0,1.0,0.0,287.0,0.0,1.0,0.0,0.0,0.002418994903564453,0.002418994903564453,0.0,0.002341032028198242,0.0,0,70a3c9c4-72a0-45d9-9d1f-1aeb5583a7ce,20260816,aggregate,adverse-ecs-mismatch,1,local-adverse-authority
1,1,1,1,164,1.0,1.0,1,1,1,1.0,0.0,1.0,-0.0,-0.0,1.0,0.0,202.0,0.0,1.0,0.0,0.0,0.0019125938415527344,0.0019125938415527344,0.0,0.0018520355224609375,0.0,0,77e04c55-1bdf-4755-969a-272bc5218bf0,20260816,aggregate,adverse-ecs-mismatch,1,local-adverse-authority
1,1,1,1,111,1.0,1.0,1,1,1,1.0,1.0,0.0,-0.0,-0.0,1.0,0.0,180.0,0.0,1.0,0.0,0.0,0.006099224090576172,0.006099224090576172,0.0,0.00561213493347168,0.0,0,867b9103-9951-43f4-9995-ad952a39d01e,20260816,aggregate,adverse-ecs-omit,1,local-adverse-authority
1,1,1,1,210,1.0,1.0,1,1,1,1.0,0.0,0.0,-0.0,-0.0,1.0,0.0,223.0,0.0,1.0,0.0,0.0,0.005311250686645508,0.005311250686645508,0.0,0.005237102508544922,0.0,0,03a8ece0-2f18-4639-a8d8-9912c0e12b8c,20260816,aggregate,adverse-ecs-mismatch,1,local-adverse-authority
1,1,1,1,104,1.0,1.0,1,1,1,1.0,0.0,0.0,-0.0,-0.0,1.0,0.0,300.0,0.0,1.0,0.0,0.0,0.14383411407470703,0.14383411407470703,0.0,0.14374017715454102,0.0,0,fdfb6820-3bec-46ec-a093-e1b1c54572ac,20260816,aggregate,adverse-ecs-omit,1,local-adverse-authority
1,1,1,1,118,1.0,1.0,1,1,1,1.0,0.0,0.0,-0.0,-0.0,1.0,0.0,20.0,0.0,1.0,0.0,0.0,0.002123594284057617,0.002123594284057617,0.0,0.0020394325256347656,0.0,0,a67cb64d-7ba6-43c9-a2b7-743be19c3bf7,20260816,aggregate,adverse-ecs-mismatch,1,local-adverse-authority
1,1,1,1,168,1.0,1.0,1,1,1,1.0,0.0,0.0,-0.0,-0.0,1.0,0.0,23.0,0.0,1.0,0.0,0.0,0.0025472640991210938,0.0025472640991210938,0.0,0.0024678707122802734,0.0,0,440153f0-a6c2-45e2-a06f-34007e239e96,20260816,aggregate,adverse-ecs-mismatch,1,local-adverse-authority
1,1,1,1,105,1.0,1.0,1,1,1,1.0,1.0,0.0,-0.0,-0.0,1.0,0.0,600.0,0.0,1.0,0.0,0.0,0.0031037330627441406,0.0031037330627441406,0.0,0.0025157928466796875,0.0,0,03bc7dd2-3a08-42d4-85ca-f6c533afe921,20260816,aggregate,adverse-ecs-omit,1,local-adverse-authority
1,1,1,1,126,1.0,1.0,1,1,1,1.0,0.0,1.0,-0.0,-0.0,1.0,0.0,20.0,0.0,1.0,0.0,0.0,0.0019729137420654297,0.0019729137420654297,0.0,0.0019297599792480469,0.0,0,4032252f-634e-46e6-a662-308a863feeb8,20260816,aggregate,adverse-ecs-mismatch,1,local-adverse-authority
1,1,1,1,106,1.0,1.0,1,1,1,1.0,0.0,0.0,-0.0,-0.0,1.0,0.0,300.0,0.0,1.0,0.0,0.0,0.0057239532470703125,0.0057239532470703125,0.0,0.005453824996948242,0.0,0,48a5c6e7-0ef1-45b3-a208-13e27b3fc355,20260816,aggregate,adverse-ecs-omit,1,local-adverse-authority
1,1,1,1,115,1.0,1.0,1,1,1,1.0,1.0,0.0,-0.0,-0.0,1.0,0.0,20859.0,0.0,1.0,0.0,0.0,0.029847383499145508,0.029847383499145508,0.0,0.02975320816040039,0.0,0,725c791f-f458-4d79-a199-d7556b46f8be,20260816,aggregate,adverse-ecs-omit,1,local-adverse-authority
1,1,1,1,128,1.0,1.0,1,1,1,1.0,0.0,1.0,-0.0,-0.0,1.0,0.0,4049.0,0.0,1.0,0.0,0.0,0.005120754241943359,0.005120754241943359,0.0,0.004331827163696289,0.0,0,e9bbce78-a583-44aa-a193-b246b133ede3,20260816,aggregate,adverse-ecs-mismatch,1,local-adverse-authority
1,1,1,1,172,1.0,1.0,1,1,1,1.0,0.0,1.0,-0.0,-0.0,1.0,0.0,15.0,0.0,1.0,0.0,0.0,0.0022513866424560547,0.0022513866424560547,0.0,0.0021576881408691406,0.0,0,7657c976-e3c9-4fb2-a894-a2dc43a853b3,20260816,aggregate,adverse-ecs-mismatch,1,local-adverse-authority
1,1,1,1,134,1.0,1.0,1,1,1,1.0,0.0,1.0,-0.0,-0.0,1.0,0.0,120.0,0.0,1.0,0.0,0.0,0.0020606517791748047,0.0020606517791748047,0.0,0.001972675323486328,0.0,0,c5e1b882-d1cb-4019-9ec2-e6770b168622,20260816,aggregate,adverse-ecs-mismatch,1,local-adverse-authority
1,1,1,1,138,1.0,1.0,1,1,1,1.0,0.0,0.0,-0.0,-0.0,1.0,0.0,161.0,0.0,1.0,0.0,0.0,0.0021851062774658203,0.0021851062774658203,0.0,0.0021054744720458984,0.0,0,4d6cb516-f29a-48f5-96d8-4a8b063a4ac3,20260816,aggregate,adverse-ecs-mismatch,1,local-adverse-authority
1,1,1,1,130,1.0,1.0,1,1,1,1.0,0.0,1.0,-0.0,-0.0,1.0,0.0,817.0,0.0,1.0,0.0,0.0,0.0023953914642333984,0.0023953914642333984,0.0,0.002287626266479492,0.0,0,268c1709-5450-407d-be68-3f04a63e7def,20260816,aggregate,adverse-ecs-mismatch,1,local-adverse-authority
1,1,1,1,99,1.0,1.0,1,1,1,1.0,1.0,0.0,-0.0,-0.0,1.0,0.0,3160.0,0.0,1.0,0.0,0.0,0.0953681468963623,0.0953681468963623,0.0,0.0952599048614502,0.0,0,7356dfd7-df1b-4bd8-b03d-024c673a5c1b,20260816,aggregate,adverse-ecs-omit,1,local-adverse-authority
1,1,1,1,150,1.0,1.0,1,1,1,1.0,0.0,1.0,-0.0,-0.0,1.0,0.0,47.0,0.0,1.0,0.0,0.0,0.007575273513793945,0.007575273513793945,0.0,0.007527828216552734,0.0,0,b59b11b7-f56c-4193-bd87-acec4fabeaf6,20260816,aggregate,adverse-ecs-mismatch,1,local-adverse-authority
1,1,1,1,118,1.0,1.0,1,1,1,1.0,0.0,1.0,-0.0,-0.0,1.0,0.0,66.0,0.0,1.0,0.0,0.0,0.0028879642486572266,0.0028879642486572266,0.0,0.0027892589569091797,0.0,0,fe716fd7-c1c3-4aba-bc8f-90c3bccec17d,20260816,aggregate,adverse-ecs-mismatch,1,local-adverse-authority
1,1,1,1,148,1.0,1.0,1,1,1,1.0,0.0,0.0,-0.0,-0.0,1.0,0.0,296.0,0.0,1.0,0.0,0.0,0.0032341480255126953,0.0032341480255126953,0.0,0.003167390823364258,0.0,0,94df6f35-0d60-4c4e-8d2f-cf8112fbe7ea,20260816,aggregate,adverse-ecs-mismatch,1,local-adverse-authority
1,1,1,1,176,1.0,1.0,1,1,1,1.0,0.0,1.0,-0.0,-0.0,1.0,0.0,60.0,0.0,1.0,0.0,0.0,0.0029535293579101562,0.0029535293579101562,0.0,0.002856731414794922,0.0,0,692f59da-b0c2-4380-9664-34876762dd26,20260816,aggregate,adverse-ecs-mismatch,1,local-adverse-authority
1,1,1,1,132,1.0,1.0,1,1,1,1.0,0.0,0.0,-0.0,-0.0,1.0,0.0,20.0,0.0,1.0,0.0,0.0,0.00468134880065918,0.00468134880065918,0.0,0.004589557647705078,0.0,0,ef869004-2214-4993-8fd4-8697af146951,20260816,aggregate,adverse-ecs-mismatch,1,local-adverse-authority
1,1,1,1,128,1.0,1.0,1,1,1,1.0,0.0,1.0,-0.0,-0.0,1.0,0.0,16610.0,0.0,1.0,0.0,0.0,0.0018463134765625,0.0018463134765625,0.0,0.0017576217651367188,0.0,0,d1c68fc1-b42d-4b15-9228-0d8a1d13b8a6,20260816,aggregate,adverse-ecs-mismatch,1,local-adverse-authority
1,1,1,1,216,1.0,1.0,1,1,1,1.0,0.0,1.0,-0.0,-0.0,1.0,0.0,42.0,0.0,1.0,0.0,0.0,0.0041506290435791016,0.0041506290435791016,0.0,0.0040552616119384766,0.0,0,ac55cd5f-f737-42e0-9da3-bcd98038639a,20260816,aggregate,adverse-ecs-mismatch,1,local-adverse-authority
1,1,1,1,110,1.0,1.0,1,1,1,1.0,0.0,0.0,-0.0,-0.0,1.0,0.0,4.0,0.0,1.0,0.0,0.0,0.026101350784301758,0.026101350784301758,0.0,0.02597951889038086,0.0,0,86e15a1d-3811-48b4-8bee-82cdd0720a7b,20260816,aggregate,adverse-ecs-mismatch,1,local-adverse-authority
1,1,1,1,120,1.0,1.0,1,1,1,1.0,0.0,0.0,-0.0,-0.0,1.0,0.0,52.0,0.0,1.0,0.0,0.0,0.0067920684814453125,0.0067920684814453125,0.0,0.006680488586425781,0.0,0,01afac62-51fd-4059-85ad-b5ef4426362c,20260816,aggregate,adverse-ecs-mismatch,1,local-adverse-authority
1,1,1,1,156,1.0,1.0,1,1,1,1.0,0.0,1.0,-0.0,-0.0,1.0,0.0,15.0,0.0,1.0,0.0,0.0,0.0032799243927001953,0.0032799243927001953,0.0,0.0031995773315429688,0.0,0,285542ba-c168-4826-acca-e6f1eede6eed,20260816,aggregate,adverse-ecs-mismatch,1,local-adverse-authority
1,1,1,1,160,1.0,1.0,1,1,1,1.0,0.0,1.0,-0.0,-0.0,1.0,0.0,56.0,0.0,1.0,0.0,0.0,0.050020694732666016,0.050020694732666016,0.0,0.04992389678955078,0.0,0,d167c2e3-f8ef-43cf-af9c-6f245b65f5bd,20260816,aggregate,adverse-ecs-mismatch,1,local-adverse-authority
1,1,1,1,140,1.0,1.0,1,1,1,1.0,0.0,1.0,-0.0,-0.0,1.0,0.0,300.0,0.0,1.0,0.0,0.0,0.004516124725341797,0.004516124725341797,0.0,0.0042858123779296875,0.0,0,f74d2642-6de9-4a90-99b5-1deee68de629,20260816,aggregate,adverse-ecs-mismatch,1,local-adverse-authority
1,1,1,1,130,1.0,1.0,1,1,1,1.0,0.0,0.0,-0.0,-0.0,1.0,0.0,300.0,0.0,1.0,0.0,0.0,0.00321197509765625,0.00321197509765625,0.0,0.003102540969848633,0.0,0,f5b76310-a7bb-416a-ac58-a004af741ee6,20260816,aggregate,adverse-ecs-mismatch,1,local-adverse-authority
1,1,1,1,130,1.0,1.0,1,1,1,1.0,0.0,0.0,-0.0,-0.0,1.0,0.0,204.0,0.0,1.0,0.0,0.0,0.002399921417236328,0.002399921417236328,0.0,0.0023407936096191406,0.0,0,1c139a3c-a7c6-4940-8045-fc0589e03d14,20260816,aggregate,adverse-ecs-mismatch,1,local-adverse-authority
1,1,1,1,118,1.0,1.0,1,1,1,1.0,0.0,1.0,-0.0,-0.0,1.0,0.0,49.0,0.0,1.0,0.0,0.0,0.002548694610595703,0.002548694610595703,0.0,0.002230405807495117,0.0,0,e7b78252-2986-400f-a354-4d43c9312ede,20260816,aggregate,adverse-ecs-mismatch,1,local-adverse-authority
1,1,1,1,114,1.0,1.0,1,1,1,1.0,0.0,0.0,-0.0,-0.0,1.0,0.0,167.0,0.0,1.0,0.0,0.0,0.002463102340698242,0.002463102340698242,0.0,0.0023336410522460938,0.0,0,4d117800-9957-4e33-9e8c-f5bafa43f28d,20260816,aggregate,adverse-ecs-mismatch,1,local-adverse-authority
1,1,1,1,118,1.0,1.0,1,1,1,1.0,0.0,0.0,-0.0,-0.0,1.0,0.0,1876.0,0.0,1.0,0.0,0.0,0.0032761096954345703,0.0032761096954345703,0.0,0.003118753433227539,0.0,0,b91e6299-52b3-444d-9452-90ccb387e23e,20260816,aggregate,adverse-ecs-mismatch,1,local-adverse-authority
1,1,1,1,168,1.0,1.0,1,1,1,1.0,0.0,0.0,-0.0,-0.0,1.0,0.0,2.0,0.0,1.0,0.0,0.0,0.00203704833984375,0.00203704833984375,0.0,0.0018727779388427734,0.0,0,484926b1-b890-418c-a638-c6755cdb8faf,20260816,aggregate,adverse-ecs-mismatch,1,local-adverse-authority
1,1,1,1,136,1.0,1.0,1,1,1,1.0,0.0,0.0,-0.0,-0.0,1.0,0.0,24.0,0.0,1.0,0.0,0.0,0.003829479217529297,0.003829479217529297,0.0,0.0035276412963867188,0.0,0,2217b74f-e811-4557-90fb-25a392f35717,20260816,aggregate,adverse-ecs-mismatch,1,local-adverse-authority
1,1,1,1,180,1.0,1.0,1,1,1,1.0,0.0,1.0,-0.0,-0.0,1.0,0.0,60.0,0.0,1.0,0.0,0.0,0.0028197765350341797,0.0028197765350341797,0.0,0.002351045608520508,0.0,0,130fc2f6-e0a6-49cd-a44c-f77d24029ebf,20260816,aggregate,adverse-ecs-mismatch,1,local-adverse-authority
1,1,1,1,204,1.0,1.0,1,1,1,1.0,0.0,0.0,-0.0,-0.0,1.0,0.0,293.0,0.0,1.0,0.0,0.0,0.029263734817504883,0.029263734817504883,0.0,0.029170751571655273,0.0,0,fe56072a-5b75-46da-b35b-966ffe862f0a,20260816,aggregate,adverse-ecs-mismatch,1,local-adverse-authority
1,1,1,1,132,1.0,1.0,1,1,1,1.0,0.0,1.0,-0.0,-0.0,1.0,0.0,212.0,0.0,1.0,0.0,0.0,0.0034329891204833984,0.0034329891204833984,0.0,0.002962827682495117,0.0,0,222ab1fc-b402-4773-af72-7d8632ee565d,20260816,aggregate,adverse-ecs-mismatch,1,local-adverse-authority
1,1,1,1,138,1.0,1.0,1,1,1,1.0,0.0,1.0,-0.0,-0.0,1.0,0.0,269.0,0.0,1.0,0.0,0.0,0.0019435882568359375,0.0019435882568359375,0.0,0.0018258094787597656,0.0,0,d56f8191-bf61-4399-945b-f6e001804845,20260816,aggregate,adverse-ecs-mismatch,1,local-adverse-authority
1,1,1,1,116,1.0,1.0,1,1,1,1.0,0.0,0.0,-0.0,-0.0,1.0,0.0,24.0,0.0,1.0,0.0,0.0,0.0058023929595947266,0.0058023929595947266,0.0,0.005719423294067383,0.0,0,fdd4881b-4f2e-4adf-9ddd-808ea1737f37,20260816,aggregate,adverse-ecs-mismatch,1,local-adverse-authority
1,1,1,1,105,1.0,1.0,1,1,1,1.0,1.0,0.0,-0.0,-0.0,1.0,0.0,14400.0,0.0,1.0,0.0,0.0,0.016351699829101562,0.016351699829101562,0.0,0.016266822814941406,0.0,0,9312f2fd-c82d-4a62-8b97-f10a4065fb8e,20260816,aggregate,adverse-ecs-omit,1,local-adverse-authority
1,1,1,1,176,1.0,1.0,1,1,1,1.0,0.0,1.0,-0.0,-0.0,1.0,0.0,60.0,0.0,1.0,0.0,0.0,0.015171527862548828,0.015171527862548828,0.0,0.015099048614501953,0.0,0,5d761358-3966-42b7-a12d-e2d331555244,20260816,aggregate,adverse-ecs-mismatch,1,local-adverse-authority
1,1,1,1,116,1.0,1.0,1,1,1,1.0,0.0,1.0,-0.0,-0.0,1.0,0.0,25.0,0.0,1.0,0.0,0.0,0.02954840660095215,0.02954840660095215,0.0,0.02922534942626953,0.0,0,4a37a158-5b3e-4eab-8f88-3f1f14e14b5d,20260816,aggregate,adverse-ecs-mismatch,1,local-adverse-authority
1,1,1,1,128,1.0,1.0,1,1,1,1.0,0.0,0.0,-0.0,-0.0,1.0,0.0,129.0,0.0,1.0,0.0,0.0,0.006097555160522461,0.006097555160522461,0.0,0.0060100555419921875,0.0,0,ad0df6fc-beab-4f17-98b0-9ed596881311,20260816,aggregate,adverse-ecs-mismatch,1,local-adverse-authority
1,1,1,1,156,1.0,1.0,1,1,1,1.0,0.0,1.0,-0.0,-0.0,1.0,0.0,300.0,0.0,1.0,0.0,0.0,0.011697769165039062,0.011697769165039062,0.0,0.011367082595825195,0.0,0,0bc3b1c4-a394-462a-a9fe-de406f4cb698,20260816,aggregate,adverse-ecs-mismatch,1,local-adverse-authority
1,1,1,1,162,1.0,1.0,1,1,1,1.0,0.0,1.0,-0.0,-0.0,1.0,0.0,2898.0,0.0,1.0,0.0,0.0,0.017324209213256836,0.017324209213256836,0.0,0.017260313034057617,0.0,0,6070c4e4-8991-4f88-acca-397cc9d7f9ea,20260816,aggregate,adverse-ecs-mismatch,1,local-adverse-authority
1,1,1,1,126,1.0,1.0,1,1,1,1.0,0.0,0.0,-0.0,-0.0,1.0,0.0,18338.0,0.0,1.0,0.0,0.0,0.00531768798828125,0.00531768798828125,0.0,0.005219459533691406,0.0,0,4ac1d6d1-04c7-4559-ae29-e5d2fb237d43,20260816,aggregate,adverse-ecs-mismatch,1,local-adverse-authority
1,1,1,1,134,1.0,1.0,1,1,1,1.0,0.0,0.0,-0.0,-0.0,1.0,0.0,20.0,0.0,1.0,0.0,0.0,0.004128217697143555,0.004128217697143555,0.0,0.0040624141693115234,0.0,0,766161c6-36d9-4b62-a938-724e539ac6a4,20260816,aggregate,adverse-ecs-mismatch,1,local-adverse-authority
1,1,1,1,116,1.0,1.0,1,1,1,1.0,0.0,1.0,-0.0,-0.0,1.0,0.0,2.0,0.0,1.0,0.0,0.0,0.002899169921875,0.002899169921875,0.0,0.002726316452026367,0.0,0,4aac8a97-aeec-407f-a643-ffba9edd4ce2,20260816,aggregate,adverse-ecs-mismatch,1,local-adverse-authority
1,1,1,1,166,1.0,1.0,1,1,1,1.0,0.0,0.0,-0.0,-0.0,1.0,0.0,13011.0,0.0,1.0,0.0,0.0,0.0024170875549316406,0.0024170875549316406,0.0,0.0022802352905273438,0.0,0,2ea65cc9-0819-4187-8b0e-611b3d197d29,20260816,aggregate,adverse-ecs-mismatch,1,local-adverse-authority
1,1,1,1,116,1.0,1.0,1,1,1,1.0,0.0,1.0,-0.0,-0.0,1.0,0.0,20.0,0.0,1.0,0.0,0.0,0.012674570083618164,0.012674570083618164,0.0,0.012550830841064453,0.0,0,2da7786f-1f78-4cfb-b08b-d58a29d2f3d1,20260816,aggregate,adverse-ecs-mismatch,1,local-adverse-authority
1,1,1,1,176,1.0,1.0,1,1,1,1.0,0.0,1.0,-0.0,-0.0,1.0,0.0,60.0,0.0,1.0,0.0,0.0,0.002270936965942383,0.002270936965942383,0.0,0.0020558834075927734,0.0,0,04b0451a-c194-4ff0-a6f3-3550400a36b4,20260816,aggregate,adverse-ecs-mismatch,1,local-adverse-authority
1,1,1,1,218,1.0,1.0,1,1,1,1.0,0.0,0.0,-0.0,-0.0,1.0,0.0,177.0,0.0,1.0,0.0,0.0,0.004741191864013672,0.004741191864013672,0.0,0.004524707794189453,0.0,0,e2aa599c-beba-4f7a-80d0-e30339e04983,20260816,aggregate,adverse-ecs-mismatch,1,local-adverse-authority
1,1,1,1,128,1.0,1.0,1,1,1,1.0,0.0,0.0,-0.0,-0.0,1.0,0.0,20287.0,0.0,1.0,0.0,0.0,0.0023496150970458984,0.0023496150970458984,0.0,0.002232074737548828,0.0,0,a06d5d17-d18a-47bf-894b-4ee2b0e41708,20260816,aggregate,adverse-ecs-mismatch,1,local-adverse-authority
1,1,1,1,188,1.0,1.0,1,1,1,1.0,0.0,0.0,-0.0,-0.0,1.0,0.0,14.0,0.0,1.0,0.0,0.0,0.0031974315643310547,0.0031974315643310547,0.0,0.0027751922607421875,0.0,0,8dc7ba6e-e677-42c7-ac83-10944029811a,20260816,aggregate,adverse-ecs-mismatch,1,local-adverse-authority
1,1,1,1,118,1.0,1.0,1,1,1,1.0,0.0,0.0,-0.0,-0.0,1.0,0.0,2316.0,0.0,1.0,0.0,0.0,0.03330278396606445,0.03330278396606445,0.0,0.03264307975769043,0.0,0,8e328c53-6acc-4b44-b719-2e39f5d9541d,20260816,aggregate,adverse-ecs-mismatch,1,local-adverse-authority
1,1,1,1,118,1.0,1.0,1,1,1,1.0,0.0,0.0,-0.0,-0.0,1.0,0.0,217.0,0.0,1.0,0.0,0.0,0.004235982894897461,0.004235982894897461,0.0,0.0041713714599609375,0.0,0,f8a25771-e2a0-4c93-ad59-a2956894c103,20260816,aggregate,adverse-ecs-mismatch,1,local-adverse-authority
1,1,1,1,164,1.0,1.0,1,1,1,1.0,0.0,1.0,-0.0,-0.0,1.0,0.0,899.0,0.0,1.0,0.0,0.0,0.003106832504272461,0.003106832504272461,0.0,0.0030438899993896484,0.0,0,107a70a4-0472-4bbf-ab76-6b1048662f19,20260816,aggregate,adverse-ecs-mismatch,1,local-adverse-authority
1,1,1,1,134,1.0,1.0,1,1,1,1.0,0.0,1.0,-0.0,-0.0,1.0,0.0,300.0,0.0,1.0,0.0,0.0,0.017464637756347656,0.017464637756347656,0.0,0.017386913299560547,0.0,0,7146bd6e-ce3e-4298-aea4-8fb43c7ae96b,20260816,aggregate,adverse-ecs-mismatch,1,local-adverse-authority
1,1,1,1,110,1.0,1.0,1,1,1,1.0,0.0,1.0,-0.0,-0.0,1.0,0.0,3159.0,0.0,1.0,0.0,0.0,0.02941584587097168,0.02941584587097168,0.0,0.029278039932250977,0.0,0,2c8b1831-4b1e-4f84-9426-6269becea519,20260816,aggregate,adverse-ecs-mismatch,1,local-adverse-authority
1,1,1,1,168,1.0,1.0,1,1,1,1.0,0.0,1.0,-0.0,-0.0,1.0,0.0,60.0,0.0,1.0,0.0,0.0,0.007756471633911133,0.007756471633911133,0.0,0.0075604915618896484,0.0,0,7fa1a91d-c0e1-4b2a-ae13-2131106dc2bc,20260816,aggregate,adverse-ecs-mismatch,1,local-adverse-authority
1,1,1,1,176,1.0,1.0,1,1,1,1.0,0.0,1.0,-0.0,-0.0,1.0,0.0,60.0,0.0,1.0,0.0,0.0,0.0030355453491210938,0.0030355453491210938,0.0,0.002913236618041992,0.0,0,9f10c9e2-e985-473b-a76f-d43f47e67a8a,20260816,aggregate,adverse-ecs-mismatch,1,local-adverse-authority
1,1,1,1,110,1.0,1.0,1,1,1,1.0,0.0,1.0,-0.0,-0.0,1.0,0.0,1324.0,0.0,1.0,0.0,0.0,0.02818131446838379,0.02818131446838379,0.0,0.028100252151489258,0.0,0,3fc669d5-8707-432a-8af7-84e63e2511ca,20260816,aggregate,adverse-ecs-mismatch,1,local-adverse-authority
1,1,1,1,158,1.0,1.0,1,1,1,1.0,0.0,0.0,-0.0,-0.0,1.0,0.0,60.0,0.0,1.0,0.0,0.0,0.0020601749420166016,0.0020601749420166016,0.0,0.0019261837005615234,0.0,0,c019e8bc-7e4c-4b80-b842-a8b64c11e081,20260816,aggregate,adverse-ecs-mismatch,1,local-adverse-authority
1,1,1,1,166,1.0,1.0,1,1,1,1.0,0.0,1.0,-0.0,-0.0,1.0,0.0,60.0,0.0,1.0,0.0,0.0,0.013052225112915039,0.013052225112915039,0.0,0.012853860855102539,0.0,0,2e58a217-db2b-4ae3-b504-ca15e0eeaeb8,20260816,aggregate,adverse-ecs-mismatch,1,local-adverse-authority
1,1,1,1,130,1.0,1.0,1,1,1,1.0,0.0,0.0,-0.0,-0.0,1.0,0.0,60.0,0.0,1.0,0.0,0.0,0.004084587097167969,0.004084587097167969,0.0,0.003912448883056641,0.0,0,108187d2-47e3-4cac-a44c-6663350c5306,20260816,aggregate,adverse-ecs-omit,1,local-adverse-authority
1,1,1,1,162,1.0,1.0,1,1,1,1.0,0.0,1.0,-0.0,-0.0,1.0,0.0,36.0,0.0,1.0,0.0,0.0,0.004582405090332031,0.004582405090332031,0.0,0.004363298416137695,0.0,0,59080d8a-b6ce-4cec-a631-0fd586237d77,20260816,aggregate,adverse-ecs-mismatch,1,local-adverse-authority
1,1,1,1,118,1.0,1.0,1,1,1,1.0,0.0,1.0,-0.0,-0.0,1.0,0.0,17.0,0.0,1.0,0.0,0.0,0.01875758171081543,0.01875758171081543,0.0,0.018433570861816406,0.0,0,00a97a75-f9d0-4380-b48a-d0e977154046,20260816,aggregate,adverse-ecs-mismatch,1,local-adverse-authority
1,1,1,1,128,1.0,1.0,1,1,1,1.0,0.0,1.0,-0.0,-0.0,1.0,0.0,20421.0,0.0,1.0,0.0,0.0,0.0395510196685791,0.0395510196685791,0.0,0.03948044776916504,0.0,0,38c403a8-2d85-480a-b8b8-7a0e5b564e62,20260816,aggregate,adverse-ecs-mismatch,1,local-adverse-authority
1,1,1,1,204,1.0,1.0,1,1,1,1.0,0.0,0.0,-0.0,-0.0,1.0,0.0,17.0,0.0,1.0,0.0,0.0,0.004014730453491211,0.004014730453491211,0.0,0.0039021968841552734,0.0,0,40b8299b-9b5c-4343-9039-2b1f72b79006,20260816,aggregate,adverse-ecs-mismatch,1,local-adverse-authority
1,1,1,1,174,1.0,1.0,1,1,1,1.0,0.0,1.0,-0.0,-0.0,1.0,0.0,300.0,0.0,1.0,0.0,0.0,0.0023212432861328125,0.0023212432861328125,0.0,0.002190828323364258,0.0,0,ae1ef8f4-f011-4a0b-8c77-c79b8b2aa2db,20260816,aggregate,adverse-ecs-mismatch,1,local-adverse-authority
1,1,1,1,130,1.0,1.0,1,1,1,1.0,0.0,1.0,-0.0,-0.0,1.0,0.0,60.0,0.0,1.0,0.0,0.0,0.017571210861206055,0.017571210861206055,0.0,0.016752958297729492,0.0,0,d59ad658-cd43-4c3e-828a-0b4b8d541ef6,20260816,aggregate,adverse-ecs-mismatch,1,local-adverse-authority
1,1,1,1,164,1.0,1.0,1,1,1,1.0,0.0,0.0,-0.0,-0.0,1.0,0.0,854.0,0.0,1.0,0.0,0.0,0.015425920486450195,0.015425920486450195,0.0,0.015291213989257812,0.0,0,520e9ec7-12f3-42d4-b1cb-087e300badf3,20260816,aggregate,adverse-ecs-mismatch,1,local-adverse-authority
1,1,1,1,146,1.0,1.0,1,1,1,1.0,0.0,1.0,-0.0,-0.0,1.0,0.0,843.0,0.0,1.0,0.0,0.0,0.012243032455444336,0.012243032455444336,0.0,0.012082338333129883,0.0,0,b5877ac1-f90c-4836-96d9-18382febd235,20260816,aggregate,adverse-ecs-mismatch,1,local-adverse-authority
4,4,4,4,414,1.0,1.0,1,0,0,0.0,0.0,0.0,1.0,1.0,1.0,0.75,613.0,1.9267597407856125,0.25,0.0,0.0,3.755327582359314,5.006884145736694,0.5770899141869191,0.0015287399291992188,0.0,0,fb50b63a-50f6-4db4-8ce9-69318947ad81,20260816,aggregate,benign-burst,0,cloudflare
4,4,4,4,524,1.0,1.0,1,0,0,0.0,0.0,0.0,1.0,1.0,1.0,0.75,54.416666666666664,1.4332755747241033,0.25,0.0,0.0,3.130151331424713,5.0078247547149655,0.6629629090856647,0.0015416145324707031,0.0,0,3c776ff6-6c6f-4a78-9906-82dfd2212893,20260816,aggregate,benign-burst,0,google
1,1,1,1,116,1.0,1.0,1,1,1,1.0,0.0,1.0,-0.0,-0.0,1.0,0.0,300.0,0.0,1.0,0.0,0.0,0.002942800521850586,0.002942800521850586,0.0,0.0025064945220947266,0.0,0,d613f5f3-125c-4c02-a877-2d70b62cf51f,20260816,aggregate,adverse-ecs-mismatch,1,local-adverse-authority
1,1,1,1,114,1.0,1.0,1,1,1,1.0,0.0,0.0,-0.0,-0.0,1.0,0.0,300.0,0.0,1.0,0.0,0.0,0.0018186569213867188,0.0018186569213867188,0.0,0.0017118453979492188,0.0,0,6b97a20a-d27f-4aa4-90f7-6ccd7034bbab,20260816,aggregate,adverse-ecs-mismatch,1,local-adverse-authority
1,1,1,1,164,1.0,1.0,1,1,1,1.0,0.0,0.0,-0.0,-0.0,1.0,0.0,300.0,0.0,1.0,0.0,0.0,0.002430438995361328,0.002430438995361328,0.0,0.0022704601287841797,0.0,0,c0c470a8-36c8-49ef-a62e-9a8f840a08d4,20260816,aggregate,adverse-ecs-mismatch,1,local-adverse-authority
1,1,1,1,138,1.0,1.0,1,1,1,1.0,0.0,0.0,-0.0,-0.0,1.0,0.0,300.0,0.0,1.0,0.0,0.0,0.0023040771484375,0.0023040771484375,0.0,0.002156972885131836,0.0,0,30e79698-e209-4e4d-9d0a-5de8c331da00,20260816,aggregate,adverse-ecs-mismatch,1,local-adverse-authority
1,1,1,1,124,1.0,1.0,1,1,1,1.0,0.0,1.0,-0.0,-0.0,1.0,0.0,300.0,0.0,1.0,0.0,0.0,0.002626180648803711,0.002626180648803711,0.0,0.002534151077270508,0.0,0,0f2af4d6-b81a-4ee2-b34c-c6c69712550e,20260816,aggregate,adverse-ecs-mismatch,1,local-adverse-authority
1,1,1,1,206,1.0,1.0,1,1,1,1.0,0.0,0.0,-0.0,-0.0,1.0,0.0,210.0,0.0,1.0,0.0,0.0,0.002621889114379883,0.002621889114379883,0.0,0.002542734146118164,0.0,0,d96dc677-8916-4ef7-aa59-3a761b7df452,20260816,aggregate,adverse-ecs-mismatch,1,local-adverse-authority
1,1,1,1,112,1.0,1.0,1,1,1,1.0,0.0,1.0,-0.0,-0.0,1.0,0.0,518.0,0.0,1.0,0.0,0.0,0.018779993057250977,0.018779993057250977,0.0,0.018633127212524414,0.0,0,48a98a91-ac83-4603-8e62-ba2b06a7332e,20260816,aggregate,adverse-ecs-mismatch,1,local-adverse-authority
1,1,1,1,128,1.0,1.0,1,1,1,1.0,0.0,1.0,-0.0,-0.0,1.0,0.0,21127.0,0.0,1.0,0.0,0.0,0.002471923828125,0.002471923828125,0.0,0.0023856163024902344,0.0,0,b57fc678-37bd-43b0-b8ac-b2b106006012,20260816,aggregate,adverse-ecs-mismatch,1,local-adverse-authority
1,1,1,1,132,1.0,1.0,1,1,1,1.0,0.0,0.0,-0.0,-0.0,1.0,0.0,280.0,0.0,1.0,0.0,0.0,0.0027065277099609375,0.0027065277099609375,0.0,0.0024547576904296875,0.0,0,bafafd52-e468-4a8b-9069-b8aabc100b27,20260816,aggregate,adverse-ecs-mismatch,1,local-adverse-authority
1,1,1,1,118,1.0,1.0,1,1,1,1.0,0.0,1.0,-0.0,-0.0,1.0,0.0,242.0,0.0,1.0,0.0,0.0,0.003359556198120117,0.003359556198120117,0.0,0.002879619598388672,0.0,0,9da2d676-474e-4b84-95ef-d397a30553fd,20260816,aggregate,adverse-ecs-mismatch,1,local-adverse-authority
1,1,1,1,116,1.0,1.0,1,1,1,1.0,0.0,1.0,-0.0,-0.0,1.0,0.0,300.0,0.0,1.0,0.0,0.0,0.0354769229888916,0.0354769229888916,0.0,0.035245418548583984,0.0,0,79cf296d-ce9a-4f62-b99e-9f0c58892af0,20260816,aggregate,adverse-ecs-mismatch,1,local-adverse-authority
1,1,1,1,118,1.0,1.0,1,1,1,1.0,0.0,0.0,-0.0,-0.0,1.0,0.0,26.0,0.0,1.0,0.0,0.0,0.0026688575744628906,0.0026688575744628906,0.0,0.002213716506958008,0.0,0,daa7b230-b1ab-4089-a698-b70b5b5cbccc,20260816,aggregate,adverse-ecs-mismatch,1,local-adverse-authority
1,1,1,1,114,1.0,1.0,1,1,1,1.0,0.0,0.0,-0.0,-0.0,1.0,0.0,300.0,0.0,1.0,0.0,0.0,0.015350341796875,0.015350341796875,0.0,0.015244007110595703,0.0,0,56fc5535-59d2-4b8b-9037-ac22a5ee4b39,20260816,aggregate,adverse-ecs-mismatch,1,local-adverse-authority
1,1,1,1,144,1.0,1.0,1,1,1,1.0,0.0,1.0,-0.0,-0.0,1.0,0.0,554.0,0.0,1.0,0.0,0.0,0.005049228668212891,0.005049228668212891,0.0,0.0049784183502197266,0.0,0,a315b592-c901-46dd-b556-07ec0825c56d,20260816,aggregate,adverse-ecs-mismatch,1,local-adverse-authority
1,1,1,1,124,1.0,1.0,1,1,1,1.0,0.0,1.0,-0.0,-0.0,1.0,0.0,300.0,0.0,1.0,0.0,0.0,0.030347824096679688,0.030347824096679688,0.0,0.029587984085083008,0.0,0,be6ff903-8438-4ed5-b9c6-ee73f4ad178f,20260816,aggregate,adverse-ecs-mismatch,1,local-adverse-authority
1,1,1,1,168,1.0,1.0,1,1,1,1.0,0.0,0.0,-0.0,-0.0,1.0,0.0,30.0,0.0,1.0,0.0,0.0,0.002698659896850586,0.002698659896850586,0.0,0.0021407604217529297,0.0,0,4b47fa9c-d5a3-44c9-a625-8afe28496ee2,20260816,aggregate,adverse-ecs-mismatch,1,local-adverse-authority
1,1,1,1,116,1.0,1.0,1,1,1,1.0,0.0,1.0,-0.0,-0.0,1.0,0.0,300.0,0.0,1.0,0.0,0.0,0.002115488052368164,0.002115488052368164,0.0,0.0017113685607910156,0.0,0,c0c6ce0d-9d84-419c-8b32-5db2a93818f6,20260816,aggregate,adverse-ecs-mismatch,1,local-adverse-authority
6,12,1,12,1387,0.16666666666666666,2.0,1,6,1,1.0,0.0,0.0,-0.0,-0.0,0.16666666666666666,0.5,17.0,0.0,0.08333333333333333,0.0,0.8333333333333334,0.023999889691670735,0.02475438117980957,0.023893174399275147,0.02434396743774414,4.100799560546875e-05,0,5a92ab7c-7cf3-45f5-8c1c-e525db73ad28,20260816,aggregate,adverse-conflict,1,local-adverse-authority
6,6,1,6,432,0.16666666666666666,1.0,1,6,1,1.0,0.0,0.0,-0.0,-0.0,0.16666666666666666,0.0,195.0,0.0,0.16666666666666666,0.0,0.8333333333333334,0.0019096533457438152,0.0023569464683532715,0.15911222815036954,0.0021123886108398438,0.0,0,0f985aa2-3010-4449-ba9f-57f7a084f098,20260816,aggregate,adverse-conflict,1,local-adverse-authority
6,12,1,12,790,0.16666666666666666,2.0,1,6,1,1.0,0.0,0.0,-0.0,-0.0,0.16666666666666666,0.5,20.0,0.0,0.08333333333333333,0.0,0.8333333333333334,0.01608443260192871,0.016598641872406006,0.021175477262834308,0.015841245651245117,3.218650817871094e-05,0,9bbad34d-4ef9-472b-b3a5-e61c53f57ea6,20260816,aggregate,adverse-conflict,1,local-adverse-authority
6,6,1,6,488,0.16666666666666666,1.0,1,6,1,1.0,0.0,0.0,-0.0,-0.0,0.16666666666666666,0.0,10293.0,0.0,0.16666666666666666,0.0,0.8333333333333334,0.012760281562805176,0.013574540615081787,0.04819495465619092,0.012551546096801758,0.0,0,1fab8ffc-ba9d-4c6b-a5f2-7163644970cf,20260816,aggregate,adverse-conflict,1,local-adverse-authority
1,1,1,1,174,1.0,1.0,1,1,1,1.0,0.0,1.0,-0.0,-0.0,1.0,0.0,60.0,0.0,1.0,0.0,0.0,0.0019202232360839844,0.0019202232360839844,0.0,0.0018200874328613281,0.0,0,735992c0-48cd-45e3-b361-ba457071ea37,20260816,aggregate,adverse-ecs-mismatch,1,local-adverse-authority
6,12,1,12,829,0.16666666666666666,2.0,1,6,1,1.0,0.0,0.0,-0.0,-0.0,0.16666666666666666,0.5,168.0,0.0,0.08333333333333333,0.0,0.8333333333333334,0.005353848139444987,0.006034445762634277,0.08232386654890901,0.0056912899017333984,2.7179718017578125e-05,0,156a8fe8-6f89-47bd-afd6-2e81a6422a01,20260816,aggregate,adverse-conflict,1,local-adverse-authority
6,12,1,12,951,0.16666666666666666,2.0,1,6,1,1.0,0.0,0.0,-0.0,-0.0,0.16666666666666666,0.5,148.0,0.0,0.08333333333333333,0.0,0.8333333333333334,0.0167011817296346,0.01761307716369629,0.03014735820450025,0.017539024353027344,4.00543212890625e-05,0,190baef2-ced2-443c-8bed-8f637de7d691,20260816,aggregate,adverse-conflict,1,local-adverse-authority
6,12,1,12,855,0.16666666666666666,2.0,1,6,1,1.0,0.0,0.0,-0.0,-0.0,0.16666666666666666,0.5,34.0,0.0,0.08333333333333333,0.0,0.8333333333333334,0.006009022394816081,0.006741082668304444,0.09193003554074299,0.005709409713745117,3.504753112792969e-05,0,da58c8f3-ca82-4e0c-b68c-f457812bd474,20260816,aggregate,adverse-conflict,1,local-adverse-authority
6,12,1,12,1143,0.16666666666666666,2.0,1,6,1,1.0,0.0,0.0,-0.0,-0.0,0.16666666666666666,0.5,3600.0,0.0,0.08333333333333333,0.0,0.8333333333333334,0.03303337097167969,0.03334975242614746,0.006072690287189977,0.03328824043273926,3.814697265625e-05,0,1b362513-7a02-4d82-99e6-6f43bfc4ad08,20260816,aggregate,adverse-conflict,1,local-adverse-authority
6,6,1,6,584,0.16666666666666666,1.0,1,6,1,1.0,0.0,0.0,-0.0,-0.0,0.16666666666666666,0.0,16508.0,0.0,0.16666666666666666,0.0,0.8333333333333334,0.004159450531005859,0.004503846168518066,0.05810423629699849,0.004404783248901367,0.0,0,cc31c3f1-ecfa-425e-88e4-580a5ae7e4c8,20260816,aggregate,adverse-conflict,1,local-adverse-authority
6,12,1,12,829,0.16666666666666666,2.0,1,6,1,1.0,0.0,0.0,-0.0,-0.0,0.16666666666666666,0.5,168.0,0.0,0.08333333333333333,0.0,0.8333333333333334,0.032233476638793945,0.03315705060958862,0.017607134689103597,0.03277850151062012,7.510185241699219e-05,0,60cf8097-8cda-4444-a2c4-21b499f23f61,20260816,aggregate,adverse-conflict,1,local-adverse-authority
6,12,1,12,1911,0.16666666666666666,2.0,1,6,1,1.0,0.0,0.0,-0.0,-0.0,0.16666666666666666,0.5,228.0,0.0,0.08333333333333333,0.0,0.8333333333333334,0.0044402678807576495,0.005858170986175537,0.3042324740662925,0.005635976791381836,8.368492126464844e-05,0,49cc82f9-51da-47b8-999a-5918b33a2787,20260816,aggregate,adverse-conflict,1,local-adverse-authority
6,6,1,6,481,0.16666666666666666,1.0,1,6,1,1.0,0.0,0.0,-0.0,-0.0,0.16666666666666666,0.0,20127.0,0.0,0.16666666666666666,0.0,0.8333333333333334,0.0013355414072672527,0.0017195940017700195,0.20307641049938496,0.0016360282897949219,0.0,0,bb6e84b8-b5f8-4f58-9846-25d575eb09c3,20260816,aggregate,adverse-conflict,1,local-adverse-authority
6,6,1,6,542,0.16666666666666666,1.0,1,6,1,1.0,0.0,0.0,-0.0,-0.0,0.16666666666666666,0.0,13.0,0.0,0.16666666666666666,0.0,0.8333333333333334,0.03826117515563965,0.03895890712738037,0.016827039002643023,0.03878068923950195,0.0,0,69b9c7bd-fb2f-4855-b9e8-839ee0491d40,20260816,aggregate,adverse-conflict,1,local-adverse-authority
6,12,1,12,1143,0.16666666666666666,2.0,1,6,1,1.0,0.0,0.0,-0.0,-0.0,0.16666666666666666,0.5,60.0,0.0,0.08333333333333333,0.0,0.8333333333333334,0.0067842404047648115,0.007157349586486816,0.035056617073809276,0.006927013397216797,4.7206878662109375e-05,0,a92dbe0a-b40a-484f-b238-72498484348a,20260816,aggregate,adverse-conflict,1,local-adverse-authority
6,12,1,12,990,0.16666666666666666,2.0,1,6,1,1.0,0.0,0.0,-0.0,-0.0,0.16666666666666666,0.5,240.0,0.0,0.08333333333333333,0.0,0.8333333333333334,0.005963246027628581,0.00644388198852539,0.05426286961848954,0.005984067916870117,0.0002422332763671875,0,eac80d98-9bfa-4441-8444-10a0028385f5,20260816,aggregate,adverse-conflict,1,local-adverse-authority
6,12,1,12,894,0.16666666666666666,2.0,1,6,1,1.0,0.0,0.0,-0.0,-0.0,0.16666666666666666,0.5,20.0,0.0,0.08333333333333333,0.0,0.8333333333333334,0.02289426326751709,0.023405289649963378,0.015879764967001043,0.022988557815551758,0.00010538101196289062,0,85df6fa0-bd2c-4fcc-946d-5bff72790126,20260816,aggregate,adverse-conflict,1,local-adverse-authority
6,12,1,12,1156,0.16666666666666666,2.0,1,6,1,1.0,0.0,0.0,-0.0,-0.0,0.16666666666666666,0.5,55.0,0.0,0.08333333333333333,0.0,0.8333333333333334,0.020120660463968914,0.020496535301208495,0.01301304117708101,0.020168304443359375,5.3882598876953125e-05,0,e57e950d-8faf-4c81-bac0-3b150accde12,20260816,aggregate,adverse-conflict,1,local-adverse-authority
6,12,1,12,1335,0.16666666666666666,2.0,1,6,1,1.0,0.0,0.0,-0.0,-0.0,0.16666666666666666,0.5,300.0,0.0,0.08333333333333333,0.0,0.8333333333333334,0.031385580698649086,0.0323124885559082,0.021558676013672468,0.03092169761657715,0.001264810562133789,0,e4033d0b-d010-4ad1-a92e-be036d8041a0,20260816,aggregate,adverse-conflict,1,local-adverse-authority
6,12,1,12,881,0.16666666666666666,2.0,1,6,1,1.0,0.0,0.0,-0.0,-0.0,0.16666666666666666,0.5,354.0,0.0,0.08333333333333333,0.0,0.8333333333333334,0.005420009295145671,0.007745289802551269,0.30663804816689844,0.006664276123046875,5.6743621826171875e-05,0,8a144970-13a8-48ff-96d6-eac889d80123,20260816,aggregate,adverse-conflict,1,local-adverse-authority
6,6,1,6,439,0.16666666666666666,1.0,1,6,1,1.0,0.0,0.0,-0.0,-0.0,0.16666666666666666,0.0,8.0,0.0,0.16666666666666666,0.0,0.8333333333333334,0.001979271570841471,0.0023735761642456055,0.161835255573713,0.002221822738647461,0.0,0,5a2c2246-35fa-4792-bf54-f2a397b0285b,20260816,aggregate,adverse-conflict,1,local-adverse-authority
6,12,1,12,938,0.16666666666666666,2.0,1,6,1,1.0,0.0,0.0,-0.0,-0.0,0.16666666666666666,0.5,300.0,0.0,0.08333333333333333,0.0,0.8333333333333334,0.0176085631052653,0.018265914916992188,0.03160601207426425,0.018016815185546875,2.956390380859375e-05,0,4bf7417b-c8b8-42fb-a577-916acdb22db1,20260816,aggregate,adverse-conflict,1,local-adverse-authority
6,12,1,12,1400,0.16666666666666666,2.0,1,6,1,1.0,0.0,0.0,-0.0,-0.0,0.16666666666666666,0.5,245.0,0.0,0.08333333333333333,0.0,0.8333333333333334,0.003413120905558268,0.003823292255401611,0.08515658635266139,0.0033614635467529297,7.367134094238281e-05,0,9642422e-f927-4d4c-98cb-173e9dceb372,20260816,aggregate,adverse-conflict,1,local-adverse-authority
1,1,1,1,128,1.0,1.0,1,1,1,1.0,0.0,0.0,-0.0,-0.0,1.0,0.0,300.0,0.0,1.0,0.0,0.0,0.003950595855712891,0.003950595855712891,0.0,0.003609895706176758,0.0,0,fb57ee5b-d2ac-47a7-b089-3338bb2803ca,20260816,aggregate,adverse-ecs-mismatch,1,local-adverse-authority
6,12,1,12,868,0.16666666666666666,2.0,1,6,1,1.0,0.0,0.0,-0.0,-0.0,0.16666666666666666,0.5,176.0,0.0,0.08333333333333333,0.0,0.8333333333333334,0.005594730377197266,0.007445967197418213,0.2537533219833062,0.006806373596191406,4.696846008300781e-05,0,830d0064-e58c-4d4a-8c79-295f079a47fc,20260816,aggregate,adverse-conflict,1,local-adverse-authority
6,12,1,12,1143,0.16666666666666666,2.0,1,6,1,1.0,0.0,0.0,-0.0,-0.0,0.16666666666666666,0.5,70.0,0.0,0.08333333333333333,0.0,0.8333333333333334,0.00795137882232666,0.010306084156036377,0.2692451298907577,0.009050369262695312,4.124641418457031e-05,0,b79b240c-1d8a-4293-a8c6-0b0454743b07,20260816,aggregate,adverse-conflict,1,local-adverse-authority
6,12,1,12,920,0.16666666666666666,2.0,1,6,1,1.0,0.0,0.0,-0.0,-0.0,0.16666666666666666,0.5,15498.0,0.0,0.08333333333333333,0.0,0.8333333333333334,0.01009825865427653,0.010971307754516602,0.06980228887772712,0.010296821594238281,3.337860107421875e-05,0,7e64ccf6-4599-491b-aaca-780c41b4a18f,20260816,aggregate,adverse-conflict,1,local-adverse-authority
1,1,1,1,110,1.0,1.0,1,1,1,1.0,0.0,0.0,-0.0,-0.0,1.0,0.0,60.0,0.0,1.0,0.0,0.0,0.016821861267089844,0.016821861267089844,0.0,0.015481948852539062,0.0,0,f1211c6a-d8fe-486b-a3f8-1e9eb21a62ad,20260816,aggregate,adverse-ecs-mismatch,1,local-adverse-authority
6,6,1,6,446,0.16666666666666666,1.0,1,6,1,1.0,0.0,0.0,-0.0,-0.0,0.16666666666666666,0.0,300.0,0.0,0.16666666666666666,0.0,0.8333333333333334,0.01707621415456136,0.018287479877471924,0.04894126059996711,0.01782989501953125,0.0,0,9f886ca6-88fe-4763-9f7f-c31801c69785,20260816,aggregate,adverse-conflict,1,local-adverse-authority
1,1,1,1,136,1.0,1.0,1,1,1,1.0,0.0,0.0,-0.0,-0.0,1.0,0.0,300.0,0.0,1.0,0.0,0.0,0.002393484115600586,0.002393484115600586,0.0,0.0022988319396972656,0.0,0,b808667e-2a04-4af3-aed8-799cf78e20cd,20260816,aggregate,adverse-ecs-mismatch,1,local-adverse-authority
6,12,1,12,1182,0.16666666666666666,2.0,1,6,1,1.0,0.0,0.0,-0.0,-0.0,0.16666666666666666,0.5,2986.0,0.0,0.08333333333333333,0.0,0.8333333333333334,0.04095562299092611,0.04238494634628296,0.016693978033832744,0.0412139892578125,8.177757263183594e-05,0,1d1ab8bd-676d-4f6b-8088-03f8071bbae7,20260816,aggregate,adverse-conflict,1,local-adverse-authority
6,12,1,12,855,0.16666666666666666,2.0,1,6,1,1.0,0.0,0.0,-0.0,-0.0,0.16666666666666666,0.5,275.0,0.0,0.08333333333333333,0.0,0.8333333333333334,0.00446625550587972,0.004986083507537842,0.07503865383132985,0.00438380241394043,2.5510787963867188e-05,0,c3a12c30-807b-4e32-850f-7385d2d9c6d1,20260816,aggregate,adverse-conflict,1,local-adverse-authority
6,12,1,12,899,0.16666666666666666,2.0,1,6,1,1.0,0.0,0.0,-0.0,-0.0,0.16666666666666666,0.5,166.0,0.0,0.08333333333333333,0.0,0.8333333333333334,0.013883709907531738,0.014503073692321778,0.03607450462833696,0.014258861541748047,3.1948089599609375e-05,0,2f79eaec-a858-4b28-a1ac-81935acc89a4,20260816,aggregate,adverse-conflict,1,local-adverse-authority
6,12,1,12,855,0.16666666666666666,2.0,1,6,1,1.0,0.0,0.0,-0.0,-0.0,0.16666666666666666,0.5,11.0,0.0,0.08333333333333333,0.0,0.8333333333333334,0.005420605341593425,0.005786800384521484,0.04505245464422146,0.005734443664550781,2.574920654296875e-05,0,a3c2d3bc-6ccf-48d2-b209-e8396c07a0c2,20260816,aggregate,adverse-conflict,1,local-adverse-authority
6,12,1,12,907,0.16666666666666666,2.0,1,6,1,1.0,0.0,0.0,-0.0,-0.0,0.16666666666666666,0.5,19965.0,0.0,0.08333333333333333,0.0,0.8333333333333334,0.0076140960057576495,0.008173108100891113,0.0529070110687264,0.007238626480102539,2.6226043701171875e-05,0,8718326a-a336-4eae-a436-e70815def9be,20260816,aggregate,adverse-conflict,1,local-adverse-authority
6,12,1,12,907,0.16666666666666666,2.0,1,6,1,1.0,0.0,0.0,-0.0,-0.0,0.16666666666666666,0.5,300.0,0.0,0.08333333333333333,0.0,0.8333333333333334,0.006635308265686035,0.007085180282592774,0.03943299120310732,0.007013559341430664,4.100799560546875e-05,0,2bc47954-74ba-402d-913e-36e6beac4a4c,20260816,aggregate,adverse-conflict,1,local-adverse-authority
6,12,1,12,1208,0.16666666666666666,2.0,1,6,1,1.0,0.0,0.0,-0.0,-0.0,0.16666666666666666,0.5,60.0,0.0,0.08333333333333333,0.0,0.8333333333333334,0.00626989205678304,0.008378231525421142,0.16419973421040268,0.007188558578491211,4.124641418457031e-05,0,3554eb05-4972-404b-ab13-982c8d464e76,20260816,aggregate,adverse-conflict,1,local-adverse-authority
6,12,1,12,790,0.16666666666666666,2.0,1,6,1,1.0,0.0,0.0,-0.0,-0.0,0.16666666666666666,0.5,223.0,0.0,0.08333333333333333,0.0,0.8333333333333334,0.023389736811319988,0.02393440008163452,0.021034947056694016,0.02339482307434082,4.935264587402344e-05,0,d3e67492-ec46-4fe8-b960-919f692a2b22,20260816,aggregate,adverse-conflict,1,local-adverse-authority
6,6,1,6,748,0.16666666666666666,1.0,1,6,1,1.0,0.0,0.0,-0.0,-0.0,0.16666666666666666,0.0,293.0,0.0,0.16666666666666666,0.0,0.8333333333333334,0.0014547109603881836,0.0018867850303649902,0.19086230777843968,0.0018444061279296875,0.0,0,535695ba-08f7-4f70-8e59-14f35c61c5e7,20260816,aggregate,adverse-conflict,1,local-adverse-authority
6,12,1,12,829,0.16666666666666666,2.0,1,6,1,1.0,0.0,0.0,-0.0,-0.0,0.16666666666666666,0.5,300.0,0.0,0.08333333333333333,0.0,0.8333333333333334,0.006104747454325358,0.006677436828613281,0.052573509007106195,0.006597042083740234,5.14984130859375e-05,0,c317ff47-e16f-4d0a-b4af-17fe78d3586c,20260816,aggregate,adverse-conflict,1,local-adverse-authority
6,12,1,12,1008,0.16666666666666666,2.0,1,6,1,1.0,0.0,0.0,-0.0,-0.0,0.16666666666666666,0.5,372.0,0.0,0.08333333333333333,0.0,0.8333333333333334,0.08200474580128987,0.08481670618057251,0.021751722550205816,0.0834348201751709,8.320808410644531e-05,0,6fb6e2e5-2ff9-4c07-990c-740cab0fc747,20260816,aggregate,adverse-conflict,1,local-adverse-authority
6,6,1,6,439,0.16666666666666666,1.0,1,6,1,1.0,0.0,0.0,-0.0,-0.0,0.16666666666666666,0.0,9.0,0.0,0.16666666666666666,0.0,0.8333333333333334,0.0178606112798055,0.018749654293060303,0.03589954406259273,0.01761460304260254,0.0,0,1689db5a-7dab-4054-9d55-c9e3dd010b2b,20260816,aggregate,adverse-conflict,1,local-adverse-authority
6,12,1,12,1387,0.16666666666666666,2.0,1,6,1,1.0,0.0,0.0,-0.0,-0.0,0.16666666666666666,0.5,300.0,0.0,0.08333333333333333,0.0,0.8333333333333334,0.021098852157592773,0.022684621810913085,0.0611955680286289,0.021370887756347656,8.96453857421875e-05,0,1b936a01-2449-4d3d-8cf8-963356cd550e,20260816,aggregate,adverse-conflict,1,local-adverse-authority
6,12,1,12,868,0.16666666666666666,2.0,1,6,1,1.0,0.0,0.0,-0.0,-0.0,0.16666666666666666,0.5,185.0,0.0,0.08333333333333333,0.0,0.8333333333333334,0.027375260988871258,0.02882983684539795,0.03477434412774482,0.02741217613220215,0.0005993843078613281,0,b59ef9a9-ca2e-40c7-b8b5-56be7a9614f9,20260816,aggregate,adverse-conflict,1,local-adverse-authority
6,12,1,12,1021,0.16666666666666666,2.0,1,6,1,1.0,0.0,0.0,-0.0,-0.0,0.16666666666666666,0.5,512.0,0.0,0.08333333333333333,0.0,0.8333333333333334,0.005131244659423828,0.006274199485778809,0.14653391672641933,0.004134178161621094,3.3855438232421875e-05,0,310ca698-8b80-42f3-bdc5-e7b537e771cf,20260816,aggregate,adverse-conflict,1,local-adverse-authority
6,12,1,12,1091,0.16666666666666666,2.0,1,6,1,1.0,0.0,0.0,-0.0,-0.0,0.16666666666666666,0.5,10.0,0.0,0.08333333333333333,0.0,0.8333333333333334,0.00524596373240153,0.006007552146911621,0.09138548404252737,0.005285501480102539,5.4836273193359375e-05,0,4d27b687-a227-4b05-9fa2-a55963b1fd57,20260816,aggregate,adverse-conflict,1,local-adverse-authority
6,6,1,6,439,0.16666666666666666,1.0,1,6,1,1.0,0.0,0.0,-0.0,-0.0,0.16666666666666666,0.0,300.0,0.0,0.16666666666666666,0.0,0.8333333333333334,0.002448399861653646,0.0029487013816833496,0.1809283305320891,0.0027103424072265625,0.0,0,2fe75351-1865-4260-bb39-d9b94db8dd1b,20260816,aggregate,adverse-conflict,1,local-adverse-authority
1,1,1,1,124,1.0,1.0,1,1,1,1.0,0.0,1.0,-0.0,-0.0,1.0,0.0,300.0,0.0,1.0,0.0,0.0,0.0026717185974121094,0.0026717185974121094,0.0,0.0025534629821777344,0.0,0,6432a5da-8e93-4110-9556-e18a3d5bafdf,20260816,aggregate,adverse-ecs-mismatch,1,local-adverse-authority
6,6,1,6,535,0.16666666666666666,1.0,1,6,1,1.0,0.0,0.0,-0.0,-0.0,0.16666666666666666,0.0,119.0,0.0,0.16666666666666666,0.0,0.8333333333333334,0.038088599840799965,0.03943288326263428,0.02827547032202557,0.03833150863647461,0.0,0,99cd4bca-5270-4f68-baf5-8853efffcc4b,20260816,aggregate,adverse-conflict,1,local-adverse-authority
6,12,1,12,990,0.16666666666666666,2.0,1,6,1,1.0,0.0,0.0,-0.0,-0.0,0.16666666666666666,0.5,34.0,0.0,0.08333333333333333,0.0,0.8333333333333334,0.006336569786071777,0.0067657470703125,0.045626250651821874,0.006432771682739258,4.9591064453125e-05,0,badbb2c8-dd57-466d-86d6-966ab5ad4ef3,20260816,aggregate,adverse-conflict,1,local-adverse-authority
6,12,1,12,803,0.16666666666666666,2.0,1,6,1,1.0,0.0,0.0,-0.0,-0.0,0.16666666666666666,0.5,20.0,0.0,0.08333333333333333,0.0,0.8333333333333334,0.08519895871480306,0.08616769313812256,0.007979359119052322,0.08570194244384766,6.914138793945312e-05,0,6785bbf4-80d4-43c6-8b46-797690b1bd98,20260816,aggregate,adverse-conflict,1,local-adverse-authority
6,12,1,12,881,0.16666666666666666,2.0,1,6,1,1.0,0.0,0.0,-0.0,-0.0,0.16666666666666666,0.5,300.0,0.0,0.08333333333333333,0.0,0.8333333333333334,0.024540265401204426,0.025018036365509033,0.015000590440079158,0.024789094924926758,4.410743713378906e-05,0,953b9d69-712f-460f-ba50-16227596cd1c,20260816,aggregate,adverse-conflict,1,local-adverse-authority
6,12,1,12,1016,0.16666666666666666,2.0,1,6,1,1.0,0.0,0.0,-0.0,-0.0,0.16666666666666666,0.5,282.0,0.0,0.08333333333333333,0.0,0.8333333333333334,0.03495323657989502,0.0374947190284729,0.050757153810017656,0.036800384521484375,0.00033020973205566406,0,1dfd3b43-c1c7-4f31-976d-dbf9db1a4f1f,20260816,aggregate,adverse-conflict,1,local-adverse-authority
6,6,1,6,631,0.16666666666666666,1.0,1,6,1,1.0,0.0,0.0,-0.0,-0.0,0.16666666666666666,0.0,447.0,0.0,0.16666666666666666,0.0,0.8333333333333334,0.006253242492675781,0.00745922327041626,0.1911150213244923,0.006959676742553711,0.0,0,00aa1a21-25ad-4a53-8f88-9e8031337ad2,20260816,aggregate,adverse-conflict,1,local-adverse-authority
6,12,1,12,1003,0.16666666666666666,2.0,1,6,1,1.0,0.0,0.0,-0.0,-0.0,0.16666666666666666,0.5,300.0,0.0,0.08333333333333333,0.0,0.8333333333333334,0.005016128222147624,0.007797706127166748,0.31437947080780126,0.007503986358642578,5.030632019042969e-05,0,93436e07-542c-41da-a087-c5039c73a8fd,20260816,aggregate,adverse-conflict,1,local-adverse-authority
6,6,1,6,481,0.16666666666666666,1.0,1,6,1,1.0,0.0,0.0,-0.0,-0.0,0.16666666666666666,0.0,21171.0,0.0,0.16666666666666666,0.0,0.8333333333333334,0.0027342637379964194,0.003399789333343506,0.15149394485819132,0.0032608509063720703,0.0,0,9c744aba-9e10-41f4-a242-543b55feb38f,20260816,aggregate,adverse-conflict,1,local-adverse-authority
6,12,1,12,1213,0.16666666666666666,2.0,1,6,1,1.0,0.0,0.0,-0.0,-0.0,0.16666666666666666,0.5,1585.0,0.0,0.08333333333333333,0.0,0.8333333333333334,0.03622229894002279,0.03699935674667358,0.01665374605818219,0.03590822219848633,5.221366882324219e-05,0,e35d45f3-55f6-4989-be71-5c2c21c37c7f,20260816,aggregate,adverse-conflict,1,local-adverse-authority
6,12,1,12,925,0.16666666666666666,2.0,1,6,1,1.0,0.0,0.0,-0.0,-0.0,0.16666666666666666,0.5,300.0,0.0,0.08333333333333333,0.0,0.8333333333333334,0.11439184347788493,0.11605101823806763,0.016073653930116345,0.11400389671325684,3.933906555175781e-05,0,4c24540e-55bb-4787-9a41-8b28cb3fee0d,20260816,aggregate,adverse-conflict,1,local-adverse-authority
6,12,1,12,894,0.16666666666666666,2.0,1,6,1,1.0,0.0,0.0,-0.0,-0.0,0.16666666666666666,0.5,900.0,0.0,0.08333333333333333,0.0,0.8333333333333334,0.006982048352559407,0.008296096324920654,0.1362738934648626,0.00747227668762207,0.00040602684020996094,0,146eeaf5-d8d5-487a-adfe-b14f1c08b085,20260816,aggregate,adverse-conflict,1,local-adverse-authority
6,6,1,6,521,0.16666666666666666,1.0,1,6,1,1.0,0.0,0.0,-0.0,-0.0,0.16666666666666666,0.0,161.0,0.0,0.16666666666666666,0.0,0.8333333333333334,0.0027184089024861655,0.0031862258911132812,0.12878976787547314,0.0030896663665771484,0.0,0,1cacb57d-2334-4f4a-a71c-d245583179be,20260816,aggregate,adverse-conflict,1,local-adverse-authority
6,12,1,12,1021,0.16666666666666666,2.0,1,6,1,1.0,0.0,0.0,-0.0,-0.0,0.16666666666666666,0.5,244.0,0.0,0.08333333333333333,0.0,0.8333333333333334,0.016848166783650715,0.019726216793060303,0.1130856952077374,0.01777052879333496,0.00035643577575683594,0,eea7baef-1760-4b32-be30-fc3278f276da,20260816,aggregate,adverse-conflict,1,local-adverse-authority
6,12,1,12,1130,0.16666666666666666,2.0,1,6,1,1.0,0.0,0.0,-0.0,-0.0,0.16666666666666666,0.5,60.0,0.0,0.08333333333333333,0.0,0.8333333333333334,0.03833127021789551,0.039161837100982665,0.016766713537451412,0.03847861289978027,5.650520324707031e-05,0,2deac123-19f3-4e3e-892e-7d4350dda835,20260816,aggregate,adverse-conflict,1,local-adverse-authority
6,12,1,12,881,0.16666666666666666,2.0,1,6,1,1.0,0.0,0.0,-0.0,-0.0,0.16666666666666666,0.5,277.0,0.0,0.08333333333333333,0.0,0.8333333333333334,0.022602359453837078,0.026630103588104248,0.082381093100082,0.023517131805419922,2.7418136596679688e-05,0,5240555a-cbf7-4fad-9223-e617b4dd8a64,20260816,aggregate,adverse-conflict,1,local-adverse-authority
1,1,1,1,126,1.0,1.0,1,1,1,1.0,0.0,0.0,-0.0,-0.0,1.0,0.0,300.0,0.0,1.0,0.0,0.0,0.015011072158813477,0.015011072158813477,0.0,0.014938831329345703,0.0,0,d9ebafb2-9c7f-4efd-8bf8-d5b8fcf7f052,20260816,aggregate,adverse-ecs-mismatch,1,local-adverse-authority
6,6,1,6,563,0.16666666666666666,1.0,1,6,1,1.0,0.0,0.0,-0.0,-0.0,0.16666666666666666,0.0,18052.0,0.0,0.16666666666666666,0.0,0.8333333333333334,0.002774834632873535,0.0033481717109680176,0.17489298240733037,0.002949953079223633,0.0,0,85a57e73-5e87-42c6-a5fb-db4059f38381,20260816,aggregate,adverse-conflict,1,local-adverse-authority
6,12,1,12,1156,0.16666666666666666,2.0,1,6,1,1.0,0.0,0.0,-0.0,-0.0,0.16666666666666666,0.5,50.0,0.0,0.08333333333333333,0.0,0.8333333333333334,0.016603708267211914,0.017040538787841796,0.016143321816777145,0.016726255416870117,4.1961669921875e-05,0,b1fb9673-3aaa-4019-a9f4-11b8739b1ad5,20260816,aggregate,adverse-conflict,1,local-adverse-authority
6,12,1,12,803,0.16666666666666666,2.0,1,6,1,1.0,0.0,0.0,-0.0,-0.0,0.16666666666666666,0.5,39.0,0.0,0.08333333333333333,0.0,0.8333333333333334,0.008949995040893555,0.01082838773727417,0.10830364670738422,0.009881734848022461,2.8371810913085938e-05,0,93ea39d5-efd7-47ca-bc91-17f87fdd5f47,20260816,aggregate,adverse-conflict,1,local-adverse-authority
6,12,1,12,1514,0.16666666666666666,2.0,1,6,1,1.0,0.0,0.0,-0.0,-0.0,0.16666666666666666,0.5,20.0,0.0,0.08333333333333333,0.0,0.8333333333333334,0.010340412457784018,0.012283790111541747,0.09979032382961649,0.011609792709350586,0.00010752677917480469,0,9e6041e0-ad1c-4d74-a4c2-d88904275ec5,20260816,aggregate,adverse-conflict,1,local-adverse-authority
6,12,1,12,803,0.16666666666666666,2.0,1,6,1,1.0,0.0,0.0,-0.0,-0.0,0.16666666666666666,0.5,60.0,0.0,0.08333333333333333,0.0,0.8333333333333334,0.003410895665486654,0.008284270763397217,0.7577712740921708,0.007085323333740234,0.00021338462829589844,0,147e2798-dcf6-464f-b9a8-322a7045717a,20260816,aggregate,adverse-conflict,1,local-adverse-authority
6,6,1,6,542,0.16666666666666666,1.0,1,6,1,1.0,0.0,0.0,-0.0,-0.0,0.16666666666666666,0.0,20.0,0.0,0.16666666666666666,0.0,0.8333333333333334,0.0017640193303426106,0.003529071807861328,0.6490093429233063,0.002692699432373047,0.0,0,9bd08272-980a-464e-a33d-73236c2582b3,20260816,aggregate,adverse-conflict,1,local-adverse-authority
6,6,1,6,528,0.16666666666666666,1.0,1,6,1,1.0,0.0,0.0,-0.0,-0.0,0.16666666666666666,0.0,223.0,0.0,0.16666666666666666,0.0,0.8333333333333334,0.00527644157409668,0.0076253414154052734,0.38787237687123544,0.005596160888671875,0.0,0,6b7bda68-d2aa-4f0c-bab2-c390126e9fab,20260816,aggregate,adverse-conflict,1,local-adverse-authority
6,12,1,12,899,0.16666666666666666,2.0,1,6,1,1.0,0.0,0.0,-0.0,-0.0,0.16666666666666666,0.5,166.0,0.0,0.08333333333333333,0.0,0.8333333333333334,0.04247907797495524,0.04426740407943726,0.027061432553039867,0.04361701011657715,3.600120544433594e-05,0,4ca48fc9-5702-45aa-9d49-ee9cd308727f,20260816,aggregate,adverse-conflict,1,local-adverse-authority
6,6,1,6,467,0.16666666666666666,1.0,1,6,1,1.0,0.0,0.0,-0.0,-0.0,0.16666666666666666,0.0,2221.0,0.0,0.16666666666666666,0.0,0.8333333333333334,0.0035802125930786133,0.004723072052001953,0.2752618598776032,0.0042324066162109375,0.0,0,f4b5195f-feac-49d5-8734-865248f1ce1a,20260816,aggregate,adverse-conflict,1,local-adverse-authority
6,12,1,12,803,0.16666666666666666,2.0,1,6,1,1.0,0.0,0.0,-0.0,-0.0,0.16666666666666666,0.5,2321.0,0.0,0.08333333333333333,0.0,0.8333333333333334,0.017742514610290527,0.019586730003356933,0.0732696934086619,0.01886272430419922,2.5272369384765625e-05,0,938a1a59-8513-4e04-b872-47ad254798ba,20260816,aggregate,adverse-conflict,1,local-adverse-authority
6,12,1,12,951,0.16666666666666666,2.0,1,6,1,1.0,0.0,0.0,-0.0,-0.0,0.16666666666666666,0.5,25.0,0.0,0.08333333333333333,0.0,0.8333333333333334,0.011244694391886393,0.012559843063354493,0.08347892504401572,0.011744499206542969,3.4332275390625e-05,0,849df915-9ace-43ca-b231-b818cdd8eb2b,20260816,aggregate,adverse-conflict,1,local-adverse-authority
6,12,1,12,1286,0.16666666666666666,2.0,1,6,1,1.0,0.0,0.0,-0.0,-0.0,0.16666666666666666,0.5,60.0,0.0,0.08333333333333333,0.0,0.8333333333333334,0.006327430407206218,0.007384073734283447,0.12228097960587334,0.0068895816802978516,3.552436828613281e-05,0,79b28956-526a-4a8d-b971-245ff8e5b3e8,20260816,aggregate,adverse-conflict,1,local-adverse-authority
6,12,1,12,938,0.16666666666666666,2.0,1,6,1,1.0,0.0,0.0,-0.0,-0.0,0.16666666666666666,0.5,20.0,0.0,0.08333333333333333,0.0,0.8333333333333334,0.03507113456726074,0.03781960010528564,0.047841327649583654,0.03504586219787598,6.723403930664062e-05,0,a3cd48dd-b4bb-4fe0-93aa-e271e1aaa0b5,20260816,aggregate,adverse-conflict,1,local-adverse-authority
6,12,1,12,1169,0.16666666666666666,2.0,1,6,1,1.0,0.0,0.0,-0.0,-0.0,0.16666666666666666,0.5,60.0,0.0,0.08333333333333333,0.0,0.8333333333333334,0.015346924463907877,0.01637270450592041,0.06240212879787325,0.015373945236206055,5.1975250244140625e-05,0,0b15019b-ab02-484e-ad85-90c6784d9a25,20260816,aggregate,adverse-conflict,1,local-adverse-authority
6,6,1,6,631,0.16666666666666666,1.0,1,6,1,1.0,0.0,0.0,-0.0,-0.0,0.16666666666666666,0.0,127.0,0.0,0.16666666666666666,0.0,0.8333333333333334,0.0042572816212972,0.004635334014892578,0.06578953843790451,0.0044803619384765625,0.0,0,cfe62525-27a1-4d62-9188-052df3e7487d,20260816,aggregate,adverse-conflict,1,local-adverse-authority
6,12,1,12,1003,0.16666666666666666,2.0,1,6,1,1.0,0.0,0.0,-0.0,-0.0,0.16666666666666666,0.5,60.0,0.0,0.08333333333333333,0.0,0.8333333333333334,0.03754552205403646,0.03962259292602539,0.0464683671879192,0.03620266914367676,5.626678466796875e-05,0,f394415d-1619-48b7-a8c9-4986fd7c3821,20260816,aggregate,adverse-conflict,1,local-adverse-authority
6,12,1,12,873,0.16666666666666666,2.0,1,6,1,1.0,0.0,0.0,-0.0,-0.0,0.16666666666666666,0.5,205.0,0.0,0.08333333333333333,0.0,0.8333333333333334,0.016432007153828938,0.018222475051879884,0.0710678243188547,0.01669025421142578,0.00013065338134765625,0,937d3bb1-ff66-4ae1-9adc-94af1c6db9cf,20260816,aggregate,adverse-conflict,1,local-adverse-authority
6,12,1,12,855,0.16666666666666666,2.0,1,6,1,1.0,0.0,0.0,-0.0,-0.0,0.16666666666666666,0.5,60.0,0.0,0.08333333333333333,0.0,0.8333333333333334,0.08005201816558838,0.0811693549156189,0.01106884520800535,0.08050823211669922,0.0002028942108154297,0,7100f926-3504-46b2-ab2c-4e721c07f22e,20260816,aggregate,adverse-conflict,1,local-adverse-authority
6,12,1,12,933,0.16666666666666666,2.0,1,6,1,1.0,0.0,0.0,-0.0,-0.0,0.16666666666666666,0.5,300.0,0.0,0.08333333333333333,0.0,0.8333333333333334,0.04179290930430094,0.04330621957778931,0.025552192043952707,0.04145193099975586,6.222724914550781e-05,0,37ce8364-3192-498a-b89e-9663733f47cc,20260816,aggregate,adverse-conflict,1,local-adverse-authority
6,12,1,12,868,0.16666666666666666,2.0,1,6,1,1.0,0.0,0.0,-0.0,-0.0,0.16666666666666666,0.5,300.0,0.0,0.08333333333333333,0.0,0.8333333333333334,0.003367900848388672,0.003917515277862549,0.11365424287241595,0.003748178482055664,3.457069396972656e-05,0,292ccf71-be35-43f1-a623-68421b53f013,20260816,aggregate,adverse-conflict,1,local-adverse-authority
6,6,1,6,898,0.16666666666666666,1.0,1,6,1,1.0,0.0,0.0,-0.0,-0.0,0.16666666666666666,0.0,252.0,0.0,0.16666666666666666,0.0,0.8333333333333334,0.012916366259256998,0.014768421649932861,0.09422217883402838,0.014874696731567383,0.0,0,d19d8885-714a-4c87-9529-8b9346284d96,20260816,aggregate,adverse-conflict,1,local-adverse-authority
6,12,1,12,1195,0.16666666666666666,2.0,1,6,1,1.0,0.0,0.0,-0.0,-0.0,0.16666666666666666,0.5,300.0,0.0,0.08333333333333333,0.0,0.8333333333333334,0.03501856327056885,0.036257028579711914,0.02121957073955026,0.03560376167297363,8.58306884765625e-05,0,e8bc16ac-e4c6-4f05-9a3f-b611f8ebbc8f,20260816,aggregate,adverse-conflict,1,local-adverse-authority
6,12,1,12,938,0.16666666666666666,2.0,1,6,1,1.0,0.0,0.0,-0.0,-0.0,0.16666666666666666,0.5,570.0,0.0,0.08333333333333333,0.0,0.8333333333333334,0.04522458712259928,0.046649706363677976,0.02077645765916903,0.045009613037109375,0.0006136894226074219,0,719c1873-e03b-481c-ad6a-8498d274d239,20260816,aggregate,adverse-conflict,1,local-adverse-authority
6,12,1,12,1003,0.16666666666666666,2.0,1,6,1,1.0,0.0,0.0,-0.0,-0.0,0.16666666666666666,0.5,16.0,0.0,0.08333333333333333,0.0,0.8333333333333334,0.03126279513041178,0.0316274881362915,0.008502484634785616,0.031246185302734375,3.1948089599609375e-05,0,2fd62edd-a979-4303-baa3-8908625039c9,20260816,aggregate,adverse-conflict,1,local-adverse-authority
6,12,1,12,829,0.16666666666666666,2.0,1,6,1,1.0,0.0,0.0,-0.0,-0.0,0.16666666666666666,0.5,300.0,0.0,0.08333333333333333,0.0,0.8333333333333334,0.02010985215504964,0.0214604377746582,0.045712807535413194,0.0211331844329834,0.0005121231079101562,0,75e6829d-1cc0-4558-98bd-09db90b858d5,20260816,aggregate,adverse-conflict,1,local-adverse-authority
6,6,1,6,481,0.16666666666666666,1.0,1,6,1,1.0,0.0,0.0,-0.0,-0.0,0.16666666666666666,0.0,20122.0,0.0,0.16666666666666666,0.0,0.8333333333333334,0.013263225555419922,0.014185547828674316,0.0580118190583293,0.01356959342956543,0.0,0,9644f1ae-6702-437e-8fa5-202a02f0a6f0,20260816,aggregate,adverse-conflict,1,local-adverse-authority
6,12,1,12,977,0.16666666666666666,2.0,1,6,1,1.0,0.0,0.0,-0.0,-0.0,0.16666666666666666,0.5,290.0,0.0,0.08333333333333333,0.0,0.8333333333333334,0.13358449935913086,0.13418294191360475,0.003673860378586899,0.13390159606933594,3.075599670410156e-05,0,ec0d019c-dcd2-4fcf-9635-ea52f6e82b42,20260816,aggregate,adverse-conflict,1,local-adverse-authority
6,12,1,12,855,0.16666666666666666,2.0,1,6,1,1.0,0.0,0.0,-0.0,-0.0,0.16666666666666666,0.5,13.0,0.0,0.08333333333333333,0.0,0.8333333333333334,0.024043599764506023,0.024748432636260986,0.018529927965007627,0.023957252502441406,3.838539123535156e-05,0,3ba641dc-17e6-4d16-b4da-cdbea0a0eb30,20260816,aggregate,adverse-conflict,1,local-adverse-authority
6,6,1,6,514,0.16666666666666666,1.0,1,6,1,1.0,0.0,0.0,-0.0,-0.0,0.16666666666666666,0.0,300.0,0.0,0.16666666666666666,0.0,0.8333333333333334,0.021388133366902668,0.021978139877319336,0.018297220753171528,0.021805286407470703,0.0,0,f65f0823-923c-426e-92bc-d6f80cbee89a,20260816,aggregate,adverse-conflict,1,local-adverse-authority
6,12,1,12,881,0.16666666666666666,2.0,1,6,1,1.0,0.0,0.0,-0.0,-0.0,0.16666666666666666,0.5,245.0,0.0,0.08333333333333333,0.0,0.8333333333333334,0.03337407112121582,0.03424803018569946,0.01331183587943255,0.033399105072021484,7.557868957519531e-05,0,781d8af5-6307-4dd1-b4d6-074844c08fe3,20260816,aggregate,adverse-conflict,1,local-adverse-authority
6,6,1,6,425,0.16666666666666666,1.0,1,6,1,1.0,0.0,0.0,-0.0,-0.0,0.16666666666666666,0.0,495.0,0.0,0.16666666666666666,0.0,0.8333333333333334,0.035068670908610024,0.0357968807220459,0.020703042748485636,0.03536510467529297,0.0,0,ae2ec6a2-806b-4b9a-95fe-cc4a8be31d13,20260816,aggregate,adverse-conflict,1,local-adverse-authority
6,12,1,12,723,0.16666666666666666,2.0,1,6,1,1.0,1.0,0.0,-0.0,-0.0,0.16666666666666666,0.5,83.0,0.0,0.08333333333333333,0.0,0.8333333333333334,0.03318659464518229,0.034154844284057614,0.024622941423184948,0.03303694725036621,7.724761962890625e-05,0,58c45475-e578-49d0-880f-e59d9bb013f7,20260816,aggregate,adverse-ecs-fanout,1,local-adverse-authority
6,12,1,12,806,0.16666666666666666,2.0,1,6,1,1.0,1.0,0.0,-0.0,-0.0,0.16666666666666666,0.5,40.0,0.0,0.08333333333333333,0.0,0.8333333333333334,0.037074883778889976,0.03806427717208862,0.018301049600634972,0.03734612464904785,3.981590270996094e-05,0,887a5c27-13b6-460c-bb57-fde7fb1f69fe,20260816,aggregate,adverse-ecs-fanout,1,local-adverse-authority
6,6,1,6,762,0.16666666666666666,1.0,1,6,1,1.0,0.0,0.0,-0.0,-0.0,0.16666666666666666,0.0,2388.0,0.0,0.16666666666666666,0.0,0.8333333333333334,0.004162112871805827,0.0051923394203186035,0.16702325908971707,0.003843545913696289,0.0,0,c7725841-c6e5-4c89-992e-5c1bf3c50997,20260816,aggregate,adverse-ecs-fanout,1,local-adverse-authority
6,6,1,6,425,0.16666666666666666,1.0,1,6,1,1.0,0.0,0.0,-0.0,-0.0,0.16666666666666666,0.0,14.0,0.0,0.16666666666666666,0.0,0.8333333333333334,0.0705183744430542,0.07158809900283813,0.011221331604035328,0.07061171531677246,0.0,0,b3c29764-d85f-4293-8de0-59c7a66294e4,20260816,aggregate,adverse-conflict,1,local-adverse-authority
6,12,1,12,1024,0.16666666666666666,2.0,1,6,1,1.0,1.0,0.0,-0.0,-0.0,0.16666666666666666,0.5,60.0,0.0,0.08333333333333333,0.0,0.8333333333333334,0.041013201077779136,0.04161415100097656,0.008868592987319249,0.04110431671142578,6.008148193359375e-05,0,57ae1e0a-eb15-4b82-86a1-f2abbeaf4a1d,20260816,aggregate,adverse-ecs-fanout,1,local-adverse-authority
6,6,1,6,460,0.16666666666666666,1.0,1,6,1,1.0,0.0,0.0,-0.0,-0.0,0.16666666666666666,0.0,568.0,0.0,0.16666666666666666,0.0,0.8333333333333334,0.0027979612350463867,0.003207683563232422,0.11277402550058829,0.002985715866088867,0.0,0,1dfabdbb-5c88-4d6e-8f95-6ec4da1c0a65,20260816,aggregate,adverse-ecs-fanout,1,local-adverse-authority
6,12,1,12,645,0.16666666666666666,2.0,1,6,1,1.0,1.0,0.0,-0.0,-0.0,0.16666666666666666,0.5,198.0,0.0,0.08333333333333333,0.0,0.8333333333333334,0.06828745206197102,0.0687396764755249,0.00498474960467849,0.0682380199432373,3.2901763916015625e-05,0,dd484d22-6d81-435f-8758-3a7e78415908,20260816,aggregate,adverse-ecs-fanout,1,local-adverse-authority
6,6,1,6,741,0.16666666666666666,1.0,1,6,1,1.0,0.0,0.0,-0.0,-0.0,0.16666666666666666,0.0,60.0,0.0,0.16666666666666666,0.0,0.8333333333333334,0.002112865447998047,0.0025132298469543457,0.1415714338823635,0.002080678939819336,0.0,0,31360fd5-4caa-4fdb-9dfd-784eb5130298,20260816,aggregate,adverse-ecs-fanout,1,local-adverse-authority
6,12,1,12,1203,0.16666666666666666,2.0,1,6,1,1.0,1.0,0.0,-0.0,-0.0,0.16666666666666666,0.5,4233.0,0.0,0.08333333333333333,0.0,0.8333333333333334,0.018645564715067547,0.019171810150146483,0.015471314063067674,0.018985748291015625,6.4849853515625e-05,0,3892c9e8-58f5-4500-ac86-6f4ca4f80afe,20260816,aggregate,adverse-ecs-fanout,1,local-adverse-authority
6,12,1,12,1255,0.16666666666666666,2.0,1,6,1,1.0,1.0,0.0,-0.0,-0.0,0.16666666666666666,0.5,42.0,0.0,0.08333333333333333,0.0,0.8333333333333334,0.005215207735697429,0.0056540131568908695,0.05026905905757696,0.005453586578369141,7.081031799316406e-05,0,17d80499-61c8-44a6-b736-c26250886282,20260816,aggregate,adverse-ecs-fanout,1,local-adverse-authority
6,6,1,6,549,0.16666666666666666,1.0,1,6,1,1.0,0.0,0.0,-0.0,-0.0,0.16666666666666666,0.0,300.0,0.0,0.16666666666666666,0.0,0.8333333333333334,0.014695405960083008,0.01511847972869873,0.02121538368551062,0.014664411544799805,0.0,0,7940b699-346d-4c77-8d9c-18b5de128133,20260816,aggregate,adverse-ecs-fanout,1,local-adverse-authority
6,6,1,6,467,0.16666666666666666,1.0,1,6,1,1.0,0.0,0.0,-0.0,-0.0,0.16666666666666666,0.0,300.0,0.0,0.16666666666666666,0.0,0.8333333333333334,0.0023114681243896484,0.002815723419189453,0.1586925521352118,0.002491474151611328,0.0,0,87a057fa-f54a-4999-a232-ea93141acd1b,20260816,aggregate,adverse-ecs-fanout,1,local-adverse-authority
6,12,1,12,858,0.16666666666666666,2.0,1,6,1,1.0,1.0,0.0,-0.0,-0.0,0.16666666666666666,0.5,245.0,0.0,0.08333333333333333,0.0,0.8333333333333334,0.017885446548461914,0.01828700304031372,0.01441917609615064,0.018014907836914062,7.748603820800781e-05,0,4288d06a-841c-434c-8a31-a56e444d31aa,20260816,aggregate,adverse-ecs-fanout,1,local-adverse-authority
6,6,1,6,549,0.16666666666666666,1.0,1,6,1,1.0,0.0,0.0,-0.0,-0.0,0.16666666666666666,0.0,249.0,0.0,0.16666666666666666,0.0,0.8333333333333334,0.0032532215118408203,0.0036585330963134766,0.0894284602587095,0.003427743911743164,0.0,0,0734072d-c102-4ecb-964e-a65c10d4c847,20260816,aggregate,adverse-ecs-fanout,1,local-adverse-authority
6,12,1,12,819,0.16666666666666666,2.0,1,6,1,1.0,1.0,0.0,-0.0,-0.0,0.16666666666666666,0.5,208.0,0.0,0.08333333333333333,0.0,0.8333333333333334,0.006220300992329915,0.006582045555114746,0.03859074498713665,0.005785942077636719,3.7670135498046875e-05,0,ca52478a-aa4c-4812-aa14-3242a11e5a5a,20260816,aggregate,adverse-ecs-fanout,1,local-adverse-authority
4,4,4,4,186,1.0,1.0,4,0,0,0.0,0.0,0.0,1.0,1.0,0.25,0.0,0.0,0.0,0.25,0.0,0.0,7.508835077285767,7.509334373474121,5.564726831858786e-05,7.508673667907715,0.0,4,7455be51-e341-4f85-bc4f-a809474e419f,20260816,aggregate,benign-burst,0,cloudflare
6,12,1,12,1006,0.16666666666666666,2.0,1,6,1,1.0,1.0,0.0,-0.0,-0.0,0.16666666666666666,0.5,242.0,0.0,0.08333333333333333,0.0,0.8333333333333334,0.004721721013387044,0.00515444278717041,0.06204713869809123,0.004914760589599609,4.1484832763671875e-05,0,c55dc155-c74c-4bc7-afd6-2fa65768e347,20260816,aggregate,adverse-ecs-fanout,1,local-adverse-authority
6,12,1,12,985,0.16666666666666666,2.0,1,6,1,1.0,1.0,0.0,-0.0,-0.0,0.16666666666666666,0.5,267.0,0.0,0.08333333333333333,0.0,0.8333333333333334,0.006512165069580078,0.007007825374603272,0.048580948461448094,0.006654977798461914,7.891654968261719e-05,0,fec00498-fdb4-40db-94ad-eb9cf79a4bf8,20260816,aggregate,adverse-ecs-fanout,1,local-adverse-authority
4,4,4,4,229,1.0,1.0,4,0,0,0.0,0.0,0.0,1.0,1.0,0.5,0.25,300.0,0.0,0.5,0.0,0.0,5.634838938713074,7.507260155677796,0.5754258420521219,5.634626746177673,0.0,3,6f4bba65-afa7-4cd1-a3b8-9f52c9bc0b4d,20260816,aggregate,benign-burst,0,opendns
6,12,1,12,845,0.16666666666666666,2.0,1,6,1,1.0,1.0,0.0,-0.0,-0.0,0.16666666666666666,0.5,173.0,0.0,0.08333333333333333,0.0,0.8333333333333334,0.006578564643859863,0.007017910480499268,0.0481933410031513,0.006403446197509766,4.887580871582031e-05,0,68fcf8ad-ddcb-4eea-a7af-a0e73bd26137,20260816,aggregate,adverse-ecs-fanout,1,local-adverse-authority
6,12,1,12,819,0.16666666666666666,2.0,1,6,1,1.0,1.0,0.0,-0.0,-0.0,0.16666666666666666,0.5,208.0,0.0,0.08333333333333333,0.0,0.8333333333333334,0.028069217999776203,0.02860431671142578,0.012463024232777252,0.028303861618041992,5.626678466796875e-05,0,b9950a6e-cfd0-4cd8-90b7-05091a6f34a8,20260816,aggregate,adverse-ecs-fanout,1,local-adverse-authority
6,12,1,12,1255,0.16666666666666666,2.0,1,6,1,1.0,1.0,0.0,-0.0,-0.0,0.16666666666666666,0.5,220.0,0.0,0.08333333333333333,0.0,0.8333333333333334,0.009853323300679525,0.010208427906036377,0.025869964257676643,0.009845972061157227,7.271766662597656e-05,0,51eb590e-4855-4123-90f7-84afe1ae1379,20260816,aggregate,adverse-ecs-fanout,1,local-adverse-authority
6,12,1,12,985,0.16666666666666666,2.0,1,6,1,1.0,1.0,0.0,-0.0,-0.0,0.16666666666666666,0.5,1604.0,0.0,0.08333333333333333,0.0,0.8333333333333334,0.015922268231709797,0.016339564323425294,0.01756435876097582,0.016008377075195312,7.581710815429688e-05,0,0b9cf6a4-87f3-4016-85f2-f1ef45dd2ea7,20260816,aggregate,adverse-ecs-fanout,1,local-adverse-authority
6,6,1,6,989,0.16666666666666666,1.0,1,6,1,1.0,0.0,0.0,-0.0,-0.0,0.16666666666666666,0.0,173.0,0.0,0.16666666666666666,0.0,0.8333333333333334,0.0021425882975260415,0.0026943087577819824,0.19582434368458365,0.0021250247955322266,0.0,0,284c3281-22e4-4d33-92ec-51547b4f09db,20260816,aggregate,adverse-ecs-fanout,1,local-adverse-authority
6,12,1,12,697,0.16666666666666666,2.0,1,6,1,1.0,1.0,0.0,-0.0,-0.0,0.16666666666666666,0.5,300.0,0.0,0.08333333333333333,0.0,0.8333333333333334,0.04944924513498942,0.049878942966461184,0.005992328131919321,0.04937577247619629,6.222724914550781e-05,0,d625a0e6-67d3-4d6f-b050-a90e0eedfe88,20260816,aggregate,adverse-ecs-fanout,1,local-adverse-authority
6,6,1,6,804,0.16666666666666666,1.0,1,6,1,1.0,0.0,0.0,-0.0,-0.0,0.16666666666666666,0.0,15.0,0.0,0.16666666666666666,0.0,0.8333333333333334,0.012149651845296225,0.012518525123596191,0.021079251435440788,0.012387752532958984,0.0,0,d4d7ecd8-4605-4e61-8bf6-42467e4ae88e,20260816,aggregate,adverse-ecs-fanout,1,local-adverse-authority
6,12,1,12,697,0.16666666666666666,2.0,1,6,1,1.0,1.0,0.0,-0.0,-0.0,0.16666666666666666,0.5,10.0,0.0,0.08333333333333333,0.0,0.8333333333333334,0.00483552614847819,0.00526731014251709,0.056717649215702055,0.0048520565032958984,3.9577484130859375e-05,0,4771aa48-24a8-490d-94a8-0531ab5dc9ca,20260816,aggregate,adverse-ecs-fanout,1,local-adverse-authority
6,6,1,6,748,0.16666666666666666,1.0,1,6,1,1.0,0.0,0.0,-0.0,-0.0,0.16666666666666666,0.0,60.0,0.0,0.16666666666666666,0.0,0.8333333333333334,0.001852273941040039,0.0022827982902526855,0.15400431191207237,0.0021240711212158203,0.0,0,7a1d3b2e-44cc-4aa3-b397-707efee27582,20260816,aggregate,adverse-ecs-fanout,1,local-adverse-authority
6,6,1,6,968,0.16666666666666666,1.0,1,6,1,1.0,0.0,0.0,-0.0,-0.0,0.16666666666666666,0.0,156.0,0.0,0.16666666666666666,0.0,0.8333333333333334,0.0029294490814208984,0.003277122974395752,0.08445522143497677,0.00302886962890625,0.0,0,c90f5350-caf8-4183-af86-d989e89cb254,20260816,aggregate,adverse-ecs-fanout,1,local-adverse-authority
6,6,1,6,734,0.16666666666666666,1.0,1,6,1,1.0,0.0,0.0,-0.0,-0.0,0.16666666666666666,0.0,60.0,0.0,0.16666666666666666,0.0,0.8333333333333334,0.0023366610209147134,0.002734363079071045,0.1356080829879694,0.0023071765899658203,0.0,0,328bdf13-ede3-4bbf-bbe1-a650d6cbf4b9,20260816,aggregate,adverse-ecs-fanout,1,local-adverse-authority
6,12,1,12,1037,0.16666666666666666,2.0,1,6,1,1.0,1.0,0.0,-0.0,-0.0,0.16666666666666666,0.5,60.0,0.0,0.08333333333333333,0.0,0.8333333333333334,0.08183018366495769,0.08225557804107667,0.003696132136963999,0.08184075355529785,5.2928924560546875e-05,0,c0ad472e-5446-4d13-be87-ecdb57f1a770,20260816,aggregate,adverse-ecs-fanout,1,local-adverse-authority
6,12,1,12,819,0.16666666666666666,2.0,1,6,1,1.0,1.0,0.0,-0.0,-0.0,0.16666666666666666,0.5,300.0,0.0,0.08333333333333333,0.0,0.8333333333333334,0.007855693499247232,0.008648955821990966,0.05155304527320745,0.007927894592285156,4.839897155761719e-05,0,48793f01-1a60-4b82-be43-8e75104df586,20260816,aggregate,adverse-ecs-fanout,1,local-adverse-authority
6,6,1,6,535,0.16666666666666666,1.0,1,6,1,1.0,0.0,0.0,-0.0,-0.0,0.16666666666666666,0.0,28.0,0.0,0.16666666666666666,0.0,0.8333333333333334,0.00464475154876709,0.005141019821166992,0.07651116857088826,0.004863739013671875,0.0,0,1b905a69-aed0-4b06-a48f-f3a4735179fb,20260816,aggregate,adverse-ecs-fanout,1,local-adverse-authority
6,12,1,12,736,0.16666666666666666,2.0,1,6,1,1.0,1.0,0.0,-0.0,-0.0,0.16666666666666666,0.5,60.0,0.0,0.08333333333333333,0.0,0.8333333333333334,0.05201880137125651,0.05243461132049561,0.006137995379318508,0.05175447463989258,4.4345855712890625e-05,0,d083785f-17b3-468c-9689-c7bdc0902f1d,20260816,aggregate,adverse-ecs-fanout,1,local-adverse-authority
6,6,1,6,488,0.16666666666666666,1.0,1,6,1,1.0,0.0,0.0,-0.0,-0.0,0.16666666666666666,0.0,199.0,0.0,0.16666666666666666,0.0,0.8333333333333334,0.020366787910461426,0.020747482776641846,0.0141039390803333,0.020322561264038086,0.0,0,0bb10201-9147-4879-ba71-f12d14035a32,20260816,aggregate,adverse-ecs-fanout,1,local-adverse-authority
6,12,1,12,736,0.16666666666666666,2.0,1,6,1,1.0,1.0,0.0,-0.0,-0.0,0.16666666666666666,0.5,36.0,0.0,0.08333333333333333,0.0,0.8333333333333334,0.0065920352935791016,0.007039058208465576,0.037025362009999535,0.006852149963378906,2.6464462280273438e-05,0,d17a9e63-506e-497c-be54-797af4623bcd,20260816,aggregate,adverse-ecs-fanout,1,local-adverse-authority
6,12,1,12,697,0.16666666666666666,2.0,1,6,1,1.0,1.0,0.0,-0.0,-0.0,0.16666666666666666,0.5,20.0,0.0,0.08333333333333333,0.0,0.8333333333333334,0.010160168011983236,0.010588252544403076,0.026577904475962328,0.010334968566894531,2.9325485229492188e-05,0,bb10f79f-70b1-4a39-bd3f-de98aacc13a6,20260816,aggregate,adverse-ecs-fanout,1,local-adverse-authority
6,12,1,12,697,0.16666666666666666,2.0,1,6,1,1.0,1.0,0.0,-0.0,-0.0,0.16666666666666666,0.5,544.0,0.0,0.08333333333333333,0.0,0.8333333333333334,0.016009410222371418,0.01635580062866211,0.013823210654064128,0.016076326370239258,4.1961669921875e-05,0,5b2b05f5-c81b-4af2-b390-852064ca5fe1,20260816,aggregate,adverse-ecs-fanout,1,local-adverse-authority
6,6,1,6,954,0.16666666666666666,1.0,1,6,1,1.0,0.0,0.0,-0.0,-0.0,0.16666666666666666,0.0,176.0,0.0,0.16666666666666666,0.0,0.8333333333333334,0.013436555862426758,0.013758480548858643,0.018463141582867253,0.013430356979370117,0.0,0,17f158f3-1de8-4bf9-be4c-3158d4ecc5f0,20260816,aggregate,adverse-ecs-fanout,1,local-adverse-authority
6,12,1,12,827,0.16666666666666666,2.0,1,6,1,1.0,1.0,0.0,-0.0,-0.0,0.16666666666666666,0.5,300.0,0.0,0.08333333333333333,0.0,0.8333333333333334,0.008442401885986328,0.00885535478591919,0.03388093159151614,0.008363723754882812,4.029273986816406e-05,0,f7f2d06c-8b32-4981-9d19-4f62a6e9ad1b,20260816,aggregate,adverse-ecs-fanout,1,local-adverse-authority
6,12,1,12,710,0.16666666666666666,2.0,1,6,1,1.0,1.0,0.0,-0.0,-0.0,0.16666666666666666,0.5,56.0,0.0,0.08333333333333333,0.0,0.8333333333333334,0.008121053377787272,0.008558225631713868,0.03545406845307912,0.0082244873046875,4.863739013671875e-05,0,4aaf68d7-ce23-42e0-8406-aef5d34113ac,20260816,aggregate,adverse-ecs-fanout,1,local-adverse-authority
6,6,1,6,425,0.16666666666666666,1.0,1,6,1,1.0,0.0,0.0,-0.0,-0.0,0.16666666666666666,0.0,60.0,0.0,0.16666666666666666,0.0,0.8333333333333334,0.0015149513880411785,0.001954019069671631,0.21110186900408276,0.0014760494232177734,0.0,0,fa303d97-22b8-4c7b-b1c9-95ed04ba887f,20260816,aggregate,adverse-ecs-fanout,1,local-adverse-authority
6,12,1,12,723,0.16666666666666666,2.0,1,6,1,1.0,1.0,0.0,-0.0,-0.0,0.16666666666666666,0.5,300.0,0.0,0.08333333333333333,0.0,0.8333333333333334,0.007778565088907878,0.008228027820587158,0.039816934606794405,0.0077364444732666016,9.369850158691406e-05,0,2a982688-c519-4cbd-bc8c-2e424569d093,20260816,aggregate,adverse-ecs-fanout,1,local-adverse-authority
6,6,1,6,516,0.16666666666666666,1.0,1,6,1,1.0,0.0,0.0,-0.0,-0.0,0.16666666666666666,0.0,300.0,0.0,0.16666666666666666,0.0,0.8333333333333334,0.0179289976755778,0.018436193466186523,0.020133519813157853,0.018229246139526367,0.0,0,21177ced-da4c-4016-9f8c-0b75a577808f,20260816,aggregate,adverse-ecs-fanout,1,local-adverse-authority
6,6,1,6,404,0.16666666666666666,1.0,1,6,1,1.0,0.0,0.0,-0.0,-0.0,0.16666666666666666,0.0,101.0,0.0,0.16666666666666666,0.0,0.8333333333333334,0.01355429490407308,0.013891637325286865,0.019755417696588236,0.013582229614257812,0.0,0,908ce8aa-8902-4bdd-9af7-875262724c1c,20260816,aggregate,adverse-ecs-fanout,1,local-adverse-authority
6,6,1,6,741,0.16666666666666666,1.0,1,6,1,1.0,0.0,0.0,-0.0,-0.0,0.16666666666666666,0.0,13007.0,0.0,0.16666666666666666,0.0,0.8333333333333334,0.002509474754333496,0.003083646297454834,0.2136708396318853,0.002735614776611328,0.0,0,3445305f-71a9-4167-8d19-b85f9c01cfbc,20260816,aggregate,adverse-ecs-fanout,1,local-adverse-authority
6,12,1,12,671,0.16666666666666666,2.0,1,6,1,1.0,1.0,0.0,-0.0,-0.0,0.16666666666666666,0.5,300.0,0.0,0.08333333333333333,0.0,0.8333333333333334,0.021248658498128254,0.021712183952331543,0.014128945969981993,0.0213623046875,2.6226043701171875e-05,0,808d659d-8984-4e66-b98e-00d2112f6d29,20260816,aggregate,adverse-ecs-fanout,1,local-adverse-authority
6,12,1,12,697,0.16666666666666666,2.0,1,6,1,1.0,1.0,0.0,-0.0,-0.0,0.16666666666666666,0.5,300.0,0.0,0.08333333333333333,0.0,0.8333333333333334,0.03054209550221761,0.0311984658241272,0.016051198924417417,0.030609607696533203,2.6941299438476562e-05,0,c9fe57f5-70a3-4bdd-935a-395a2500c3be,20260816,aggregate,adverse-ecs-fanout,1,local-adverse-authority
6,12,1,12,1268,0.16666666666666666,2.0,1,6,1,1.0,1.0,0.0,-0.0,-0.0,0.16666666666666666,0.5,208.0,0.0,0.08333333333333333,0.0,0.8333333333333334,0.008113781611124674,0.008496308326721191,0.032773578819102415,0.008145809173583984,4.2438507080078125e-05,0,22c6ba15-fc0c-40d6-93ac-4acd35e0bbff,20260816,aggregate,adverse-ecs-fanout,1,local-adverse-authority
6,12,1,12,723,0.16666666666666666,2.0,1,6,1,1.0,1.0,0.0,-0.0,-0.0,0.16666666666666666,0.5,300.0,0.0,0.08333333333333333,0.0,0.8333333333333334,0.005085905392964681,0.006380152702331543,0.12661084182980867,0.005791902542114258,3.6716461181640625e-05,0,97401993-2e4c-4a36-8fca-58a8cdfcd97d,20260816,aggregate,adverse-ecs-fanout,1,local-adverse-authority
6,12,1,12,819,0.16666666666666666,2.0,1,6,1,1.0,1.0,0.0,-0.0,-0.0,0.16666666666666666,0.5,168.0,0.0,0.08333333333333333,0.0,0.8333333333333334,0.005888064702351888,0.006278622150421143,0.043850234401326224,0.0060236454010009766,6.222724914550781e-05,0,4572e511-a672-41b8-a802-341dc1803ffc,20260816,aggregate,adverse-ecs-fanout,1,local-adverse-authority
6,12,1,12,710,0.16666666666666666,2.0,1,6,1,1.0,1.0,0.0,-0.0,-0.0,0.16666666666666666,0.5,300.0,0.0,0.08333333333333333,0.0,0.8333333333333334,0.04592700799306234,0.04637664556503296,0.006765279920251421,0.045880794525146484,4.649162292480469e-05,0,c2dcbec7-10fd-45a5-9257-dbb1e987f5db,20260816,aggregate,adverse-ecs-fanout,1,local-adverse-authority
6,12,1,12,710,0.16666666666666666,2.0,1,6,1,1.0,1.0,0.0,-0.0,-0.0,0.16666666666666666,0.5,300.0,0.0,0.08333333333333333,0.0,0.8333333333333334,0.018126368522644043,0.018984007835388183,0.029511816551607804,0.018896102905273438,4.4345855712890625e-05,0,1bc43a4c-cdef-44dc-9883-25fd4157e7c0,20260816,aggregate,adverse-ecs-fanout,1,local-adverse-authority
6,12,1,12,749,0.16666666666666666,2.0,1,6,1,1.0,1.0,0.0,-0.0,-0.0,0.16666666666666666,0.5,300.0,0.0,0.08333333333333333,0.0,0.8333333333333334,0.018237868944803875,0.01932857036590576,0.03742538653439679,0.017911911010742188,2.4318695068359375e-05,0,bfc8827e-1ed8-4c64-b1fd-77e166669cb4,20260816,aggregate,adverse-ecs-fanout,1,local-adverse-authority
6,12,1,12,775,0.16666666666666666,2.0,1,6,1,1.0,1.0,0.0,-0.0,-0.0,0.16666666666666666,0.5,20.0,0.0,0.08333333333333333,0.0,0.8333333333333334,0.01922794183095296,0.020768964290618898,0.0405783537543862,0.019155263900756836,5.793571472167969e-05,0,5597b723-cb5a-4f60-9be6-1c5c7934c93f,20260816,aggregate,adverse-ecs-fanout,1,local-adverse-authority
6,12,1,12,736,0.16666666666666666,2.0,1,6,1,1.0,1.0,0.0,-0.0,-0.0,0.16666666666666666,0.5,441.0,0.0,0.08333333333333333,0.0,0.8333333333333334,0.01848467191060384,0.019125068187713624,0.03037936301765522,0.01891016960144043,3.409385681152344e-05,0,18c6b3bc-4005-48c1-b627-a1a917945520,20260816,aggregate,adverse-ecs-fanout,1,local-adverse-authority
6,12,1,12,788,0.16666666666666666,2.0,1,6,1,1.0,1.0,0.0,-0.0,-0.0,0.16666666666666666,0.5,20.0,0.0,0.08333333333333333,0.0,0.8333333333333334,0.004336794217427571,0.008807730674743653,0.6261816041603914,0.00809788703918457,5.5789947509765625e-05,0,cc8b5fd0-ba94-4c1e-9628-ac81fb0edeef,20260816,aggregate,adverse-ecs-fanout,1,local-adverse-authority
6,12,1,12,775,0.16666666666666666,2.0,1,6,1,1.0,1.0,0.0,-0.0,-0.0,0.16666666666666666,0.5,300.0,0.0,0.08333333333333333,0.0,0.8333333333333334,0.004625082015991211,0.007433640956878662,0.3909683023852124,0.007278919219970703,2.6464462280273438e-05,0,2bb889a6-25c0-4e53-9a7e-8fdce9fd75c1,20260816,aggregate,adverse-ecs-fanout,1,local-adverse-authority
6,12,1,12,775,0.16666666666666666,2.0,1,6,1,1.0,1.0,0.0,-0.0,-0.0,0.16666666666666666,0.5,300.0,0.0,0.08333333333333333,0.0,0.8333333333333334,0.06516758600870769,0.0655950665473938,0.004235130640883885,0.06527876853942871,2.7894973754882812e-05,0,f0d69a4d-8882-491b-8164-e2c2d82d7473,20260816,aggregate,adverse-ecs-fanout,1,local-adverse-authority
6,12,1,12,767,0.16666666666666666,2.0,1,6,1,1.0,1.0,0.0,-0.0,-0.0,0.16666666666666666,0.5,1849.0,0.0,0.08333333333333333,0.0,0.8333333333333334,0.030121564865112305,0.030539703369140626,0.009532329028190555,0.03034043312072754,0.0002932548522949219,0,e83772b7-be01-4bf3-be5d-2dcf8724e43d,20260816,aggregate,adverse-ecs-fanout,1,local-adverse-authority
6,12,1,12,723,0.16666666666666666,2.0,1,6,1,1.0,1.0,0.0,-0.0,-0.0,0.16666666666666666,0.5,290.0,0.0,0.08333333333333333,0.0,0.8333333333333334,0.042356252670288086,0.04330167770385742,0.01794462981402506,0.04303431510925293,4.100799560546875e-05,0,4366809f-956c-4f25-a166-8f8f8cb86a3e,20260816,aggregate,adverse-ecs-fanout,1,local-adverse-authority
6,12,1,12,788,0.16666666666666666,2.0,1,6,1,1.0,1.0,0.0,-0.0,-0.0,0.16666666666666666,0.5,300.0,0.0,0.08333333333333333,0.0,0.8333333333333334,0.018352667490641277,0.021637594699859618,0.13582974251680024,0.020512819290161133,2.7894973754882812e-05,0,7a8e33d7-d24c-4676-9dde-26bc5e016309,20260816,aggregate,adverse-ecs-fanout,1,local-adverse-authority
6,12,1,12,1255,0.16666666666666666,2.0,1,6,1,1.0,1.0,0.0,-0.0,-0.0,0.16666666666666666,0.5,35.0,0.0,0.08333333333333333,0.0,0.8333333333333334,0.006463249524434407,0.00889286994934082,0.34011091910376134,0.008394002914428711,4.100799560546875e-05,0,241fe685-4dab-44d9-8372-ef8bc744eadc,20260816,aggregate,adverse-ecs-fanout,1,local-adverse-authority
6,6,1,6,521,0.16666666666666666,1.0,1,6,1,1.0,0.0,0.0,-0.0,-0.0,0.16666666666666666,0.0,22.0,0.0,0.16666666666666666,0.0,0.8333333333333334,0.0030652681986490884,0.003433406352996826,0.09096896839566362,0.0032808780670166016,0.0,0,d99e0dff-75da-4114-9f5b-d66c1163cdbe,20260816,aggregate,adverse-ecs-fanout,1,local-adverse-authority
6,12,1,12,845,0.16666666666666666,2.0,1,6,1,1.0,1.0,0.0,-0.0,-0.0,0.16666666666666666,0.5,200.0,0.0,0.08333333333333333,0.0,0.8333333333333334,0.01871339480082194,0.02036808729171753,0.060250980023706956,0.01697564125061035,2.6464462280273438e-05,0,10adf5c3-5e64-4234-8890-15ed534365c8,20260816,aggregate,adverse-ecs-fanout,1,local-adverse-authority
6,12,1,12,827,0.16666666666666666,2.0,1,6,1,1.0,1.0,0.0,-0.0,-0.0,0.16666666666666666,0.5,300.0,0.0,0.08333333333333333,0.0,0.8333333333333334,0.03622051080067953,0.036701297760009764,0.007961884472956529,0.03640866279602051,2.6702880859375e-05,0,bcf302e7-2a3a-47f0-a01c-de0279dae959,20260816,aggregate,adverse-ecs-fanout,1,local-adverse-authority
6,6,1,6,523,0.16666666666666666,1.0,1,6,1,1.0,0.0,0.0,-0.0,-0.0,0.16666666666666666,0.0,2212.0,0.0,0.16666666666666666,0.0,0.8333333333333334,0.0037422974904378257,0.004832267761230469,0.1979539200257092,0.002928018569946289,0.0,0,8a8d13e7-bd7b-49f5-aba7-2c31dfb3b2a4,20260816,aggregate,adverse-ecs-fanout,1,local-adverse-authority
6,12,1,12,658,0.16666666666666666,2.0,1,6,1,1.0,1.0,0.0,-0.0,-0.0,0.16666666666666666,0.5,221.0,0.0,0.08333333333333333,0.0,0.8333333333333334,0.020614266395568848,0.022353816032409667,0.05404147828028988,0.0218658447265625,3.0040740966796875e-05,0,342c58f5-eba8-458e-ae3b-dd8ec020cef5,20260816,aggregate,adverse-ecs-fanout,1,local-adverse-authority
6,12,1,12,1255,0.16666666666666666,2.0,1,6,1,1.0,1.0,0.0,-0.0,-0.0,0.16666666666666666,0.5,300.0,0.0,0.08333333333333333,0.0,0.8333333333333334,0.01877911885579427,0.020309031009674072,0.048747001918557374,0.018550395965576172,0.00018715858459472656,0,0946298c-4a3d-4be9-bbe0-db58e103e4a6,20260816,aggregate,adverse-ecs-fanout,1,local-adverse-authority
6,12,1,12,671,0.16666666666666666,2.0,1,6,1,1.0,1.0,0.0,-0.0,-0.0,0.16666666666666666,0.5,944.0,0.0,0.08333333333333333,0.0,0.8333333333333334,0.009064197540283203,0.009946727752685547,0.059395155699929286,0.009086847305297852,4.9591064453125e-05,0,91fe9c16-a8a6-4e8a-be16-a3b950a11688,20260816,aggregate,adverse-ecs-fanout,1,local-adverse-authority
6,12,1,12,806,0.16666666666666666,2.0,1,6,1,1.0,1.0,0.0,-0.0,-0.0,0.16666666666666666,0.5,300.0,0.0,0.08333333333333333,0.0,0.8333333333333334,0.006253520647684733,0.006673550605773926,0.05118939819804395,0.006021261215209961,8.153915405273438e-05,0,86533e9b-7123-4353-b9b6-c62004335c8a,20260816,aggregate,adverse-ecs-fanout,1,local-adverse-authority
6,12,1,12,985,0.16666666666666666,2.0,1,6,1,1.0,1.0,0.0,-0.0,-0.0,0.16666666666666666,0.5,250.0,0.0,0.08333333333333333,0.0,0.8333333333333334,0.007504860560099284,0.008034276962280273,0.04513847316623846,0.007461071014404297,0.0004544258117675781,0,9dc308c6-bc76-40b8-a6d7-f10964d07320,20260816,aggregate,adverse-ecs-fanout,1,local-adverse-authority
6,12,1,12,941,0.16666666666666666,2.0,1,6,1,1.0,1.0,0.0,-0.0,-0.0,0.16666666666666666,0.5,60.0,0.0,0.08333333333333333,0.0,0.8333333333333334,0.030652523040771484,0.03230373859405518,0.029800317083675393,0.03212451934814453,7.295608520507812e-05,0,cdf9e100-64f0-46b9-a0fe-604a3106840a,20260816,aggregate,adverse-ecs-fanout,1,local-adverse-authority
6,6,1,6,968,0.16666666666666666,1.0,1,6,1,1.0,0.0,0.0,-0.0,-0.0,0.16666666666666666,0.0,265.0,0.0,0.16666666666666666,0.0,0.8333333333333334,0.0028597116470336914,0.00427091121673584,0.31924713708420516,0.003800630569458008,0.0,0,d9bb26bf-e649-4dfe-bb43-0878773532ed,20260816,aggregate,adverse-ecs-fanout,1,local-adverse-authority
6,12,1,12,788,0.16666666666666666,2.0,1,6,1,1.0,1.0,0.0,-0.0,-0.0,0.16666666666666666,0.5,15639.0,0.0,0.08333333333333333,0.0,0.8333333333333334,0.0067503054936726885,0.00820239782333374,0.1451062616409894,0.007783174514770508,6.747245788574219e-05,0,1bde7cae-7b25-425a-b0fa-78fdf76a1895,20260816,aggregate,adverse-ecs-fanout,1,local-adverse-authority
6,12,1,12,959,0.16666666666666666,2.0,1,6,1,1.0,1.0,0.0,-0.0,-0.0,0.16666666666666666,0.5,25.0,0.0,0.08333333333333333,0.0,0.8333333333333334,0.009197354316711426,0.010454308986663819,0.09914762931856436,0.009507894515991211,0.000255584716796875,0,d8d25c22-185e-4e74-b283-4ff21accc0a5,20260816,aggregate,adverse-ecs-fanout,1,local-adverse-authority
6,12,1,12,658,0.16666666666666666,2.0,1,6,1,1.0,1.0,0.0,-0.0,-0.0,0.16666666666666666,0.5,12489.0,0.0,0.08333333333333333,0.0,0.8333333333333334,0.02295843760172526,0.023337960243225098,0.009650178870077675,0.023139238357543945,8.344650268554688e-05,0,2a0c0234-c920-4a22-87ed-9aea28df91ea,20260816,aggregate,adverse-ecs-fanout,1,local-adverse-authority
6,12,1,12,754,0.16666666666666666,2.0,1,6,1,1.0,1.0,0.0,-0.0,-0.0,0.16666666666666666,0.5,296.0,0.0,0.08333333333333333,0.0,0.8333333333333334,0.05064058303833008,0.05211089849472046,0.019535531863739054,0.051578521728515625,0.0009944438934326172,0,7c9ac424-a89b-4dc5-8737-9fbc4c07b006,20260816,aggregate,adverse-ecs-fanout,1,local-adverse-authority
6,12,1,12,819,0.16666666666666666,2.0,1,6,1,1.0,1.0,0.0,-0.0,-0.0,0.16666666666666666,0.5,300.0,0.0,0.08333333333333333,0.0,0.8333333333333334,0.013922969500223795,0.01566929817199707,0.08056774744907912,0.014475107192993164,6.771087646484375e-05,0,104789a6-23e9-4023-ac99-e40ae0dec9a8,20260816,aggregate,adverse-ecs-fanout,1,local-adverse-authority
6,12,1,12,767,0.16666666666666666,2.0,1,6,1,1.0,1.0,0.0,-0.0,-0.0,0.16666666666666666,0.5,20.0,0.0,0.08333333333333333,0.0,0.8333333333333334,0.008773366610209147,0.010481977462768554,0.1778671722662184,0.008955001831054688,4.482269287109375e-05,0,20399b41-c8ee-4434-a249-ad312c2e739a,20260816,aggregate,adverse-ecs-fanout,1,local-adverse-authority
6,6,1,6,584,0.16666666666666666,1.0,1,6,1,1.0,0.0,0.0,-0.0,-0.0,0.16666666666666666,0.0,17252.0,0.0,0.16666666666666666,0.0,0.8333333333333334,0.00565338134765625,0.009373605251312256,0.514849287685856,0.0033926963806152344,0.0,0,dd04a904-8f7e-4fcb-9811-2171e598552f,20260816,aggregate,adverse-ecs-fanout,1,local-adverse-authority
1,1,1,1,96,1.0,1.0,1,0,0,0.0,0.0,0.0,-0.0,-0.0,1.0,0.0,166.0,0.0,1.0,0.0,0.0,0.003267526626586914,0.003267526626586914,0.0,0.002934694290161133,0.0,0,26958d10-6481-4895-a52b-dbd57ceb9b5c,20260816,ecs-keyed,benign-plain,0,opendns
6,6,1,6,481,0.16666666666666666,1.0,1,6,1,1.0,0.0,0.0,-0.0,-0.0,0.16666666666666666,0.0,20531.0,0.0,0.16666666666666666,0.0,0.8333333333333334,0.0037502447764078775,0.004842281341552734,0.2710816420575582,0.004431247711181641,0.0,0,e42054f8-6d9f-49de-b2d2-7cc8a2d2b065,20260816,aggregate,adverse-ecs-fanout,1,local-adverse-authority
1,1,1,1,88,1.0,1.0,1,0,0,0.0,0.0,0.0,-0.0,-0.0,1.0,0.0,775.0,0.0,1.0,0.0,0.0,0.0029981136322021484,0.0029981136322021484,0.0,0.002908945083618164,0.0,0,cff6cce9-4a9e-4bb8-99d7-5f4f4f28a0c4,20260816,ecs-keyed,benign-plain,0,opendns
1,1,1,1,92,1.0,1.0,1,0,0,0.0,0.0,0.0,-0.0,-0.0,1.0,0.0,218.0,0.0,1.0,0.0,0.0,0.0025625228881835938,0.0025625228881835938,0.0,0.002496004104614258,0.0,0,6c192208-3a34-4203-952b-86e6e8a75fb2,20260816,ecs-keyed,benign-plain,0,cloudflare
1,1,1,1,106,1.0,1.0,1,0,0,0.0,0.0,0.0,-0.0,-0.0,1.0,0.0,274.0,0.0,1.0,0.0,0.0,0.001554250717163086,0.001554250717163086,0.0,0.0015141963958740234,0.0,0,18239939-9ca0-4680-a3e1-c3963bfa83f5,20260816,ecs-keyed,benign-plain,0,google
1,1,1,1,104,1.0,1.0,1,0,0,0.0,0.0,0.0,-0.0,-0.0,1.0,0.0,597.0,0.0,1.0,0.0,0.0,0.002422809600830078,0.002422809600830078,0.0,0.0018076896667480469,0.0,0,66f50342-0fc8-4a02-86bc-3a093599b12f,20260816,ecs-keyed,benign-plain,0,cloudflare
1,1,1,1,152,1.0,1.0,1,0,0,0.0,0.0,0.0,-0.0,-0.0,1.0,0.0,37.0,0.0,1.0,0.0,0.0,0.0020368099212646484,0.0020368099212646484,0.0,0.001955270767211914,0.0,0,b69e20e0-9a11-475e-8ffd-185b9e9fb340,20260816,ecs-keyed,benign-plain,0,google
6,6,1,6,521,0.16666666666666666,1.0,1,6,1,1.0,0.0,0.0,-0.0,-0.0,0.16666666666666666,0.0,20.0,0.0,0.16666666666666666,0.0,0.8333333333333334,0.00357206662495931,0.005586683750152588,0.34145972081359394,0.004002094268798828,0.0,0,b1b89550-fbfe-4f91-accf-b58c2a6ecbde,20260816,aggregate,adverse-ecs-fanout,1,local-adverse-authority
6,12,1,12,902,0.16666666666666666,2.0,1,6,1,1.0,1.0,0.0,-0.0,-0.0,0.16666666666666666,0.5,40.0,0.0,0.08333333333333333,0.0,0.8333333333333334,0.010352412859598795,0.011810052394866943,0.11321089311526676,0.007906436920166016,4.553794860839844e-05,0,a426a03d-7396-4cc7-85d6-99e452d3fa4a,20260816,aggregate,adverse-ecs-fanout,1,local-adverse-authority
6,6,1,6,528,0.16666666666666666,1.0,1,6,1,1.0,0.0,0.0,-0.0,-0.0,0.16666666666666666,0.0,30.0,0.0,0.16666666666666666,0.0,0.8333333333333334,0.0015807946523030598,0.002987086772918701,0.6524416637479368,0.002448558807373047,0.0,0,59d6a0a6-5720-4c09-8ff8-37d405bb840e,20260816,aggregate,adverse-ecs-fanout,1,local-adverse-authority
1,1,1,1,96,1.0,1.0,1,0,0,0.0,0.0,0.0,-0.0,-0.0,1.0,0.0,236.0,0.0,1.0,0.0,0.0,0.0022907257080078125,0.0022907257080078125,0.0,0.002057313919067383,0.0,0,70be4eaf-1b47-4e2b-8981-442374bdeeb1,20260816,ecs-keyed,benign-plain,0,quad9
1,1,1,1,200,1.0,1.0,1,0,0,0.0,0.0,0.0,-0.0,-0.0,1.0,0.0,154.0,0.6608718182281519,1.0,0.0,0.0,0.0016939640045166016,0.0016939640045166016,0.0,0.0014462471008300781,0.0,0,d9b12a02-6d38-4813-b581-0a2cf1f4f352,20260816,ecs-keyed,benign-plain,0,cloudflare
1,1,1,1,88,1.0,1.0,1,0,0,0.0,0.0,0.0,-0.0,-0.0,1.0,0.0,2699.0,0.0,1.0,0.0,0.0,0.0018579959869384766,0.0018579959869384766,0.0,0.0018007755279541016,0.0,0,35eb58a1-fe57-4d83-b41a-ee9004517c39,20260816,ecs-keyed,benign-plain,0,cloudflare
1,1,1,1,140,1.0,1.0,1,0,0,0.0,0.0,0.0,-0.0,-0.0,1.0,0.0,73.0,0.0,1.0,0.0,0.0,0.0019316673278808594,0.0019316673278808594,0.0,0.0017817020416259766,0.0,0,9d57a9df-b8ca-4d61-9416-16476ea3e26f,20260816,ecs-keyed,benign-plain,0,quad9
6,12,1,12,697,0.16666666666666666,2.0,1,6,1,1.0,1.0,0.0,-0.0,-0.0,0.16666666666666666,0.5,166.0,0.0,0.08333333333333333,0.0,0.8333333333333334,0.020024895668029785,0.023186886310577394,0.10148425255252873,0.021688461303710938,3.170967102050781e-05,0,07bf6e7c-a8aa-4485-a713-fe9cdca784e5,20260816,aggregate,adverse-ecs-fanout,1,local-adverse-authority
1,1,1,1,94,1.0,1.0,1,0,0,0.0,0.0,0.0,-0.0,-0.0,1.0,0.0,20.0,0.0,1.0,0.0,0.0,0.01263117790222168,0.01263117790222168,0.0,0.01214909553527832,0.0,0,db49bc0f-696c-4f84-982a-6a95c06b974d,20260816,ecs-keyed,benign-plain,0,google
6,12,1,12,793,0.16666666666666666,2.0,1,6,1,1.0,1.0,0.0,-0.0,-0.0,0.16666666666666666,0.5,300.0,0.0,0.08333333333333333,0.0,0.8333333333333334,0.01723782221476237,0.019101953506469725,0.07964388593658997,0.017200231552124023,3.147125244140625e-05,0,cee98fc7-269b-4ae5-8abe-0f4c07abb77c,20260816,aggregate,adverse-ecs-fanout,1,local-adverse-authority
6,12,1,12,775,0.16666666666666666,2.0,1,6,1,1.0,1.0,0.0,-0.0,-0.0,0.16666666666666666,0.5,5860.0,0.0,0.08333333333333333,0.0,0.8333333333333334,0.027398546536763508,0.030596709251403807,0.08306403196387964,0.030433177947998047,2.4318695068359375e-05,0,bec8ce17-7953-4f14-90ed-fa2734000199,20260816,aggregate,adverse-ecs-fanout,1,local-adverse-authority
1,1,1,1,86,1.0,1.0,1,0,0,0.0,0.0,0.0,-0.0,-0.0,1.0,0.0,20.0,0.0,1.0,0.0,0.0,0.014013290405273438,0.014013290405273438,0.0,0.013184547424316406,0.0,0,80f9a763-660e-42a5-a963-8decdeaaedbd,20260816,ecs-keyed,benign-plain,0,quad9
1,1,1,1,122,1.0,1.0,1,0,0,0.0,0.0,0.0,-0.0,-0.0,1.0,0.0,297.0,0.0,1.0,0.0,0.0,0.0014820098876953125,0.0014820098876953125,0.0,0.0013740062713623047,0.0,0,657f670d-3db2-4ee0-954f-1fefd1f2f1f7,20260816,ecs-keyed,benign-plain,0,google
1,1,1,1,144,1.0,1.0,1,0,0,0.0,0.0,0.0,-0.0,-0.0,1.0,0.0,2435.0,0.0,1.0,0.0,0.0,0.001430511474609375,0.001430511474609375,0.0,0.001308441162109375,0.0,0,45ed1c89-e886-4b16-8e6a-cdfb7cf37411,20260816,ecs-keyed,benign-plain,0,google
1,1,1,1,94,1.0,1.0,1,0,0,0.0,0.0,0.0,-0.0,-0.0,1.0,0.0,58.0,0.0,1.0,0.0,0.0,0.012526273727416992,0.012526273727416992,0.0,0.012369871139526367,0.0,0,1c2543a5-dd62-4eea-b42c-3b688f38149d,20260816,ecs-keyed,benign-plain,0,opendns
1,1,1,1,144,1.0,1.0,1,0,0,0.0,0.0,0.0,-0.0,-0.0,1.0,0.0,275.0,0.0,1.0,0.0,0.0,0.0023682117462158203,0.0023682117462158203,0.0,0.002289295196533203,0.0,0,6a02593a-05c2-4a87-aca7-263fef176a00,20260816,ecs-keyed,benign-plain,0,cloudflare
1,1,1,1,102,1.0,1.0,1,0,0,0.0,0.0,0.0,-0.0,-0.0,1.0,0.0,3.0,0.0,1.0,0.0,0.0,0.002371072769165039,0.002371072769165039,0.0,0.002219676971435547,0.0,0,11de5057-5709-4347-844e-b7bc9f1071e4,20260816,ecs-keyed,benign-plain,0,cloudflare
1,1,1,1,134,1.0,1.0,1,0,0,0.0,0.0,0.0,-0.0,-0.0,1.0,0.0,9.0,0.0,1.0,0.0,0.0,0.0016069412231445312,0.0016069412231445312,0.0,0.0014984607696533203,0.0,0,51c1ee15-4d7a-41ed-af1e-ea0433f39218,20260816,ecs-keyed,benign-plain,0,opendns
1,1,1,1,114,1.0,1.0,1,0,0,0.0,0.0,0.0,-0.0,-0.0,1.0,0.0,32.0,0.0,1.0,0.0,0.0,0.002005338668823242,0.002005338668823242,0.0,0.0015673637390136719,0.0,0,69e94faf-0e64-4e98-896a-25fe31e398d1,20260816,ecs-keyed,benign-plain,0,cloudflare
1,1,1,1,166,1.0,1.0,1,0,0,0.0,0.0,0.0,-0.0,-0.0,1.0,0.0,255.0,0.0,1.0,0.0,0.0,0.0016255378723144531,0.0016255378723144531,0.0,0.0015666484832763672,0.0,0,5696cbd5-ed74-43fc-9bfd-86b5b61491a5,20260816,ecs-keyed,benign-plain,0,cloudflare
1,1,1,1,104,1.0,1.0,1,0,0,0.0,0.0,0.0,-0.0,-0.0,1.0,0.0,20.0,0.0,1.0,0.0,0.0,0.014275789260864258,0.014275789260864258,0.0,0.013308525085449219,0.0,0,b5bdb1dd-2b9d-40be-b49c-c9a3d4dfa524,20260816,ecs-keyed,benign-plain,0,quad9
1,1,1,1,200,1.0,1.0,1,0,0,0.0,0.0,0.0,-0.0,-0.0,1.0,0.0,236.0,0.1322414113078579,1.0,0.0,0.0,0.001901388168334961,0.001901388168334961,0.0,0.001851797103881836,0.0,0,f2c81146-1c29-4c7a-940f-8f33a55baf99,20260816,ecs-keyed,benign-plain,0,google
1,1,1,1,120,1.0,1.0,1,0,0,0.0,0.0,0.0,-0.0,-0.0,1.0,0.0,45.0,0.0,1.0,0.0,0.0,0.002304553985595703,0.002304553985595703,0.0,0.0020155906677246094,0.0,0,ffa164ec-92a1-49e4-8fd6-5d22dc101956,20260816,ecs-keyed,benign-plain,0,google
6,6,1,6,453,0.16666666666666666,1.0,1,6,1,1.0,0.0,0.0,-0.0,-0.0,0.16666666666666666,0.0,16.0,0.0,0.16666666666666666,0.0,0.8333333333333334,0.1430815855662028,0.14372855424880981,0.0030375705390747808,0.14347553253173828,0.0,0,d10a8c78-37a2-4e7a-88dd-11f66a556304,20260816,aggregate,adverse-ecs-fanout,1,local-adverse-authority
1,1,1,1,110,1.0,1.0,1,0,0,0.0,0.0,0.0,-0.0,-0.0,1.0,0.0,219.0,0.0,1.0,0.0,0.0,0.0020956993103027344,0.0020956993103027344,0.0,0.0017023086547851562,0.0,0,9391af0a-24c7-4bd8-9358-5bafa53cf094,20260816,ecs-keyed,benign-plain,0,cloudflare
1,1,1,1,124,1.0,1.0,1,0,0,0.0,0.0,0.0,-0.0,-0.0,1.0,0.0,900.0,0.0,1.0,0.0,0.0,0.014976739883422852,0.014976739883422852,0.0,0.014905929565429688,0.0,0,98836a2d-fd02-4b1d-9021-6f3a151fe663,20260816,ecs-keyed,benign-plain,0,opendns
1,1,1,1,104,1.0,1.0,1,0,0,0.0,0.0,0.0,-0.0,-0.0,1.0,0.0,136.0,0.0,1.0,0.0,0.0,0.00217437744140625,0.00217437744140625,0.0,0.0017883777618408203,0.0,0,be1e64ce-5a45-48bd-83ff-baf6ce04bc5d,20260816,ecs-keyed,benign-plain,0,google
6,6,1,6,481,0.16666666666666666,1.0,1,6,1,1.0,0.0,0.0,-0.0,-0.0,0.16666666666666666,0.0,120.0,0.0,0.16666666666666666,0.0,0.8333333333333334,0.004344423611958821,0.005303621292114258,0.1375216657574801,0.004442453384399414,0.0,0,ad3d00ea-e728-4158-b3ac-000fc8b3f627,20260816,aggregate,adverse-ecs-fanout,1,local-adverse-authority
1,1,1,1,112,1.0,1.0,1,0,0,0.0,0.0,0.0,-0.0,-0.0,1.0,0.0,300.0,0.0,1.0,0.0,0.0,0.0045909881591796875,0.0045909881591796875,0.0,0.003251314163208008,0.0,0,697c197a-a7ca-4d2b-9dcd-dcd34070465e,20260816,ecs-keyed,benign-plain,0,google
1,1,1,1,188,1.0,1.0,1,0,0,0.0,0.0,0.0,-0.0,-0.0,1.0,0.0,300.0,0.0,1.0,0.0,0.0,0.004030704498291016,0.004030704498291016,0.0,0.0035953521728515625,0.0,0,9aaab385-73d2-4974-b1a1-b9d62fba8186,20260816,ecs-keyed,benign-plain,0,opendns
1,1,1,1,176,1.0,1.0,1,0,0,0.0,0.0,0.0,-0.0,-0.0,1.0,0.0,154.0,0.0,1.0,0.0,0.0,0.0034062862396240234,0.0034062862396240234,0.0,0.002263307571411133,0.0,0,74f28c87-217c-4eff-b2c2-a4d102599bf1,20260816,ecs-keyed,benign-plain,0,cloudflare
1,1,1,1,92,1.0,1.0,1,0,0,0.0,0.0,0.0,-0.0,-0.0,1.0,0.0,300.0,0.0,1.0,0.0,0.0,0.003232240676879883,0.003232240676879883,0.0,0.0031681060791015625,0.0,0,eddf2d77-5af4-41a9-bf6a-bf660cbc858a,20260816,ecs-keyed,benign-plain,0,opendns
1,1,1,1,104,1.0,1.0,1,0,0,0.0,0.0,0.0,-0.0,-0.0,1.0,0.0,223.0,0.0,1.0,0.0,0.0,0.002458810806274414,0.002458810806274414,0.0,0.002348184585571289,0.0,0,0cf1781e-6070-4b74-84bb-bfb8b29742ce,20260816,ecs-keyed,benign-plain,0,cloudflare
1,1,1,1,146,1.0,1.0,1,0,0,0.0,0.0,0.0,-0.0,-0.0,1.0,0.0,60.0,0.0,1.0,0.0,0.0,0.03599739074707031,0.03599739074707031,0.0,0.03545665740966797,0.0,0,698bbbd6-2a25-4c02-b0ff-d3f606131a3d,20260816,ecs-keyed,benign-plain,0,google
1,1,1,1,142,1.0,1.0,1,0,0,0.0,0.0,0.0,-0.0,-0.0,1.0,0.0,60.0,0.0,1.0,0.0,0.0,0.030301809310913086,0.030301809310913086,0.0,0.03023052215576172,0.0,0,4011ba21-e678-4b17-b921-a9f96180b4b5,20260816,ecs-keyed,benign-plain,0,quad9
1,1,1,1,126,1.0,1.0,1,0,0,0.0,0.0,0.0,-0.0,-0.0,1.0,0.0,300.0,0.0,1.0,0.0,0.0,0.016377687454223633,0.016377687454223633,0.0,0.0156402587890625,0.0,0,385aed7f-4876-48da-a52d-1cc2e7f04b6b,20260816,ecs-keyed,benign-plain,0,cloudflare
1,1,1,1,152,1.0,1.0,1,0,0,0.0,0.0,0.0,-0.0,-0.0,1.0,0.0,60.0,0.0,1.0,0.0,0.0,0.030535221099853516,0.030535221099853516,0.0,0.030460596084594727,0.0,0,633d1b8b-b840-4126-a727-83c4ff653a65,20260816,ecs-keyed,benign-plain,0,google
1,1,1,1,142,1.0,1.0,1,0,0,0.0,0.0,0.0,-0.0,-0.0,1.0,0.0,300.0,0.0,1.0,0.0,0.0,0.01459646224975586,0.01459646224975586,0.0,0.01406240463256836,0.0,0,77bf78e4-048c-4ece-8868-0526bfcaf7ca,20260816,ecs-keyed,benign-plain,0,quad9
1,1,1,1,118,1.0,1.0,1,0,0,0.0,0.0,0.0,-0.0,-0.0,1.0,0.0,600.0,0.0,1.0,0.0,0.0,0.04052376747131348,0.04052376747131348,0.0,0.04025673866271973,0.0,0,3c9eb12b-10e8-4acf-81d9-0361755aa736,20260816,ecs-keyed,benign-plain,0,opendns
6,12,1,12,645,0.16666666666666666,2.0,1,6,1,1.0,1.0,0.0,-0.0,-0.0,0.16666666666666666,0.5,300.0,0.0,0.08333333333333333,0.0,0.8333333333333334,0.006984710693359375,0.0075631260871887205,0.053236582370597016,0.0071713924407958984,4.982948303222656e-05,0,853e069e-a62e-4e8c-bec9-0391e583f9aa,20260816,aggregate,adverse-ecs-fanout,1,local-adverse-authority
1,1,1,1,219,1.0,1.0,1,0,0,0.0,0.0,0.0,-0.0,-0.0,1.0,0.0,40.0,0.0,1.0,0.0,0.0,0.0024919509887695312,0.0024919509887695312,0.0,0.0021331310272216797,0.0,0,9d253187-a73c-48aa-9170-228203c19673,20260816,ecs-keyed,benign-plain,0,quad9
1,1,1,1,106,1.0,1.0,1,0,0,0.0,0.0,0.0,-0.0,-0.0,1.0,0.0,1886.0,0.0,1.0,0.0,0.0,0.0017843246459960938,0.0017843246459960938,0.0,0.001604318618774414,0.0,0,676e9dbe-6fac-411e-881c-e31adac8300e,20260816,ecs-keyed,benign-plain,0,quad9
6,12,1,12,775,0.16666666666666666,2.0,1,6,1,1.0,1.0,0.0,-0.0,-0.0,0.16666666666666666,0.5,300.0,0.0,0.08333333333333333,0.0,0.8333333333333334,0.006160815556844075,0.006808912754058837,0.0723651702447442,0.006029844284057617,0.0001709461212158203,0,ecb2c5c6-c829-4aa8-bb55-d0d5d20e0bea,20260816,aggregate,adverse-ecs-fanout,1,local-adverse-authority
1,1,1,1,150,1.0,1.0,1,0,0,0.0,0.0,0.0,-0.0,-0.0,1.0,0.0,60.0,0.0,1.0,0.0,0.0,0.03929734230041504,0.03929734230041504,0.0,0.03894829750061035,0.0,0,3718d9bb-1bcc-4daa-bd4b-a083e0755a8a,20260816,ecs-keyed,benign-plain,0,google
1,1,1,1,82,1.0,1.0,1,0,0,0.0,0.0,0.0,-0.0,-0.0,1.0,0.0,103.0,0.0,1.0,0.0,0.0,0.0018725395202636719,0.0018725395202636719,0.0,0.0018239021301269531,0.0,0,d1f6b378-9ab0-44a7-a52e-40808704d9d3,20260816,ecs-keyed,benign-plain,0,cloudflare
6,12,1,12,671,0.16666666666666666,2.0,1,6,1,1.0,1.0,0.0,-0.0,-0.0,0.16666666666666666,0.5,300.0,0.0,0.08333333333333333,0.0,0.8333333333333334,0.006022890408833821,0.006583595275878906,0.05997976048217591,0.006438732147216797,2.574920654296875e-05,0,7a9e2ce5-9daa-4247-8c3a-4e2cddc50f59,20260816,aggregate,adverse-ecs-fanout,1,local-adverse-authority
1,1,1,1,108,1.0,1.0,1,0,0,0.0,0.0,0.0,-0.0,-0.0,1.0,0.0,60.0,0.0,1.0,0.0,0.0,0.013299703598022461,0.013299703598022461,0.0,0.01322793960571289,0.0,0,7ced8293-18f3-4a70-8d4c-d6651cf98cb7,20260816,ecs-keyed,benign-plain,0,quad9
1,1,1,1,110,1.0,1.0,1,0,0,0.0,0.0,0.0,-0.0,-0.0,1.0,0.0,300.0,0.0,1.0,0.0,0.0,0.013402462005615234,0.013402462005615234,0.0,0.013163089752197266,0.0,0,14bdfa68-febe-4ea0-b449-f0f37a71819d,20260816,ecs-keyed,benign-plain,0,google
1,1,1,1,94,1.0,1.0,1,0,0,0.0,0.0,0.0,-0.0,-0.0,1.0,0.0,462.0,0.0,1.0,0.0,0.0,0.0018630027770996094,0.0018630027770996094,0.0,0.0016705989837646484,0.0,0,bb569017-8a5c-4829-a75e-d5fd2d2bd06e,20260816,ecs-keyed,benign-plain,0,opendns
1,1,1,1,92,1.0,1.0,1,0,0,0.0,0.0,0.0,-0.0,-0.0,1.0,0.0,300.0,0.0,1.0,0.0,0.0,0.014097929000854492,0.014097929000854492,0.0,0.013940095901489258,0.0,0,1e477512-21ff-4f5a-858d-0fd8631ae5ac,20260816,ecs-keyed,benign-plain,0,quad9
1,1,1,1,136,1.0,1.0,1,0,0,0.0,0.0,0.0,-0.0,-0.0,1.0,0.0,5.0,0.0,1.0,0.0,0.0,0.001987457275390625,0.001987457275390625,0.0,0.0017769336700439453,0.0,0,19f47db8-d7b5-4873-b8fb-c62561cc10ae,20260816,ecs-keyed,benign-plain,0,google
1,1,1,1,88,1.0,1.0,1,0,0,0.0,0.0,0.0,-0.0,-0.0,1.0,0.0,60.0,0.0,1.0,0.0,0.0,0.013135194778442383,0.013135194778442383,0.0,0.012904882431030273,0.0,0,d3a7dab0-a54c-4b34-8585-092f81477645,20260816,ecs-keyed,benign-plain,0,opendns
1,1,1,1,92,1.0,1.0,1,0,0,0.0,0.0,0.0,-0.0,-0.0,1.0,0.0,1071.0,0.0,1.0,0.0,0.0,0.0018410682678222656,0.0018410682678222656,0.0,0.0015325546264648438,0.0,0,c7edd907-7873-48fc-97f1-fdf4126ffae2,20260816,ecs-keyed,benign-plain,0,opendns
1,1,1,1,152,1.0,1.0,1,0,0,0.0,0.0,0.0,-0.0,-0.0,1.0,0.0,60.0,0.0,1.0,0.0,0.0,0.03571510314941406,0.03571510314941406,0.0,0.035501718521118164,0.0,0,3737d6c9-3c5f-4454-9bdd-b1d878b0f31d,20260816,ecs-keyed,benign-plain,0,google
1,1,1,1,128,1.0,1.0,1,0,0,0.0,0.0,0.0,-0.0,-0.0,1.0,0.0,27.0,0.0,1.0,0.0,0.0,0.0018885135650634766,0.0018885135650634766,0.0,0.0017750263214111328,0.0,0,f7f65680-f430-4a3a-9224-2b3c16eafbb9,20260816,ecs-keyed,benign-plain,0,google
1,1,1,1,88,1.0,1.0,1,0,0,0.0,0.0,0.0,-0.0,-0.0,1.0,0.0,54.0,0.0,1.0,0.0,0.0,0.0017538070678710938,0.0017538070678710938,0.0,0.0017004013061523438,0.0,0,7b7a8d5e-36a3-46b6-a152-c992d01adb60,20260816,ecs-keyed,benign-plain,0,cloudflare
1,1,1,1,184,1.0,1.0,1,0,0,0.0,0.0,0.0,-0.0,-0.0,1.0,0.0,269.0,0.0,1.0,0.0,0.0,0.0025510787963867188,0.0025510787963867188,0.0,0.00218963623046875,0.0,0,bf44dcc7-b43f-43a7-b224-a5c95381695f,20260816,ecs-keyed,benign-plain,0,cloudflare
1,1,1,1,100,1.0,1.0,1,0,0,0.0,0.0,0.0,-0.0,-0.0,1.0,0.0,576.0,0.0,1.0,0.0,0.0,0.001735687255859375,0.001735687255859375,0.0,0.0015377998352050781,0.0,0,b51cf166-e30c-4de1-8313-a94262ebfbf6,20260816,ecs-keyed,benign-plain,0,quad9
1,1,1,1,150,1.0,1.0,1,0,0,0.0,0.0,0.0,-0.0,-0.0,1.0,0.0,60.0,0.0,1.0,0.0,0.0,0.014247894287109375,0.014247894287109375,0.0,0.014122724533081055,0.0,0,a74a9e8e-8f6c-46dc-bd14-18f1897d0ac1,20260816,ecs-keyed,benign-plain,0,cloudflare
1,1,1,1,120,1.0,1.0,1,0,0,0.0,0.0,0.0,-0.0,-0.0,1.0,0.0,300.0,0.0,1.0,0.0,0.0,0.017911911010742188,0.017911911010742188,0.0,0.017656803131103516,0.0,0,dcee797b-d2fa-478e-8082-f2994da0fbfe,20260816,ecs-keyed,benign-plain,0,cloudflare
1,1,1,1,116,1.0,1.0,1,0,0,0.0,0.0,0.0,-0.0,-0.0,1.0,0.0,159.0,0.0,1.0,0.0,0.0,0.002028942108154297,0.002028942108154297,0.0,0.0018429756164550781,0.0,0,9e966544-29eb-452a-8d25-0a922276d1b2,20260816,ecs-keyed,benign-plain,0,google
1,1,1,1,112,1.0,1.0,1,0,0,0.0,0.0,0.0,-0.0,-0.0,1.0,0.0,242.0,0.0,1.0,0.0,0.0,0.002125978469848633,0.002125978469848633,0.0,0.001967191696166992,0.0,0,46b91539-1dc1-465a-8a82-574c06c3c6c0,20260816,ecs-keyed,benign-plain,0,opendns
1,1,1,1,104,1.0,1.0,1,0,0,0.0,0.0,0.0,-0.0,-0.0,1.0,0.0,20.0,0.0,1.0,0.0,0.0,0.01389312744140625,0.01389312744140625,0.0,0.013680458068847656,0.0,0,c965ff93-ab3c-4ce1-bb31-eae70fd9800c,20260816,ecs-keyed,benign-plain,0,cloudflare
1,1,1,1,92,1.0,1.0,1,0,0,0.0,0.0,0.0,-0.0,-0.0,1.0,0.0,5.0,0.0,1.0,0.0,0.0,0.002385377883911133,0.002385377883911133,0.0,0.002124309539794922,0.0,0,79f48667-8299-40ca-9776-594c57905284,20260816,ecs-keyed,benign-plain,0,quad9
1,1,1,1,139,1.0,1.0,1,0,0,0.0,0.0,0.0,-0.0,-0.0,1.0,0.0,222.0,0.0,1.0,0.0,0.0,0.0020835399627685547,0.0020835399627685547,0.0,0.0018520355224609375,0.0,0,91b452bd-1850-4685-9257-bd68a6b692d2,20260816,ecs-keyed,benign-plain,0,quad9
1,1,1,1,146,1.0,1.0,1,0,0,0.0,0.0,0.0,-0.0,-0.0,1.0,0.0,3013.0,0.0,1.0,0.0,0.0,0.0011487007141113281,0.0011487007141113281,0.0,0.0009832382202148438,0.0,0,88db5f04-ebb7-4e6a-a9fb-bb5cda77dcf8,20260816,ecs-keyed,benign-plain,0,cloudflare
1,1,1,1,184,1.0,1.0,1,0,0,0.0,0.0,0.0,-0.0,-0.0,1.0,0.0,300.0,0.0,1.0,0.0,0.0,0.0040628910064697266,0.0040628910064697266,0.0,0.003778219223022461,0.0,0,1c06dcad-8c27-4b18-8994-508be7dc46c7,20260816,ecs-keyed,benign-plain,0,google
1,1,1,1,144,1.0,1.0,1,0,0,0.0,0.0,0.0,-0.0,-0.0,1.0,0.0,20441.0,0.0,1.0,0.0,0.0,0.001641988754272461,0.001641988754272461,0.0,0.0014190673828125,0.0,0,2ac39a19-cbd3-413b-b13e-0527b61ae397,20260816,ecs-keyed,benign-plain,0,opendns
1,1,1,1,152,1.0,1.0,1,0,0,0.0,0.0,0.0,-0.0,-0.0,1.0,0.0,60.0,0.0,1.0,0.0,0.0,0.03650975227355957,0.03650975227355957,0.0,0.03636527061462402,0.0,0,5c6daee4-cbb2-427c-b684-b71a27798321,20260816,ecs-keyed,benign-plain,0,google
1,1,1,1,206,1.0,1.0,1,0,0,0.0,0.0,0.0,-0.0,-0.0,1.0,0.0,20.0,0.0,1.0,0.0,0.0,0.01972341537475586,0.01972341537475586,0.0,0.01947951316833496,0.0,0,9601032c-d3ce-4a85-bd58-7d3725e6cd30,20260816,ecs-keyed,benign-plain,0,google
1,1,1,1,136,1.0,1.0,1,0,0,0.0,0.0,0.0,-0.0,-0.0,1.0,0.0,60.0,0.0,1.0,0.0,0.0,0.03590846061706543,0.03590846061706543,0.0,0.03584098815917969,0.0,0,d98b2183-ee39-44bc-be4e-9979aa4ad4c5,20260816,ecs-keyed,benign-plain,0,quad9
1,1,1,1,104,1.0,1.0,1,0,0,0.0,0.0,0.0,-0.0,-0.0,1.0,0.0,596.0,0.0,1.0,0.0,0.0,0.002038717269897461,0.002038717269897461,0.0,0.0019342899322509766,0.0,0,0fe4b2ea-5f88-4407-9f9f-6888e0edc8ce,20260816,ecs-keyed,benign-plain,0,opendns
1,1,1,1,108,1.0,1.0,1,0,0,0.0,0.0,0.0,-0.0,-0.0,1.0,0.0,20.0,0.0,1.0,0.0,0.0,0.012691736221313477,0.012691736221313477,0.0,0.012406110763549805,0.0,0,f162bb62-44fa-494f-9d7b-92edf9554259,20260816,ecs-keyed,benign-plain,0,google
1,1,1,1,106,1.0,1.0,1,0,0,0.0,0.0,0.0,-0.0,-0.0,1.0,0.0,249.0,0.0,1.0,0.0,0.0,0.001489400863647461,0.001489400863647461,0.0,0.001329183578491211,0.0,0,90adc8a4-c35c-4d11-a853-33c7e3f2df5e,20260816,ecs-keyed,benign-plain,0,opendns
1,1,1,1,88,1.0,1.0,1,0,0,0.0,0.0,0.0,-0.0,-0.0,1.0,0.0,86.0,0.0,1.0,0.0,0.0,0.001444101333618164,0.001444101333618164,0.0,0.0012540817260742188,0.0,0,2db777db-9157-4cb6-85b5-7fdffff3acff,20260816,ecs-keyed,benign-plain,0,quad9
1,1,1,1,135,1.0,1.0,1,0,0,0.0,0.0,0.0,-0.0,-0.0,1.0,0.0,9156.5,0.9803418336700704,1.0,0.0,0.0,0.03176283836364746,0.03176283836364746,0.0,0.03142261505126953,0.0,0,e96f1582-8af0-4f35-a1bb-a160689d68ca,20260816,ecs-keyed,benign-plain,0,opendns
1,1,1,1,110,1.0,1.0,1,0,0,0.0,0.0,0.0,-0.0,-0.0,1.0,0.0,300.0,0.0,1.0,0.0,0.0,0.03607177734375,0.03607177734375,0.0,0.035834312438964844,0.0,0,0b49ef54-3b27-4c10-9f23-4a8ded2d1ae3,20260816,ecs-keyed,benign-plain,0,cloudflare
1,1,1,1,94,1.0,1.0,1,0,0,0.0,0.0,0.0,-0.0,-0.0,1.0,0.0,570.0,0.0,1.0,0.0,0.0,0.002510547637939453,0.002510547637939453,0.0,0.002236604690551758,0.0,0,f2f3b59c-0a85-454b-9ad9-bfc2e18ef810,20260816,ecs-keyed,benign-plain,0,google
1,1,1,1,122,1.0,1.0,1,0,0,0.0,0.0,0.0,-0.0,-0.0,1.0,0.0,300.0,0.0,1.0,0.0,0.0,0.014692544937133789,0.014692544937133789,0.0,0.01451420783996582,0.0,0,0daaf199-c5df-490d-bd48-e6c91b197196,20260816,ecs-keyed,benign-plain,0,google
1,1,1,1,88,1.0,1.0,1,0,0,0.0,0.0,0.0,-0.0,-0.0,1.0,0.0,563.0,0.0,1.0,0.0,0.0,0.0021483898162841797,0.0021483898162841797,0.0,0.001911163330078125,0.0,0,418d96f4-e129-442f-af13-d1d068c30331,20260816,ecs-keyed,benign-plain,0,cloudflare
1,1,1,1,137,1.0,1.0,0,0,0,0.0,0.0,0.0,-0.0,-0.0,1.0,0.0,6133.0,0.9970650578835806,1.0,0.0,0.0,2.5074779987335205,2.5074779987335205,0.0,0.0,0.0,0,5e4a8ccb-4b32-47de-96f2-9af25778d26d,20260816,ecs-keyed,benign-plain,0,quad9
1,1,1,1,96,1.0,1.0,0,0,0,0.0,0.0,0.0,-0.0,-0.0,1.0,0.0,113.0,0.0,1.0,0.0,0.0,2.5060172080993652,2.5060172080993652,0.0,0.0,0.0,0,4874954e-46fb-4270-a7bf-fba4b8c64c08,20260816,ecs-keyed,benign-plain,0,cloudflare
1,1,1,1,192,1.0,1.0,0,0,0,0.0,0.0,0.0,-0.0,-0.0,1.0,0.0,275.0,0.0,1.0,0.0,0.0,2.503729820251465,2.503729820251465,0.0,0.0,0.0,0,aa9e32d5-cf1f-4cfd-94c6-ebc5d32c747d,20260816,ecs-keyed,benign-plain,0,opendns
1,1,1,1,156,1.0,1.0,0,0,0,0.0,0.0,0.0,-0.0,-0.0,1.0,0.0,1165.0,0.0,1.0,0.0,0.0,2.505357265472412,2.505357265472412,0.0,0.0,0.0,0,e04477f3-25d7-478d-842a-989cea182d66,20260816,ecs-keyed,benign-plain,0,opendns
1,1,1,1,176,1.0,1.0,0,0,0,0.0,0.0,0.0,-0.0,-0.0,1.0,0.0,21237.0,0.0,1.0,0.0,0.0,2.5029077529907227,2.5029077529907227,0.0,0.0,0.0,0,3b29ee4f-9e59-4f95-a73a-cbc2cc5868e6,20260816,ecs-keyed,benign-plain,0,google
1,1,1,1,106,1.0,1.0,1,0,0,0.0,0.0,0.0,-0.0,-0.0,1.0,0.0,10.0,0.0,1.0,0.0,0.0,0.0036249160766601562,0.0036249160766601562,0.0,0.003438711166381836,0.0,0,fb70a397-e65c-482d-9470-f34b588e533b,20260816,ecs-keyed,benign-plain,0,cloudflare
1,1,1,1,122,1.0,1.0,0,0,0,0.0,0.0,0.0,-0.0,-0.0,1.0,0.0,277.0,0.0,1.0,0.0,0.0,2.507697343826294,2.507697343826294,0.0,0.0,0.0,0,f7046c04-b3ce-4329-a4a1-77055eb87f7c,20260816,ecs-keyed,benign-plain,0,opendns
3,3,1,3,288,0.3333333333333333,1.0,1,1,1,1.0,0.0,0.0,-0.0,-0.0,0.3333333333333333,0.0,227.0,0.0,0.3333333333333333,0.0,0.6666666666666666,0.001993576685587565,0.003366422653198242,0.6066974167061611,0.0029141902923583984,0.0,0,aad845ad-4225-4c27-aa95-27efe4c07462,20260816,ecs-keyed,benign-ecs-stable,0,quad9
1,1,1,1,184,1.0,1.0,0,0,0,0.0,0.0,0.0,-0.0,-0.0,1.0,0.0,222.0,0.0,1.0,0.0,0.0,2.507608652114868,2.507608652114868,0.0,0.0,0.0,0,ff976e8b-015c-4ed8-8eac-24a7ca6fbe6c,20260816,ecs-keyed,benign-plain,0,cloudflare
3,3,1,3,244,0.3333333333333333,1.0,1,1,1,1.0,0.0,0.0,-0.0,-0.0,0.3333333333333333,0.0,7.0,0.0,0.3333333333333333,0.0,0.6666666666666666,0.0031479199727376304,0.0044182538986206055,0.438010921942786,0.004312753677368164,0.0,0,6a2b4e4c-ddd4-40d7-a087-03d539f50121,20260816,ecs-keyed,benign-ecs-stable,0,google
1,1,1,1,96,1.0,1.0,0,0,0,0.0,0.0,0.0,-0.0,-0.0,1.0,0.0,117.0,0.0,1.0,0.0,0.0,2.5081374645233154,2.5081374645233154,0.0,0.0,0.0,0,b9f0a70f-cbb7-4417-8f64-c80d50391508,20260816,ecs-keyed,benign-plain,0,quad9
3,3,2,3,313,0.6666666666666666,1.0,1,1,1,0.5,0.0,0.0,1.0,1.0,0.3333333333333333,0.0,233.0,0.0,0.3333333333333333,0.0,0.3333333333333333,0.003530740737915039,0.006692910194396972,0.7480580948836656,0.004413962364196777,0.0,0,c472ffeb-59ad-42d5-bc90-26a1a2f2a0e9,20260816,ecs-keyed,benign-ecs-stable,0,quad9
3,3,1,3,369,0.3333333333333333,1.0,1,1,1,1.0,0.0,0.0,-0.0,-0.0,0.3333333333333333,0.0,300.0,0.0,0.3333333333333333,0.0,0.6666666666666666,0.00518798828125,0.0073933362960815424,0.3522696435662778,0.004145145416259766,0.0,0,445e4b03-e4fd-427e-850d-ac0374c4f6fb,20260816,ecs-keyed,benign-ecs-stable,0,google
1,1,1,1,140,1.0,1.0,0,0,0,0.0,0.0,0.0,-0.0,-0.0,1.0,0.0,23.0,0.0,1.0,0.0,0.0,2.510838031768799,2.510838031768799,0.0,0.0,0.0,0,091b2c7b-ee64-4945-a0fb-5c92e448db84,20260816,ecs-keyed,benign-plain,0,opendns
1,1,1,1,205,1.0,1.0,0,0,0,0.0,0.0,0.0,-0.0,-0.0,1.0,0.0,300.0,0.0,1.0,0.0,0.0,2.506316900253296,2.506316900253296,0.0,0.0,0.0,0,5e73c6c7-f5cd-4853-b87a-f58aca24ec97,20260816,ecs-keyed,benign-plain,0,opendns
3,3,1,3,244,0.3333333333333333,1.0,1,1,1,1.0,0.0,0.0,-0.0,-0.0,0.3333333333333333,0.0,43.0,0.0,0.3333333333333333,0.0,0.6666666666666666,0.0028023719787597656,0.0036422252655029298,0.2521666708226712,0.0028128623962402344,0.0,0,12af469c-c3ce-439e-9e1a-7a763c9c1608,20260816,ecs-keyed,benign-ecs-stable,0,google
3,3,1,3,404,0.3333333333333333,1.0,1,1,1,1.0,0.0,0.0,-0.0,-0.0,0.3333333333333333,0.0,60.0,0.0,0.3333333333333333,0.0,0.6666666666666666,0.017521142959594727,0.01880943775177002,0.09516381103648387,0.016204833984375,0.0,0,7b49a6b8-539a-475e-a744-6eac698fbc81,20260816,ecs-keyed,benign-ecs-stable,0,google
3,3,1,3,300,0.3333333333333333,1.0,1,1,1,1.0,0.0,0.0,-0.0,-0.0,0.3333333333333333,0.0,3.0,0.0,0.3333333333333333,0.0,0.6666666666666666,0.0015426476796468098,0.0026330232620239255,0.7083419689118972,0.002190113067626953,0.0,0,2c535ae7-aa96-48d4-b102-6be98e2c82b7,20260816,ecs-keyed,benign-ecs-stable,0,opendns
3,3,1,3,244,0.3333333333333333,1.0,1,1,1,1.0,0.0,0.0,-0.0,-0.0,0.3333333333333333,0.0,300.0,0.0,0.3333333333333333,0.0,0.6666666666666666,0.004157861073811849,0.005311775207519531,0.23065096504213062,0.004837989807128906,0.0,0,42cfc84f-3a27-4edb-a712-823a11b19307,20260816,ecs-keyed,benign-ecs-stable,0,google
3,3,1,3,256,0.3333333333333333,1.0,1,1,1,1.0,0.0,0.0,-0.0,-0.0,0.3333333333333333,0.0,60.0,0.0,0.3333333333333333,0.0,0.6666666666666666,0.01271820068359375,0.01433858871459961,0.1127634005676203,0.01380157470703125,0.0,0,513b6695-bd41-43ad-b9e4-df1ff6825aab,20260816,ecs-keyed,benign-ecs-stable,0,google
3,3,1,3,412,0.3333333333333333,1.0,1,1,1,1.0,0.0,0.0,-0.0,-0.0,0.3333333333333333,0.0,60.0,0.0,0.3333333333333333,0.0,0.6666666666666666,0.015851418177286785,0.016750502586364745,0.07266191779452963,0.015238285064697266,0.0,0,e5785c3e-05ab-4088-bd2b-65773ec347c8,20260816,ecs-keyed,benign-ecs-stable,0,quad9
3,3,1,3,244,0.3333333333333333,1.0,1,1,1,1.0,0.0,0.0,-0.0,-0.0,0.3333333333333333,0.0,300.0,0.0,0.3333333333333333,0.0,0.6666666666666666,0.011948982874552408,0.012819218635559081,0.06697018805513139,0.011590957641601562,0.0,0,70114484-99df-44fd-9e1a-17d899d04c4a,20260816,ecs-keyed,benign-ecs-stable,0,cloudflare
3,3,1,3,244,0.3333333333333333,1.0,1,1,1,1.0,0.0,0.0,-0.0,-0.0,0.3333333333333333,0.0,300.0,0.0,0.3333333333333333,0.0,0.6666666666666666,0.0024948914845784507,0.003258943557739258,0.3047367288098308,0.0032465457916259766,0.0,0,fc0cde67-c23f-4f8b-a6a6-76cb76d7c319,20260816,ecs-keyed,benign-ecs-stable,0,quad9
3,3,1,3,288,0.3333333333333333,1.0,1,1,1,1.0,0.0,0.0,-0.0,-0.0,0.3333333333333333,0.0,12.0,0.0,0.3333333333333333,0.0,0.6666666666666666,0.0014046827952067058,0.0018828868865966796,0.33827473479178416,0.0018301010131835938,0.0,0,9d584502-90da-4f88-b395-51d7dbfe8a4b,20260816,ecs-keyed,benign-ecs-stable,0,google
3,3,1,3,412,0.3333333333333333,1.0,1,1,1,1.0,0.0,0.0,-0.0,-0.0,0.3333333333333333,0.0,60.0,0.0,0.3333333333333333,0.0,0.6666666666666666,0.01833653450012207,0.01954188346862793,0.054757826653537,0.0178372859954834,0.0,0,cd587818-5e84-4b16-a964-05b26f6198c5,20260816,ecs-keyed,benign-ecs-stable,0,cloudflare
3,3,1,3,264,0.3333333333333333,1.0,1,1,1,1.0,0.0,0.0,-0.0,-0.0,0.3333333333333333,0.0,300.0,0.0,0.3333333333333333,0.0,0.6666666666666666,0.004007895787556966,0.0045398235321044925,0.11658210575236534,0.004325389862060547,0.0,0,31f27767-4b59-4814-a799-31631a9543da,20260816,ecs-keyed,benign-ecs-stable,0,quad9
3,3,1,3,508,0.3333333333333333,1.0,1,1,1,1.0,0.0,0.0,-0.0,-0.0,0.3333333333333333,0.0,133.0,0.0,0.3333333333333333,0.0,0.6666666666666666,0.0026816527048746743,0.0033190727233886716,0.2354809963938511,0.0023469924926757812,0.0,0,4f367586-a143-48f8-82d4-bcd78eab27f9,20260816,ecs-keyed,benign-ecs-stable,0,google
3,3,1,3,408,0.3333333333333333,1.0,1,1,1,1.0,0.0,0.0,-0.0,-0.0,0.3333333333333333,0.0,60.0,0.0,0.3333333333333333,0.0,0.6666666666666666,0.015569448471069336,0.01702301502227783,0.08364408413318647,0.016614198684692383,0.0,0,aede0da3-a439-485d-8723-ea06799300e4,20260816,ecs-keyed,benign-ecs-stable,0,cloudflare
3,3,1,3,524,0.3333333333333333,1.0,1,1,1,1.0,0.0,0.0,-0.0,-0.0,0.3333333333333333,0.0,300.0,0.0,0.3333333333333333,0.0,0.6666666666666666,0.0025670528411865234,0.0044209957122802734,0.6573396005762437,0.0037424564361572266,0.0,0,975d231a-61f3-4479-bdec-154965d06474,20260816,ecs-keyed,benign-ecs-stable,0,google
3,3,1,3,288,0.3333333333333333,1.0,1,1,1,1.0,0.0,0.0,-0.0,-0.0,0.3333333333333333,0.0,300.0,0.0,0.3333333333333333,0.0,0.6666666666666666,0.017470439275105793,0.01799619197845459,0.027939431393835167,0.017438173294067383,0.0,0,89ed7a05-7f38-4851-b8f2-00f83afd0fd8,20260816,ecs-keyed,benign-ecs-stable,0,quad9
3,3,1,3,504,0.3333333333333333,1.0,1,1,1,1.0,0.0,0.0,-0.0,-0.0,0.3333333333333333,0.0,27.0,0.0,0.3333333333333333,0.0,0.6666666666666666,0.001722256342569987,0.0022390365600585935,0.25775437310283544,0.0017688274383544922,0.0,0,87df1f4e-4102-4c65-94e6-54daf8abef92,20260816,ecs-keyed,benign-ecs-stable,0,opendns
3,3,1,3,472,0.3333333333333333,1.0,1,1,1,1.0,0.0,0.0,-0.0,-0.0,0.3333333333333333,0.0,300.0,0.0,0.3333333333333333,0.0,0.6666666666666666,0.0028186639149983725,0.004117512702941894,0.40903412882706974,0.0042154788970947266,0.0,0,2c2c7614-4e95-4faf-85b1-c66724f23814,20260816,ecs-keyed,benign-ecs-stable,0,quad9
3,3,1,3,412,0.3333333333333333,1.0,1,1,1,1.0,0.0,0.0,-0.0,-0.0,0.3333333333333333,0.0,60.0,0.0,0.3333333333333333,0.0,0.6666666666666666,0.03288674354553223,0.03471419811248779,0.05169619835934358,0.032436370849609375,0.0,0,589e4fe6-3e4d-48e9-aaf8-48e6952c6364,20260816,ecs-keyed,benign-ecs-stable,0,google
3,3,1,3,508,0.3333333333333333,1.0,1,1,1,1.0,0.0,0.0,-0.0,-0.0,0.3333333333333333,0.0,229.0,0.0,0.3333333333333333,0.0,0.6666666666666666,0.002428293228149414,0.0028142452239990233,0.16396140455018166,0.002063274383544922,0.0,0,7210da1c-335d-40f0-9185-d024b872a11d,20260816,ecs-keyed,benign-ecs-stable,0,quad9
3,3,1,3,376,0.3333333333333333,1.0,1,1,1,1.0,0.0,0.0,-0.0,-0.0,0.3333333333333333,0.0,60.0,0.0,0.3333333333333333,0.0,0.6666666666666666,0.03610547383626302,0.038310575485229495,0.06014335540740652,0.03839588165283203,0.0,0,162d9a69-2aad-4370-8f02-b27d1063cb66,20260816,ecs-keyed,benign-ecs-stable,0,cloudflare
3,3,1,3,512,0.3333333333333333,1.0,1,1,1,1.0,0.0,0.0,-0.0,-0.0,0.3333333333333333,0.0,300.0,0.0,0.3333333333333333,0.0,0.6666666666666666,0.002455631891886393,0.003768038749694824,0.4522449798538392,0.0038785934448242188,0.0,0,e40d3c3d-465e-4bc9-af47-c92930a84c33,20260816,ecs-keyed,benign-ecs-stable,0,cloudflare
3,3,1,3,284,0.3333333333333333,1.0,1,1,1,1.0,0.0,0.0,-0.0,-0.0,0.3333333333333333,0.0,300.0,0.0,0.3333333333333333,0.0,0.6666666666666666,0.0029380321502685547,0.003291153907775879,0.10539963796466395,0.0028569698333740234,0.0,0,7e4a940a-2cec-40d6-9d37-8d338267ef91,20260816,ecs-keyed,benign-ecs-stable,0,google
3,3,1,3,264,0.3333333333333333,1.0,1,1,1,1.0,0.0,0.0,-0.0,-0.0,0.3333333333333333,0.0,300.0,0.0,0.3333333333333333,0.0,0.6666666666666666,0.003993034362792969,0.004912233352661132,0.19313882014582434,0.003682374954223633,0.0,0,b0d9924b-2421-4cfc-8e6b-0b1e74a8589f,20260816,ecs-keyed,benign-ecs-stable,0,opendns
3,3,1,3,256,0.3333333333333333,1.0,1,1,1,1.0,0.0,0.0,-0.0,-0.0,0.3333333333333333,0.0,60.0,0.0,0.3333333333333333,0.0,0.6666666666666666,0.01777346928914388,0.019736337661743163,0.10547576991917858,0.018241405487060547,0.0,0,684b797d-ac75-46c9-b0a1-283a377cbe74,20260816,ecs-keyed,benign-ecs-stable,0,opendns
3,3,1,3,272,0.3333333333333333,1.0,1,1,1,1.0,0.0,0.0,-0.0,-0.0,0.3333333333333333,0.0,300.0,0.0,0.3333333333333333,0.0,0.6666666666666666,0.003870407740275065,0.004649567604064942,0.23176480138590005,0.003161191940307617,0.0,0,072c1e35-4f94-47f3-852f-c836e169d801,20260816,ecs-keyed,benign-ecs-stable,0,opendns
3,3,1,3,396,0.3333333333333333,1.0,1,1,1,1.0,0.0,0.0,-0.0,-0.0,0.3333333333333333,0.0,60.0,0.0,0.3333333333333333,0.0,0.6666666666666666,0.031102577845255535,0.031848716735839847,0.020125753085793553,0.03153800964355469,0.0,0,8597391b-647c-4830-bde2-2316c0157c5d,20260816,ecs-keyed,benign-ecs-stable,0,google
3,3,1,3,492,0.3333333333333333,1.0,1,1,1,1.0,0.0,0.0,-0.0,-0.0,0.3333333333333333,0.0,300.0,0.0,0.3333333333333333,0.0,0.6666666666666666,0.003841400146484375,0.004121947288513184,0.06581091988357356,0.003407001495361328,0.0,0,68c8fa4f-45f5-4756-ad9e-550fe63df731,20260816,ecs-keyed,benign-ecs-stable,0,cloudflare
3,3,1,3,400,0.3333333333333333,1.0,1,1,1,1.0,0.0,0.0,-0.0,-0.0,0.3333333333333333,0.0,60.0,0.0,0.3333333333333333,0.0,0.6666666666666666,0.017057021458943684,0.018167686462402344,0.06855491476619008,0.016692161560058594,0.0,0,4d5ee6d9-2bb0-4ff4-b5bd-37fa394b2f68,20260816,ecs-keyed,benign-ecs-stable,0,google
3,3,1,3,376,0.3333333333333333,1.0,1,1,1,1.0,0.0,0.0,-0.0,-0.0,0.3333333333333333,0.0,10.0,0.0,0.3333333333333333,0.0,0.6666666666666666,0.002038717269897461,0.0027290821075439454,0.2807050484170126,0.002747058868408203,0.0,0,454656bf-8c60-4bde-bf4e-f79ef1c62762,20260816,ecs-keyed,benign-ecs-stable,0,google
3,3,1,3,554,0.3333333333333333,1.0,1,1,1,1.0,0.0,0.0,-0.0,-0.0,0.3333333333333333,0.0,233.33333333333334,0.13211003453367876,0.3333333333333333,0.0,0.6666666666666666,0.0025316079457600913,0.0037215709686279296,0.39270896129989075,0.0023598670959472656,0.0,0,a38e3caf-1737-48b4-97ba-5a3f93f50aaa,20260816,ecs-keyed,benign-ecs-stable,0,opendns
3,3,1,3,252,0.3333333333333333,1.0,1,1,1,1.0,0.0,0.0,-0.0,-0.0,0.3333333333333333,0.0,17.0,0.0,0.3333333333333333,0.0,0.6666666666666666,0.00205079714457194,0.0023174524307250977,0.11469968349871522,0.002081155776977539,0.0,0,0035f313-a4ae-4c4c-b972-5b7e855f067b,20260816,ecs-keyed,benign-ecs-stable,0,opendns
1,1,1,1,104,1.0,1.0,0,0,0,0.0,0.0,0.0,-0.0,-0.0,1.0,0.0,60.0,0.0,1.0,0.0,0.0,2.5202271938323975,2.5202271938323975,0.0,0.0,0.0,0,ba4c65e0-67dd-42eb-b3d2-705deb588171,20260816,ecs-keyed,benign-plain,0,cloudflare
3,3,1,3,300,0.3333333333333333,1.0,1,1,1,1.0,0.0,0.0,-0.0,-0.0,0.3333333333333333,0.0,7.0,0.0,0.3333333333333333,0.0,0.6666666666666666,0.01803429921468099,0.01905238628387451,0.046848147422453135,0.017560482025146484,0.0,0,4fbdad4d-46e9-497c-ab03-a16e36a2a78f,20260816,ecs-keyed,benign-ecs-stable,0,quad9
3,3,1,3,300,0.3333333333333333,1.0,1,1,1,1.0,0.0,0.0,-0.0,-0.0,0.3333333333333333,0.0,20.0,0.0,0.3333333333333333,0.0,0.6666666666666666,0.013729731241861979,0.01513209342956543,0.08879906067227267,0.015230417251586914,0.0,0,639e5926-1f7c-4ec5-b33f-30e6aab3ab20,20260816,ecs-keyed,benign-ecs-stable,0,quad9
3,3,1,3,504,0.3333333333333333,1.0,1,1,1,1.0,0.0,0.0,-0.0,-0.0,0.3333333333333333,0.0,136.0,0.0,0.3333333333333333,0.0,0.6666666666666666,0.0018830299377441406,0.0021857261657714845,0.15202865062398735,0.0017275810241699219,0.0,0,850dae80-48e3-4032-8e0e-1bf1f6b9d485,20260816,ecs-keyed,benign-ecs-stable,0,cloudflare
3,3,1,3,232,0.3333333333333333,1.0,1,1,1,1.0,0.0,0.0,-0.0,-0.0,0.3333333333333333,0.0,60.0,0.0,0.3333333333333333,0.0,0.6666666666666666,0.013904174168904623,0.014632987976074218,0.05356651125158724,0.014611959457397461,0.0,0,9952dd5a-232a-48de-a63b-65ea709b9a0e,20260816,ecs-keyed,benign-ecs-stable,0,google
3,3,1,3,300,0.3333333333333333,1.0,1,1,1,1.0,0.0,0.0,-0.0,-0.0,0.3333333333333333,0.0,120.0,0.0,0.3333333333333333,0.0,0.6666666666666666,0.013826926549275717,0.014020109176635742,0.012608554209351681,0.013888835906982422,0.0,0,4a51c0ac-2e0d-4fc1-820f-5e20a5dc50c7,20260816,ecs-keyed,benign-ecs-stable,0,opendns
3,3,1,3,512,0.3333333333333333,1.0,1,1,1,1.0,0.0,0.0,-0.0,-0.0,0.3333333333333333,0.0,283.0,0.0,0.3333333333333333,0.0,0.6666666666666666,0.002458810806274414,0.002769184112548828,0.11328983876688328,0.0023567676544189453,0.0,0,00c3d1e8-7ab9-4ddf-b454-d7231d6dbb27,20260816,ecs-keyed,benign-ecs-stable,0,google
3,3,1,3,408,0.3333333333333333,1.0,1,1,1,1.0,0.0,0.0,-0.0,-0.0,0.3333333333333333,0.0,60.0,0.0,0.3333333333333333,0.0,0.6666666666666666,0.03165698051452637,0.032244205474853516,0.015371659386676218,0.03223824501037598,0.0,0,dff365af-1f8e-4b8b-994d-aac077950254,20260816,ecs-keyed,benign-ecs-stable,0,google
3,3,1,3,400,0.3333333333333333,1.0,1,1,1,1.0,0.0,0.0,-0.0,-0.0,0.3333333333333333,0.0,60.0,0.0,0.3333333333333333,0.0,0.6666666666666666,0.034517923990885414,0.03597643375396729,0.037442172962076914,0.03522777557373047,0.0,0,9fb03699-852e-437c-b0ce-f348e846b04a,20260816,ecs-keyed,benign-ecs-stable,0,cloudflare
3,3,1,3,232,0.3333333333333333,1.0,1,1,1,1.0,0.0,0.0,-0.0,-0.0,0.3333333333333333,0.0,20.0,0.0,0.3333333333333333,0.0,0.6666666666666666,0.001764853795369466,0.0022956132888793945,0.3315660127543013,0.0022575855255126953,0.0,0,2e6deac5-e2ad-4de4-8479-4626ee1d2239,20260816,ecs-keyed,benign-ecs-stable,0,cloudflare
3,3,1,3,420,0.3333333333333333,1.0,1,1,1,1.0,0.0,0.0,-0.0,-0.0,0.3333333333333333,0.0,60.0,0.0,0.3333333333333333,0.0,0.6666666666666666,0.03106236457824707,0.031340932846069335,0.008719429379864396,0.031066179275512695,0.0,0,11acd8e3-a6ae-4fe8-95b0-e8d61f34e518,20260816,ecs-keyed,benign-ecs-stable,0,quad9
3,3,1,3,244,0.3333333333333333,1.0,1,1,1,1.0,0.0,0.0,-0.0,-0.0,0.3333333333333333,0.0,300.0,0.0,0.3333333333333333,0.0,0.6666666666666666,0.0021376609802246094,0.0037847280502319334,0.6973918602728651,0.0033063888549804688,0.0,0,6b35df0d-0690-4bab-8531-020fd1b9a9a7,20260816,ecs-keyed,benign-ecs-stable,0,cloudflare
3,3,1,3,392,0.3333333333333333,1.0,1,1,1,1.0,0.0,0.0,-0.0,-0.0,0.3333333333333333,0.0,60.0,0.0,0.3333333333333333,0.0,0.6666666666666666,0.04680752754211426,0.047595882415771486,0.015490244040790645,0.04417133331298828,0.0,0,1b0b01c8-b872-445b-8c60-257c1039b64e,20260816,ecs-keyed,benign-ecs-stable,0,google
3,3,1,3,252,0.3333333333333333,1.0,1,1,1,1.0,0.0,0.0,-0.0,-0.0,0.3333333333333333,0.0,102.0,0.0,0.3333333333333333,0.0,0.6666666666666666,0.003129243850708008,0.0037103891372680664,0.21143989673657332,0.0036725997924804688,0.0,0,21d663cd-39e9-4fdf-b6a1-281316c94885,20260816,ecs-keyed,benign-ecs-stable,0,cloudflare
3,3,1,3,256,0.3333333333333333,1.0,1,1,1,1.0,0.0,0.0,-0.0,-0.0,0.3333333333333333,0.0,300.0,0.0,0.3333333333333333,0.0,0.6666666666666666,0.0020771026611328125,0.0028699398040771484,0.3159038739582038,0.002536773681640625,0.0,0,d0a2729d-9ebc-4e4f-b705-accad5f63c8d,20260816,ecs-keyed,benign-ecs-stable,0,cloudflare
3,3,1,3,388,0.3333333333333333,1.0,1,1,1,1.0,0.0,0.0,-0.0,-0.0,0.3333333333333333,0.0,60.0,0.0,0.3333333333333333,0.0,0.6666666666666666,0.016379594802856445,0.016616010665893556,0.012451352447551457,0.01640176773071289,0.0,0,8d10939c-ec3c-4fae-81b1-a3924f2fc2ee,20260816,ecs-keyed,benign-ecs-stable,0,cloudflare
3,3,1,3,376,0.3333333333333333,1.0,1,1,1,1.0,0.0,0.0,-0.0,-0.0,0.3333333333333333,0.0,10.0,0.0,0.3333333333333333,0.0,0.6666666666666666,0.0016249815622965496,0.0023702383041381836,0.38391550749556624,0.0018434524536132812,0.0,0,93389337-5f48-4247-bca4-3bb2f4a15daf,20260816,ecs-keyed,benign-ecs-stable,0,opendns
3,3,1,3,252,0.3333333333333333,1.0,1,1,1,1.0,0.0,0.0,-0.0,-0.0,0.3333333333333333,0.0,8.0,0.0,0.3333333333333333,0.0,0.6666666666666666,0.0009059111277262369,0.0017806768417358398,0.8293721016980675,0.001523733139038086,0.0,0,77c12333-f316-445e-a655-bce6723fb089,20260816,ecs-keyed,benign-ecs-stable,0,google
3,3,1,3,260,0.3333333333333333,1.0,1,1,1,1.0,0.0,0.0,-0.0,-0.0,0.3333333333333333,0.0,300.0,0.0,0.3333333333333333,0.0,0.6666666666666666,0.004604339599609375,0.005121469497680664,0.11171441158212529,0.003967761993408203,0.0,0,32325cc9-b61d-4d11-be53-1385cc837d15,20260816,ecs-keyed,benign-ecs-stable,0,cloudflare
3,3,1,3,388,0.3333333333333333,1.0,1,1,1,1.0,0.0,0.0,-0.0,-0.0,0.3333333333333333,0.0,60.0,0.0,0.3333333333333333,0.0,0.6666666666666666,0.015809059143066406,0.01642136573791504,0.03999627913700922,0.016172409057617188,0.0,0,ecd6bc35-ec50-4fe3-bc87-1edb2e22b780,20260816,ecs-keyed,benign-ecs-stable,0,quad9
3,3,1,3,408,0.3333333333333333,1.0,1,1,1,1.0,0.0,0.0,-0.0,-0.0,0.3333333333333333,0.0,60.0,0.0,0.3333333333333333,0.0,0.6666666666666666,0.037879387537638344,0.038696575164794925,0.021326357375264744,0.03836965560913086,0.0,0,2eeb4c00-fcb1-49bb-99bc-e87ab37289d0,20260816,ecs-keyed,benign-ecs-stable,0,quad9
3,3,1,3,256,0.3333333333333333,1.0,1,1,1,1.0,0.0,0.0,-0.0,-0.0,0.3333333333333333,0.0,300.0,0.0,0.3333333333333333,0.0,0.6666666666666666,0.004568894704182942,0.004995226860046387,0.09009017093998545,0.004965543746948242,0.0,0,bd44968e-75a4-467d-a63a-81edc0816464,20260816,ecs-keyed,benign-ecs-stable,0,google
3,3,1,3,396,0.3333333333333333,1.0,1,1,1,1.0,0.0,0.0,-0.0,-0.0,0.3333333333333333,0.0,60.0,0.0,0.3333333333333333,0.0,0.6666666666666666,0.015421708424886068,0.016818881034851074,0.07504363627714396,0.01562976837158203,0.0,0,d5012f27-5657-4511-b448-a376bf6e3a1e,20260816,ecs-keyed,benign-ecs-stable,0,opendns
3,3,1,3,256,0.3333333333333333,1.0,1,1,1,1.0,0.0,0.0,-0.0,-0.0,0.3333333333333333,0.0,60.0,0.0,0.3333333333333333,0.0,0.6666666666666666,0.015644311904907227,0.016178655624389648,0.028901286892764316,0.015083551406860352,0.0,0,ee95c183-681c-4eff-872e-df90fc92462f,20260816,ecs-keyed,benign-ecs-stable,0,opendns
3,3,1,3,361,0.3333333333333333,1.0,1,1,1,1.0,0.0,0.0,-0.0,-0.0,0.3333333333333333,0.0,300.0,0.0,0.3333333333333333,0.0,0.6666666666666666,0.0029848416646321616,0.003904247283935547,0.2625188955896606,0.002604961395263672,0.0,0,08e2cadc-2034-4a03-9b86-22f6d1552941,20260816,ecs-keyed,benign-ecs-stable,0,opendns
3,3,1,3,472,0.3333333333333333,1.0,1,1,1,1.0,0.0,0.0,-0.0,-0.0,0.3333333333333333,0.0,300.0,0.0,0.3333333333333333,0.0,0.6666666666666666,0.002704620361328125,0.0032491207122802733,0.20680924243570742,0.003178834915161133,0.0,0,3e49770d-ccdd-4994-99b3-8e8aa2b403bc,20260816,ecs-keyed,benign-ecs-stable,0,cloudflare
3,3,1,3,288,0.3333333333333333,1.0,1,1,1,1.0,0.0,0.0,-0.0,-0.0,0.3333333333333333,0.0,300.0,0.0,0.3333333333333333,0.0,0.6666666666666666,0.002885103225708008,0.0031385898590087892,0.07401554736641802,0.0030803680419921875,0.0,0,fe101e3f-52ac-4961-9b15-387bc9b154eb,20260816,ecs-keyed,benign-ecs-stable,0,cloudflare
3,3,1,3,252,0.3333333333333333,1.0,1,1,1,1.0,0.0,0.0,-0.0,-0.0,0.3333333333333333,0.0,81.0,0.0,0.3333333333333333,0.0,0.6666666666666666,0.0012700557708740234,0.0014383792877197266,0.11941578181814887,0.0013279914855957031,0.0,0,284efa90-4e35-4c98-afb5-1930054027dd,20260816,ecs-keyed,benign-ecs-stable,0,google
3,3,1,3,408,0.3333333333333333,1.0,1,1,1,1.0,0.0,0.0,-0.0,-0.0,0.3333333333333333,0.0,60.0,0.0,0.3333333333333333,0.0,0.6666666666666666,0.032102108001708984,0.03245425224304199,0.010063115888637083,0.03182554244995117,0.0,0,eaa8294a-2b3f-435b-9334-d7dcc601b7b6,20260816,ecs-keyed,benign-ecs-stable,0,cloudflare
3,3,1,3,412,0.3333333333333333,1.0,1,1,1,1.0,0.0,0.0,-0.0,-0.0,0.3333333333333333,0.0,60.0,0.0,0.3333333333333333,0.0,0.6666666666666666,0.014343897501627604,0.015499114990234375,0.08258325230600726,0.015111684799194336,0.0,0,0872f3af-0656-4db1-8b7b-3c20999c0e1d,20260816,ecs-keyed,benign-ecs-stable,0,google
3,3,1,3,408,0.3333333333333333,1.0,1,1,1,1.0,0.0,0.0,-0.0,-0.0,0.3333333333333333,0.0,60.0,0.0,0.3333333333333333,0.0,0.6666666666666666,0.015311956405639648,0.01570594310760498,0.02735983689992471,0.01562786102294922,0.0,0,da2f8e79-a032-4ca1-9d93-5819ed48e109,20260816,ecs-keyed,benign-ecs-stable,0,quad9
3,3,1,3,424,0.3333333333333333,1.0,1,1,1,1.0,0.0,0.0,-0.0,-0.0,0.3333333333333333,0.0,60.0,0.0,0.3333333333333333,0.0,0.6666666666666666,0.04360214869181315,0.04380068778991699,0.004161585391737274,0.04365849494934082,0.0,0,70b68522-3d50-48ae-8e77-40c22ce639b5,20260816,ecs-keyed,benign-ecs-stable,0,cloudflare
3,3,1,3,510,0.3333333333333333,1.0,1,1,1,1.0,0.0,0.0,-0.0,-0.0,0.3333333333333333,0.0,160.0,0.0,0.3333333333333333,0.0,0.6666666666666666,0.0011352698008219402,0.001744842529296875,0.48444845881084053,0.0016939640045166016,0.0,0,92695c58-4878-4daf-95de-ef9c131c62b5,20260816,ecs-keyed,benign-ecs-stable,0,quad9
3,3,1,3,228,0.3333333333333333,1.0,1,1,1,1.0,0.0,0.0,-0.0,-0.0,0.3333333333333333,0.0,60.0,0.0,0.3333333333333333,0.0,0.6666666666666666,0.0225830872853597,0.023826003074645996,0.048951533890784965,0.022362470626831055,0.0,0,3a8ad5ca-7436-47d9-9e06-6eb6b84884b5,20260816,ecs-keyed,benign-ecs-stable,0,cloudflare
3,3,1,3,408,0.3333333333333333,1.0,1,1,1,1.0,0.0,0.0,-0.0,-0.0,0.3333333333333333,0.0,60.0,0.0,0.3333333333333333,0.0,0.6666666666666666,0.014590899149576822,0.015597343444824219,0.05750701779415991,0.015501737594604492,0.0,0,5a7112d2-6df1-4553-977f-86f2e6efea7e,20260816,ecs-keyed,benign-ecs-stable,0,cloudflare
3,3,1,3,524,0.3333333333333333,1.0,1,1,1,1.0,0.0,0.0,-0.0,-0.0,0.3333333333333333,0.0,190.0,0.0,0.3333333333333333,0.0,0.6666666666666666,0.002634127934773763,0.003074240684509277,0.16008413044406086,0.002759218215942383,0.0,0,cf5cb8ac-6531-4480-9e8c-bd908bf3444b,20260816,ecs-keyed,benign-ecs-stable,0,quad9
3,3,1,3,300,0.3333333333333333,1.0,1,1,1,1.0,0.0,0.0,-0.0,-0.0,0.3333333333333333,0.0,120.0,0.0,0.3333333333333333,0.0,0.6666666666666666,0.013129870096842447,0.013327217102050782,0.014542324675833338,0.013117790222167969,0.0,0,e447ee80-343d-46db-8a98-9ed652daf8a0,20260816,ecs-keyed,benign-ecs-stable,0,cloudflare
3,3,1,3,416,0.3333333333333333,1.0,1,1,1,1.0,0.0,0.0,-0.0,-0.0,0.3333333333333333,0.0,60.0,0.0,0.3333333333333333,0.0,0.6666666666666666,0.017086585362752277,0.01738152503967285,0.0166949442931141,0.01718282699584961,0.0,0,f1f61e44-99e2-44e4-9bac-b0881499472c,20260816,ecs-keyed,benign-ecs-stable,0,quad9
3,3,1,3,376,0.3333333333333333,1.0,1,1,1,1.0,0.0,0.0,-0.0,-0.0,0.3333333333333333,0.0,60.0,0.0,0.3333333333333333,0.0,0.6666666666666666,0.01453089714050293,0.014751529693603516,0.013603502662408196,0.01445913314819336,0.0,0,57b80415-5aac-4693-a6e3-134a065d491a,20260816,ecs-keyed,benign-ecs-stable,0,cloudflare
3,3,1,3,396,0.3333333333333333,1.0,1,1,1,1.0,0.0,0.0,-0.0,-0.0,0.3333333333333333,0.0,60.0,0.0,0.3333333333333333,0.0,0.6666666666666666,0.03615387280782064,0.03687329292297363,0.021810000529907846,0.03563976287841797,0.0,0,45542a05-8c19-4de8-86e4-fb498132e1e2,20260816,ecs-keyed,benign-ecs-stable,0,quad9
3,3,1,3,400,0.3333333333333333,1.0,1,1,1,1.0,0.0,0.0,-0.0,-0.0,0.3333333333333333,0.0,60.0,0.0,0.3333333333333333,0.0,0.6666666666666666,0.015302578608194986,0.01571831703186035,0.02987883086781026,0.015646696090698242,0.0,0,81724e5b-891d-417a-b3e1-68eac0842176,20260816,ecs-keyed,benign-ecs-stable,0,quad9
3,3,1,3,412,0.3333333333333333,1.0,1,1,1,1.0,0.0,0.0,-0.0,-0.0,0.3333333333333333,0.0,60.0,0.0,0.3333333333333333,0.0,0.6666666666666666,0.012987295786539713,0.014740300178527831,0.11203750153688162,0.014899969100952148,0.0,0,44f654ab-465a-44f2-a960-cd4cfff45ed8,20260816,ecs-keyed,benign-ecs-stable,0,opendns
3,3,1,3,388,0.3333333333333333,1.0,1,1,1,1.0,0.0,0.0,-0.0,-0.0,0.3333333333333333,0.0,60.0,0.0,0.3333333333333333,0.0,0.6666666666666666,0.036305507024129234,0.03700268268585205,0.020457583169157606,0.03688979148864746,0.0,0,5305812e-09bc-413e-8fa8-9f0cc51b6fad,20260816,ecs-keyed,benign-ecs-stable,0,quad9
3,3,1,3,228,0.3333333333333333,1.0,1,1,1,1.0,0.0,0.0,-0.0,-0.0,0.3333333333333333,0.0,60.0,0.0,0.3333333333333333,0.0,0.6666666666666666,0.029018958409627277,0.029510903358459472,0.01585591630575276,0.029435157775878906,0.0,0,7977b1e7-5ebf-4dda-b86c-a4c7db12094d,20260816,ecs-keyed,benign-ecs-stable,0,cloudflare
1,1,1,1,98,1.0,1.0,0,0,0,0.0,0.0,0.0,-0.0,-0.0,1.0,0.0,60.0,0.0,1.0,0.0,0.0,2.642754077911377,2.642754077911377,0.0,0.0,0.0,0,491cd9d3-22ae-4796-9867-1724bc0e47d1,20260816,ecs-keyed,benign-plain,0,google
3,3,1,3,416,0.3333333333333333,1.0,1,1,1,1.0,0.0,0.0,-0.0,-0.0,0.3333333333333333,0.0,40.0,0.0,0.3333333333333333,0.0,0.6666666666666666,0.0016845862070719402,0.0020731210708618162,0.2609297263137272,0.001971721649169922,0.0,0,add2b2ae-e025-4623-9938-3fbdd1dc2b4f,20260816,ecs-keyed,benign-ecs-stable,0,opendns
3,3,1,3,412,0.3333333333333333,1.0,1,1,1,1.0,0.0,0.0,-0.0,-0.0,0.3333333333333333,0.0,60.0,0.0,0.3333333333333333,0.0,0.6666666666666666,0.03491806983947754,0.0353696346282959,0.011965908007402014,0.03481292724609375,0.0,0,ad45ce1c-5637-44d0-983e-5d2bdb58b1cc,20260816,ecs-keyed,benign-ecs-stable,0,quad9
1,1,1,1,178,1.0,1.0,0,0,0,0.0,0.0,0.0,-0.0,-0.0,1.0,0.0,800.0,0.0,1.0,0.0,0.0,2.505922317504883,2.505922317504883,0.0,0.0,0.0,0,47a70257-3023-408c-96e6-ded73de37983,20260816,ecs-keyed,benign-plain,0,cloudflare
4,4,4,4,632,1.0,1.0,4,4,4,1.0,0.0,0.0,1.0,1.0,1.0,0.75,60.0,0.0,0.25,0.0,0.0,0.03012484312057495,0.03714585304260254,0.2543742410430191,0.0298919677734375,0.0,0,411bcf17-4973-4ed9-ba2b-062b11011ef9,20260816,ecs-keyed,benign-ecs-geo,0,cloudflare
4,4,4,4,680,1.0,1.0,4,4,4,1.0,0.0,0.0,1.0,1.0,1.0,0.75,60.0,0.0,0.25,0.0,0.0,0.02051442861557007,0.03233189582824706,0.4142414281649566,0.02027028799057007,0.0,0,5c88e35b-df52-4cc3-b2ed-d546680fcee4,20260816,ecs-keyed,benign-ecs-geo,0,opendns
4,4,4,4,472,1.0,1.0,4,4,4,1.0,0.0,0.0,1.0,1.0,0.75,0.5,15.0,0.49665548085837796,0.25,0.0,0.0,0.003018975257873535,0.0038100838661193847,0.2547100429827675,0.002729654312133789,0.0,0,196fb650-b2e4-49ef-8541-c06dcedd3cd0,20260816,ecs-keyed,benign-ecs-geo,0,opendns
1,1,1,1,102,1.0,1.0,0,0,0,0.0,0.0,0.0,-0.0,-0.0,1.0,0.0,2676.0,0.0,1.0,0.0,0.0,2.5041191577911377,2.5041191577911377,0.0,0.0,0.0,0,48a11d75-b964-4493-b97d-00430bc924b7,20260816,ecs-keyed,benign-plain,0,quad9
4,4,4,4,779,1.0,1.0,4,4,4,1.0,0.0,0.0,1.0,1.0,1.0,0.75,272.4,0.15477127897795054,0.25,0.0,0.0,0.003473937511444092,0.004505705833435058,0.24013071631728367,0.003054201602935791,0.0,0,a7832292-8b1b-455f-9293-3eda430a192b,20260816,ecs-keyed,benign-ecs-geo,0,quad9
4,4,4,4,664,1.0,1.0,4,4,4,1.0,0.0,0.0,1.0,1.0,1.0,0.75,225.75,0.5696778403631856,0.25,0.0,0.0,0.003501594066619873,0.0042318224906921385,0.17641779758415588,0.003261089324951172,0.0,0,69e7f869-740b-480c-9384-9e11e48939cd,20260816,ecs-keyed,benign-ecs-geo,0,cloudflare
4,4,4,4,520,1.0,1.0,4,4,4,1.0,0.0,0.0,1.0,1.0,1.0,0.75,300.0,0.0,0.25,0.0,0.0,0.0038521885871887207,0.005003225803375243,0.21392256693174264,0.0033661723136901855,0.0,0,ea0c8fd4-2294-4b86-a8a8-c8823a547d07,20260816,ecs-keyed,benign-ecs-geo,0,cloudflare
4,4,4,4,480,1.0,1.0,4,4,4,1.0,0.0,0.0,1.0,1.0,1.0,0.75,288.5,0.06904188661019789,0.25,0.0,0.0,0.003189265727996826,0.004818785190582275,0.3896117358359417,0.0030226707458496094,0.0,0,94ddb630-eb62-4ea8-9164-ed60a8024204,20260816,ecs-keyed,benign-ecs-geo,0,google
3,3,1,3,512,0.3333333333333333,1.0,0,1,1,1.0,0.0,0.0,-0.0,-0.0,0.3333333333333333,0.0,281.0,0.0,0.3333333333333333,0.0,0.6666666666666666,2.5050888061523438,2.50618371963501,0.00036507611249013194,0.0,0.0,0,a1e5f573-08db-4248-8db4-ccd338ef0f0a,20260816,ecs-keyed,benign-ecs-stable,0,cloudflare
3,3,1,3,244,0.3333333333333333,1.0,0,1,1,1.0,0.0,0.0,-0.0,-0.0,0.3333333333333333,0.0,227.0,0.0,0.3333333333333333,0.0,0.6666666666666666,2.503047545750936,2.503312849998474,9.636101992670793e-05,0.0,0.0,0,1fd820e3-e9c9-43f1-9613-72bf702a036a,20260816,ecs-keyed,benign-ecs-stable,0,cloudflare
4,4,4,4,432,1.0,1.0,4,4,4,1.0,0.0,0.0,1.0,1.0,0.75,0.5,1112.75,0.16614346526183782,0.25,0.0,0.0,0.0031931400299072266,0.004115259647369384,0.3286416518217276,0.002821981906890869,0.0,0,f1e89874-502c-446f-b01c-2f523610c1dc,20260816,ecs-keyed,benign-ecs-geo,0,opendns
3,3,1,3,554,0.3333333333333333,1.0,0,1,1,1.0,0.0,0.0,-0.0,-0.0,0.3333333333333333,0.0,237.0,0.17263521135425133,0.3333333333333333,0.0,0.6666666666666666,2.5039252440134683,2.5040868282318116,5.5166956642330876e-05,0.0,0.0,0,7378eac2-5836-4cf6-b17c-a3862e9245d2,20260816,ecs-keyed,benign-ecs-stable,0,opendns
4,4,4,4,888,1.0,1.0,4,4,4,1.0,0.0,0.0,1.0,1.0,0.25,0.0,180.66666666666666,0.37392247483116325,0.25,0.0,0.0,0.0030681490898132324,0.003419053554534912,0.15437690410299407,0.0027958154678344727,0.0,0,57ff1818-67fb-4982-aba6-4483a7aea4ed,20260816,ecs-keyed,benign-ecs-geo,0,google
4,4,4,4,628,1.0,1.0,3,4,4,1.0,0.0,0.0,1.0,1.0,1.0,0.75,245.75,0.2432396537435589,0.25,0.0,0.0,0.0036139488220214844,0.005480730533599853,0.37565396784059363,0.0029465556144714355,0.0,0,aec1ac52-196e-4976-89ad-61b1e3e33d3c,20260816,ecs-keyed,benign-ecs-geo,0,quad9
4,4,4,4,480,1.0,1.0,4,4,4,1.0,0.0,0.0,1.0,1.0,1.0,0.75,276.0,0.08695652173913043,0.25,0.0,0.0,0.0030207037925720215,0.0035480260848999023,0.15205198708474046,0.0026502013206481934,0.0,0,a60e4da8-d393-4373-b6ac-08ec3780c5ba,20260816,ecs-keyed,benign-ecs-geo,0,google
4,4,4,4,736,1.0,1.0,4,4,4,1.0,0.0,0.0,1.0,1.0,1.0,0.75,300.0,0.0,0.25,0.0,0.0,0.004698455333709717,0.005880868434906005,0.19181438775974574,0.004458189010620117,0.0,0,b4978bc6-fec1-481b-9b5e-4cb91e26202c,20260816,ecs-keyed,benign-ecs-geo,0,quad9
4,4,4,4,432,1.0,1.0,3,4,4,1.0,0.0,0.0,1.0,1.0,0.5,0.5,820.75,0.397521190219163,0.25,0.0,0.0,0.002969503402709961,0.003336203098297119,0.1466822431518722,0.0022543668746948242,0.0,0,e2913fdb-80ff-45c7-9475-0e6c504bfc66,20260816,ecs-keyed,benign-ecs-geo,0,cloudflare
4,4,4,4,456,1.0,1.0,4,4,4,1.0,0.0,0.0,1.0,1.0,0.75,0.5,300.0,0.0,0.25,0.0,0.0,0.0036136507987976074,0.0040253281593322756,0.11116303805642302,0.003016233444213867,0.0,0,b08622b3-ae4a-4709-abbd-eb134523c54a,20260816,ecs-keyed,benign-ecs-geo,0,google
3,3,1,3,256,0.3333333333333333,1.0,0,1,1,1.0,0.0,0.0,-0.0,-0.0,0.3333333333333333,0.0,60.0,0.0,0.3333333333333333,0.0,0.6666666666666666,2.5197099844614663,2.5199098348617555,6.831905088823023e-05,0.0,0.0,0,ea680f5f-474b-4b3f-9cf6-14a0e5e5dd6f,20260816,ecs-keyed,benign-ecs-stable,0,quad9
3,3,1,3,232,0.3333333333333333,1.0,0,1,1,1.0,0.0,0.0,-0.0,-0.0,0.3333333333333333,0.0,60.0,0.0,0.3333333333333333,0.0,0.6666666666666666,2.5219240188598633,2.5221333503723145,6.975060981961078e-05,0.0,0.0,0,41423325-b90c-4abe-a9c4-48e065a846b4,20260816,ecs-keyed,benign-ecs-stable,0,quad9
4,4,4,4,628,1.0,1.0,4,4,4,1.0,0.0,0.0,1.0,1.0,1.0,0.75,210.25,0.2814710235077759,0.25,0.0,0.0,0.0025641918182373047,0.003803277015686035,0.35731314496796285,0.0023003220558166504,0.0,0,d0b29793-fecd-48b4-8556-f92651c7e8be,20260816,ecs-keyed,benign-ecs-geo,0,opendns
3,3,1,3,416,0.3333333333333333,1.0,0,1,1,1.0,0.0,0.0,-0.0,-0.0,0.3333333333333333,0.0,60.0,0.0,0.3333333333333333,0.0,0.6666666666666666,2.5182586510976157,2.5184160709381103,5.4333467559628014e-05,0.0,0.0,0,2a2e972b-06a9-4c20-bb08-59ac3045a94f,20260816,ecs-keyed,benign-ecs-stable,0,quad9
3,3,1,3,392,0.3333333333333333,1.0,0,1,1,1.0,0.0,0.0,-0.0,-0.0,0.3333333333333333,0.0,10.0,0.0,0.3333333333333333,0.0,0.6666666666666666,2.505434036254883,2.5058098077774047,0.00012477816520931973,0.0,0.0,0,a392a89b-5551-4761-becd-c056af6b7c29,20260816,ecs-keyed,benign-ecs-stable,0,cloudflare
3,3,1,3,396,0.3333333333333333,1.0,0,1,1,1.0,0.0,0.0,-0.0,-0.0,0.3333333333333333,0.0,60.0,0.0,0.3333333333333333,0.0,0.6666666666666666,2.539830764134725,2.540069055557251,8.330878570122027e-05,0.0,0.0,0,b219d038-750c-402b-9025-76c7083a4bdc,20260816,ecs-keyed,benign-ecs-stable,0,google
4,4,4,4,520,1.0,1.0,4,4,4,1.0,0.0,0.0,1.0,1.0,0.75,0.5,266.57142857142856,0.19355767747436442,0.25,0.0,0.0,0.008322358131408691,0.010325312614440918,0.2782108935873191,0.007585287094116211,0.0,0,3763498e-bec7-4fad-bd24-1fdc91953656,20260816,ecs-keyed,benign-ecs-geo,0,google
3,3,1,3,412,0.3333333333333333,1.0,0,1,1,1.0,0.0,0.0,-0.0,-0.0,0.3333333333333333,0.0,60.0,0.0,0.3333333333333333,0.0,0.6666666666666666,2.549135208129883,2.54974479675293,0.00023287422521521537,0.0,0.0,0,4eaa3d8b-2e47-4fce-a5a8-8aa03d5620b4,20260816,ecs-keyed,benign-ecs-stable,0,quad9
4,4,4,4,884,1.0,1.0,4,4,4,1.0,0.0,0.0,1.0,1.0,1.0,0.75,279.60869565217394,0.1102567798733183,0.25,0.0,0.0,0.007294952869415283,0.009748411178588866,0.24376687534224772,0.005842268466949463,0.0,0,36f5a2f4-8eef-42e2-9b59-bea2cd3e8005,20260816,ecs-keyed,benign-ecs-geo,0,cloudflare
3,3,1,3,400,0.3333333333333333,1.0,0,1,1,1.0,0.0,0.0,-0.0,-0.0,0.3333333333333333,0.0,60.0,0.0,0.3333333333333333,0.0,0.6666666666666666,2.5489412943522134,2.549205112457275,9.16834788905553e-05,0.0,0.0,0,7d9ebf8c-98a1-4e7f-8297-1eba2921f547,20260816,ecs-keyed,benign-ecs-stable,0,google
4,4,4,4,792,1.0,1.0,2,4,4,1.0,0.0,0.0,1.0,1.0,1.0,0.75,278.5263157894737,0.11348445557639712,0.25,0.0,0.0,0.005042612552642822,0.006405413150787353,0.20729120419173216,0.004617571830749512,0.0,0,5f82510e-76c7-4d65-bbe3-199728922305,20260816,ecs-keyed,benign-ecs-geo,0,cloudflare
4,4,4,4,752,1.0,1.0,4,4,4,1.0,0.0,0.0,1.0,1.0,1.0,0.75,272.2105263157895,0.07802576440438812,0.25,0.0,0.0,0.0051648616790771484,0.008081507682800292,0.4313497121750484,0.004143476486206055,0.0,0,0f380a56-2408-44ab-9b09-17a5adb19a03,20260816,ecs-keyed,benign-ecs-geo,0,quad9
4,4,4,4,648,1.0,1.0,4,4,4,1.0,0.0,0.0,1.0,1.0,1.0,0.75,60.0,0.0,0.25,0.0,0.0,0.02530127763748169,0.03621878623962402,0.3098126570443932,0.024812936782836914,0.0,0,ecfbf357-f198-4903-a98f-8425abb56738,20260816,ecs-keyed,benign-ecs-geo,0,cloudflare
4,4,4,4,488,1.0,1.0,3,4,4,1.0,0.0,0.0,1.0,1.0,1.0,0.75,150.5,0.9933554817275747,0.25,0.0,0.0,0.005933403968811035,0.007469284534454345,0.2350010742495899,0.0048389434814453125,0.0,0,3e94cbec-68bb-4528-939b-191e0bcc1c5f,20260816,ecs-keyed,benign-ecs-geo,0,quad9
4,4,4,4,648,1.0,1.0,3,4,4,1.0,0.0,0.0,1.0,1.0,1.0,0.75,289.25,0.06437181048008793,0.25,0.0,0.0,0.007400453090667725,0.011321496963500976,0.39028490112774794,0.005711019039154053,0.0,0,f5f2a649-44cd-442c-bc63-981a953c10d0,20260816,ecs-keyed,benign-ecs-geo,0,cloudflare
4,4,4,4,688,1.0,1.0,0,4,4,1.0,0.0,0.0,1.0,1.0,1.0,0.75,49.25,0.3780618513982829,0.25,0.0,0.0,2.5226364135742188,2.5302406191825866,0.0030711256091232606,0.0,0.0,0,9923294e-b2e1-4f80-8372-e417601a7b9a,20260816,ecs-keyed,benign-ecs-geo,0,quad9
4,4,4,4,600,1.0,1.0,4,4,4,1.0,0.0,0.0,1.0,1.0,0.75,0.5,60.0,0.0,0.25,0.0,0.0,0.021742284297943115,0.03854950666427611,0.5551661222183046,0.02130979299545288,0.0,0,7cb75ce7-9ce5-4773-8477-036e7543a4f0,20260816,ecs-keyed,benign-ecs-geo,0,cloudflare
4,4,4,4,488,1.0,1.0,4,4,4,1.0,0.0,0.0,1.0,1.0,0.75,0.5,60.0,0.0,0.25,0.0,0.0,0.025518357753753662,0.03167513608932495,0.21599523191423173,0.0250321626663208,0.0,0,2d2d1b85-5426-4e19-ae7c-f93c078af95a,20260816,ecs-keyed,benign-ecs-geo,0,opendns
4,4,4,4,688,1.0,1.0,0,4,4,1.0,0.0,0.0,1.0,1.0,1.0,0.75,55.25,0.14890934544709805,0.25,0.0,0.0,2.5300825238227844,2.538626265525818,0.004791479417039705,0.0,0.0,0,7c078e85-e30e-48a4-a7ad-c988ab4b0d1e,20260816,ecs-keyed,benign-ecs-geo,0,quad9
4,4,4,4,752,1.0,1.0,4,4,4,1.0,0.0,0.0,1.0,1.0,1.0,0.75,60.0,0.0,0.25,0.0,0.0,0.030898988246917725,0.04419275522232055,0.3430757692135091,0.028259456157684326,0.0,0,3efa9595-fb79-42e6-bd31-d5d2599578c9,20260816,ecs-keyed,benign-ecs-geo,0,google
4,4,4,4,872,1.0,1.0,2,4,4,1.0,0.0,0.0,1.0,1.0,1.0,0.75,218.25,0.25371439122037415,0.25,0.0,0.0,1.2542186975479126,2.5056283593177797,0.9976065132485633,0.0028181076049804688,0.0,0,951b7d3b-176c-4214-ae3c-9ddec33b80f4,20260816,ecs-keyed,benign-ecs-geo,0,cloudflare
4,4,4,4,828,1.0,1.0,0,4,4,1.0,0.0,0.0,1.0,1.0,1.0,0.75,263.4782608695652,0.11861828745569042,0.25,0.0,0.0,2.5073589086532593,2.5131442308425904,0.0016555594847102982,0.0,0.0,0,2a9181be-b82e-43e6-b30e-263c4e8d2706,20260816,ecs-keyed,benign-ecs-geo,0,cloudflare
4,4,4,4,964,1.0,1.0,4,4,4,1.0,0.0,0.0,1.0,1.0,1.0,0.75,300.0,0.0,0.25,0.0,0.0,0.00570148229598999,0.011462640762329099,0.7256074466788456,0.005432188510894775,0.0,0,9e5f5dab-1661-468f-b5f0-a56eaca807c2,20260816,ecs-keyed,benign-ecs-geo,0,google
4,4,4,4,792,1.0,1.0,4,4,4,1.0,0.0,0.0,1.0,1.0,1.0,0.75,201.73684210526315,0.37509029831180957,0.25,0.0,0.0,0.002594172954559326,0.0030278444290161135,0.18551235975925695,0.0023571252822875977,0.0,0,de9a9ee7-8a9e-4e30-a429-e67e713e9bf8,20260816,ecs-keyed,benign-ecs-geo,0,opendns
4,4,4,4,712,1.0,1.0,4,4,4,1.0,0.0,0.0,1.0,1.0,1.0,0.75,60.0,0.0,0.25,0.0,0.0,0.027443528175354004,0.04350996017456054,0.4463725974559318,0.027148842811584473,0.0,0,6856142a-8358-4f40-a6ec-6d758438552e,20260816,ecs-keyed,benign-ecs-geo,0,google
4,4,4,4,552,1.0,1.0,4,4,4,1.0,0.0,0.0,1.0,1.0,1.0,0.75,258.25,0.2800120860251718,0.25,0.0,0.0,0.003373265266418457,0.004441308975219726,0.24677125317721146,0.0031009316444396973,0.0,0,0d4b7ebe-0335-4855-a66a-09eda958bca8,20260816,ecs-keyed,benign-ecs-geo,0,quad9
4,4,4,4,456,1.0,1.0,4,4,4,1.0,0.0,0.0,1.0,1.0,1.0,0.75,230.25,0.5171977903164983,0.25,0.0,0.0,0.0022142529487609863,0.002770984172821045,0.2416452130819688,0.0020124316215515137,0.0,0,3b1d2015-b084-47e7-8a12-a79c2b742c89,20260816,ecs-keyed,benign-ecs-geo,0,google
4,4,4,4,704,1.0,1.0,4,4,4,1.0,0.0,0.0,1.0,1.0,1.0,0.75,47.75,0.44434811293651827,0.25,0.0,0.0,0.026342928409576416,0.036223304271697995,0.5244651669995511,0.026218652725219727,0.0,0,33d6035b-d391-48d5-8f75-c01aa84959b5,20260816,ecs-keyed,benign-ecs-geo,0,opendns
4,4,4,4,456,1.0,1.0,2,4,4,1.0,0.0,0.0,1.0,1.0,1.0,0.75,289.5,0.06282049561130643,0.25,0.0,0.0,1.2552159428596497,2.5063888669013976,0.9966633002998471,0.003478527069091797,0.0,0,8889e32d-ca4d-4a01-aadf-f98788e9bd07,20260816,ecs-keyed,benign-ecs-geo,0,google
4,4,4,4,824,1.0,1.0,0,4,4,1.0,0.0,0.0,1.0,1.0,1.0,0.75,193.25,0.33291859055177275,0.25,0.0,0.0,2.508430242538452,2.508976662158966,0.0001910048879967215,0.0,0.0,0,e801ad5b-ea99-4649-a82e-1d363360b3b4,20260816,ecs-keyed,benign-ecs-geo,0,opendns
4,4,4,4,536,1.0,1.0,3,4,4,1.0,0.0,0.0,1.0,1.0,0.25,0.0,20.0,0.0,0.25,0.0,0.0,0.641170859336853,2.1451445341110222,1.6924323383815931,0.014367898305257162,0.0,0,c9336254-4237-43bc-964c-a501e57906eb,20260816,ecs-keyed,benign-ecs-geo,0,google
4,4,4,4,456,1.0,1.0,0,4,4,1.0,0.0,0.0,1.0,1.0,0.5,0.25,17.25,0.8679937491124085,0.25,0.0,0.0,2.508901059627533,2.51401801109314,0.001453509303018672,0.0,0.0,0,32d804b0-e630-4d74-80b5-77f816e3e445,20260816,ecs-keyed,benign-ecs-geo,0,google
4,4,4,4,456,1.0,1.0,4,4,4,1.0,0.0,0.0,1.0,1.0,0.75,0.5,251.5,0.201679057938943,0.25,0.0,0.0,0.006213545799255371,0.013443887233734127,0.8333591216561473,0.005885004997253418,0.0,0,ccec1dc1-b16b-4697-b902-82e6acf64a08,20260816,ecs-keyed,benign-ecs-geo,0,cloudflare
4,4,4,4,472,1.0,1.0,0,4,4,1.0,0.0,0.0,1.0,1.0,1.0,0.75,19.25,0.44441399044853697,0.25,0.0,0.0,2.5130441784858704,2.520499575138092,0.002422493453323005,0.0,0.0,0,0ed31a86-53be-4d8f-a64a-49dd27dd38f9,20260816,ecs-keyed,benign-ecs-geo,0,google
4,4,4,4,748,1.0,1.0,0,4,4,1.0,0.0,0.0,1.0,1.0,1.0,0.75,226.16666666666666,0.32647870418691816,0.25,0.0,0.0,2.5112287998199463,2.5153289437294006,0.001275415916561606,0.0,0.0,0,d9fe346a-d8a9-4f48-a01a-a0c04e5af21e,20260816,ecs-keyed,benign-ecs-geo,0,opendns
4,4,4,4,488,1.0,1.0,4,4,4,1.0,0.0,0.0,1.0,1.0,1.0,0.75,283.0,0.10404545487162867,0.25,0.0,0.0,0.007258176803588867,0.010535943508148193,0.32334197879032656,0.006012439727783203,0.0,0,e375cc72-08c5-4680-93d6-b10ec33bf5cf,20260816,ecs-keyed,benign-ecs-geo,0,quad9
4,4,4,4,544,1.0,1.0,0,4,4,1.0,0.0,0.0,1.0,1.0,1.0,0.75,276.25,0.14890934544709805,0.25,0.0,0.0,2.512309432029724,2.5165279030799867,0.001227146942347699,0.0,0.0,0,18771280-3c3a-4af1-b788-277d09d35e8a,20260816,ecs-keyed,benign-ecs-geo,0,opendns
4,4,4,4,680,1.0,1.0,4,4,4,1.0,0.0,0.0,1.0,1.0,1.0,0.75,58.75,0.03685214484189101,0.25,0.0,0.0,0.01510709524154663,0.018683087825775147,0.3502810491907093,0.014397084712982178,0.0,0,e8c3cd18-99b1-4288-b2a0-445758f3a47b,20260816,ecs-keyed,benign-ecs-geo,0,google
4,4,4,4,760,1.0,1.0,0,4,4,1.0,0.0,0.0,1.0,1.0,1.0,0.75,294.94736842105266,0.07267906958662589,0.25,0.0,0.0,2.513078451156616,2.5177918076515198,0.0014000326584504821,0.0,0.0,0,dc83e86c-0b64-4ae0-97fc-3d10f0d2ec59,20260816,ecs-keyed,benign-ecs-geo,0,cloudflare
4,4,4,4,828,1.0,1.0,3,4,4,1.0,0.0,0.0,1.0,1.0,1.0,0.75,213.8695652173913,0.6088616556464965,0.25,0.0,0.0,0.007515430450439453,0.013369262218475338,0.5538394392446507,0.004332304000854492,0.0,0,6fc1264c-c6b5-43f2-afe1-266105744576,20260816,ecs-keyed,benign-ecs-geo,0,quad9
4,4,4,4,672,1.0,1.0,0,4,4,1.0,0.0,0.0,1.0,1.0,1.0,0.75,48.0,0.43301270189221935,0.25,0.0,0.0,2.5337734818458557,2.5470710396766663,0.0062051701979314354,0.0,0.0,0,b2565104-b8e8-4182-9d56-a6f7388901b0,20260816,ecs-keyed,benign-ecs-geo,0,google
4,4,4,4,770,1.0,1.0,2,4,4,1.0,0.0,0.0,1.0,1.0,1.0,0.75,300.0,0.0,0.25,0.0,0.0,0.00850600004196167,0.012076401710510252,0.35687238544340916,0.0062261223793029785,0.0,0,d0d23a85-1ab8-4336-b39c-ea95b50ac27f,20260816,ecs-keyed,benign-ecs-geo,0,opendns
4,4,4,4,432,1.0,1.0,0,4,4,1.0,0.0,0.0,1.0,1.0,1.0,0.75,48.75,0.39970403251589476,0.25,0.0,0.0,2.5291085839271545,2.538479447364807,0.002673012664367883,0.0,0.0,0,c45b58f9-d61c-4708-90a5-880b4d9f0b32,20260816,ecs-keyed,benign-ecs-geo,0,quad9
4,4,4,4,752,1.0,1.0,4,4,4,1.0,0.0,0.0,1.0,1.0,1.0,0.75,253.57894736842104,0.2694621933063913,0.25,0.0,0.0,0.00622248649597168,0.008883142471313476,0.381225176105979,0.004202067852020264,0.0,0,8224aa36-f0e1-4393-b555-86ffee38eb81,20260816,ecs-keyed,benign-ecs-geo,0,google
4,4,4,4,488,1.0,1.0,4,4,4,1.0,0.0,0.0,1.0,1.0,0.75,0.5,58.5,0.02564102564102564,0.25,0.0,0.0,0.012453198432922363,0.019780147075653075,0.5284675711795352,0.011066854000091553,0.0,0,0d80b068-5f9d-456c-a788-ec62323ce9c5,20260816,ecs-keyed,benign-ecs-geo,0,google
4,4,4,4,648,1.0,1.0,1,4,4,1.0,0.0,0.0,1.0,1.0,1.0,0.75,53.0,0.1974382031741165,0.25,0.0,0.0,1.8980648517608643,2.5433924794197083,0.5766785027169115,0.0018253326416015625,0.0,0,f8f2c57d-49cc-49d4-8efb-2846cd6af0e0,20260816,ecs-keyed,benign-ecs-geo,0,opendns
4,4,4,4,648,1.0,1.0,2,4,4,1.0,0.0,0.0,1.0,1.0,1.0,0.75,270.15384615384613,0.08764198048819996,0.25,0.0,0.0,0.004072129726409912,0.0058009386062622065,0.31570397957286256,0.003996551036834717,0.0,0,0fac116b-31aa-41d4-b1c9-18c3b88a1c17,20260816,ecs-keyed,benign-ecs-geo,0,google
4,4,4,4,488,1.0,1.0,0,4,4,1.0,0.0,0.0,1.0,1.0,0.75,0.5,60.0,0.0,0.25,0.0,0.0,2.5316231846809387,2.548633575439453,0.0050495849468278654,0.0,0.0,0,d3f9392a-9324-4432-9fa0-18375c1e53ac,20260816,ecs-keyed,benign-ecs-geo,0,cloudflare
4,4,4,4,712,1.0,1.0,4,4,4,1.0,0.0,0.0,1.0,1.0,1.0,0.75,60.0,0.0,0.25,0.0,0.0,0.02438563108444214,0.032330310344696044,0.30940399033247673,0.023504018783569336,0.0,0,f80d8d96-a63e-44f6-ba47-4ba1f0789ad9,20260816,ecs-keyed,benign-ecs-geo,0,google
4,4,4,4,752,1.0,1.0,4,4,4,1.0,0.0,0.0,1.0,1.0,1.0,0.75,48.5,0.3758294048156327,0.25,0.0,0.0,0.02303481101989746,0.043155443668365476,0.7298358176190898,0.022458434104919434,0.0,0,f420f419-9f4d-4085-8871-c54945627640,20260816,ecs-keyed,benign-ecs-geo,0,opendns
4,4,4,4,632,1.0,1.0,4,4,4,1.0,0.0,0.0,1.0,1.0,1.0,0.75,60.0,0.0,0.25,0.0,0.0,0.04144585132598877,0.0467050313949585,0.10839094429065174,0.03906536102294922,0.0,0,3f2ba8b8-c4ad-4936-a5a2-d76f4d838075,20260816,ecs-keyed,benign-ecs-geo,0,google
4,4,4,4,664,1.0,1.0,4,4,4,1.0,0.0,0.0,1.0,1.0,1.0,0.75,60.0,0.0,0.25,0.0,0.0,0.03320193290710449,0.054306077957153316,0.48326235031739356,0.03219270706176758,0.0,0,5d6ea2d0-93a7-46e5-97b8-e478e87d3220,20260816,ecs-keyed,benign-ecs-geo,0,google
4,4,4,4,664,1.0,1.0,3,4,4,1.0,0.0,0.0,1.0,1.0,1.0,0.75,270.5,0.18889278677738217,0.25,0.0,0.0,0.6288420557975769,2.1304945230484,1.7232564406413535,0.0026618639628092446,0.0,0,54dde1f6-de25-4b3b-ab3a-5610abe3d239,20260816,ecs-keyed,benign-ecs-geo,0,cloudflare
4,4,4,4,744,1.0,1.0,0,4,4,1.0,0.0,0.0,1.0,1.0,1.0,0.75,283.89473684210526,0.08350385691188732,0.25,0.0,0.0,2.5051366686820984,2.505990207195282,0.0002661379485554613,0.0,0.0,0,210636cb-ee4c-4c4c-92f9-8ca7efe915d4,20260816,ecs-keyed,benign-ecs-geo,0,opendns
4,4,4,4,664,1.0,1.0,4,4,4,1.0,0.0,0.0,1.0,1.0,1.0,0.75,238.75,0.24618466901589,0.25,0.0,0.0,0.0019450783729553223,0.002579927444458008,0.26691463940251925,0.0017421245574951172,0.0,0,a0f7d3bf-38ac-4282-a8e8-304a3d905ffa,20260816,ecs-keyed,benign-ecs-geo,0,google
4,4,4,4,552,1.0,1.0,4,4,4,1.0,0.0,0.0,1.0,1.0,1.0,0.75,300.0,0.0,0.25,0.0,0.0,0.0033695101737976074,0.0040786504745483395,0.2084677513834492,0.0031713247299194336,0.0,0,56c49c7a-936f-4aae-b053-28e974a628e7,20260816,ecs-keyed,benign-ecs-geo,0,quad9
4,4,4,4,704,1.0,1.0,4,4,4,1.0,0.0,0.0,1.0,1.0,1.0,0.75,60.0,0.0,0.25,0.0,0.0,0.02681022882461548,0.03756382465362549,0.39521608762537735,0.026514410972595215,0.0,0,3ea1daf9-67a6-453e-ab62-cedbe82652d7,20260816,ecs-keyed,benign-ecs-geo,0,google
4,4,4,4,552,1.0,1.0,4,4,4,1.0,0.0,0.0,1.0,1.0,1.0,0.75,287.25,0.07687953976154285,0.25,0.0,0.0,0.004721879959106445,0.005320441722869873,0.09133573472963666,0.004297375679016113,0.0,0,dac01bfa-48f2-4f98-9ec7-7acdbd3cc91a,20260816,ecs-keyed,benign-ecs-geo,0,opendns
4,4,4,4,752,1.0,1.0,4,4,4,1.0,0.0,0.0,1.0,1.0,1.0,0.75,60.0,0.0,0.25,0.0,0.0,0.019790947437286377,0.02858197689056396,0.31823196361942585,0.019516587257385254,0.0,0,72b41cc7-7a8d-4390-9071-1cc52cf40811,20260816,ecs-keyed,benign-ecs-geo,0,quad9
4,4,4,4,488,1.0,1.0,4,4,4,1.0,0.0,0.0,1.0,1.0,1.0,0.75,60.0,0.0,0.25,0.0,0.0,0.015658795833587646,0.018420112133026124,0.1726396343660197,0.015469729900360107,0.0,0,5cc8607f-e881-4b65-8144-c08919db9893,20260816,ecs-keyed,benign-ecs-geo,0,google
4,4,4,4,776,1.0,1.0,2,4,4,1.0,0.0,0.0,1.0,1.0,1.0,0.75,300.0,0.0,0.25,0.0,0.0,1.2675861120224,2.5319088459014893,0.9972975743848959,0.0032248497009277344,0.0,0,52516337-cd40-4b5e-a2ac-b5f97e3a1409,20260816,ecs-keyed,benign-ecs-geo,0,opendns
4,4,4,4,488,1.0,1.0,1,4,4,1.0,0.0,0.0,1.0,1.0,1.0,0.75,300.0,0.0,0.25,0.0,0.0,1.2693426609039307,2.5347780346870423,0.9955982230296779,0.005390167236328125,0.0,0,7fc2a148-447e-488e-acdd-651c0f4314d6,20260816,ecs-keyed,benign-ecs-geo,0,quad9
4,4,4,4,432,1.0,1.0,0,4,4,1.0,0.0,0.0,1.0,1.0,0.75,0.5,1129.75,0.120673749487249,0.25,0.0,0.0,2.5297743678092957,2.5315375089645387,0.0004975612202238184,0.0,0.0,0,6260066c-3663-47a5-8eea-6a888fe1934d,20260816,ecs-keyed,benign-ecs-geo,0,quad9
4,4,4,4,698,1.0,1.0,0,4,4,1.0,0.0,0.0,1.0,1.0,1.0,0.75,300.0,0.0,0.25,0.0,0.0,2.528419077396393,2.5308249592781067,0.0007474912634985223,0.0,0.0,0,d99353b7-d5a0-4d63-8d58-80fa80f79f9e,20260816,ecs-keyed,benign-ecs-geo,0,google
4,4,4,4,536,1.0,1.0,0,4,4,1.0,0.0,0.0,1.0,1.0,0.25,0.0,20.0,0.0,0.25,0.0,0.0,2.527979791164398,2.529019093513489,0.00029385222333791114,0.0,0.0,0,85c61128-2c28-4f94-b99e-b91470f5f352,20260816,ecs-keyed,benign-ecs-geo,0,opendns
4,4,4,4,536,1.0,1.0,0,4,4,1.0,0.0,0.0,1.0,1.0,0.5,0.25,14.25,0.2643248977775327,0.25,0.0,0.0,2.539581060409546,2.5404115080833436,0.0003786496059208581,0.0,0.0,0,d3f34bdb-ec29-4e19-93d2-3f9bbe68c78f,20260816,ecs-keyed,benign-ecs-geo,0,google
4,4,4,4,632,1.0,1.0,0,4,4,1.0,0.0,0.0,1.0,1.0,1.0,0.75,35.0,0.7142857142857143,0.25,0.0,0.0,2.539178252220154,2.550067722797394,0.0035616223237483324,0.0,0.0,0,7ee115a3-55f1-4ef7-875d-853b01c9e89b,20260816,ecs-keyed,benign-ecs-geo,0,opendns
4,4,4,4,488,1.0,1.0,1,4,4,1.0,0.0,0.0,1.0,1.0,1.0,0.75,60.0,0.0,0.25,0.0,0.0,1.8953391313552856,2.5242532968521116,0.5730306117596131,0.013725519180297852,0.0,0,8ef5c522-8046-43b3-b8f5-0bb9b880fe39,20260816,ecs-keyed,benign-ecs-geo,0,cloudflare
4,4,4,4,480,1.0,1.0,1,4,4,1.0,0.0,0.0,1.0,1.0,0.25,0.0,4445.5,0.524893794095914,0.25,0.0,0.0,1.8794775009155273,2.5068773865699767,0.5767763258258036,0.00174713134765625,0.0,0,113132df-f5aa-47d7-afce-af12f4a688cb,20260816,ecs-keyed,benign-ecs-geo,0,opendns
4,4,4,4,536,1.0,1.0,0,4,4,1.0,0.0,0.0,1.0,1.0,0.25,0.0,20.0,0.0,0.25,0.0,0.0,2.5205317735671997,2.523487997055054,0.0009286956339610323,0.0,0.0,0,73836169-108d-444b-bf6a-169f1503daa2,20260816,ecs-keyed,benign-ecs-geo,0,cloudflare
4,4,4,4,536,1.0,1.0,4,4,4,1.0,0.0,0.0,1.0,1.0,0.75,0.5,107.5,0.20140125669405548,0.25,0.0,0.0,0.015487313270568848,0.01947481632232666,0.28838493645250096,0.01437145471572876,0.0,0,e9752bb9-f739-440f-9358-74ab0c159776,20260816,ecs-keyed,benign-ecs-geo,0,google
4,4,4,4,488,1.0,1.0,2,4,4,1.0,0.0,0.0,1.0,1.0,1.0,0.75,299.5,0.0028915706303320153,0.25,0.0,0.0,0.005364716053009033,0.008295214176177977,0.41016559055400814,0.003908514976501465,0.0,0,f0db67e8-25d5-4d98-bb05-7e972e2e3661,20260816,ecs-keyed,benign-ecs-geo,0,opendns
4,4,4,4,424,1.0,1.0,3,4,4,1.0,0.0,0.0,1.0,1.0,0.25,0.0,112.25,0.5566815033385295,0.25,0.0,0.0,0.004188179969787598,0.006097841262817383,0.44797731004487157,0.0038010478019714355,0.0,0,8b35a1ac-aa12-4926-ad06-29890dbbe4c9,20260816,ecs-keyed,benign-ecs-geo,0,cloudflare
4,4,4,4,632,1.0,1.0,0,4,4,1.0,0.0,0.0,1.0,1.0,1.0,0.75,60.0,0.0,0.25,0.0,0.0,2.5479461550712585,2.5509894847869874,0.0009176246295967422,0.0,0.0,0,74704302-f03d-4b9b-ac05-55f8c02fd83b,20260816,ecs-keyed,benign-ecs-geo,0,google
4,4,4,4,688,1.0,1.0,0,4,4,1.0,0.0,0.0,1.0,1.0,1.0,0.75,58.25,0.05203586117159717,0.25,0.0,0.0,2.5490909814834595,2.5691579937934876,0.006545676904522023,0.0,0.0,0,4bbaef5e-2e32-4406-b1fd-1ff9bdba2ea7,20260816,ecs-keyed,benign-ecs-geo,0,opendns
4,4,4,4,632,1.0,1.0,4,4,4,1.0,0.0,0.0,1.0,1.0,1.0,0.75,60.0,0.0,0.25,0.0,0.0,0.029627978801727295,0.03590281009674072,0.24796213723384383,0.029025375843048096,0.0,0,8e17233b-d29f-4bda-88a0-f9e6a5ff56b6,20260816,ecs-keyed,benign-ecs-geo,0,quad9
4,4,4,4,656,1.0,1.0,4,4,4,1.0,0.0,0.0,1.0,1.0,1.0,0.75,60.0,0.0,0.25,0.0,0.0,0.02939295768737793,0.0380614161491394,0.2851565035887838,0.02784055471420288,0.0,0,d57d5b6e-b361-42ba-9041-6b86f18687ba,20260816,ecs-keyed,benign-ecs-geo,0,google
4,4,4,4,432,1.0,1.0,3,4,4,1.0,0.0,0.0,1.0,1.0,1.0,0.75,45.75,0.4528271251453487,0.25,0.0,0.0,0.009831249713897705,0.019309246540069575,0.7004356958397988,0.008883237838745117,0.0,0,e28c4a06-db3e-4528-8109-886bd1feb967,20260816,ecs-keyed,benign-ecs-geo,0,quad9
4,4,4,4,752,1.0,1.0,4,4,4,1.0,0.0,0.0,1.0,1.0,1.0,0.75,60.0,0.0,0.25,0.0,0.0,0.025894105434417725,0.04191080331802367,0.442868432479576,0.025125741958618164,0.0,0,faad1396-f3b0-4e19-85c6-553fb9f78d58,20260816,ecs-keyed,benign-ecs-geo,0,cloudflare
4,4,4,4,672,1.0,1.0,3,4,4,1.0,0.0,0.0,1.0,1.0,1.0,0.75,47.5,0.45580284409707295,0.25,0.0,0.0,0.025919437408447266,0.038805365562438965,0.5218099671411529,0.02522873878479004,0.0,0,40fe078c-b6a1-491f-beb8-528eac98e852,20260816,ecs-keyed,benign-ecs-geo,0,cloudflare
4,4,4,4,458,1.0,1.0,3,0,0,0.0,0.0,0.0,1.0,1.0,1.0,0.75,508.0,1.8828065283650839,0.25,0.0,0.0,0.011516213417053223,0.028552913665771475,1.0670042140389264,0.010124742984771729,0.0,0,a47500e6-5fd6-4071-84b6-3bd3d5aad4cc,20260816,ecs-keyed,benign-burst,0,google
4,4,4,4,384,1.0,1.0,2,0,0,0.0,0.0,0.0,1.0,1.0,1.0,0.75,201.4,0.45480761300126443,0.25,0.0,0.0,0.01380842924118042,0.03958520889282225,1.3413762827761984,0.01284170150756836,0.0,0,ba9e7ba3-7f5d-4e51-986a-8bb64acda20c,20260816,ecs-keyed,benign-burst,0,quad9
4,4,4,4,456,1.0,1.0,4,4,4,1.0,0.0,0.0,1.0,1.0,0.25,0.0,45.75,0.3191462677693735,0.25,0.0,0.0,0.048550307750701904,0.09161826372146606,0.8768807897098831,0.04725700616836548,0.0,0,68a6b51b-469e-4660-91c8-466644671cd5,20260816,ecs-keyed,benign-ecs-geo,0,quad9
4,4,4,4,456,1.0,1.0,2,4,4,1.0,0.0,0.0,1.0,1.0,1.0,0.75,252.25,0.19703064767346928,0.25,0.0,0.0,1.2546417117118835,2.507394850254059,0.9979332303576989,0.002261638641357422,0.0,0,65776ec3-fda0-4860-a646-516931405f21,20260816,ecs-keyed,benign-ecs-geo,0,quad9
4,4,4,4,554,1.0,1.0,4,0,0,0.0,0.0,0.0,1.0,1.0,1.0,0.75,424.7142857142857,1.7222243672891895,0.25,0.0,0.0,0.005252420902252197,0.012615215778350826,1.0047037249159276,0.004907667636871338,0.0,0,f9208992-f531-46a7-93df-c77c0b59a297,20260816,ecs-keyed,benign-burst,0,cloudflare
4,4,4,4,816,1.0,1.0,1,4,4,1.0,0.0,0.0,1.0,1.0,1.0,0.75,186.5,0.6397178344991145,0.25,0.0,0.0,1.880510687828064,2.5074230909347532,0.5761693390938719,0.003243684768676758,0.0,0,746f6f1c-2ccd-401b-93c4-b9ed8c172af6,20260816,ecs-keyed,benign-ecs-geo,0,google
4,4,4,4,554,1.0,1.0,4,0,0,0.0,0.0,0.0,1.0,1.0,1.0,0.75,157.06666666666666,0.5805365569259493,0.25,0.0,0.0,0.0023759007453918457,0.0031419754028320307,0.23072443239015547,0.0018025040626525879,0.0,0,3a21f194-0200-4226-bd75-80ddf06084be,20260816,ecs-keyed,benign-burst,0,opendns
4,4,4,4,434,1.0,1.0,4,0,0,0.0,0.0,0.0,1.0,1.0,1.0,0.75,4683.714285714285,0.8352141759907037,0.25,0.0,0.0,0.0053730010986328125,0.012663459777832026,0.9690282275873277,0.004885494709014893,0.0,0,e8c6536e-1804-460d-ad08-b23370995b6a,20260816,ecs-keyed,benign-burst,0,google
4,4,4,4,574,1.0,1.0,4,0,0,0.0,0.0,0.0,1.0,1.0,1.0,0.75,3829.3,1.1595624618523934,0.25,0.0,0.0,0.0024593472480773926,0.0030792713165283202,0.23832114223247367,0.002174556255340576,0.0,0,5728d125-07c9-46b4-baf4-c2a144f4204e,20260816,ecs-keyed,benign-burst,0,cloudflare
4,4,4,4,494,1.0,1.0,4,0,0,0.0,0.0,0.0,1.0,1.0,1.0,0.75,1012.4,1.138985010948369,0.25,0.0,0.0,0.007819712162017822,0.014490413665771484,0.8230462884307218,0.0077141523361206055,0.0,0,5811c5f8-15ce-4de7-9a84-459d6dbc2919,20260816,ecs-keyed,benign-burst,0,quad9
4,4,4,4,394,1.0,1.0,4,0,0,0.0,0.0,0.0,1.0,1.0,1.0,0.75,5229.0,1.6492118246193408,0.25,0.0,0.0,0.05672568082809448,0.18030809164047235,1.5603371085612041,0.05645585060119629,0.0,0,646e9ca0-873d-4278-972c-0e179245c212,20260816,ecs-keyed,benign-burst,0,opendns
4,4,4,4,664,1.0,1.0,4,0,0,0.0,0.0,0.0,1.0,1.0,1.0,0.75,204.94736842105263,0.5263875592887104,0.25,0.0,0.0,0.00656205415725708,0.016428887844085686,1.0793855195082829,0.0062792301177978516,0.0,0,d4560dfb-e06f-4969-b826-36b078dd9395,20260816,ecs-keyed,benign-burst,0,quad9
4,4,4,4,492,1.0,1.0,4,0,0,0.0,0.0,0.0,1.0,1.0,1.0,0.75,205.7,0.6011788245308859,0.25,0.0,0.0,0.005288839340209961,0.012519931793212886,0.9790971171428626,0.005040228366851807,0.0,0,e0d088eb-0eba-408e-95df-c139b5ef02a5,20260816,ecs-keyed,benign-burst,0,google
4,4,4,4,488,1.0,1.0,3,0,0,0.0,0.0,0.0,1.0,1.0,1.0,0.75,203.1,0.4934377847867804,0.25,0.0,0.0,0.6384124755859375,2.134440267086028,1.6880951875195667,0.015693028767903645,0.0,0,04fe3f81-9e0e-45a0-81f6-727ebc788634,20260816,ecs-keyed,benign-burst,0,opendns
4,4,4,4,386,1.0,1.0,2,0,0,0.0,0.0,0.0,1.0,1.0,1.0,0.75,266.5,0.6125667650139367,0.25,0.0,0.0,1.2573882937431335,2.510278654098511,0.9960017235466403,0.0028574466705322266,0.0,0,424e77e3-5055-4513-b18c-d1e2f5b19a57,20260816,ecs-keyed,benign-burst,0,google
4,4,4,4,556,1.0,1.0,0,0,0,0.0,0.0,0.0,1.0,1.0,1.0,0.75,254.21428571428572,0.6345133910957738,0.25,0.0,0.0,2.5106743574142456,2.5170390725135805,0.0018109661765488433,0.0,0.0,0,189b9a29-4f30-49ba-b08c-200052a72203,20260816,ecs-keyed,benign-burst,0,cloudflare
4,4,4,4,460,1.0,1.0,0,0,0,0.0,0.0,0.0,1.0,1.0,1.0,0.75,728.875,0.7289608416342374,0.25,0.0,0.0,2.513273596763611,2.521640050411224,0.0028100367080437917,0.0,0.0,0,1158dd06-cea7-45a2-bb66-4f3952a606dc,20260816,ecs-keyed,benign-burst,0,opendns
4,4,4,4,480,1.0,1.0,0,0,0,0.0,0.0,0.0,1.0,1.0,1.0,0.75,356.9,1.1009694232365481,0.25,0.0,0.0,2.5068594217300415,2.5141846418380736,0.0021046876296985807,0.0,0.0,0,6847b0d9-0bed-40a2-a6ad-2d5b18bd730e,20260816,ecs-keyed,benign-burst,0,cloudflare
4,4,4,4,681,1.0,1.0,1,0,0,0.0,0.0,0.0,1.0,1.0,1.0,0.75,1265.9,3.5567902093996353,0.25,0.0,0.0,1.8839423060417175,2.520495343208313,0.5765168026405998,0.0021910667419433594,0.0,0,fe90b65a-edb3-4bfb-8fb3-5bff3f145de6,20260816,ecs-keyed,benign-burst,0,quad9
4,4,4,4,454,1.0,1.0,3,0,0,0.0,0.0,0.0,1.0,1.0,1.0,0.75,273.75,0.17274280997202437,0.25,0.0,0.0,0.6373421549797058,2.155555808544158,1.719071147294179,0.004245281219482422,0.0,0,2f1711cd-8a7e-4659-af86-488d812fce04,20260816,ecs-keyed,benign-burst,0,quad9
4,4,4,4,480,1.0,1.0,3,0,0,0.0,0.0,0.0,1.0,1.0,1.0,0.75,4508.0,1.6305000620725572,0.25,0.0,0.0,0.0032848715782165527,0.004262709617614746,0.25282730012128113,0.0025539398193359375,0.0,0,06859ca1-6a6e-42e2-8526-57b029cfb540,20260816,ecs-keyed,benign-burst,0,google
4,4,4,4,520,1.0,1.0,4,0,0,0.0,0.0,0.0,1.0,1.0,1.0,0.75,1446.5454545454545,1.0485236153577997,0.25,0.0,0.0,0.00857996940612793,0.013927030563354491,0.6187284051926064,0.008231043815612793,0.0,0,4b43e10e-68f3-431c-a095-f00784725249,20260816,ecs-keyed,benign-burst,0,google
4,4,4,4,470,1.0,1.0,0,0,0,0.0,0.0,0.0,1.0,1.0,1.0,0.75,97.3,1.0897830436840494,0.25,0.0,0.0,2.517975151538849,2.53582022190094,0.005221181344547466,0.0,0.0,0,43ae61a0-b9e1-467e-9d4b-8e0ce1bd8e34,20260816,ecs-keyed,benign-burst,0,cloudflare
4,4,4,4,444,1.0,1.0,3,0,0,0.0,0.0,0.0,1.0,1.0,1.0,0.75,50.666666666666664,1.1935305758366914,0.25,0.0,0.0,0.0057869553565979,0.013035750389099116,0.89830989524192,0.004928112030029297,0.0,0,0c58680b-9c45-44e2-8061-ebe6c892eda0,20260816,ecs-keyed,benign-burst,0,opendns
4,4,4,4,494,1.0,1.0,4,0,0,0.0,0.0,0.0,1.0,1.0,1.0,0.75,1945.5,0.5455942039931764,0.25,0.0,0.0,0.012879490852355957,0.03587046861648558,1.2821353525948374,0.012695550918579102,0.0,0,dbd667aa-ab4b-4d06-9358-c5c6ef2c4176,20260816,ecs-keyed,benign-burst,0,opendns
4,4,4,4,657,1.0,1.0,4,0,0,0.0,0.0,0.0,1.0,1.0,1.0,0.75,29.352941176470587,0.5813281499307738,0.25,0.0,0.0,0.006451666355133057,0.015376937389373775,0.9896170475890408,0.005564868450164795,0.0,0,06c0dece-52e1-4f12-8718-ae76ad41ea73,20260816,ecs-keyed,benign-burst,0,opendns
4,4,4,4,559,1.0,1.0,1,0,0,0.0,0.0,0.0,1.0,1.0,1.0,0.75,423.2307692307692,0.9878335284015013,0.25,0.0,0.0,1.8842869400978088,2.520235288143158,0.5765165883732829,0.0024216175079345703,0.0,0,f9912ce9-a403-4dfa-a29f-3ca513afcccc,20260816,ecs-keyed,benign-burst,0,cloudflare
4,4,4,4,468,1.0,1.0,4,0,0,0.0,0.0,0.0,1.0,1.0,1.0,0.75,163.75,0.8236849922010542,0.25,0.0,0.0,0.012731790542602539,0.02713645696640014,0.8438944866266044,0.012544035911560059,0.0,0,e7e1f5b5-32cc-4ca6-8c66-1f16b3a23e80,20260816,ecs-keyed,benign-burst,0,google
4,4,4,4,410,1.0,1.0,3,0,0,0.0,0.0,0.0,1.0,1.0,1.0,0.75,3087.1428571428573,2.3983701818892205,0.25,0.0,0.0,0.005669891834259033,0.011414420604705808,0.7287884216349628,0.005036056041717529,0.0,0,73112e3b-f2e9-48ac-ad4c-56bb118e4e7f,20260816,ecs-keyed,benign-burst,0,quad9
4,4,4,4,427,1.0,1.0,0,0,0,0.0,0.0,0.0,1.0,1.0,1.0,0.75,3641.0,2.1082133535340155,0.25,0.0,0.0,2.516890048980713,2.540532612800598,0.006735998099109505,0.0,0.0,0,f1f41bb0-869d-4737-b316-469ddb789b71,20260816,ecs-keyed,benign-burst,0,google
4,4,4,4,487,1.0,1.0,4,0,0,0.0,0.0,0.0,1.0,1.0,1.0,0.75,1362.75,2.253592744062358,0.25,0.0,0.0,0.013552844524383545,0.02930221557617187,0.9106532027300329,0.013155043125152588,0.0,0,526b4cc4-ba99-4b58-ae96-4a60feddff1c,20260816,ecs-keyed,benign-burst,0,google
4,4,4,4,531,1.0,1.0,3,0,0,0.0,0.0,0.0,1.0,1.0,1.0,0.75,1949.9166666666667,2.9843481496826234,0.25,0.0,0.0,0.009006083011627197,0.02410700321197509,1.207941094215132,0.008575379848480225,0.0,0,d79caab2-c6ab-4aae-841f-b777f7f8198a,20260816,ecs-keyed,benign-burst,0,quad9
4,4,4,4,406,1.0,1.0,4,0,0,0.0,0.0,0.0,1.0,1.0,1.0,0.75,135.0,0.8847537561163832,0.25,0.0,0.0,0.026588857173919678,0.061928212642669664,1.0030776639756416,0.0260237455368042,0.0,0,4c7ffd09-6ca5-4ca0-9e77-98901f733547,20260816,ecs-keyed,benign-burst,0,cloudflare
4,4,4,4,436,1.0,1.0,3,0,0,0.0,0.0,0.0,1.0,1.0,1.0,0.75,302.14285714285717,0.6689263048256224,0.25,0.0,0.0,0.014803171157836914,0.03674467802047728,1.0635985720639032,0.014398753643035889,0.0,0,8ed5b087-7c69-4640-802e-b7644a626137,20260816,ecs-keyed,benign-burst,0,google
4,4,4,4,549,1.0,1.0,3,0,0,0.0,0.0,0.0,1.0,1.0,1.0,0.75,123.54545454545455,1.1163010039236887,0.25,0.0,0.0,0.015323817729949951,0.03838329315185546,1.0873111107636457,0.015212655067443848,0.0,0,627b0a37-8149-4dcd-997f-cf20dfd7ba4f,20260816,ecs-keyed,benign-burst,0,google
4,4,4,4,444,1.0,1.0,0,0,0,0.0,0.0,0.0,1.0,1.0,1.0,0.75,164.0,1.1963657042371436,0.25,0.0,0.0,2.56091970205307,2.657616066932678,0.026911275188161225,0.0,0.0,0,e7e3d4c1-b9f6-4c22-9206-8acd94043724,20260816,ecs-keyed,benign-burst,0,cloudflare
4,4,4,4,490,1.0,1.0,4,0,0,0.0,0.0,0.0,1.0,1.0,1.0,0.75,5348.8,1.2052558088261294,0.25,0.0,0.0,0.0079537034034729,0.013868319988250732,0.7216848232086605,0.007607996463775635,0.0,0,55aa39ba-1224-43b0-98c6-e378c7cb854f,20260816,ecs-keyed,benign-burst,0,opendns
4,4,4,4,544,1.0,1.0,0,0,0,0.0,0.0,0.0,1.0,1.0,1.0,0.75,3933.75,1.3600539347646046,0.25,0.0,0.0,2.5473138093948364,2.6279212474822997,0.02250189547248671,0.0,0.0,0,a2d53b1c-5802-440e-bb26-74ad63fd0566,20260816,ecs-keyed,benign-burst,0,opendns
4,4,4,4,428,1.0,1.0,4,0,0,0.0,0.0,0.0,1.0,1.0,1.0,0.75,181.0,0.547427511741535,0.25,0.0,0.0,0.002280116081237793,0.0026641607284545897,0.14718414348920061,0.0020371079444885254,0.0,0,51d90842-2100-4ce9-abff-a4ae6667db39,20260816,ecs-keyed,benign-burst,0,opendns
4,4,4,4,491,1.0,1.0,4,0,0,0.0,0.0,0.0,1.0,1.0,1.0,0.75,205.0,1.513165175355285,0.25,0.0,0.0,0.005553781986236572,0.015295922756195063,1.2623151513777893,0.005401194095611572,0.0,0,1f9af93b-b229-424c-aa24-2727bdac32b9,20260816,ecs-keyed,benign-burst,0,google
4,4,4,4,362,1.0,1.0,4,0,0,0.0,0.0,0.0,1.0,1.0,1.0,0.75,99.5,0.8310925826509042,0.25,0.0,0.0,0.004713296890258789,0.011444008350372311,1.0184665863501468,0.00453561544418335,0.0,0,05844e28-e8fa-4b61-b12f-dc6e3508d134,20260816,ecs-keyed,benign-burst,0,opendns
4,4,4,4,412,1.0,1.0,3,0,0,0.0,0.0,0.0,1.0,1.0,1.0,0.75,130.33333333333334,0.9611911956506468,0.25,0.0,0.0,0.63957279920578,2.1424221992492667,1.6937760282219825,0.013971646626790365,0.0,0,c7ffe89a-7e18-4b7a-8c58-7c87beb7ff93,20260816,ecs-keyed,benign-burst,0,quad9
4,4,4,4,517,1.0,1.0,4,0,0,0.0,0.0,0.0,1.0,1.0,1.0,0.75,165.2,0.5721975373511567,0.25,0.0,0.0,0.0022050142288208008,0.0026500701904296872,0.20376759189387,0.0020285844802856445,0.0,0,b257439c-84dc-4110-b867-940deb303da6,20260816,ecs-keyed,benign-burst,0,quad9
4,4,4,4,514,1.0,1.0,4,0,0,0.0,0.0,0.0,1.0,1.0,1.0,0.75,263.3333333333333,1.2569327058163495,0.25,0.0,0.0,0.00822514295578003,0.01732610464096069,0.8168790213077268,0.0080375075340271,0.0,0,d40c0c4c-d4dd-4555-bcff-1b019f7b8de4,20260816,ecs-keyed,benign-burst,0,quad9
4,4,4,4,496,1.0,1.0,4,0,0,0.0,0.0,0.0,1.0,1.0,1.0,0.75,56.8,0.4171309322502377,0.25,0.0,0.0,0.03650379180908203,0.08172279596328734,0.9121927155303653,0.036314427852630615,0.0,0,a7aa41e3-c611-4bd5-91a5-048baf3f3fd4,20260816,ecs-keyed,benign-burst,0,opendns
4,4,4,4,578,1.0,1.0,4,0,0,0.0,0.0,0.0,1.0,1.0,1.0,0.75,141.86666666666667,0.5447513061276027,0.25,0.0,0.0,0.013534486293792725,0.030019414424896234,0.9364078445823063,0.013336896896362305,0.0,0,24251c2c-3d1b-43dc-8e64-82fe1c4a5da0,20260816,ecs-keyed,benign-burst,0,cloudflare
4,4,4,4,512,1.0,1.0,2,0,0,0.0,0.0,0.0,1.0,1.0,1.0,0.75,297.90909090909093,0.2728726140507556,0.25,0.0,0.0,1.25908362865448,2.5239378929138185,0.9983844597362206,0.0019257068634033203,0.0,0,2096a3e8-0a86-4aad-a207-719f14904605,20260816,ecs-keyed,benign-burst,0,opendns
4,4,4,4,464,1.0,1.0,0,0,0,0.0,0.0,0.0,1.0,1.0,1.0,0.75,325.3333333333333,2.3571934280615214,0.25,0.0,0.0,2.510416328907013,2.519027554988861,0.0028179590338718633,0.0,0.0,0,d0a1c2ce-81f6-4b74-b3fe-80e8fbcac9a3,20260816,ecs-keyed,benign-burst,0,opendns
4,4,4,4,460,1.0,1.0,1,0,0,0.0,0.0,0.0,1.0,1.0,1.0,0.75,214.2,0.488373295016772,0.25,0.0,0.0,1.8865904211997986,2.5147547364234923,0.5710558087451849,0.020343303680419922,0.0,0,445cfe77-c498-4d8d-ad11-443c2ebb3a1e,20260816,ecs-keyed,benign-burst,0,opendns
4,4,4,4,450,1.0,1.0,3,0,0,0.0,0.0,0.0,1.0,1.0,1.0,0.75,200.66666666666666,0.8135771046514072,0.25,0.0,0.0,0.0022197961807250977,0.003065812587738037,0.29284809268088974,0.0019768476486206055,0.0,0,083c5b20-652f-4299-93f2-6a2e20b4b03b,20260816,ecs-keyed,benign-burst,0,quad9
4,4,4,4,432,1.0,1.0,0,0,0,0.0,0.0,0.0,1.0,1.0,1.0,0.75,263.42857142857144,1.2728899028721514,0.25,0.0,0.0,2.5057459473609924,2.5066457986831665,0.000276660433754026,0.0,0.0,0,f0af9d7c-0198-42ab-b86a-7e1d09916dd2,20260816,ecs-keyed,benign-burst,0,opendns
4,4,4,4,470,1.0,1.0,0,0,0,0.0,0.0,0.0,1.0,1.0,1.0,0.75,166.1818181818182,0.5606113462695056,0.25,0.0,0.0,2.513857364654541,2.5332281827926635,0.005549918468963083,0.0,0.0,0,1b5574bf-9487-4882-b910-36eeca3351da,20260816,ecs-keyed,benign-burst,0,opendns
4,4,4,4,446,1.0,1.0,4,0,0,0.0,0.0,0.0,1.0,1.0,1.0,0.75,1402.125,0.6613935148969415,0.25,0.0,0.0,0.0026171207427978516,0.003191423416137695,0.20851038284481163,0.0022540688514709473,0.0,0,2140f57a-72a1-495d-93fe-3468f756611d,20260816,ecs-keyed,benign-burst,0,google
4,4,4,4,643,1.0,1.0,3,0,0,0.0,0.0,0.0,1.0,1.0,1.0,0.75,1775.578947368421,1.2557644840179925,0.25,0.0,0.0,0.002539515495300293,0.003598248958587646,0.32180731604132656,0.002064347267150879,0.0,0,ca8ea562-09f8-4b1c-a54e-c03363c8bc95,20260816,ecs-keyed,benign-burst,0,google
4,4,4,4,510,1.0,1.0,0,0,0,0.0,0.0,0.0,1.0,1.0,1.0,0.75,147.77777777777777,0.9216585393874098,0.25,0.0,0.0,2.507764995098114,2.515290105342865,0.002157459429093172,0.0,0.0,0,84c34a5d-f5c1-4ba0-a48c-c09eced2bb93,20260816,ecs-keyed,benign-burst,0,cloudflare
4,4,4,4,522,1.0,1.0,4,0,0,0.0,0.0,0.0,1.0,1.0,1.0,0.75,143.9090909090909,0.7996644798269663,0.25,0.0,0.0,0.008424460887908936,0.014712178707122802,0.734469100577555,0.00811988115310669,0.0,0,702e2a72-0e0f-4784-b1b6-89bd74196d99,20260816,ecs-keyed,benign-burst,0,cloudflare
4,4,4,4,528,1.0,1.0,0,0,0,0.0,0.0,0.0,1.0,1.0,1.0,0.75,8112.333333333333,1.1788239883847615,0.25,0.0,0.0,2.5127497911453247,2.5328686118125914,0.005757367059620833,0.0,0.0,0,e2ac81c4-c970-4916-9523-4348f1cffc9e,20260816,ecs-keyed,benign-burst,0,opendns
4,4,4,4,494,1.0,1.0,1,0,0,0.0,0.0,0.0,1.0,1.0,1.0,0.75,180.8,0.3884444828015553,0.25,0.0,0.0,1.8814634084701538,2.5090633392333985,0.5767512562910602,0.0018918514251708984,0.0,0,66cfaf34-ca0e-44df-8e36-cf3f88547669,20260816,ecs-keyed,benign-burst,0,cloudflare
4,4,4,4,494,1.0,1.0,0,0,0,0.0,0.0,0.0,1.0,1.0,1.0,0.75,56.36363636363637,1.3204073410527264,0.25,0.0,0.0,2.510719418525696,2.520822274684906,0.002890681851893894,0.0,0.0,0,a4fc3600-b577-40d4-b932-3862428ec7ab,20260816,ecs-keyed,benign-burst,0,google
4,4,4,4,478,1.0,1.0,2,0,0,0.0,0.0,0.0,1.0,1.0,1.0,0.75,904.0,1.455426033339718,0.25,0.0,0.0,2.5201032757759094,5.02900139093399,0.9916643391607487,0.020554184913635254,0.0,0,3365a5e1-9c8a-48fb-94c6-23bc66f01ce5,20260816,ecs-keyed,benign-burst,0,cloudflare
4,4,4,4,489,1.0,1.0,3,0,0,0.0,0.0,0.0,1.0,1.0,1.0,0.75,8170.2,0.7603186780096239,0.25,0.0,0.0,0.006480872631072998,0.01599681377410888,1.0537659334808678,0.006236135959625244,0.0,0,5c60d77d-f438-46ba-8a32-f410f82ef1cb,20260816,ecs-keyed,benign-burst,0,opendns
4,4,4,4,472,1.0,1.0,3,0,0,0.0,0.0,0.0,1.0,1.0,1.0,0.75,395.44444444444446,0.4615429686675401,0.25,0.0,0.0,0.006896615028381348,0.01591185331344604,0.937868240011452,0.006541252136230469,0.0,0,a671c38e-a3dc-4a9c-82d4-e50b713d92f8,20260816,ecs-keyed,benign-burst,0,cloudflare
4,4,4,4,508,1.0,1.0,4,0,0,0.0,0.0,0.0,1.0,1.0,1.0,0.75,72.0909090909091,1.497120950348234,0.25,0.0,0.0,0.009867489337921143,0.01778715848922729,0.5731872900995757,0.008596301078796387,0.0,0,c987ee11-04eb-446e-8bbb-2b4d7d1932c2,20260816,ecs-keyed,benign-burst,0,cloudflare
4,4,4,4,420,1.0,1.0,2,0,0,0.0,0.0,0.0,1.0,1.0,1.0,0.75,376.5,1.9983454618069432,0.25,0.0,0.0,0.006014764308929443,0.012094020843505856,0.7251943249438755,0.004912018775939941,0.0,0,a575471a-48e2-44a3-9027-d1c283d7bcea,20260816,ecs-keyed,benign-burst,0,cloudflare
4,4,4,4,463,1.0,1.0,3,0,0,0.0,0.0,0.0,1.0,1.0,1.0,0.75,2639.875,2.501631609949876,0.25,0.0,0.0,0.01095515489578247,0.028095555305480947,1.1131454297665324,0.009632289409637451,0.0,0,0868bc84-73b0-477a-8655-5cb0c5e4e679,20260816,ecs-keyed,benign-burst,0,cloudflare
4,4,4,4,460,1.0,1.0,4,0,0,0.0,0.0,0.0,1.0,1.0,1.0,0.75,499.0,1.0983956784206805,0.25,0.0,0.0,0.015214860439300537,0.04524171352386473,1.4191314878698764,0.014338970184326172,0.0,0,e613d360-3666-4561-9a38-826d1e3a2607,20260816,ecs-keyed,benign-burst,0,google
4,4,4,4,458,1.0,1.0,0,0,0,0.0,0.0,0.0,1.0,1.0,1.0,0.75,101.25,0.7969420293092597,0.25,0.0,0.0,2.5623921155929565,2.6293174266815185,0.018996897474581748,0.0,0.0,0,d2cc487f-8ce1-4f98-9533-a612c59c0436,20260816,ecs-keyed,benign-burst,0,cloudflare
4,4,4,4,491,1.0,1.0,3,0,0,0.0,0.0,0.0,1.0,1.0,1.0,0.75,114.5,1.1712259303059902,0.25,0.0,0.0,0.6278701424598694,2.1289287924766533,1.7251793806803735,0.0023043155670166016,0.0,0,e7d3b1d0-d61d-4cb1-82c8-ef02b4356151,20260816,ecs-keyed,benign-burst,0,quad9
4,4,4,4,474,1.0,1.0,2,0,0,0.0,0.0,0.0,1.0,1.0,1.0,0.75,152.75,0.7384063281006041,0.25,0.0,0.0,1.257526457309723,2.5160390615463255,0.9972313022433063,0.003232240676879883,0.0,0,c53864e7-0f87-40d1-8195-ca163070b51a,20260816,ecs-keyed,benign-burst,0,cloudflare
4,4,4,4,476,1.0,1.0,4,0,0,0.0,0.0,0.0,1.0,1.0,1.0,0.75,95.8,0.7575699621771332,0.25,0.0,0.0,0.001895129680633545,0.002262020111083984,0.16518850761852405,0.001650393009185791,0.0,0,26a6e587-eff7-4c87-abb0-e649bcf437e3,20260816,ecs-keyed,benign-burst,0,quad9
4,4,4,4,513,1.0,1.0,4,0,0,0.0,0.0,0.0,1.0,1.0,1.0,0.75,774.5,1.610181237748576,0.25,0.0,0.0,0.0014691352844238281,0.0015341877937316895,0.04473902659617422,0.0013186335563659668,0.0,0,52d55275-84e5-40d8-8e45-d3c518f697ac,20260816,ecs-keyed,benign-burst,0,quad9
4,4,4,4,456,1.0,1.0,4,0,0,0.0,0.0,0.0,1.0,1.0,1.0,0.75,1531.75,2.385248513382344,0.25,0.0,0.0,0.001757502555847168,0.0021903276443481444,0.2413184086819827,0.001565694808959961,0.0,0,96e9da84-55f5-491b-b4e8-ff78a61a8122,20260816,ecs-keyed,benign-burst,0,quad9
4,4,4,4,556,1.0,1.0,4,0,0,0.0,0.0,0.0,1.0,1.0,1.0,0.75,2823.8,1.6328638008670104,0.25,0.0,0.0,0.004810452461242676,0.012065267562866206,1.0816472169633822,0.00454556941986084,0.0,0,03591e95-c66f-4486-af0d-92c6fd814165,20260816,ecs-keyed,benign-burst,0,opendns
4,4,4,4,514,1.0,1.0,4,0,0,0.0,0.0,0.0,1.0,1.0,1.0,0.75,185.25,0.6302207503008723,0.25,0.0,0.0,0.002524256706237793,0.0032402634620666503,0.23156666879393853,0.0021356940269470215,0.0,0,be06a0aa-4b0b-4f52-97b1-48c4bb525697,20260816,ecs-keyed,benign-burst,0,google
4,4,4,4,598,1.0,1.0,4,0,0,0.0,0.0,0.0,1.0,1.0,1.0,0.75,245.33333333333334,0.31903608959650365,0.25,0.0,0.0,0.013108789920806885,0.02866503000259399,0.8692903765011316,0.012701690196990967,0.0,0,bece324a-7303-4ab0-8f44-93dd114ef0ae,20260816,ecs-keyed,benign-burst,0,cloudflare
4,4,4,4,452,1.0,1.0,1,0,0,0.0,0.0,0.0,1.0,1.0,1.0,0.75,222.25,0.5330540012917421,0.25,0.0,0.0,1.899484932422638,2.5565129995346068,0.5769628023327703,0.001440286636352539,0.0,0,9d986fed-480f-4b32-bcad-17306a5dd949,20260816,ecs-keyed,benign-burst,0,quad9
4,4,4,4,577,1.0,1.0,4,0,0,0.0,0.0,0.0,1.0,1.0,1.0,0.75,226.15384615384616,0.4897959183673469,0.25,0.0,0.0,0.011052846908569336,0.015111958980560303,0.41350792090870675,0.010829031467437744,0.0,0,bed91bb0-68ff-4f4b-9c00-26cad553ed2e,20260816,ecs-keyed,benign-burst,0,google
4,4,4,4,400,1.0,1.0,4,0,0,0.0,0.0,0.0,1.0,1.0,1.0,0.75,129.25,0.7716292554890763,0.25,0.0,0.0,0.005017340183258057,0.01174066066741943,0.9542630204161838,0.004696488380432129,0.0,0,80096ad6-58f6-4a1a-abed-f4b3dca54979,20260816,ecs-keyed,benign-burst,0,opendns
4,4,4,4,548,1.0,1.0,0,0,0,0.0,0.0,0.0,1.0,1.0,1.0,0.75,892.3333333333334,1.0017256157556895,0.25,0.0,0.0,2.508653700351715,2.5162089705467223,0.002170429710575335,0.0,0.0,0,d9d35038-d207-49cd-a5ee-3bea13d4abcd,20260816,ecs-keyed,benign-burst,0,quad9
4,4,4,4,466,1.0,1.0,0,0,0,0.0,0.0,0.0,1.0,1.0,1.0,0.75,475.44444444444446,1.975962469047052,0.25,0.0,0.0,2.505041778087616,2.5057404160499575,0.0002773292147291398,0.0,0.0,0,50c74168-e85a-43ae-bd44-604619d50f1b,20260816,ecs-keyed,benign-burst,0,cloudflare
4,4,4,4,486,1.0,1.0,0,0,0,0.0,0.0,0.0,1.0,1.0,1.0,0.75,185.0,0.7460086146804886,0.25,0.0,0.0,2.51242458820343,2.520453321933746,0.002833860605081661,0.0,0.0,0,6c932ac5-8d70-4af2-a7e6-be6b8ec21ab7,20260816,ecs-keyed,benign-burst,0,google
4,4,4,4,500,1.0,1.0,0,0,0,0.0,0.0,0.0,1.0,1.0,1.0,0.75,362.09090909090907,0.6883629027131009,0.25,0.0,0.0,2.507798671722412,2.5157371759414673,0.002258286269047787,0.0,0.0,0,cf89e069-1a29-451f-bdbf-5015464526d5,20260816,ecs-keyed,benign-burst,0,google
1,1,1,1,147,1.0,1.0,1,1,1,1.0,1.0,0.0,-0.0,-0.0,1.0,0.0,7.0,0.0,1.0,0.0,0.0,0.00480198860168457,0.00480198860168457,0.0,0.004347085952758789,0.0,0,779378ae-0090-4cbb-a1ea-51b56870fce6,20260816,ecs-keyed,adverse-ecs-omit,1,local-adverse-authority
1,1,1,1,121,1.0,1.0,1,1,1,1.0,1.0,0.0,-0.0,-0.0,1.0,0.0,128.0,0.0,1.0,0.0,0.0,0.003287792205810547,0.003287792205810547,0.0,0.0024154186248779297,0.0,0,e5076538-0f34-4b82-9f0c-85f6e79500f4,20260816,ecs-keyed,adverse-ecs-omit,1,local-adverse-authority
4,4,4,4,446,1.0,1.0,4,0,0,0.0,0.0,0.0,1.0,1.0,1.0,0.75,3463.1428571428573,2.1241093825444906,0.25,0.0,0.0,0.00803905725479126,0.013747310638427735,0.680771352714924,0.007738947868347168,0.0,0,03407d81-f69e-4553-8c89-d6b7d3f99435,20260816,ecs-keyed,benign-burst,0,google
4,4,4,4,549,1.0,1.0,2,0,0,0.0,0.0,0.0,1.0,1.0,1.0,0.75,3069.5454545454545,2.0647575179420774,0.25,0.0,0.0,1.299883484840393,2.531224846839905,0.9405186226141055,0.07840752601623535,0.0,0,3ca19da7-cdf6-4afa-b60b-fbda6155f811,20260816,ecs-keyed,benign-burst,0,cloudflare
4,4,4,4,492,1.0,1.0,0,0,0,0.0,0.0,0.0,1.0,1.0,1.0,0.75,290.0,0.8126579405457577,0.25,0.0,0.0,2.5101869702339172,2.5223784685134887,0.003500470462114242,0.0,0.0,0,c4307f4b-59a8-43e8-bf71-af2720bd2f52,20260816,ecs-keyed,benign-burst,0,opendns
4,4,4,4,492,1.0,1.0,0,0,0,0.0,0.0,0.0,1.0,1.0,1.0,0.75,671.6,0.702057305099986,0.25,0.0,0.0,2.51034939289093,2.524599385261536,0.004042209673746961,0.0,0.0,0,e971e8ff-2c78-40b7-8283-915465508612,20260816,ecs-keyed,benign-burst,0,google
4,4,4,4,490,1.0,1.0,3,0,0,0.0,0.0,0.0,1.0,1.0,1.0,0.75,1216.1818181818182,2.9027351459895563,0.25,0.0,0.0,0.6466035842895508,2.162930893898009,1.6898510320385367,0.015094280242919922,0.0,0,208990ea-df5b-4eeb-a3bc-54b80be98994,20260816,ecs-keyed,benign-burst,0,opendns
1,1,1,1,145,1.0,1.0,1,1,1,1.0,1.0,0.0,-0.0,-0.0,1.0,0.0,3.0,0.0,1.0,0.0,0.0,0.0032587051391601562,0.0032587051391601562,0.0,0.0026597976684570312,0.0,0,40e7a733-c822-474d-b60d-0fd66afa2806,20260816,ecs-keyed,adverse-ecs-omit,1,local-adverse-authority
1,1,1,1,147,1.0,1.0,1,1,1,1.0,1.0,0.0,-0.0,-0.0,1.0,0.0,55.0,0.0,1.0,0.0,0.0,0.002526521682739258,0.002526521682739258,0.0,0.002359628677368164,0.0,0,fda3cb38-22f8-4ce9-a1e7-b5664dec0d5a,20260816,ecs-keyed,adverse-ecs-omit,1,local-adverse-authority
1,1,1,1,107,1.0,1.0,1,1,1,1.0,1.0,0.0,-0.0,-0.0,1.0,0.0,300.0,0.0,1.0,0.0,0.0,0.002386331558227539,0.002386331558227539,0.0,0.0022826194763183594,0.0,0,ebd820ab-dec8-44a8-9080-7238eb7b0d18,20260816,ecs-keyed,adverse-ecs-omit,1,local-adverse-authority
4,4,4,4,584,1.0,1.0,0,0,0,0.0,0.0,0.0,1.0,1.0,1.0,0.75,973.2666666666667,3.159898236057865,0.25,0.0,0.0,2.5090519785881042,2.517663097381592,0.002455985598200561,0.0,0.0,0,f0b9876d-a894-4075-8b34-e9bcb2671e92,20260816,ecs-keyed,benign-burst,0,google
1,1,1,1,131,1.0,1.0,1,1,1,1.0,1.0,0.0,-0.0,-0.0,1.0,0.0,60.0,0.0,1.0,0.0,0.0,0.01552724838256836,0.01552724838256836,0.0,0.01537013053894043,0.0,0,f5206bfe-50f3-4596-8834-0bcad0b106a6,20260816,ecs-keyed,adverse-ecs-omit,1,local-adverse-authority
1,1,1,1,131,1.0,1.0,1,1,1,1.0,1.0,0.0,-0.0,-0.0,1.0,0.0,300.0,0.0,1.0,0.0,0.0,0.0027086734771728516,0.0027086734771728516,0.0,0.002489805221557617,0.0,0,75766f3d-1e84-4435-b111-914f51dda4cd,20260816,ecs-keyed,adverse-ecs-omit,1,local-adverse-authority
1,1,1,1,204,1.0,1.0,1,1,1,1.0,0.0,0.0,-0.0,-0.0,1.0,0.0,298.0,0.0,1.0,0.0,0.0,0.037773847579956055,0.037773847579956055,0.0,0.037290096282958984,0.0,0,4ebee93f-e956-4efc-8c77-fc2bc28c1751,20260816,ecs-keyed,adverse-ecs-omit,1,local-adverse-authority
4,4,4,4,518,1.0,1.0,1,0,0,0.0,0.0,0.0,1.0,1.0,1.0,0.75,1456.923076923077,3.401900279469149,0.25,0.0,0.0,1.8920356035232544,2.5413214802742004,0.5767565801083767,0.001974821090698242,0.0,0,e5a51286-607c-495c-bda1-c83f1c4fe0f8,20260816,ecs-keyed,benign-burst,0,opendns
1,1,1,1,113,1.0,1.0,1,1,1,1.0,1.0,0.0,-0.0,-0.0,1.0,0.0,300.0,0.0,1.0,0.0,0.0,0.002596139907836914,0.002596139907836914,0.0,0.0024602413177490234,0.0,0,04cd5272-cff3-43c2-b318-f033f26eb98e,20260816,ecs-keyed,adverse-ecs-omit,1,local-adverse-authority
1,1,1,1,207,1.0,1.0,1,1,1,1.0,1.0,0.0,-0.0,-0.0,1.0,0.0,257.0,0.0,1.0,0.0,0.0,0.03513216972351074,0.03513216972351074,0.0,0.034644126892089844,0.0,0,6bb1febf-a5f2-4b6e-b67a-c4ce6064e118,20260816,ecs-keyed,adverse-ecs-omit,1,local-adverse-authority
1,1,1,1,138,1.0,1.0,1,1,1,1.0,0.0,0.0,-0.0,-0.0,1.0,0.0,26.0,0.0,1.0,0.0,0.0,0.031392574310302734,0.031392574310302734,0.0,0.031255483627319336,0.0,0,db4ff163-3c01-48a9-aba5-7118c8c11aea,20260816,ecs-keyed,adverse-ecs-omit,1,local-adverse-authority
1,1,1,1,225,1.0,1.0,1,1,1,1.0,1.0,0.0,-0.0,-0.0,1.0,0.0,140.0,0.0,1.0,0.0,0.0,0.0037627220153808594,0.0037627220153808594,0.0,0.0036160945892333984,0.0,0,dcd676b4-cf86-4602-98ef-61e4304f99c5,20260816,ecs-keyed,adverse-ecs-omit,1,local-adverse-authority
1,1,1,1,115,1.0,1.0,1,1,1,1.0,1.0,0.0,-0.0,-0.0,1.0,0.0,20.0,0.0,1.0,0.0,0.0,0.0175015926361084,0.0175015926361084,0.0,0.017257213592529297,0.0,0,4cde51de-d547-4da3-ab0d-e4b954664fc7,20260816,ecs-keyed,adverse-ecs-omit,1,local-adverse-authority
1,1,1,1,138,1.0,1.0,1,1,1,1.0,0.0,0.0,-0.0,-0.0,1.0,0.0,300.0,0.0,1.0,0.0,0.0,0.004928112030029297,0.004928112030029297,0.0,0.0037207603454589844,0.0,0,307910d5-b2d1-494f-a963-dab36de4a599,20260816,ecs-keyed,adverse-ecs-omit,1,local-adverse-authority
1,1,1,1,121,1.0,1.0,1,1,1,1.0,1.0,0.0,-0.0,-0.0,1.0,0.0,257.0,0.0,1.0,0.0,0.0,0.0017709732055664062,0.0017709732055664062,0.0,0.0016317367553710938,0.0,0,c8d39d42-971f-40c1-a9a1-7a8dacfd2888,20260816,ecs-keyed,adverse-ecs-omit,1,local-adverse-authority
1,1,1,1,103,1.0,1.0,1,1,1,1.0,1.0,0.0,-0.0,-0.0,1.0,0.0,160.0,0.0,1.0,0.0,0.0,0.020877361297607422,0.020877361297607422,0.0,0.02077794075012207,0.0,0,622b910b-5624-4bee-b268-6cf9e7b24258,20260816,ecs-keyed,adverse-ecs-omit,1,local-adverse-authority
1,1,1,1,133,1.0,1.0,1,1,1,1.0,1.0,0.0,-0.0,-0.0,1.0,0.0,60.0,0.0,1.0,0.0,0.0,0.002182483673095703,0.002182483673095703,0.0,0.0017116069793701172,0.0,0,68730351-88b0-473b-ac45-09d803eaa381,20260816,ecs-keyed,adverse-ecs-omit,1,local-adverse-authority
4,4,4,4,506,1.0,1.0,3,0,0,0.0,0.0,0.0,1.0,1.0,1.0,0.75,70.25,1.2289642844059119,0.25,0.0,0.0,0.6271599531173706,2.1272557973861685,1.7261550971626836,0.001542965571085612,0.0,0,474c3110-9fdc-435a-b5e9-2946c6ed3faa,20260816,ecs-keyed,benign-burst,0,quad9
1,1,1,1,145,1.0,1.0,1,1,1,1.0,1.0,0.0,-0.0,-0.0,1.0,0.0,60.0,0.0,1.0,0.0,0.0,0.017447710037231445,0.017447710037231445,0.0,0.01728677749633789,0.0,0,11df0144-1e68-4225-92bb-fd45221069b0,20260816,ecs-keyed,adverse-ecs-omit,1,local-adverse-authority
1,1,1,1,138,1.0,1.0,1,1,1,1.0,0.0,0.0,-0.0,-0.0,1.0,0.0,2054.0,0.0,1.0,0.0,0.0,0.0331273078918457,0.0331273078918457,0.0,0.03299593925476074,0.0,0,d9a3ce19-ec65-4c8c-8167-8d60e32704c4,20260816,ecs-keyed,adverse-ecs-omit,1,local-adverse-authority
1,1,1,1,107,1.0,1.0,1,1,1,1.0,1.0,0.0,-0.0,-0.0,1.0,0.0,4.0,0.0,1.0,0.0,0.0,0.01723027229309082,0.01723027229309082,0.0,0.017086505889892578,0.0,0,13ef630d-ed28-4a78-996f-bfa07ae0b871,20260816,ecs-keyed,adverse-ecs-omit,1,local-adverse-authority
1,1,1,1,115,1.0,1.0,1,1,1,1.0,1.0,0.0,-0.0,-0.0,1.0,0.0,20.0,0.0,1.0,0.0,0.0,0.0022258758544921875,0.0022258758544921875,0.0,0.0016884803771972656,0.0,0,7777677e-a379-47ad-8d8c-fda70ad50674,20260816,ecs-keyed,adverse-ecs-omit,1,local-adverse-authority
1,1,1,1,110,1.0,1.0,1,1,1,1.0,0.0,0.0,-0.0,-0.0,1.0,0.0,9.0,0.0,1.0,0.0,0.0,0.016620397567749023,0.016620397567749023,0.0,0.016350269317626953,0.0,0,2b731d24-2041-4781-9d87-8f1daddc6613,20260816,ecs-keyed,adverse-ecs-omit,1,local-adverse-authority
1,1,1,1,122,1.0,1.0,1,1,1,1.0,0.0,0.0,-0.0,-0.0,1.0,0.0,65.0,0.0,1.0,0.0,0.0,0.03581857681274414,0.03581857681274414,0.0,0.03568077087402344,0.0,0,0bf58a3b-9adf-4c47-8b9b-a9fb70460dbe,20260816,ecs-keyed,adverse-ecs-omit,1,local-adverse-authority
1,1,1,1,235,1.0,1.0,1,1,1,1.0,1.0,0.0,-0.0,-0.0,1.0,0.0,229.0,0.0,1.0,0.0,0.0,0.018206357955932617,0.018206357955932617,0.0,0.018067121505737305,0.0,0,0870be1a-1e86-4ff0-8aa2-816a9324d7bb,20260816,ecs-keyed,adverse-ecs-omit,1,local-adverse-authority
1,1,1,1,109,1.0,1.0,1,1,1,1.0,1.0,0.0,-0.0,-0.0,1.0,0.0,3293.0,0.0,1.0,0.0,0.0,0.012586593627929688,0.012586593627929688,0.0,0.012417316436767578,0.0,0,928014a4-a3a9-49ac-ae91-96d06fad4409,20260816,ecs-keyed,adverse-ecs-omit,1,local-adverse-authority
1,1,1,1,147,1.0,1.0,1,1,1,1.0,1.0,0.0,-0.0,-0.0,1.0,0.0,300.0,0.0,1.0,0.0,0.0,0.01952505111694336,0.01952505111694336,0.0,0.019289255142211914,0.0,0,17f05f01-9972-40aa-8914-abf45424e37a,20260816,ecs-keyed,adverse-ecs-omit,1,local-adverse-authority
1,1,1,1,154,1.0,1.0,1,1,1,1.0,0.0,0.0,-0.0,-0.0,1.0,0.0,300.0,0.0,1.0,0.0,0.0,0.02769756317138672,0.02769756317138672,0.0,0.02755880355834961,0.0,0,93ff12e3-d91f-4c5a-87d9-f11d3be245a5,20260816,ecs-keyed,adverse-ecs-omit,1,local-adverse-authority
1,1,1,1,166,1.0,1.0,1,1,1,1.0,0.0,0.0,-0.0,-0.0,1.0,0.0,17619.0,0.0,1.0,0.0,0.0,0.014922857284545898,0.014922857284545898,0.0,0.014815807342529297,0.0,0,0de44fcc-579c-4416-9ef5-cdfe972591b9,20260816,ecs-keyed,adverse-ecs-omit,1,local-adverse-authority
1,1,1,1,118,1.0,1.0,1,1,1,1.0,0.0,0.0,-0.0,-0.0,1.0,0.0,299.0,0.0,1.0,0.0,0.0,0.007875204086303711,0.007875204086303711,0.0,0.0077474117279052734,0.0,0,28746482-1932-44cf-be03-39aeeda1aff0,20260816,ecs-keyed,adverse-ecs-omit,1,local-adverse-authority
1,1,1,1,103,1.0,1.0,1,1,1,1.0,1.0,0.0,-0.0,-0.0,1.0,0.0,204.0,0.0,1.0,0.0,0.0,0.03616476058959961,0.03616476058959961,0.0,0.036051034927368164,0.0,0,0bfe47f3-1489-4385-a1bc-8ee30e055c9b,20260816,ecs-keyed,adverse-ecs-omit,1,local-adverse-authority
1,1,1,1,111,1.0,1.0,1,1,1,1.0,1.0,0.0,-0.0,-0.0,1.0,0.0,180.0,0.0,1.0,0.0,0.0,0.0034041404724121094,0.0034041404724121094,0.0,0.003063201904296875,0.0,0,cf27fbf5-4eca-4cba-b303-87bfb479eeda,20260816,ecs-keyed,adverse-ecs-omit,1,local-adverse-authority
1,1,1,1,123,1.0,1.0,1,1,1,1.0,1.0,0.0,-0.0,-0.0,1.0,0.0,12.0,0.0,1.0,0.0,0.0,0.0036606788635253906,0.0036606788635253906,0.0,0.0034987926483154297,0.0,0,403184b0-5200-44b7-b1a4-e75179667448,20260816,ecs-keyed,adverse-ecs-omit,1,local-adverse-authority
1,1,1,1,161,1.0,1.0,1,1,1,1.0,1.0,0.0,-0.0,-0.0,1.0,0.0,60.0,0.0,1.0,0.0,0.0,0.002527952194213867,0.002527952194213867,0.0,0.001924753189086914,0.0,0,12563e44-c6b3-45a6-ac4a-760f7cb6b9be,20260816,ecs-keyed,adverse-ecs-omit,1,local-adverse-authority
1,1,1,1,99,1.0,1.0,1,1,1,1.0,1.0,0.0,-0.0,-0.0,1.0,0.0,900.0,0.0,1.0,0.0,0.0,0.04032635688781738,0.04032635688781738,0.0,0.040148019790649414,0.0,0,0cca0552-c63e-4742-99e3-2b47c90f6370,20260816,ecs-keyed,adverse-ecs-omit,1,local-adverse-authority
1,1,1,1,142,1.0,1.0,1,1,1,1.0,0.0,0.0,-0.0,-0.0,1.0,0.0,60.0,0.0,1.0,0.0,0.0,0.0017886161804199219,0.0017886161804199219,0.0,0.0016067028045654297,0.0,0,a7c75d03-2a8d-4d8a-87c6-b92bbadc3c8b,20260816,ecs-keyed,adverse-ecs-omit,1,local-adverse-authority
1,1,1,1,133,1.0,1.0,1,1,1,1.0,1.0,0.0,-0.0,-0.0,1.0,0.0,275.0,0.0,1.0,0.0,0.0,0.014829397201538086,0.014829397201538086,0.0,0.01470637321472168,0.0,0,ae622476-a76d-448a-a77e-6b48567dd5fb,20260816,ecs-keyed,adverse-ecs-omit,1,local-adverse-authority
1,1,1,1,127,1.0,1.0,1,1,1,1.0,1.0,0.0,-0.0,-0.0,1.0,0.0,26.0,0.0,1.0,0.0,0.0,0.012336015701293945,0.012336015701293945,0.0,0.012161016464233398,0.0,0,db02cf5f-34cd-49dd-8f94-02673ffc59d4,20260816,ecs-keyed,adverse-ecs-omit,1,local-adverse-authority
1,1,1,1,146,1.0,1.0,1,1,1,1.0,0.0,0.0,-0.0,-0.0,1.0,0.0,52.0,0.0,1.0,0.0,0.0,0.03842735290527344,0.03842735290527344,0.0,0.03830265998840332,0.0,0,02d38815-a7c5-44b7-8b3e-54bd8a40a82c,20260816,ecs-keyed,adverse-ecs-omit,1,local-adverse-authority
4,4,4,4,488,1.0,1.0,1,0,0,0.0,0.0,0.0,1.0,1.0,1.0,0.75,250.0,1.5418534301288174,0.25,0.0,0.0,1.884908139705658,2.5280441880226134,0.5768292613091954,0.001485586166381836,0.0,0,15a224c4-5dd3-4145-9754-5670188d7dfc,20260816,ecs-keyed,benign-burst,0,opendns
1,1,1,1,147,1.0,1.0,1,1,1,1.0,1.0,0.0,-0.0,-0.0,1.0,0.0,60.0,0.0,1.0,0.0,0.0,0.004570484161376953,0.004570484161376953,0.0,0.004317760467529297,0.0,0,fefbecfc-8594-4ac7-93a8-f68e992d0068,20260816,ecs-keyed,adverse-ecs-omit,1,local-adverse-authority
1,1,1,1,149,1.0,1.0,1,1,1,1.0,1.0,0.0,-0.0,-0.0,1.0,0.0,24.0,0.0,1.0,0.0,0.0,0.03843331336975098,0.03843331336975098,0.0,0.03819584846496582,0.0,0,2a6620e0-e4c8-42e1-8f52-6d6d19d3a40e,20260816,ecs-keyed,adverse-ecs-omit,1,local-adverse-authority
1,1,1,1,97,1.0,1.0,1,1,1,1.0,1.0,0.0,-0.0,-0.0,1.0,0.0,20.0,0.0,1.0,0.0,0.0,0.05274367332458496,0.05274367332458496,0.0,0.052628278732299805,0.0,0,9a348c17-be9d-4949-8684-310b3358db78,20260816,ecs-keyed,adverse-ecs-omit,1,local-adverse-authority
1,1,1,1,127,1.0,1.0,1,1,1,1.0,1.0,0.0,-0.0,-0.0,1.0,0.0,150.0,0.0,1.0,0.0,0.0,0.01786065101623535,0.01786065101623535,0.0,0.017705917358398438,0.0,0,2f637d7c-d652-4abf-b6d0-8fb975597e56,20260816,ecs-keyed,adverse-ecs-omit,1,local-adverse-authority
1,1,1,1,142,1.0,1.0,1,1,1,1.0,0.0,0.0,-0.0,-0.0,1.0,0.0,300.0,0.0,1.0,0.0,0.0,0.004207611083984375,0.004207611083984375,0.0,0.003970146179199219,0.0,0,927c3783-534d-4c9f-8921-550b6e02cdad,20260816,ecs-keyed,adverse-ecs-omit,1,local-adverse-authority
1,1,1,1,157,1.0,1.0,1,1,1,1.0,1.0,0.0,-0.0,-0.0,1.0,0.0,60.0,0.0,1.0,0.0,0.0,0.04320645332336426,0.04320645332336426,0.0,0.04306530952453613,0.0,0,6d7628c5-bd44-40fd-bbd1-f4833b5d05ad,20260816,ecs-keyed,adverse-ecs-omit,1,local-adverse-authority
1,1,1,1,101,1.0,1.0,1,1,1,1.0,1.0,0.0,-0.0,-0.0,1.0,0.0,600.0,0.0,1.0,0.0,0.0,0.014981985092163086,0.014981985092163086,0.0,0.014723062515258789,0.0,0,e9a43bc4-b2c4-4f15-903d-572c49d1fca4,20260816,ecs-keyed,adverse-ecs-omit,1,local-adverse-authority
1,1,1,1,99,1.0,1.0,1,1,1,1.0,1.0,0.0,-0.0,-0.0,1.0,0.0,900.0,0.0,1.0,0.0,0.0,0.0035047531127929688,0.0035047531127929688,0.0,0.003260374069213867,0.0,0,955a5412-20dd-4e1b-96a1-4b78e0ddedfd,20260816,ecs-keyed,adverse-ecs-omit,1,local-adverse-authority
1,1,1,1,142,1.0,1.0,1,1,1,1.0,0.0,0.0,-0.0,-0.0,1.0,0.0,300.0,0.0,1.0,0.0,0.0,0.0023512840270996094,0.0023512840270996094,0.0,0.0021119117736816406,0.0,0,9da50635-e7ed-41ca-bd41-eee2ca1b1f93,20260816,ecs-keyed,adverse-ecs-omit,1,local-adverse-authority
1,1,1,1,109,1.0,1.0,1,1,1,1.0,1.0,0.0,-0.0,-0.0,1.0,0.0,1515.0,0.0,1.0,0.0,0.0,0.02710103988647461,0.02710103988647461,0.0,0.0269315242767334,0.0,0,9c90f7af-7837-433f-915d-35185b233887,20260816,ecs-keyed,adverse-ecs-omit,1,local-adverse-authority
1,1,1,1,166,1.0,1.0,1,1,1,1.0,0.0,0.0,-0.0,-0.0,1.0,0.0,60.0,0.0,1.0,0.0,0.0,0.018134117126464844,0.018134117126464844,0.0,0.017814159393310547,0.0,0,85caa10c-96c2-4c28-993d-8271defd87b5,20260816,ecs-keyed,adverse-ecs-omit,1,local-adverse-authority
1,1,1,1,142,1.0,1.0,1,1,1,1.0,0.0,0.0,-0.0,-0.0,1.0,0.0,26.0,0.0,1.0,0.0,0.0,0.08876538276672363,0.08876538276672363,0.0,0.08843684196472168,0.0,0,2b18a27e-56ed-40fe-8d48-ed75170c2333,20260816,ecs-keyed,adverse-ecs-omit,1,local-adverse-authority
1,1,1,1,184,1.0,1.0,1,1,1,1.0,0.0,0.0,-0.0,-0.0,1.0,0.0,128.0,0.0,1.0,0.0,0.0,0.0019834041595458984,0.0019834041595458984,0.0,0.0017507076263427734,0.0,0,b1602bd8-2107-4826-b37a-6e01c8e4f36c,20260816,ecs-keyed,adverse-ecs-omit,1,local-adverse-authority
1,1,1,1,125,1.0,1.0,1,1,1,1.0,1.0,0.0,-0.0,-0.0,1.0,0.0,60.0,0.0,1.0,0.0,0.0,0.012811660766601562,0.012811660766601562,0.0,0.01260685920715332,0.0,0,d52bcd64-de1d-4572-9b47-3a0630945352,20260816,ecs-keyed,adverse-ecs-omit,1,local-adverse-authority
1,1,1,1,214,1.0,1.0,1,1,1,1.0,0.0,0.0,-0.0,-0.0,1.0,0.0,300.0,0.0,1.0,0.0,0.0,0.010166645050048828,0.010166645050048828,0.0,0.009951114654541016,0.0,0,e465b0a3-fd51-4d64-8b91-609278fb36f4,20260816,ecs-keyed,adverse-ecs-omit,1,local-adverse-authority
1,1,1,1,129,1.0,1.0,1,1,1,1.0,1.0,0.0,-0.0,-0.0,1.0,0.0,270.0,0.0,1.0,0.0,0.0,0.002584218978881836,0.002584218978881836,0.0,0.002394437789916992,0.0,0,84f6fe37-f2df-4742-802d-e5abffe0ba87,20260816,ecs-keyed,adverse-ecs-omit,1,local-adverse-authority
1,1,1,1,195,1.0,1.0,1,1,1,1.0,1.0,0.0,-0.0,-0.0,1.0,0.0,282.0,0.0,1.0,0.0,0.0,0.0019447803497314453,0.0019447803497314453,0.0,0.0017154216766357422,0.0,0,a6c84418-b465-4a3e-b788-df7e2803a762,20260816,ecs-keyed,adverse-ecs-omit,1,local-adverse-authority
1,1,1,1,105,1.0,1.0,1,1,1,1.0,1.0,0.0,-0.0,-0.0,1.0,0.0,553.0,0.0,1.0,0.0,0.0,0.15428400039672852,0.15428400039672852,0.0,0.15408968925476074,0.0,0,8cd07358-68c2-4ed8-baef-78f23d0106f0,20260816,ecs-keyed,adverse-ecs-omit,1,local-adverse-authority
1,1,1,1,143,1.0,1.0,1,1,1,1.0,1.0,0.0,-0.0,-0.0,1.0,0.0,300.0,0.0,1.0,0.0,0.0,0.01497030258178711,0.01497030258178711,0.0,0.01475071907043457,0.0,0,dddff88a-c439-44d9-9717-f0c9661c4900,20260816,ecs-keyed,adverse-ecs-omit,1,local-adverse-authority
1,1,1,1,97,1.0,1.0,1,1,1,1.0,1.0,0.0,-0.0,-0.0,1.0,0.0,29.0,0.0,1.0,0.0,0.0,0.0035021305084228516,0.0035021305084228516,0.0,0.003351926803588867,0.0,0,169d3673-cc68-4abd-8909-b79791c20120,20260816,ecs-keyed,adverse-ecs-omit,1,local-adverse-authority
1,1,1,1,157,1.0,1.0,1,1,1,1.0,1.0,0.0,-0.0,-0.0,1.0,0.0,60.0,0.0,1.0,0.0,0.0,0.0027043819427490234,0.0027043819427490234,0.0,0.0024521350860595703,0.0,0,8e00259a-c437-4c12-a8f4-6b05bb514990,20260816,ecs-keyed,adverse-ecs-omit,1,local-adverse-authority
1,1,1,1,126,1.0,1.0,1,1,1,1.0,0.0,0.0,-0.0,-0.0,1.0,0.0,30.0,0.0,1.0,0.0,0.0,0.0023698806762695312,0.0023698806762695312,0.0,0.0021305084228515625,0.0,0,212ab628-c417-451d-ae71-69d525206c09,20260816,ecs-keyed,adverse-ecs-omit,1,local-adverse-authority
1,1,1,1,115,1.0,1.0,1,1,1,1.0,1.0,0.0,-0.0,-0.0,1.0,0.0,20414.0,0.0,1.0,0.0,0.0,0.003213167190551758,0.003213167190551758,0.0,0.003051280975341797,0.0,0,3e6d159e-2eb6-4a85-9304-319c95adec54,20260816,ecs-keyed,adverse-ecs-omit,1,local-adverse-authority
1,1,1,1,146,1.0,1.0,1,1,1,1.0,0.0,0.0,-0.0,-0.0,1.0,0.0,46.0,0.0,1.0,0.0,0.0,0.004189014434814453,0.004189014434814453,0.0,0.003988981246948242,0.0,0,05ea1b65-78cc-4fab-a2e0-00ca672e6b33,20260816,ecs-keyed,adverse-ecs-omit,1,local-adverse-authority
1,1,1,1,203,1.0,1.0,1,1,1,1.0,1.0,0.0,-0.0,-0.0,1.0,0.0,300.0,0.0,1.0,0.0,0.0,0.023238420486450195,0.023238420486450195,0.0,0.023044109344482422,0.0,0,4f76acad-8d1a-45d0-8dd6-2c64d6b33051,20260816,ecs-keyed,adverse-ecs-omit,1,local-adverse-authority
1,1,1,1,157,1.0,1.0,1,1,1,1.0,1.0,0.0,-0.0,-0.0,1.0,0.0,300.0,0.0,1.0,0.0,0.0,0.003979206085205078,0.003979206085205078,0.0,0.0037643909454345703,0.0,0,3a431986-ca9f-4494-9ccd-137cda9c38ae,20260816,ecs-keyed,adverse-ecs-omit,1,local-adverse-authority
1,1,1,1,121,1.0,1.0,1,1,1,1.0,1.0,0.0,-0.0,-0.0,1.0,0.0,267.0,0.0,1.0,0.0,0.0,0.039464473724365234,0.039464473724365234,0.0,0.03924250602722168,0.0,0,48feb2e7-97dd-46b9-9461-e7cc0b0851c8,20260816,ecs-keyed,adverse-ecs-omit,1,local-adverse-authority
1,1,1,1,147,1.0,1.0,1,1,1,1.0,1.0,0.0,-0.0,-0.0,1.0,0.0,101.0,0.0,1.0,0.0,0.0,0.014214515686035156,0.014214515686035156,0.0,0.014013290405273438,0.0,0,8a880d04-a6cd-4e3f-a675-64b8a2c5f76c,20260816,ecs-keyed,adverse-ecs-omit,1,local-adverse-authority
1,1,1,1,132,1.0,1.0,1,1,1,1.0,0.0,0.0,-0.0,-0.0,1.0,0.0,189.0,0.0,1.0,0.0,0.0,0.005610942840576172,0.005610942840576172,0.0,0.0054035186767578125,0.0,0,9ba52a5a-f9e1-4064-8146-bb2d152aba94,20260816,ecs-keyed,adverse-ecs-omit,1,local-adverse-authority
1,1,1,1,99,1.0,1.0,1,1,1,1.0,1.0,0.0,-0.0,-0.0,1.0,0.0,2053.0,0.0,1.0,0.0,0.0,0.002239227294921875,0.002239227294921875,0.0,0.0020875930786132812,0.0,0,f4545811-a181-4434-b42a-af37393b684a,20260816,ecs-keyed,adverse-ecs-omit,1,local-adverse-authority
1,1,1,1,163,1.0,1.0,1,1,1,1.0,1.0,0.0,-0.0,-0.0,1.0,0.0,2151.0,0.0,1.0,0.0,0.0,0.025095701217651367,0.025095701217651367,0.0,0.024905920028686523,0.0,0,b930b1a6-416a-4a5b-9cc7-9751f88a5a50,20260816,ecs-keyed,adverse-ecs-omit,1,local-adverse-authority
1,1,1,1,115,1.0,1.0,1,1,1,1.0,1.0,0.0,-0.0,-0.0,1.0,0.0,18315.0,0.0,1.0,0.0,0.0,0.00330352783203125,0.00330352783203125,0.0,0.0030422210693359375,0.0,0,a07f8582-a324-4cca-ab08-e5ffeaad6318,20260816,ecs-keyed,adverse-ecs-omit,1,local-adverse-authority
1,1,1,1,93,1.0,1.0,1,1,1,1.0,1.0,0.0,-0.0,-0.0,1.0,0.0,46.0,0.0,1.0,0.0,0.0,0.003568410873413086,0.003568410873413086,0.0,0.0032994747161865234,0.0,0,46dab524-7a97-4ecf-9231-5569d6826ea6,20260816,ecs-keyed,adverse-ecs-omit,1,local-adverse-authority
1,1,1,1,123,1.0,1.0,1,1,1,1.0,1.0,0.0,-0.0,-0.0,1.0,0.0,279.0,0.0,1.0,0.0,0.0,0.003551006317138672,0.003551006317138672,0.0,0.0033173561096191406,0.0,0,68c8b9ad-7976-45e8-b12a-bd144d1f00b8,20260816,ecs-keyed,adverse-ecs-omit,1,local-adverse-authority
4,4,4,4,432,1.0,1.0,3,0,0,0.0,0.0,0.0,1.0,1.0,1.0,0.75,221.0,0.3331404750466838,0.25,0.0,0.0,0.6277941465377808,2.128803622722625,1.7254059900297756,0.002163569132486979,0.0,0,7b297ace-5da0-4c53-8182-13108417d545,20260816,ecs-keyed,benign-burst,0,google
4,4,4,4,560,1.0,1.0,0,0,0,0.0,0.0,0.0,1.0,1.0,1.0,0.75,256.64285714285717,0.5692586086746191,0.25,0.0,0.0,2.5051886439323425,2.5059308409690857,0.00021331953185772839,0.0,0.0,0,8d7dcde5-927e-4872-a6f8-339d58b1862c,20260816,ecs-keyed,benign-burst,0,quad9
1,1,1,1,109,1.0,1.0,1,1,1,1.0,1.0,0.0,-0.0,-0.0,1.0,0.0,300.0,0.0,1.0,0.0,0.0,0.012155532836914062,0.012155532836914062,0.0,0.011963367462158203,0.0,0,25132432-2e41-4b8f-8f78-c2ddb4ee77f4,20260816,ecs-keyed,adverse-ecs-omit,1,local-adverse-authority
1,1,1,1,134,1.0,1.0,1,1,1,1.0,0.0,0.0,-0.0,-0.0,1.0,0.0,120.0,0.0,1.0,0.0,0.0,0.011955976486206055,0.011955976486206055,0.0,0.011716604232788086,0.0,0,9fab0bd1-cdee-479b-ba6f-6dcdf3dc7ce6,20260816,ecs-keyed,adverse-ecs-omit,1,local-adverse-authority
1,1,1,1,103,1.0,1.0,1,1,1,1.0,1.0,0.0,-0.0,-0.0,1.0,0.0,7.0,0.0,1.0,0.0,0.0,0.027648448944091797,0.027648448944091797,0.0,0.02739095687866211,0.0,0,c648c870-f275-4639-b6e4-53dcbe367e91,20260816,ecs-keyed,adverse-ecs-omit,1,local-adverse-authority
1,1,1,1,228,1.0,1.0,1,1,1,1.0,0.0,0.0,-0.0,-0.0,1.0,0.0,20.0,0.0,1.0,0.0,0.0,0.0026581287384033203,0.0026581287384033203,0.0,0.0025246143341064453,0.0,0,fb143807-7032-4c41-8195-859fd2b49a2e,20260816,ecs-keyed,adverse-ecs-omit,1,local-adverse-authority
1,1,1,1,114,1.0,1.0,1,1,1,1.0,0.0,0.0,-0.0,-0.0,1.0,0.0,300.0,0.0,1.0,0.0,0.0,0.01487874984741211,0.01487874984741211,0.0,0.014640569686889648,0.0,0,07284a60-d45e-4de0-bc1f-509e7e84c96e,20260816,ecs-keyed,adverse-ecs-omit,1,local-adverse-authority
1,1,1,1,129,1.0,1.0,1,1,1,1.0,1.0,0.0,-0.0,-0.0,1.0,0.0,300.0,0.0,1.0,0.0,0.0,0.002433300018310547,0.002433300018310547,0.0,0.0021724700927734375,0.0,0,5073c67c-2cec-488b-82cf-61b025c974d0,20260816,ecs-keyed,adverse-ecs-omit,1,local-adverse-authority
1,1,1,1,168,1.0,1.0,1,1,1,1.0,0.0,1.0,-0.0,-0.0,1.0,0.0,130.0,0.0,1.0,0.0,0.0,0.0027418136596679688,0.0027418136596679688,0.0,0.0025441646575927734,0.0,0,3fe26e4a-0af4-46f8-91b8-9716cceaa7a6,20260816,ecs-keyed,adverse-ecs-mismatch,1,local-adverse-authority
1,1,1,1,126,1.0,1.0,1,1,1,1.0,0.0,0.0,-0.0,-0.0,1.0,0.0,60.0,0.0,1.0,0.0,0.0,0.0026497840881347656,0.0026497840881347656,0.0,0.0024344921112060547,0.0,0,edc9bd71-332a-487b-ba15-84d7ba03a29f,20260816,ecs-keyed,adverse-ecs-omit,1,local-adverse-authority
1,1,1,1,126,1.0,1.0,1,1,1,1.0,0.0,0.0,-0.0,-0.0,1.0,0.0,9984.0,0.0,1.0,0.0,0.0,0.04444384574890137,0.04444384574890137,0.0,0.044202327728271484,0.0,0,78e3f8c9-2b0d-4d8c-977a-50f772d65243,20260816,ecs-keyed,adverse-ecs-mismatch,1,local-adverse-authority
1,1,1,1,166,1.0,1.0,1,1,1,1.0,0.0,1.0,-0.0,-0.0,1.0,0.0,3579.0,0.0,1.0,0.0,0.0,0.004575014114379883,0.004575014114379883,0.0,0.0043849945068359375,0.0,0,d12c744a-9107-405a-a7d6-7880fbbebbd7,20260816,ecs-keyed,adverse-ecs-mismatch,1,local-adverse-authority
1,1,1,1,132,1.0,1.0,1,1,1,1.0,0.0,1.0,-0.0,-0.0,1.0,0.0,20.0,0.0,1.0,0.0,0.0,0.02146458625793457,0.02146458625793457,0.0,0.021176576614379883,0.0,0,b3574b91-f8a7-42b1-a125-e6a2b0854aa4,20260816,ecs-keyed,adverse-ecs-mismatch,1,local-adverse-authority
1,1,1,1,162,1.0,1.0,1,1,1,1.0,0.0,1.0,-0.0,-0.0,1.0,0.0,1719.0,0.0,1.0,0.0,0.0,0.0019876956939697266,0.0019876956939697266,0.0,0.0017924308776855469,0.0,0,43ca1666-6752-4e2d-9f51-d24bbd632a33,20260816,ecs-keyed,adverse-ecs-mismatch,1,local-adverse-authority
1,1,1,1,117,1.0,1.0,1,1,1,1.0,1.0,0.0,-0.0,-0.0,1.0,0.0,300.0,0.0,1.0,0.0,0.0,0.01674818992614746,0.01674818992614746,0.0,0.0165252685546875,0.0,0,63ef042c-cbb1-41ca-be47-3b0fec5a1c54,20260816,ecs-keyed,adverse-ecs-omit,1,local-adverse-authority
1,1,1,1,97,1.0,1.0,1,1,1,1.0,1.0,0.0,-0.0,-0.0,1.0,0.0,300.0,0.0,1.0,0.0,0.0,0.002885580062866211,0.002885580062866211,0.0,0.0023589134216308594,0.0,0,b902b3b5-c98c-4f0e-9eef-a5e1f856762e,20260816,ecs-keyed,adverse-ecs-omit,1,local-adverse-authority
1,1,1,1,128,1.0,1.0,1,1,1,1.0,0.0,0.0,-0.0,-0.0,1.0,0.0,300.0,0.0,1.0,0.0,0.0,0.007429838180541992,0.007429838180541992,0.0,0.007170438766479492,0.0,0,3ac6925b-f84b-4cae-9f1e-305435e1e938,20260816,ecs-keyed,adverse-ecs-omit,1,local-adverse-authority
1,1,1,1,105,1.0,1.0,1,1,1,1.0,1.0,0.0,-0.0,-0.0,1.0,0.0,300.0,0.0,1.0,0.0,0.0,0.017127275466918945,0.017127275466918945,0.0,0.01688838005065918,0.0,0,01710645-6775-42ba-bcdf-69c7ed834997,20260816,ecs-keyed,adverse-ecs-omit,1,local-adverse-authority
1,1,1,1,97,1.0,1.0,1,1,1,1.0,1.0,0.0,-0.0,-0.0,1.0,0.0,300.0,0.0,1.0,0.0,0.0,0.004274606704711914,0.004274606704711914,0.0,0.0040683746337890625,0.0,0,753c7262-e057-49f5-98c4-34d1c0051359,20260816,ecs-keyed,adverse-ecs-omit,1,local-adverse-authority
1,1,1,1,117,1.0,1.0,1,1,1,1.0,1.0,0.0,-0.0,-0.0,1.0,0.0,300.0,0.0,1.0,0.0,0.0,0.0026230812072753906,0.0026230812072753906,0.0,0.0022449493408203125,0.0,0,1f5f0506-5135-4bd3-bc06-85a08be7cbae,20260816,ecs-keyed,adverse-ecs-omit,1,local-adverse-authority
1,1,1,1,118,1.0,1.0,1,1,1,1.0,0.0,0.0,-0.0,-0.0,1.0,0.0,300.0,0.0,1.0,0.0,0.0,0.002268552780151367,0.002268552780151367,0.0,0.0014805793762207031,0.0,0,4c45084d-d1c0-4a56-bb34-cfd7ad1a1558,20260816,ecs-keyed,adverse-ecs-omit,1,local-adverse-authority
1,1,1,1,117,1.0,1.0,1,1,1,1.0,1.0,0.0,-0.0,-0.0,1.0,0.0,300.0,0.0,1.0,0.0,0.0,0.0024542808532714844,0.0024542808532714844,0.0,0.0017082691192626953,0.0,0,a1b9d8e1-c715-42fd-9e32-075947a20eb1,20260816,ecs-keyed,adverse-ecs-omit,1,local-adverse-authority
1,1,1,1,114,1.0,1.0,1,1,1,1.0,0.0,0.0,-0.0,-0.0,1.0,0.0,28.0,0.0,1.0,0.0,0.0,0.002645730972290039,0.002645730972290039,0.0,0.0024003982543945312,0.0,0,790e7ca4-a5df-403b-9204-617a8cd9e390,20260816,ecs-keyed,adverse-ecs-mismatch,1,local-adverse-authority
1,1,1,1,166,1.0,1.0,1,1,1,1.0,0.0,0.0,-0.0,-0.0,1.0,0.0,60.0,0.0,1.0,0.0,0.0,0.0036830902099609375,0.0036830902099609375,0.0,0.003553628921508789,0.0,0,484493c5-9e16-412c-8e75-b88f389034bc,20260816,ecs-keyed,adverse-ecs-mismatch,1,local-adverse-authority
1,1,1,1,132,1.0,1.0,1,1,1,1.0,0.0,0.0,-0.0,-0.0,1.0,0.0,279.0,0.0,1.0,0.0,0.0,0.002552032470703125,0.002552032470703125,0.0,0.0024433135986328125,0.0,0,05073ea0-58df-42ad-a873-759c4c1a02bb,20260816,ecs-keyed,adverse-ecs-mismatch,1,local-adverse-authority
1,1,1,1,128,1.0,1.0,1,1,1,1.0,0.0,0.0,-0.0,-0.0,1.0,0.0,15657.0,0.0,1.0,0.0,0.0,0.0027337074279785156,0.0027337074279785156,0.0,0.0026068687438964844,0.0,0,ddffc3b0-bf86-46a0-8fd6-6988418749bc,20260816,ecs-keyed,adverse-ecs-mismatch,1,local-adverse-authority
1,1,1,1,208,1.0,1.0,1,1,1,1.0,0.0,0.0,-0.0,-0.0,1.0,0.0,300.0,0.0,1.0,0.0,0.0,0.018679380416870117,0.018679380416870117,0.0,0.01838088035583496,0.0,0,64feb517-8634-405d-a8a4-683f480f5889,20260816,ecs-keyed,adverse-ecs-mismatch,1,local-adverse-authority
1,1,1,1,108,1.0,1.0,1,1,1,1.0,0.0,0.0,-0.0,-0.0,1.0,0.0,20.0,0.0,1.0,0.0,0.0,0.0036745071411132812,0.0036745071411132812,0.0,0.003526449203491211,0.0,0,796c1b49-24a4-4416-8bcd-41e530e26961,20260816,ecs-keyed,adverse-ecs-mismatch,1,local-adverse-authority
1,1,1,1,120,1.0,1.0,1,1,1,1.0,0.0,0.0,-0.0,-0.0,1.0,0.0,58.0,0.0,1.0,0.0,0.0,0.0244905948638916,0.0244905948638916,0.0,0.024234771728515625,0.0,0,139eaa25-8719-451a-8551-13694670835f,20260816,ecs-keyed,adverse-ecs-mismatch,1,local-adverse-authority
1,1,1,1,124,1.0,1.0,1,1,1,1.0,0.0,1.0,-0.0,-0.0,1.0,0.0,228.0,0.0,1.0,0.0,0.0,0.01578974723815918,0.01578974723815918,0.0,0.014904260635375977,0.0,0,af86eab9-80ee-4b34-9885-301dd4506bc0,20260816,ecs-keyed,adverse-ecs-mismatch,1,local-adverse-authority
1,1,1,1,116,1.0,1.0,1,1,1,1.0,0.0,0.0,-0.0,-0.0,1.0,0.0,272.0,0.0,1.0,0.0,0.0,0.0035588741302490234,0.0035588741302490234,0.0,0.0033364295959472656,0.0,0,19fd4cc7-d877-4726-96cb-95527b2f231c,20260816,ecs-keyed,adverse-ecs-mismatch,1,local-adverse-authority
1,1,1,1,110,1.0,1.0,1,1,1,1.0,0.0,0.0,-0.0,-0.0,1.0,0.0,148.0,0.0,1.0,0.0,0.0,0.017170429229736328,0.017170429229736328,0.0,0.017017602920532227,0.0,0,e336c1d9-3db5-479d-874d-ba8db78a3e17,20260816,ecs-keyed,adverse-ecs-mismatch,1,local-adverse-authority
1,1,1,1,132,1.0,1.0,1,1,1,1.0,0.0,0.0,-0.0,-0.0,1.0,0.0,293.0,0.0,1.0,0.0,0.0,0.0028562545776367188,0.0028562545776367188,0.0,0.0023190975189208984,0.0,0,16da80e9-0e67-4ee2-a30b-cfb8beb8c33d,20260816,ecs-keyed,adverse-ecs-mismatch,1,local-adverse-authority
1,1,1,1,118,1.0,1.0,1,1,1,1.0,0.0,0.0,-0.0,-0.0,1.0,0.0,7.0,0.0,1.0,0.0,0.0,0.007947921752929688,0.007947921752929688,0.0,0.0077440738677978516,0.0,0,54e9eb0b-d656-4c36-be1d-fff14fb4a276,20260816,ecs-keyed,adverse-ecs-mismatch,1,local-adverse-authority
1,1,1,1,208,1.0,1.0,1,1,1,1.0,0.0,1.0,-0.0,-0.0,1.0,0.0,300.0,0.0,1.0,0.0,0.0,0.002077341079711914,0.002077341079711914,0.0,0.0019690990447998047,0.0,0,3fb830d5-b848-44fa-b097-e3842762e06f,20260816,ecs-keyed,adverse-ecs-mismatch,1,local-adverse-authority
1,1,1,1,126,1.0,1.0,1,1,1,1.0,0.0,0.0,-0.0,-0.0,1.0,0.0,243.0,0.0,1.0,0.0,0.0,0.02386951446533203,0.02386951446533203,0.0,0.023730039596557617,0.0,0,a38437b5-7944-400e-a979-3d6676dfa9df,20260816,ecs-keyed,adverse-ecs-mismatch,1,local-adverse-authority
1,1,1,1,99,1.0,1.0,1,1,1,1.0,1.0,0.0,-0.0,-0.0,1.0,0.0,300.0,0.0,1.0,0.0,0.0,0.0017468929290771484,0.0017468929290771484,0.0,0.0015544891357421875,0.0,0,c4fcf6ef-2664-469e-841b-2479e49b1f99,20260816,ecs-keyed,adverse-ecs-omit,1,local-adverse-authority
1,1,1,1,128,1.0,1.0,1,1,1,1.0,0.0,1.0,-0.0,-0.0,1.0,0.0,6618.0,0.0,1.0,0.0,0.0,0.00351715087890625,0.00351715087890625,0.0,0.0034170150756835938,0.0,0,1c1fd574-ffad-48dc-a0f7-67d9d3cd4f6f,20260816,ecs-keyed,adverse-ecs-mismatch,1,local-adverse-authority
1,1,1,1,130,1.0,1.0,1,1,1,1.0,0.0,0.0,-0.0,-0.0,1.0,0.0,227.0,0.0,1.0,0.0,0.0,0.0048601627349853516,0.0048601627349853516,0.0,0.004445075988769531,0.0,0,21f02fec-968f-4b9d-9e7a-4091959b22df,20260816,ecs-keyed,adverse-ecs-mismatch,1,local-adverse-authority
1,1,1,1,126,1.0,1.0,1,1,1,1.0,0.0,0.0,-0.0,-0.0,1.0,0.0,380.0,0.0,1.0,0.0,0.0,0.043609619140625,0.043609619140625,0.0,0.04344987869262695,0.0,0,d3130e53-46f8-4266-8720-fc2852aefdf5,20260816,ecs-keyed,adverse-ecs-mismatch,1,local-adverse-authority
1,1,1,1,236,1.0,1.0,1,1,1,1.0,0.0,0.0,-0.0,-0.0,1.0,0.0,300.0,0.0,1.0,0.0,0.0,0.012685537338256836,0.012685537338256836,0.0,0.012551069259643555,0.0,0,05987e90-3b6c-4a3a-8662-974c965ce307,20260816,ecs-keyed,adverse-ecs-mismatch,1,local-adverse-authority
1,1,1,1,112,1.0,1.0,1,1,1,1.0,0.0,0.0,-0.0,-0.0,1.0,0.0,22.0,0.0,1.0,0.0,0.0,0.005259037017822266,0.005259037017822266,0.0,0.004971027374267578,0.0,0,a391d088-f738-4564-8c1c-ee3f2b544873,20260816,ecs-keyed,adverse-ecs-mismatch,1,local-adverse-authority
1,1,1,1,124,1.0,1.0,1,1,1,1.0,0.0,1.0,-0.0,-0.0,1.0,0.0,20.0,0.0,1.0,0.0,0.0,0.04159712791442871,0.04159712791442871,0.0,0.04094839096069336,0.0,0,ae46094a-038f-4f5d-8b33-05ef03b6ebd0,20260816,ecs-keyed,adverse-ecs-mismatch,1,local-adverse-authority
1,1,1,1,132,1.0,1.0,1,1,1,1.0,0.0,1.0,-0.0,-0.0,1.0,0.0,300.0,0.0,1.0,0.0,0.0,0.004486799240112305,0.004486799240112305,0.0,0.00429534912109375,0.0,0,270ab5ca-b314-42eb-9854-8b00a9a3c0dd,20260816,ecs-keyed,adverse-ecs-mismatch,1,local-adverse-authority
1,1,1,1,228,1.0,1.0,1,1,1,1.0,0.0,1.0,-0.0,-0.0,1.0,0.0,20.0,0.0,1.0,0.0,0.0,0.04376077651977539,0.04376077651977539,0.0,0.04361081123352051,0.0,0,9dabcbec-5f21-4152-ba4c-1589c9d0b8d3,20260816,ecs-keyed,adverse-ecs-mismatch,1,local-adverse-authority
1,1,1,1,136,1.0,1.0,1,1,1,1.0,0.0,1.0,-0.0,-0.0,1.0,0.0,300.0,0.0,1.0,0.0,0.0,0.0026574134826660156,0.0026574134826660156,0.0,0.0023887157440185547,0.0,0,1ce5b238-cab3-4577-b677-d70deeb95eb8,20260816,ecs-keyed,adverse-ecs-mismatch,1,local-adverse-authority
1,1,1,1,128,1.0,1.0,1,1,1,1.0,0.0,1.0,-0.0,-0.0,1.0,0.0,14675.0,0.0,1.0,0.0,0.0,0.002416849136352539,0.002416849136352539,0.0,0.0017590522766113281,0.0,0,382238ee-d66f-48a6-b7dd-edf8ee3a92c8,20260816,ecs-keyed,adverse-ecs-mismatch,1,local-adverse-authority
1,1,1,1,166,1.0,1.0,1,1,1,1.0,0.0,0.0,-0.0,-0.0,1.0,0.0,20422.0,0.0,1.0,0.0,0.0,0.0040514469146728516,0.0040514469146728516,0.0,0.0038962364196777344,0.0,0,54ae1122-98fa-496b-885b-2bf09ff89dea,20260816,ecs-keyed,adverse-ecs-mismatch,1,local-adverse-authority
1,1,1,1,116,1.0,1.0,1,1,1,1.0,0.0,1.0,-0.0,-0.0,1.0,0.0,22.0,0.0,1.0,0.0,0.0,0.0043637752532958984,0.0043637752532958984,0.0,0.004263877868652344,0.0,0,4abcb518-b284-425c-8266-a0f214795b36,20260816,ecs-keyed,adverse-ecs-mismatch,1,local-adverse-authority
1,1,1,1,216,1.0,1.0,1,1,1,1.0,0.0,0.0,-0.0,-0.0,1.0,0.0,300.0,0.0,1.0,0.0,0.0,0.012879610061645508,0.012879610061645508,0.0,0.012624502182006836,0.0,0,e4c745c8-bfdf-47d7-95e1-7a5c2d8b8d56,20260816,ecs-keyed,adverse-ecs-mismatch,1,local-adverse-authority
1,1,1,1,120,1.0,1.0,1,1,1,1.0,0.0,1.0,-0.0,-0.0,1.0,0.0,300.0,0.0,1.0,0.0,0.0,0.014427900314331055,0.014427900314331055,0.0,0.014302253723144531,0.0,0,55f7ff61-8418-44a3-8546-37a2f30f9758,20260816,ecs-keyed,adverse-ecs-mismatch,1,local-adverse-authority
1,1,1,1,156,1.0,1.0,1,1,1,1.0,0.0,0.0,-0.0,-0.0,1.0,0.0,213.0,0.0,1.0,0.0,0.0,0.001644134521484375,0.001644134521484375,0.0,0.0015146732330322266,0.0,0,a00344c2-1f9e-4ef9-9c2e-9889e911db08,20260816,ecs-keyed,adverse-ecs-mismatch,1,local-adverse-authority
1,1,1,1,180,1.0,1.0,1,1,1,1.0,0.0,1.0,-0.0,-0.0,1.0,0.0,31.0,0.0,1.0,0.0,0.0,0.04114484786987305,0.04114484786987305,0.0,0.040879249572753906,0.0,0,ec924b29-2ab7-4506-810d-a006d357525a,20260816,ecs-keyed,adverse-ecs-mismatch,1,local-adverse-authority
1,1,1,1,168,1.0,1.0,1,1,1,1.0,0.0,1.0,-0.0,-0.0,1.0,0.0,26.0,0.0,1.0,0.0,0.0,0.002723217010498047,0.002723217010498047,0.0,0.002606630325317383,0.0,0,0fd8fa3d-2496-4afd-bdb6-0df46bd2137a,20260816,ecs-keyed,adverse-ecs-mismatch,1,local-adverse-authority
1,1,1,1,114,1.0,1.0,1,1,1,1.0,0.0,0.0,-0.0,-0.0,1.0,0.0,146.0,0.0,1.0,0.0,0.0,0.03731369972229004,0.03731369972229004,0.0,0.03714275360107422,0.0,0,bebba5ce-f563-4df8-bda9-d78b953288f8,20260816,ecs-keyed,adverse-ecs-mismatch,1,local-adverse-authority
1,1,1,1,124,1.0,1.0,1,1,1,1.0,0.0,1.0,-0.0,-0.0,1.0,0.0,293.0,0.0,1.0,0.0,0.0,0.003404855728149414,0.003404855728149414,0.0,0.003270387649536133,0.0,0,373ce088-1321-48c8-a24f-ffa7e64781a3,20260816,ecs-keyed,adverse-ecs-mismatch,1,local-adverse-authority
1,1,1,1,206,1.0,1.0,1,1,1,1.0,0.0,0.0,-0.0,-0.0,1.0,0.0,300.0,0.0,1.0,0.0,0.0,0.002520322799682617,0.002520322799682617,0.0,0.0023491382598876953,0.0,0,1ddeacc5-50dc-4e5a-a82f-d2fb6480eb7e,20260816,ecs-keyed,adverse-ecs-mismatch,1,local-adverse-authority
1,1,1,1,150,1.0,1.0,1,1,1,1.0,0.0,0.0,-0.0,-0.0,1.0,0.0,271.0,0.0,1.0,0.0,0.0,0.026671171188354492,0.026671171188354492,0.0,0.02638077735900879,0.0,0,09e36906-5e07-4dad-961b-d9c3658143dc,20260816,ecs-keyed,adverse-ecs-mismatch,1,local-adverse-authority
1,1,1,1,246,1.0,1.0,1,1,1,1.0,0.0,1.0,-0.0,-0.0,1.0,0.0,182.0,0.0,1.0,0.0,0.0,0.0018537044525146484,0.0018537044525146484,0.0,0.0017414093017578125,0.0,0,df1850be-5d69-4517-972e-532dfd742863,20260816,ecs-keyed,adverse-ecs-mismatch,1,local-adverse-authority
1,1,1,1,118,1.0,1.0,1,1,1,1.0,0.0,1.0,-0.0,-0.0,1.0,0.0,96.0,0.0,1.0,0.0,0.0,0.022562503814697266,0.022562503814697266,0.0,0.022449493408203125,0.0,0,31fd1bd5-4719-46fe-9eb7-eefd8a269b2e,20260816,ecs-keyed,adverse-ecs-mismatch,1,local-adverse-authority
1,1,1,1,130,1.0,1.0,1,1,1,1.0,0.0,1.0,-0.0,-0.0,1.0,0.0,167.0,0.0,1.0,0.0,0.0,0.03511929512023926,0.03511929512023926,0.0,0.033739566802978516,0.0,0,722488d2-7b12-427d-ac49-6c43646b5532,20260816,ecs-keyed,adverse-ecs-mismatch,1,local-adverse-authority
1,1,1,1,144,1.0,1.0,1,1,1,1.0,0.0,0.0,-0.0,-0.0,1.0,0.0,753.0,0.0,1.0,0.0,0.0,0.003780841827392578,0.003780841827392578,0.0,0.0036826133728027344,0.0,0,ace1f17e-bbef-46e3-993d-d729bacd979c,20260816,ecs-keyed,adverse-ecs-mismatch,1,local-adverse-authority
1,1,1,1,114,1.0,1.0,1,1,1,1.0,0.0,1.0,-0.0,-0.0,1.0,0.0,300.0,0.0,1.0,0.0,0.0,0.03487062454223633,0.03487062454223633,0.0,0.03473925590515137,0.0,0,26033d9d-8f84-4d69-b5b7-87b0cc721ec3,20260816,ecs-keyed,adverse-ecs-mismatch,1,local-adverse-authority
1,1,1,1,166,1.0,1.0,1,1,1,1.0,0.0,0.0,-0.0,-0.0,1.0,0.0,1272.0,0.0,1.0,0.0,0.0,0.03713107109069824,0.03713107109069824,0.0,0.03699493408203125,0.0,0,fdfcc5fd-59b6-4ddd-9a0c-d519e44a52ba,20260816,ecs-keyed,adverse-ecs-mismatch,1,local-adverse-authority
1,1,1,1,128,1.0,1.0,1,1,1,1.0,0.0,0.0,-0.0,-0.0,1.0,0.0,21105.0,0.0,1.0,0.0,0.0,0.040799856185913086,0.040799856185913086,0.0,0.039519548416137695,0.0,0,b979a6d0-bcee-4a6c-bcb0-c4732197148d,20260816,ecs-keyed,adverse-ecs-mismatch,1,local-adverse-authority
1,1,1,1,114,1.0,1.0,1,1,1,1.0,0.0,1.0,-0.0,-0.0,1.0,0.0,300.0,0.0,1.0,0.0,0.0,0.004763126373291016,0.004763126373291016,0.0,0.004656076431274414,0.0,0,879147fe-538e-41d9-803f-9259ece387ae,20260816,ecs-keyed,adverse-ecs-mismatch,1,local-adverse-authority
1,1,1,1,110,1.0,1.0,1,1,1,1.0,0.0,1.0,-0.0,-0.0,1.0,0.0,44.0,0.0,1.0,0.0,0.0,0.023913860321044922,0.023913860321044922,0.0,0.023766040802001953,0.0,0,597cfcfa-afef-4aae-a424-70ed9a5bdd00,20260816,ecs-keyed,adverse-ecs-mismatch,1,local-adverse-authority
1,1,1,1,110,1.0,1.0,1,1,1,1.0,0.0,0.0,-0.0,-0.0,1.0,0.0,15.0,0.0,1.0,0.0,0.0,0.0029795169830322266,0.0029795169830322266,0.0,0.0027463436126708984,0.0,0,91180c74-9028-4d5d-8bfc-cd40ed50776b,20260816,ecs-keyed,adverse-ecs-mismatch,1,local-adverse-authority
1,1,1,1,116,1.0,1.0,1,1,1,1.0,0.0,1.0,-0.0,-0.0,1.0,0.0,528.0,0.0,1.0,0.0,0.0,0.002932310104370117,0.002932310104370117,0.0,0.0028035640716552734,0.0,0,0c46db6d-537b-42a4-878c-eca399e50af2,20260816,ecs-keyed,adverse-ecs-mismatch,1,local-adverse-authority
1,1,1,1,162,1.0,1.0,1,1,1,1.0,0.0,1.0,-0.0,-0.0,1.0,0.0,5.0,0.0,1.0,0.0,0.0,0.025554895401000977,0.025554895401000977,0.0,0.02541971206665039,0.0,0,6e0fd386-6493-4fb5-906a-21ef4fcec4ec,20260816,ecs-keyed,adverse-ecs-mismatch,1,local-adverse-authority
1,1,1,1,108,1.0,1.0,1,1,1,1.0,0.0,0.0,-0.0,-0.0,1.0,0.0,60.0,0.0,1.0,0.0,0.0,0.003376483917236328,0.003376483917236328,0.0,0.0032720565795898438,0.0,0,d586a821-3b3d-4dd3-8c0c-8fad9726c745,20260816,ecs-keyed,adverse-ecs-mismatch,1,local-adverse-authority
1,1,1,1,128,1.0,1.0,1,1,1,1.0,0.0,0.0,-0.0,-0.0,1.0,0.0,19205.0,0.0,1.0,0.0,0.0,0.0018391609191894531,0.0018391609191894531,0.0,0.0017180442810058594,0.0,0,e6f4b0b8-4b1a-492c-a759-cdf0b2cbca9a,20260816,ecs-keyed,adverse-ecs-mismatch,1,local-adverse-authority
1,1,1,1,118,1.0,1.0,1,1,1,1.0,0.0,0.0,-0.0,-0.0,1.0,0.0,113.0,0.0,1.0,0.0,0.0,0.030313491821289062,0.030313491821289062,0.0,0.03017592430114746,0.0,0,f3b0da0c-cd97-469f-8fdb-65893ad7d8cc,20260816,ecs-keyed,adverse-ecs-mismatch,1,local-adverse-authority
1,1,1,1,144,1.0,1.0,1,1,1,1.0,0.0,1.0,-0.0,-0.0,1.0,0.0,180.0,0.0,1.0,0.0,0.0,0.0892949104309082,0.0892949104309082,0.0,0.08916711807250977,0.0,0,dd938b65-ad89-4341-99ef-305f7ba7ce21,20260816,ecs-keyed,adverse-ecs-mismatch,1,local-adverse-authority
1,1,1,1,134,1.0,1.0,1,1,1,1.0,0.0,0.0,-0.0,-0.0,1.0,0.0,20.0,0.0,1.0,0.0,0.0,0.03633522987365723,0.03633522987365723,0.0,0.03621554374694824,0.0,0,e8f996eb-8abc-49a5-aaa8-2b980b740d4f,20260816,ecs-keyed,adverse-ecs-mismatch,1,local-adverse-authority
1,1,1,1,206,1.0,1.0,1,1,1,1.0,0.0,0.0,-0.0,-0.0,1.0,0.0,300.0,0.0,1.0,0.0,0.0,0.002571582794189453,0.002571582794189453,0.0,0.002458333969116211,0.0,0,9be2a2e9-5056-473a-9682-d73f7a7b4ae0,20260816,ecs-keyed,adverse-ecs-mismatch,1,local-adverse-authority
1,1,1,1,128,1.0,1.0,1,1,1,1.0,0.0,0.0,-0.0,-0.0,1.0,0.0,19398.0,0.0,1.0,0.0,0.0,0.0036869049072265625,0.0036869049072265625,0.0,0.003580808639526367,0.0,0,840247db-224d-4a4d-a6cc-70a7ee795e94,20260816,ecs-keyed,adverse-ecs-mismatch,1,local-adverse-authority
1,1,1,1,132,1.0,1.0,1,1,1,1.0,0.0,0.0,-0.0,-0.0,1.0,0.0,13.0,0.0,1.0,0.0,0.0,0.0035533905029296875,0.0035533905029296875,0.0,0.0034122467041015625,0.0,0,25eee670-0ef7-442a-8f27-5cefa17778ef,20260816,ecs-keyed,adverse-ecs-mismatch,1,local-adverse-authority
1,1,1,1,122,1.0,1.0,1,1,1,1.0,0.0,0.0,-0.0,-0.0,1.0,0.0,434.0,0.0,1.0,0.0,0.0,0.0032384395599365234,0.0032384395599365234,0.0,0.0027053356170654297,0.0,0,d6b5928e-d7fd-4288-8581-8b3d523a6831,20260816,ecs-keyed,adverse-ecs-mismatch,1,local-adverse-authority
1,1,1,1,172,1.0,1.0,1,1,1,1.0,0.0,0.0,-0.0,-0.0,1.0,0.0,60.0,0.0,1.0,0.0,0.0,0.02596282958984375,0.02596282958984375,0.0,0.02580857276916504,0.0,0,bd8c9876-4cf4-409d-9191-f89a6f335d82,20260816,ecs-keyed,adverse-ecs-mismatch,1,local-adverse-authority
1,1,1,1,120,1.0,1.0,1,1,1,1.0,0.0,1.0,-0.0,-0.0,1.0,0.0,98.0,0.0,1.0,0.0,0.0,0.004332780838012695,0.004332780838012695,0.0,0.004236459732055664,0.0,0,082ed5a8-ba49-454d-bd2e-25154adfd409,20260816,ecs-keyed,adverse-ecs-mismatch,1,local-adverse-authority
1,1,1,1,114,1.0,1.0,1,1,1,1.0,0.0,1.0,-0.0,-0.0,1.0,0.0,224.0,0.0,1.0,0.0,0.0,0.0035381317138671875,0.0035381317138671875,0.0,0.0032243728637695312,0.0,0,5d95c4ed-1a1e-45c8-bbc5-3aad9e2b4a7d,20260816,ecs-keyed,adverse-ecs-mismatch,1,local-adverse-authority
1,1,1,1,190,1.0,1.0,1,1,1,1.0,0.0,1.0,-0.0,-0.0,1.0,0.0,248.0,0.0,1.0,0.0,0.0,0.01558685302734375,0.01558685302734375,0.0,0.014976024627685547,0.0,0,2385f6ce-8c07-41e8-b1f9-974a267e2e8e,20260816,ecs-keyed,adverse-ecs-mismatch,1,local-adverse-authority
1,1,1,1,107,1.0,1.0,1,1,1,1.0,1.0,0.0,-0.0,-0.0,1.0,0.0,300.0,0.0,1.0,0.0,0.0,0.1825711727142334,0.1825711727142334,0.0,0.18158221244812012,0.0,0,f93cd329-ed8f-45f6-a535-bc88408ac22b,20260816,ecs-keyed,adverse-ecs-omit,1,local-adverse-authority
1,1,1,1,108,1.0,1.0,1,1,1,1.0,0.0,0.0,-0.0,-0.0,1.0,0.0,21216.0,0.0,1.0,0.0,0.0,0.044422149658203125,0.044422149658203125,0.0,0.044261932373046875,0.0,0,89bc5df1-6e72-4ae2-a656-7d222a678acd,20260816,ecs-keyed,adverse-ecs-mismatch,1,local-adverse-authority
1,1,1,1,166,1.0,1.0,1,1,1,1.0,0.0,1.0,-0.0,-0.0,1.0,0.0,60.0,0.0,1.0,0.0,0.0,0.020542621612548828,0.020542621612548828,0.0,0.02034139633178711,0.0,0,666ec7c8-554d-4ccd-8018-6ba846a84f6b,20260816,ecs-keyed,adverse-ecs-mismatch,1,local-adverse-authority
1,1,1,1,128,1.0,1.0,1,1,1,1.0,0.0,0.0,-0.0,-0.0,1.0,0.0,20.0,0.0,1.0,0.0,0.0,0.002697467803955078,0.002697467803955078,0.0,0.002494335174560547,0.0,0,8fcae8ae-1405-42e3-af0f-369e1cd82fdd,20260816,ecs-keyed,adverse-ecs-mismatch,1,local-adverse-authority
1,1,1,1,116,1.0,1.0,1,1,1,1.0,0.0,1.0,-0.0,-0.0,1.0,0.0,60.0,0.0,1.0,0.0,0.0,0.08594202995300293,0.08594202995300293,0.0,0.08578777313232422,0.0,0,b450cca6-d961-4ce0-b12e-169c3b4a5e09,20260816,ecs-keyed,adverse-ecs-mismatch,1,local-adverse-authority
1,1,1,1,114,1.0,1.0,1,1,1,1.0,0.0,0.0,-0.0,-0.0,1.0,0.0,300.0,0.0,1.0,0.0,0.0,0.01750802993774414,0.01750802993774414,0.0,0.01720285415649414,0.0,0,f5659f73-d2e2-433b-81c8-17d77306c47d,20260816,ecs-keyed,adverse-ecs-mismatch,1,local-adverse-authority
1,1,1,1,138,1.0,1.0,1,1,1,1.0,0.0,1.0,-0.0,-0.0,1.0,0.0,1852.0,0.0,1.0,0.0,0.0,0.0046961307525634766,0.0046961307525634766,0.0,0.0045261383056640625,0.0,0,6e550448-d4c8-438e-88c4-54a440d00371,20260816,ecs-keyed,adverse-ecs-mismatch,1,local-adverse-authority
1,1,1,1,103,1.0,1.0,1,1,1,1.0,1.0,0.0,-0.0,-0.0,1.0,0.0,300.0,0.0,1.0,0.0,0.0,0.05603957176208496,0.05603957176208496,0.0,0.05583333969116211,0.0,0,9ddf8a17-056d-4151-9cf9-f357486aca03,20260816,ecs-keyed,adverse-ecs-omit,1,local-adverse-authority
1,1,1,1,138,1.0,1.0,1,1,1,1.0,0.0,0.0,-0.0,-0.0,1.0,0.0,60.0,0.0,1.0,0.0,0.0,0.03913760185241699,0.03913760185241699,0.0,0.038817644119262695,0.0,0,93fe831a-3dc2-4430-bfd3-1ba459652368,20260816,ecs-keyed,adverse-ecs-mismatch,1,local-adverse-authority
1,1,1,1,206,1.0,1.0,1,1,1,1.0,0.0,0.0,-0.0,-0.0,1.0,0.0,250.0,0.0,1.0,0.0,0.0,0.19437384605407715,0.19437384605407715,0.0,0.19422650337219238,0.0,0,27c8ec0b-b10b-4d36-ba1f-933fe7fb684f,20260816,ecs-keyed,adverse-ecs-mismatch,1,local-adverse-authority
1,1,1,1,122,1.0,1.0,1,1,1,1.0,0.0,0.0,-0.0,-0.0,1.0,0.0,60.0,0.0,1.0,0.0,0.0,0.0182645320892334,0.0182645320892334,0.0,0.018018007278442383,0.0,0,f6c2ebda-0e97-4c8f-a0b4-2737db7f00e4,20260816,ecs-keyed,adverse-ecs-mismatch,1,local-adverse-authority
1,1,1,1,140,1.0,1.0,1,1,1,1.0,0.0,0.0,-0.0,-0.0,1.0,0.0,300.0,0.0,1.0,0.0,0.0,0.039945363998413086,0.039945363998413086,0.0,0.03967142105102539,0.0,0,19699996-dae3-44b6-b79f-148f269faf31,20260816,ecs-keyed,adverse-ecs-mismatch,1,local-adverse-authority
1,1,1,1,162,1.0,1.0,1,1,1,1.0,0.0,0.0,-0.0,-0.0,1.0,0.0,219.0,0.0,1.0,0.0,0.0,0.048102378845214844,0.048102378845214844,0.0,0.0478663444519043,0.0,0,76ebecea-b9dd-4e20-a41d-dccd1604df79,20260816,ecs-keyed,adverse-ecs-mismatch,1,local-adverse-authority
1,1,1,1,148,1.0,1.0,1,1,1,1.0,0.0,0.0,-0.0,-0.0,1.0,0.0,202.0,0.0,1.0,0.0,0.0,0.0020678043365478516,0.0020678043365478516,0.0,0.0017647743225097656,0.0,0,4dc37e6b-a55b-46a8-80ea-b215d10c700b,20260816,ecs-keyed,adverse-ecs-mismatch,1,local-adverse-authority
1,1,1,1,162,1.0,1.0,1,1,1,1.0,0.0,0.0,-0.0,-0.0,1.0,0.0,60.0,0.0,1.0,0.0,0.0,0.01403355598449707,0.01403355598449707,0.0,0.013885498046875,0.0,0,c400ad80-740e-448a-9ac5-030d0016afc1,20260816,ecs-keyed,adverse-ecs-mismatch,1,local-adverse-authority
1,1,1,1,140,1.0,1.0,1,1,1,1.0,0.0,1.0,-0.0,-0.0,1.0,0.0,300.0,0.0,1.0,0.0,0.0,0.06049942970275879,0.06049942970275879,0.0,0.06021595001220703,0.0,0,e9260d48-232c-4559-ad25-7ce98a774d61,20260816,ecs-keyed,adverse-ecs-mismatch,1,local-adverse-authority
6,12,6,12,1416,1.0,2.0,6,6,6,1.0,0.0,0.0,1.0,1.0,0.5833333333333334,0.5,300.0,0.0,0.08333333333333333,0.0,0.0,0.03169778982798258,0.05750652551651001,0.6051080412217716,0.030689040819803875,6.78698221842448e-05,0,3f57c176-3e34-41a7-9bd2-8a9ec1ef4dc7,20260816,ecs-keyed,adverse-conflict,1,local-adverse-authority
6,10,6,10,992,1.0,1.6666666666666667,6,6,6,1.0,0.0,0.0,1.0,1.0,0.5,0.4,2107.0,0.0,0.1,0.0,0.0,0.03691279888153076,0.14126129150390626,1.4318637931446503,0.031038880348205566,5.0961971282958984e-05,0,503052bf-08c2-40ac-887d-1f1bff571b72,20260816,ecs-keyed,adverse-conflict,1,local-adverse-authority
6,11,6,11,1190,1.0,1.8333333333333333,6,6,6,1.0,0.0,0.0,1.0,1.0,0.5454545454545454,0.4545454545454546,300.0,0.0,0.09090909090909091,0.0,0.0,0.028057076714255592,0.07200539112091064,0.7837617915994203,0.026598532994588215,6.203651428222656e-05,0,ea1d99d2-c04f-4bfd-8e5c-d56fe9535485,20260816,ecs-keyed,adverse-conflict,1,local-adverse-authority
6,10,6,10,944,1.0,1.6666666666666667,6,6,6,1.0,0.0,0.0,1.0,1.0,0.5,0.4,39.0,0.0,0.1,0.0,0.0,0.06194603443145752,0.17404114007949828,0.9482604658541525,0.05776055653889974,6.628036499023438e-05,0,41865242-1fb3-4d09-a07c-62af6445ce6c,20260816,ecs-keyed,adverse-conflict,1,local-adverse-authority
6,12,6,12,1152,1.0,2.0,6,6,6,1.0,0.0,0.0,1.0,1.0,0.5833333333333334,0.5,935.0,0.0,0.08333333333333333,0.0,0.0,0.02260275681813558,0.03965525627136231,0.48247575880265403,0.02192076047261556,0.00010474522908528645,0,1fd3876b-781c-4076-b55e-6862f952cf1e,20260816,ecs-keyed,adverse-conflict,1,local-adverse-authority
6,10,6,10,1072,1.0,1.6666666666666667,6,6,6,1.0,0.0,0.0,1.0,1.0,0.5,0.4,9.0,0.0,0.1,0.0,0.0,0.03527324199676514,0.06233389377593994,0.5190234264743921,0.030537525812784832,6.16908073425293e-05,0,4b514e18-676f-4934-92be-a446a141e295,20260816,ecs-keyed,adverse-conflict,1,local-adverse-authority
6,11,6,11,1026,1.0,1.8333333333333333,6,6,6,1.0,0.0,0.0,1.0,1.0,0.5454545454545454,0.4545454545454546,48.0,0.0,0.09090909090909091,0.0,0.0,0.024943525140935726,0.05456078052520752,0.841489553616942,0.02230389912923177,5.2642822265625e-05,0,ccd8eca1-6440-4658-862b-c5c3d5674820,20260816,ecs-keyed,adverse-conflict,1,local-adverse-authority
6,12,6,12,1134,1.0,2.0,6,6,6,1.0,0.0,0.0,1.0,1.0,0.5833333333333334,0.5,20.0,0.0,0.08333333333333333,0.0,0.0,0.03666959206263224,0.07161037921905518,0.5762213232923404,0.035871307055155434,6.226698557535808e-05,0,2ef0f166-c9a3-4127-9342-72ac232b00f9,20260816,ecs-keyed,adverse-conflict,1,local-adverse-authority
1,1,1,1,118,1.0,1.0,1,1,1,1.0,0.0,0.0,-0.0,-0.0,1.0,0.0,300.0,0.0,1.0,0.0,0.0,0.0040035247802734375,0.0040035247802734375,0.0,0.0037593841552734375,0.0,0,78e3b501-76f3-4ea8-8a39-34f6a3803535,20260816,ecs-keyed,adverse-ecs-mismatch,1,local-adverse-authority
6,11,6,11,1218,1.0,1.8333333333333333,6,6,6,1.0,0.0,0.0,1.0,1.0,0.5454545454545454,0.4545454545454546,373.0,0.0,0.09090909090909091,0.0,0.0,0.021571571176702328,0.046533823013305664,0.6020054092937163,0.021403710047403973,5.60760498046875e-05,0,97337237-dac9-40db-a12c-256da8dc657d,20260816,ecs-keyed,adverse-conflict,1,local-adverse-authority
6,12,6,12,1278,1.0,2.0,6,6,6,1.0,0.0,0.0,1.0,1.0,0.5833333333333334,0.5,6.0,0.0,0.08333333333333333,0.0,0.0,0.02359066406885783,0.0583528995513916,0.8214806329179337,0.022914012273152668,5.7021776835123696e-05,0,dba25371-bf06-4d74-8ad4-dfa2c8321810,20260816,ecs-keyed,adverse-conflict,1,local-adverse-authority
1,1,1,1,120,1.0,1.0,1,1,1,1.0,0.0,0.0,-0.0,-0.0,1.0,0.0,300.0,0.0,1.0,0.0,0.0,0.001973390579223633,0.001973390579223633,0.0,0.0017862319946289062,0.0,0,5076a7ef-4747-41ac-a40c-8696260c439e,20260816,ecs-keyed,adverse-ecs-mismatch,1,local-adverse-authority
1,1,1,1,130,1.0,1.0,1,1,1,1.0,0.0,1.0,-0.0,-0.0,1.0,0.0,300.0,0.0,1.0,0.0,0.0,0.0043947696685791016,0.0043947696685791016,0.0,0.0041964054107666016,0.0,0,e753c23e-7f39-41c0-a8f3-49e451c90351,20260816,ecs-keyed,adverse-ecs-mismatch,1,local-adverse-authority
6,10,6,10,1200,1.0,1.6666666666666667,6,6,6,1.0,0.0,0.0,1.0,1.0,0.5,0.4,3590.0,0.0,0.1,0.0,0.0,0.02443697452545166,0.04378665685653686,0.42425580082350284,0.027092774709065754,5.0067901611328125e-05,0,ae490cd3-0a3c-4303-bc3f-7879bec1cb9a,20260816,ecs-keyed,adverse-conflict,1,local-adverse-authority
6,9,6,9,924,1.0,1.5,6,6,6,1.0,0.0,0.0,1.0,1.0,0.4444444444444444,0.33333333333333337,300.0,0.0,0.1111111111111111,0.0,0.0,0.018182754516601562,0.03913102149963379,0.6773572400133463,0.015410224596659342,0.00012405713399251303,0,c6fa1f7d-0a32-4041-9818-56cb8aef0587,20260816,ecs-keyed,adverse-conflict,1,local-adverse-authority
6,10,6,10,992,1.0,1.6666666666666667,6,6,6,1.0,0.0,0.0,1.0,1.0,0.5,0.4,11.0,0.0,0.1,0.0,0.0,0.019478869438171387,0.04587433338165283,0.7349999974401029,0.015786290168762207,0.00018167495727539062,0,4156ee9c-9925-4730-8a57-fcbcabe4b3b2,20260816,ecs-keyed,adverse-conflict,1,local-adverse-authority
6,8,6,8,966,1.0,1.3333333333333333,6,6,6,1.0,0.0,0.0,1.0,1.0,0.375,0.25,147.0,0.0,0.125,0.0,0.0,0.020675063133239746,0.04349157810211181,0.6918923505029951,0.02033257484436035,3.314018249511719e-05,0,40b70d7b-e59b-49e2-b906-24e2cb914437,20260816,ecs-keyed,adverse-conflict,1,local-adverse-authority
6,10,6,10,960,1.0,1.6666666666666667,6,6,6,1.0,0.0,0.0,1.0,1.0,0.5,0.4,10.0,0.0,0.1,0.0,0.0,0.023189783096313477,0.04037958383560181,0.6005364882774478,0.02015864849090576,0.0003229975700378418,0,53737b42-b56d-482e-9f3e-b1c52fae653f,20260816,ecs-keyed,adverse-conflict,1,local-adverse-authority
6,12,6,12,1092,1.0,2.0,6,6,6,1.0,0.0,0.0,1.0,1.0,0.5833333333333334,0.5,60.0,0.0,0.08333333333333333,0.0,0.0,0.024824003378550213,0.07039391994476318,0.900509431512062,0.023920178413391113,3.770987192789713e-05,0,3baeb7a8-14d1-4663-aff8-e6084e8e7460,20260816,ecs-keyed,adverse-conflict,1,local-adverse-authority
6,9,6,9,894,1.0,1.5,6,6,6,1.0,0.0,0.0,1.0,1.0,0.4444444444444444,0.33333333333333337,37.0,0.0,0.1111111111111111,0.0,0.0,0.018450260162353516,0.04858565330505371,0.8962770004006574,0.015096346537272135,0.00016411145528157553,0,626c3778-621b-4a88-a37b-a3067e775cb1,20260816,ecs-keyed,adverse-conflict,1,local-adverse-authority
6,11,6,11,1156,1.0,1.8333333333333333,6,6,6,1.0,0.0,0.0,1.0,1.0,0.5454545454545454,0.4545454545454546,267.0,0.0,0.09090909090909091,0.0,0.0,0.02604640613902699,0.046788930892944336,0.5671276778642541,0.02335659662882487,4.4679641723632814e-05,0,cb9f638e-0eef-4cfa-9654-0b7bec5bf726,20260816,ecs-keyed,adverse-conflict,1,local-adverse-authority
6,10,6,10,976,1.0,1.6666666666666667,6,6,6,1.0,0.0,0.0,1.0,1.0,0.5,0.4,295.0,0.0,0.1,0.0,0.0,0.020393896102905273,0.03417775630950927,0.591646783508237,0.0212709903717041,4.780292510986328e-05,0,c41c8878-5691-43d4-98d7-5bef8802c403,20260816,ecs-keyed,adverse-conflict,1,local-adverse-authority
6,9,6,9,975,1.0,1.5,6,6,6,1.0,0.0,0.0,1.0,1.0,0.4444444444444444,0.33333333333333337,20.0,0.0,0.1111111111111111,0.0,0.0,0.012725432713826498,0.025229358673095705,0.6952902446296233,0.010703166325887045,4.04516855875651e-05,0,245b801d-f7ad-45d4-a997-d2213256e261,20260816,ecs-keyed,adverse-conflict,1,local-adverse-authority
6,10,6,10,1104,1.0,1.6666666666666667,6,6,6,1.0,0.0,0.0,1.0,1.0,0.5,0.4,23.0,0.0,0.1,0.0,0.0,0.018328022956848145,0.06651873588562011,1.3216408545421767,0.015636285146077473,5.942583084106445e-05,0,59a39158-673f-4e25-b218-14cc00e3a99e,20260816,ecs-keyed,adverse-conflict,1,local-adverse-authority
6,9,6,9,819,1.0,1.5,6,6,6,1.0,0.0,0.0,1.0,1.0,0.4444444444444444,0.33333333333333337,180.0,0.0,0.1111111111111111,0.0,0.0,0.04642526308695475,0.15311093330383296,1.3737377632687044,0.05320155620574951,3.608067830403646e-05,0,9c60316c-5d2b-49c0-aac2-0b8b2b83ee1b,20260816,ecs-keyed,adverse-conflict,1,local-adverse-authority
6,9,6,9,924,1.0,1.5,6,6,6,1.0,0.0,0.0,1.0,1.0,0.4444444444444444,0.33333333333333337,502.0,0.0,0.1111111111111111,0.0,0.0,0.016182581583658855,0.040334129333496095,0.9143714912310463,0.01478580633799235,3.0120213826497395e-05,0,8727fbbf-c8ad-40eb-9730-a1eae3facbde,20260816,ecs-keyed,adverse-conflict,1,local-adverse-authority
6,11,6,11,1591,1.0,1.8333333333333333,6,6,6,1.0,0.0,0.0,1.0,1.0,0.5454545454545454,0.4545454545454546,299.0,0.0,0.09090909090909091,0.0,0.0,0.043265212665904655,0.14923954010009766,1.1766112550987673,0.03944758574167887,5.4216384887695314e-05,0,d7f518a2-b327-4503-80d2-dc6796f44d16,20260816,ecs-keyed,adverse-conflict,1,local-adverse-authority
6,9,6,9,894,1.0,1.5,6,6,6,1.0,0.0,0.0,1.0,1.0,0.4444444444444444,0.33333333333333337,53.0,0.0,0.1111111111111111,0.0,0.0,0.024808088938395183,0.05441021919250488,0.7145369391047263,0.022411028544108074,4.291534423828125e-05,0,6b77e402-be96-4dc4-9ae6-d34aef67c3c8,20260816,ecs-keyed,adverse-conflict,1,local-adverse-authority
6,11,6,11,1128,1.0,1.8333333333333333,6,6,6,1.0,0.0,0.0,1.0,1.0,0.5454545454545454,0.4545454545454546,183.0,0.0,0.09090909090909091,0.0,0.0,0.01113538308577104,0.0294647216796875,0.7969212769349509,0.010279536247253418,3.31878662109375e-05,0,59ebd6b2-c208-47dd-b296-bd59301e673a,20260816,ecs-keyed,adverse-conflict,1,local-adverse-authority
6,11,6,11,1043,1.0,1.8333333333333333,6,6,6,1.0,0.0,0.0,1.0,1.0,0.5454545454545454,0.4545454545454546,5035.0,0.0,0.09090909090909091,0.0,0.0,0.025695844130082565,0.06019759178161621,0.9006258695072674,0.023296912511189777,4.9448013305664064e-05,0,7747e574-9091-443d-80dc-bedfa1b18ae6,20260816,ecs-keyed,adverse-conflict,1,local-adverse-authority
6,11,6,11,1105,1.0,1.8333333333333333,5,6,6,1.0,0.0,0.0,1.0,1.0,0.5454545454545454,0.4545454545454546,300.0,0.0,0.09090909090909091,0.0,0.0,0.027361804788762874,0.05031728744506836,0.604078617061834,0.024205565452575684,4.119873046875e-05,0,d0123555-6287-4192-8e7c-b696cfb6c0ca,20260816,ecs-keyed,adverse-conflict,1,local-adverse-authority
6,11,6,11,1060,1.0,1.8333333333333333,6,6,6,1.0,0.0,0.0,1.0,1.0,0.5454545454545454,0.4545454545454546,544.0,0.0,0.09090909090909091,0.0,0.0,0.008581876754760742,0.015166282653808594,0.39928581722368095,0.007678548494974772,0.00013365745544433594,0,e04c56bf-b9f9-4a3c-8f47-83a9be5c09ec,20260816,ecs-keyed,adverse-conflict,1,local-adverse-authority
6,11,6,11,1263,1.0,1.8333333333333333,6,6,6,1.0,0.0,0.0,1.0,1.0,0.5454545454545454,0.4545454545454546,150.0,0.0,0.09090909090909091,0.0,0.0,0.02178913896734064,0.04318130016326904,0.7889949016998744,0.022444844245910645,4.601478576660156e-05,0,1ce0e218-5501-424a-90c9-f6e3e4935726,20260816,ecs-keyed,adverse-conflict,1,local-adverse-authority
6,9,6,9,960,1.0,1.5,6,6,6,1.0,0.0,0.0,1.0,1.0,0.4444444444444444,0.33333333333333337,85.0,0.0,0.1111111111111111,0.0,0.0,0.04374432563781738,0.1496403694152832,1.302747043196808,0.03376305103302002,6.572405497233073e-05,0,ca8748a8-1bfe-4a43-969d-a9a2c3c40f22,20260816,ecs-keyed,adverse-conflict,1,local-adverse-authority
6,9,6,9,1080,1.0,1.5,6,6,6,1.0,0.0,0.0,1.0,1.0,0.4444444444444444,0.33333333333333337,300.0,0.0,0.1111111111111111,0.0,0.0,0.017191277609931097,0.05776557922363281,1.2652093027879596,0.013912240664164225,5.316734313964844e-05,0,3bf38d51-bb8f-4bd8-86cd-dd7720c6e1bc,20260816,ecs-keyed,adverse-conflict,1,local-adverse-authority
6,10,6,10,1104,1.0,1.6666666666666667,4,6,6,1.0,0.0,0.0,1.0,1.0,0.5,0.4,94.0,0.0,0.1,0.0,0.0,0.038400673866271974,0.13643419742584229,1.29376662940956,0.03167144457499186,3.987550735473633e-05,0,ce45b264-03f0-4cc2-b453-67d68b5528aa,20260816,ecs-keyed,adverse-conflict,1,local-adverse-authority
6,12,6,12,1200,1.0,2.0,6,6,6,1.0,0.0,0.0,1.0,1.0,0.5833333333333334,0.5,16430.0,0.0,0.08333333333333333,0.0,0.0,0.023169537385304768,0.03180410861968994,0.422935928846142,0.0225144624710083,3.675619761149088e-05,0,4bdacab9-f444-4e60-b276-a92be4c1356c,20260816,ecs-keyed,adverse-conflict,1,local-adverse-authority
6,11,6,11,1173,1.0,1.8333333333333333,6,6,6,1.0,0.0,0.0,1.0,1.0,0.5454545454545454,0.4545454545454546,880.0,0.0,0.09090909090909091,0.0,0.0,0.026317878202958542,0.07762813568115234,1.2174090981579186,0.034061034520467125,4.9495697021484374e-05,0,58602a6a-c734-4622-b2dc-c3e7b381e447,20260816,ecs-keyed,adverse-conflict,1,local-adverse-authority
6,10,6,10,1360,1.0,1.6666666666666667,6,6,6,1.0,0.0,0.0,1.0,1.0,0.5,0.4,60.0,0.0,0.1,0.0,0.0,0.02224106788635254,0.03741440773010254,0.3468178646072146,0.02121158440907796,0.0003212094306945801,0,3ae7d498-c7fd-48c7-932f-5373a791a008,20260816,ecs-keyed,adverse-conflict,1,local-adverse-authority
6,9,6,9,945,1.0,1.5,6,6,6,1.0,0.0,0.0,1.0,1.0,0.4444444444444444,0.33333333333333337,300.0,0.0,0.1111111111111111,0.0,0.0,0.019691069920857746,0.03933696746826172,0.7653100885411305,0.01603078842163086,7.216135660807292e-05,0,ef958421-bc57-4738-9d78-7a8ab94539c7,20260816,ecs-keyed,adverse-conflict,1,local-adverse-authority
6,11,6,11,1314,1.0,1.8333333333333333,6,6,6,1.0,0.0,0.0,1.0,1.0,0.45454545454545453,0.4545454545454546,54.0,0.0,0.09090909090909091,0.0,0.0,0.023904822089455345,0.044525742530822754,0.6393557069238733,0.02162655194600423,7.848739624023437e-05,0,e6470c17-170b-405f-a1c1-b3185cab09b1,20260816,ecs-keyed,adverse-conflict,1,local-adverse-authority
6,9,6,9,849,1.0,1.5,6,6,6,1.0,0.0,0.0,1.0,1.0,0.4444444444444444,0.33333333333333337,7.0,0.0,0.1111111111111111,0.0,0.0,0.011597527398003472,0.021075010299682617,0.5684873460763905,0.010285019874572754,0.00010935465494791667,0,b671bc26-838f-4c11-8490-1a28bdf3c782,20260816,ecs-keyed,adverse-conflict,1,local-adverse-authority
6,9,6,9,990,1.0,1.5,6,6,6,1.0,0.0,0.0,1.0,1.0,0.4444444444444444,0.33333333333333337,20.0,0.0,0.1111111111111111,0.0,0.0,0.028845018810696073,0.067855167388916,0.8471617302987762,0.03105771541595459,3.77496083577474e-05,0,c12e8a72-c7db-4219-bbd8-929167a91532,20260816,ecs-keyed,adverse-conflict,1,local-adverse-authority
6,10,6,10,944,1.0,1.6666666666666667,6,6,6,1.0,0.0,0.0,1.0,1.0,0.5,0.4,49.0,0.0,0.1,0.0,0.0,0.02748880386352539,0.04446688890457153,0.5175112171386409,0.024646321932474773,5.84721565246582e-05,0,a25a5426-d9a6-4be7-972e-7557d6223a65,20260816,ecs-keyed,adverse-conflict,1,local-adverse-authority
6,9,6,9,834,1.0,1.5,6,6,6,1.0,0.0,0.0,1.0,1.0,0.4444444444444444,0.33333333333333337,20186.0,0.0,0.1111111111111111,0.0,0.0,0.049848609500461154,0.15065064430236816,1.0993852373232211,0.03916080792744955,5.95251719156901e-05,0,91ba456e-5b7a-4ce4-b222-b24a1a0315ff,20260816,ecs-keyed,adverse-conflict,1,local-adverse-authority
6,9,6,9,1449,1.0,1.5,6,6,6,1.0,0.0,0.0,1.0,1.0,0.4444444444444444,0.33333333333333337,300.0,0.0,0.1111111111111111,0.0,0.0,0.016735182868109807,0.021695899963378906,0.391190289338982,0.014033993085225424,5.364418029785156e-05,0,e138c136-94cc-4b9f-9628-1486f448e592,20260816,ecs-keyed,adverse-conflict,1,local-adverse-authority
6,12,6,12,1092,1.0,2.0,6,6,6,1.0,0.0,0.0,1.0,1.0,0.5833333333333334,0.5,59.0,0.0,0.08333333333333333,0.0,0.0,0.025882800420125324,0.06288322210311889,0.8753873920568125,0.025035778681437176,3.631909688313802e-05,0,f41ab46c-62c6-45e0-adb4-c2d3fbb524bf,20260816,ecs-keyed,adverse-conflict,1,local-adverse-authority
6,11,6,11,1608,1.0,1.8333333333333333,6,6,6,1.0,0.0,0.0,1.0,1.0,0.5454545454545454,0.4545454545454546,124.0,0.0,0.09090909090909091,0.0,0.0,0.021970835599032314,0.045815348625183105,0.7331481192739362,0.02081465721130371,0.00015664100646972656,0,1bfcae05-3c4c-4630-981f-fcfcc7eb1086,20260816,ecs-keyed,adverse-conflict,1,local-adverse-authority
6,10,6,10,1136,1.0,1.6666666666666667,6,6,6,1.0,0.0,0.0,1.0,1.0,0.5,0.4,300.0,0.0,0.1,0.0,0.0,0.01564764976501465,0.0411163330078125,0.8470952067742988,0.01266340414683024,5.835294723510742e-05,0,38c622ee-4056-430d-8cd3-4f2c324fe6be,20260816,ecs-keyed,adverse-conflict,1,local-adverse-authority
6,11,6,11,1348,1.0,1.8333333333333333,6,6,6,1.0,0.0,0.0,1.0,1.0,0.5454545454545454,0.4545454545454546,300.0,0.0,0.09090909090909091,0.0,0.0,0.014632658524946733,0.044385552406311035,0.9807084793263333,0.012859344482421875,0.00010166168212890624,0,45d73954-a75e-4289-ac50-020b6eebdd94,20260816,ecs-keyed,adverse-conflict,1,local-adverse-authority
6,11,6,11,1139,1.0,1.8333333333333333,6,6,6,1.0,0.0,0.0,1.0,1.0,0.45454545454545453,0.4545454545454546,300.0,0.0,0.09090909090909091,0.0,0.0,0.013786966150457209,0.04442727565765381,1.3583971797721188,0.017942388852437336,0.00011663436889648437,0,9e0db799-430a-4467-94c0-571980d3c622,20260816,ecs-keyed,adverse-conflict,1,local-adverse-authority
6,10,6,10,912,1.0,1.6666666666666667,6,6,6,1.0,0.0,0.0,1.0,1.0,0.5,0.4,60.0,0.0,0.1,0.0,0.0,0.05569238662719726,0.14827531576156616,0.9462910011737496,0.04857079188028971,4.315376281738281e-05,0,c50040a7-ec78-49f6-8c90-3fba5e08f834,20260816,ecs-keyed,adverse-conflict,1,local-adverse-authority
6,9,6,9,1071,1.0,1.5,6,6,6,1.0,0.0,0.0,1.0,1.0,0.4444444444444444,0.33333333333333337,337.0,0.0,0.1111111111111111,0.0,0.0,0.044432481129964195,0.15715374946594232,1.5033097766221983,0.05501906077067057,0.00010538101196289062,0,9994e1aa-ea45-4bdc-93a5-16190197c2bf,20260816,ecs-keyed,adverse-conflict,1,local-adverse-authority
6,7,6,7,866,1.0,1.1666666666666667,5,6,6,1.0,0.0,0.0,1.0,1.0,0.2857142857142857,0.1428571428571429,20.0,0.0,0.14285714285714285,0.0,0.0,0.005839211600167411,0.009073519706726072,0.3529922263448631,0.0047319332758585615,3.0517578125e-05,0,579b9211-1ea7-41fa-b151-404f1de7a878,20260816,ecs-keyed,adverse-conflict,1,local-adverse-authority
6,9,6,9,1005,1.0,1.5,6,6,6,1.0,0.0,0.0,1.0,1.0,0.4444444444444444,0.33333333333333337,6.0,0.0,0.1111111111111111,0.0,0.0,0.009159697426689995,0.024323368072509767,0.918142329893597,0.007128238677978516,4.7365824381510414e-05,0,cf341e30-51b8-4e76-94fa-861c921c7f2b,20260816,ecs-keyed,adverse-conflict,1,local-adverse-authority
6,9,6,9,894,1.0,1.5,6,6,6,1.0,0.0,0.0,1.0,1.0,0.4444444444444444,0.33333333333333337,10.0,0.0,0.1111111111111111,0.0,0.0,0.02416335211859809,0.04478964805603027,0.6720986877086234,0.018311381340026855,3.043810526529948e-05,0,cafbcef0-e9bf-401e-8524-01619b655e17,20260816,ecs-keyed,adverse-conflict,1,local-adverse-authority
6,10,6,10,1248,1.0,1.6666666666666667,6,6,6,1.0,0.0,0.0,1.0,1.0,0.5,0.4,873.0,0.0,0.1,0.0,0.0,0.0203507661819458,0.04050363302230835,0.5278699192278802,0.02319204807281494,0.00016605854034423828,0,7d0f10a7-b0c6-4d7e-93b9-ea931bc30c9e,20260816,ecs-keyed,adverse-conflict,1,local-adverse-authority
6,10,6,10,1136,1.0,1.6666666666666667,6,6,6,1.0,0.0,0.0,1.0,1.0,0.5,0.4,56.0,0.0,0.1,0.0,0.0,0.00976247787475586,0.013525235652923583,0.29037725272368614,0.007018486658732097,3.713369369506836e-05,0,ac8f41b0-7482-4e07-b4d5-4e41eda1047b,20260816,ecs-keyed,adverse-conflict,1,local-adverse-authority
6,10,6,10,1056,1.0,1.6666666666666667,5,6,6,1.0,0.0,0.0,1.0,1.0,0.5,0.4,300.0,0.0,0.1,0.0,0.0,0.015940475463867187,0.03159644603729247,0.6152930022619922,0.015731453895568848,4.029273986816406e-05,0,e7104b94-a403-40da-83c4-f094db5f4383,20260816,ecs-keyed,adverse-conflict,1,local-adverse-authority
6,9,6,9,924,1.0,1.5,6,6,6,1.0,0.0,0.0,1.0,1.0,0.4444444444444444,0.33333333333333337,300.0,0.0,0.1111111111111111,0.0,0.0,0.025343815485636394,0.05312390327453613,0.7180112012160133,0.020565152168273926,3.703435262044271e-05,0,b4496f03-3e10-42f4-b8a8-01159686b4ef,20260816,ecs-keyed,adverse-conflict,1,local-adverse-authority
6,9,6,9,1050,1.0,1.5,6,6,6,1.0,0.0,0.0,1.0,1.0,0.4444444444444444,0.33333333333333337,300.0,0.0,0.1111111111111111,0.0,0.0,0.020586040284898546,0.0364933967590332,0.6576575302338278,0.01789410909016927,5.229314168294271e-05,0,56e0b9d1-b098-40aa-8a31-ffca9835eba5,20260816,ecs-keyed,adverse-conflict,1,local-adverse-authority
6,9,6,9,909,1.0,1.5,6,6,6,1.0,0.0,0.0,1.0,1.0,0.4444444444444444,0.33333333333333337,2962.0,0.0,0.1111111111111111,0.0,0.0,0.02816597620646159,0.055553436279296875,0.7486164563407693,0.021385550498962402,6.580352783203125e-05,0,a2e23cd1-30d7-4a9a-93dd-08c3def6df11,20260816,ecs-keyed,adverse-conflict,1,local-adverse-authority
6,10,6,10,912,1.0,1.6666666666666667,5,6,6,1.0,0.0,0.0,1.0,1.0,0.5,0.4,273.0,0.0,0.1,0.0,0.0,0.023210549354553224,0.08553476333618164,1.3494117826763137,0.019141872723897297,4.190206527709961e-05,0,10cd8b54-bef8-422a-b377-1d86e6b2020b,20260816,ecs-keyed,adverse-conflict,1,local-adverse-authority
6,11,6,11,1043,1.0,1.8333333333333333,6,6,6,1.0,0.0,0.0,1.0,1.0,0.5454545454545454,0.4545454545454546,22.0,0.0,0.09090909090909091,0.0,0.0,0.019626053896817295,0.03524458408355713,0.5422802676979414,0.020064552625020344,0.00010595321655273437,0,24d05600-0fbf-4273-ba8e-28bb6236f21f,20260816,ecs-keyed,adverse-conflict,1,local-adverse-authority
6,10,6,10,896,1.0,1.6666666666666667,6,6,6,1.0,0.0,0.0,1.0,1.0,0.5,0.4,300.0,0.0,0.1,0.0,0.0,0.019463729858398438,0.05293327569961548,1.00465508665516,0.01598680019378662,7.283687591552734e-05,0,545166b6-d4f1-492c-b79b-9eeeb4deaeaf,20260816,ecs-keyed,adverse-conflict,1,local-adverse-authority
6,10,6,10,976,1.0,1.6666666666666667,6,6,6,1.0,0.0,0.0,1.0,1.0,0.5,0.4,283.0,0.0,0.1,0.0,0.0,0.010289192199707031,0.01676167249679565,0.3443871056665917,0.010029157002766928,0.00012546777725219727,0,639e1001-f349-42f5-a6e2-ac7f16b7d641,20260816,ecs-keyed,adverse-conflict,1,local-adverse-authority
6,11,6,11,1009,1.0,1.8333333333333333,6,6,6,1.0,0.0,0.0,1.0,1.0,0.5454545454545454,0.4545454545454546,144.0,0.0,0.09090909090909091,0.0,0.0,0.019084475257179954,0.06381452083587646,1.1333699564276556,0.018326361974080402,4.1103363037109376e-05,0,ac2f0e1c-82fc-4c38-a1fe-3278798c3a06,20260816,ecs-keyed,adverse-conflict,1,local-adverse-authority
6,10,6,10,1520,1.0,1.6666666666666667,6,6,6,1.0,0.0,0.0,1.0,1.0,0.5,0.4,127.0,0.0,0.1,0.0,0.0,0.007342982292175293,0.013687503337860094,0.5355515212253364,0.007523695627848308,5.9485435485839844e-05,0,2a3ec4af-1f11-487d-8ede-516591b6a8b1,20260816,ecs-keyed,adverse-conflict,1,local-adverse-authority
6,11,6,11,1275,1.0,1.8333333333333333,6,6,6,1.0,0.0,0.0,1.0,1.0,0.5454545454545454,0.4545454545454546,300.0,0.0,0.09090909090909091,0.0,0.0,0.06875495477156206,0.21889102458953857,1.0564703740039412,0.06223165988922119,4.191398620605469e-05,0,7aff27f7-3f5b-4e12-9ac6-d9c614ffd15f,20260816,ecs-keyed,adverse-conflict,1,local-adverse-authority
6,10,6,10,992,1.0,1.6666666666666667,6,6,6,1.0,0.0,0.0,1.0,1.0,0.5,0.4,146.0,0.0,0.1,0.0,0.0,0.012357306480407716,0.02359623908996582,0.6272747678596062,0.010450641314188639,0.00010859966278076172,0,7302c6d5-3505-4840-9038-def26ca553df,20260816,ecs-keyed,adverse-conflict,1,local-adverse-authority
6,9,6,9,954,1.0,1.5,6,6,6,1.0,0.0,0.0,1.0,1.0,0.4444444444444444,0.33333333333333337,300.0,0.0,0.1111111111111111,0.0,0.0,0.021585941314697266,0.04668540954589843,0.7439843320215528,0.021955211957295735,3.3855438232421875e-05,0,ae6802f8-5e56-4bfe-9bbb-5d7ea8fe5915,20260816,ecs-keyed,adverse-conflict,1,local-adverse-authority
6,10,6,10,928,1.0,1.6666666666666667,6,6,6,1.0,0.0,0.0,1.0,1.0,0.5,0.4,3168.0,0.0,0.1,0.0,0.0,0.0218142032623291,0.05244057178497315,0.9091326696824877,0.01787869135538737,4.2319297790527344e-05,0,d7f049b7-484a-43e9-9b48-1ce264ab0200,20260816,ecs-keyed,adverse-conflict,1,local-adverse-authority
6,12,6,12,1146,1.0,2.0,6,6,6,1.0,0.0,0.0,1.0,1.0,0.5833333333333334,0.5,180.0,0.0,0.08333333333333333,0.0,0.0,0.027249852816263836,0.053068554401397704,0.5971782106019712,0.026166677474975586,0.00017563501993815103,0,e2f9fb4d-cf22-4e54-8c64-c057b8e68287,20260816,ecs-keyed,adverse-conflict,1,local-adverse-authority
6,8,6,8,884,1.0,1.3333333333333333,6,6,6,1.0,0.0,0.0,1.0,1.0,0.375,0.25,300.0,0.0,0.125,0.0,0.0,0.017783790826797485,0.03645941019058228,0.7064624969542083,0.013391772905985514,6.973743438720703e-05,0,b57e299e-0292-4e81-9b74-8c414248a768,20260816,ecs-keyed,adverse-conflict,1,local-adverse-authority
6,12,6,12,1278,1.0,2.0,6,6,6,1.0,0.0,0.0,1.0,1.0,0.5833333333333334,0.5,119.0,0.0,0.08333333333333333,0.0,0.0,0.025938689708709717,0.04632331132888794,0.506597481093555,0.02519059181213379,5.5909156799316406e-05,0,390f725d-78d7-49b0-861c-8cb307a73863,20260816,ecs-keyed,adverse-conflict,1,local-adverse-authority
6,10,6,10,960,1.0,1.6666666666666667,6,6,6,1.0,0.0,0.0,1.0,1.0,0.5,0.4,583.0,0.0,0.1,0.0,0.0,0.019370007514953613,0.058578658103942874,1.075317745883848,0.016188859939575195,4.3451786041259766e-05,0,cb0cd3fa-7817-447e-8850-b5143fcaffdd,20260816,ecs-keyed,adverse-conflict,1,local-adverse-authority
6,11,6,11,1054,1.0,1.8333333333333333,6,6,6,1.0,0.0,0.0,1.0,1.0,0.5454545454545454,0.4545454545454546,13261.0,0.0,0.09090909090909091,0.0,0.0,0.04692107980901545,0.15003275871276855,1.3268920792940506,0.05521055062611898,4.5871734619140626e-05,0,002c592b-0cb6-44b4-902f-e9176bbe2bee,20260816,ecs-keyed,adverse-conflict,1,local-adverse-authority
6,9,6,9,879,1.0,1.5,6,6,6,1.0,0.0,0.0,1.0,1.0,0.3333333333333333,0.33333333333333337,114.0,0.0,0.1111111111111111,0.0,0.0,0.026249832577175565,0.04075040817260742,0.5866812236123597,0.025055845578511555,4.665056864420573e-05,0,56a8ee1b-f29b-47d6-bddd-47eab54c27db,20260816,ecs-keyed,adverse-conflict,1,local-adverse-authority
6,10,6,10,1520,1.0,1.6666666666666667,6,6,6,1.0,0.0,0.0,1.0,1.0,0.5,0.4,154.0,0.0,0.1,0.0,0.0,0.027969217300415038,0.10217721462249756,1.3521710134860876,0.023546814918518066,8.875131607055664e-05,0,ce01b8de-1524-41d4-bdc1-934d66905597,20260816,ecs-keyed,adverse-conflict,1,local-adverse-authority
6,11,6,11,1382,1.0,1.8333333333333333,6,6,6,1.0,0.0,0.0,1.0,1.0,0.5454545454545454,0.4545454545454546,60.0,0.0,0.09090909090909091,0.0,0.0,0.026930505579168148,0.06573259830474854,0.8551072588259008,0.02751115957895915,4.3439865112304685e-05,0,9a44f89a-050c-476f-933e-44851c0a4d34,20260816,ecs-keyed,adverse-conflict,1,local-adverse-authority
6,12,6,12,1224,1.0,2.0,6,6,6,1.0,0.0,0.0,1.0,1.0,0.5833333333333334,0.5,186.0,0.0,0.08333333333333333,0.0,0.0,0.0268399715423584,0.05648159980773926,0.6127280910440879,0.026441375414530437,4.4345855712890625e-05,0,bbe592c8-beb0-44ca-840c-269aae8c29d2,20260816,ecs-keyed,adverse-conflict,1,local-adverse-authority
6,11,6,11,1331,1.0,1.8333333333333333,6,6,6,1.0,0.0,0.0,1.0,1.0,0.5454545454545454,0.4545454545454546,46.0,0.0,0.09090909090909091,0.0,0.0,0.02622287923639471,0.053063035011291504,0.6808082010669859,0.02380530039469401,4.763603210449219e-05,0,e03c3edc-fb24-4777-bd95-9a26d610caca,20260816,ecs-keyed,adverse-conflict,1,local-adverse-authority
6,10,6,10,1280,1.0,1.6666666666666667,6,6,6,1.0,0.0,0.0,1.0,1.0,0.5,0.4,60.0,0.0,0.1,0.0,0.0,0.033701109886169436,0.08159929513931274,0.9023285106541935,0.028044621149698894,7.128715515136719e-05,0,9ea6dfa1-b9ee-4ff3-a9e5-700b0254ef99,20260816,ecs-keyed,adverse-conflict,1,local-adverse-authority
6,11,6,11,1608,1.0,1.8333333333333333,6,6,6,1.0,0.0,0.0,1.0,1.0,0.45454545454545453,0.4545454545454546,300.0,0.0,0.09090909090909091,0.0,0.0,0.02894505587491122,0.06669270992279053,0.6561541522900444,0.02631954352060954,8.554458618164063e-05,0,f12a7e62-915f-452f-8429-de0514c8e44b,20260816,ecs-keyed,adverse-conflict,1,local-adverse-authority
6,10,6,10,944,1.0,1.6666666666666667,6,6,6,1.0,0.0,0.0,1.0,1.0,0.5,0.4,300.0,0.0,0.1,0.0,0.0,0.018401098251342774,0.060853469371795574,1.4203598445362202,0.023351867993672688,3.266334533691406e-05,0,84390a7b-5a80-41a2-9e5e-51d9a19de84f,20260816,ecs-keyed,adverse-conflict,1,local-adverse-authority
1,1,1,1,110,1.0,1.0,1,1,1,1.0,0.0,1.0,-0.0,-0.0,1.0,0.0,300.0,0.0,1.0,0.0,0.0,0.0015933513641357422,0.0015933513641357422,0.0,0.0014824867248535156,0.0,0,36f21bd9-187b-4461-b14e-2003bd615850,20260816,ecs-keyed,adverse-ecs-mismatch,1,local-adverse-authority
1,1,1,1,114,1.0,1.0,1,1,1,1.0,0.0,1.0,-0.0,-0.0,1.0,0.0,300.0,0.0,1.0,0.0,0.0,0.004706859588623047,0.004706859588623047,0.0,0.0045316219329833984,0.0,0,37a2d036-a4a9-4472-a279-fd9beb618809,20260816,ecs-keyed,adverse-ecs-mismatch,1,local-adverse-authority
6,9,6,9,990,1.0,1.5,6,6,6,1.0,0.0,0.0,1.0,1.0,0.4444444444444444,0.33333333333333337,222.0,0.0,0.1111111111111111,0.0,0.0,0.017333110173543293,0.04559268951416016,0.9815266549738401,0.015454411506652832,3.6557515462239586e-05,0,1378e4c4-026c-4df4-aab3-d5728055dd8b,20260816,ecs-keyed,adverse-conflict,1,local-adverse-authority
1,1,1,1,116,1.0,1.0,1,1,1,1.0,0.0,1.0,-0.0,-0.0,1.0,0.0,300.0,0.0,1.0,0.0,0.0,0.013998746871948242,0.013998746871948242,0.0,0.013711214065551758,0.0,0,b0748ded-3201-4f78-bc4b-2b1cb9025ce2,20260816,ecs-keyed,adverse-ecs-mismatch,1,local-adverse-authority
1,1,1,1,116,1.0,1.0,1,1,1,1.0,0.0,1.0,-0.0,-0.0,1.0,0.0,300.0,0.0,1.0,0.0,0.0,0.014814615249633789,0.014814615249633789,0.0,0.014674186706542969,0.0,0,6fc1ff15-01c8-4061-ba91-d4dddba6e98f,20260816,ecs-keyed,adverse-ecs-mismatch,1,local-adverse-authority
1,1,1,1,118,1.0,1.0,1,1,1,1.0,0.0,0.0,-0.0,-0.0,1.0,0.0,300.0,0.0,1.0,0.0,0.0,0.022186279296875,0.022186279296875,0.0,0.021060466766357422,0.0,0,d534a72c-157b-4fde-aedd-af1cb2f535d2,20260816,ecs-keyed,adverse-ecs-mismatch,1,local-adverse-authority
1,1,1,1,114,1.0,1.0,1,1,1,1.0,0.0,0.0,-0.0,-0.0,1.0,0.0,300.0,0.0,1.0,0.0,0.0,0.002843141555786133,0.002843141555786133,0.0,0.0026738643646240234,0.0,0,1a311f91-bd1c-4bea-ab13-56d5eeb8c0e5,20260816,ecs-keyed,adverse-ecs-mismatch,1,local-adverse-authority
6,11,6,11,1105,1.0,1.8333333333333333,6,6,6,1.0,0.0,0.0,1.0,1.0,0.5454545454545454,0.4545454545454546,815.0,0.0,0.09090909090909091,0.0,0.0,0.02133844115517356,0.052233219146728516,1.0026851985598801,0.019061168034871418,0.00017571449279785156,0,ac3eacd3-31eb-42fe-9bb0-e8800368d18b,20260816,ecs-keyed,adverse-conflict,1,local-adverse-authority
6,10,6,10,1184,1.0,1.6666666666666667,5,6,6,1.0,0.0,0.0,1.0,1.0,0.5,0.4,39.0,0.0,0.1,0.0,0.0,0.01842217445373535,0.051856398582458496,0.9816203739846464,0.01506634553273519,0.00030869245529174805,0,fc9cf3fe-164d-4599-8581-688160e0e8da,20260816,ecs-keyed,adverse-conflict,1,local-adverse-authority
1,1,1,1,116,1.0,1.0,1,1,1,1.0,0.0,0.0,-0.0,-0.0,1.0,0.0,300.0,0.0,1.0,0.0,0.0,0.008263349533081055,0.008263349533081055,0.0,0.007416725158691406,0.0,0,79d099f5-c61c-4d35-98f1-48a5a62f3dea,20260816,ecs-keyed,adverse-ecs-mismatch,1,local-adverse-authority
6,11,6,11,1043,1.0,1.8333333333333333,6,6,6,1.0,0.0,0.0,1.0,1.0,0.45454545454545453,0.4545454545454546,7.0,0.0,0.09090909090909091,0.0,0.0,0.022522514516657047,0.04063999652862549,0.5247177418872901,0.01985633373260498,0.00043992996215820314,0,e665caf6-3bc0-495e-9e9d-c7310f1e0d4d,20260816,ecs-keyed,adverse-conflict,1,local-adverse-authority
6,11,6,11,1204,1.0,1.8333333333333333,6,6,6,1.0,0.8333333333333334,0.0,1.0,1.0,0.5454545454545454,0.4545454545454546,38.0,0.0,0.09090909090909091,0.0,0.0,0.024763540788130325,0.05643653869628906,0.6984314155874759,0.02184116840362549,6.737709045410157e-05,0,ee72a404-00c9-4d08-8a1a-fc37904dcc15,20260816,ecs-keyed,adverse-ecs-fanout,1,local-adverse-authority
6,10,6,10,1048,1.0,1.6666666666666667,6,6,6,1.0,0.6666666666666666,0.0,1.0,1.0,0.5,0.4,739.0,0.0,0.1,0.0,0.0,0.025864481925964355,0.054614269733428956,0.7202111281475916,0.021497925122578938,5.4776668548583984e-05,0,15e9630b-e818-4614-bbcf-59cbe43ab0fc,20260816,ecs-keyed,adverse-ecs-fanout,1,local-adverse-authority
6,11,6,11,1018,1.0,1.8333333333333333,6,6,6,1.0,0.8333333333333334,0.0,1.0,1.0,0.5454545454545454,0.4545454545454546,19574.0,0.0,0.09090909090909091,0.0,0.0,0.023386608470569958,0.05110931396484375,0.7549802601057498,0.021227518717447918,4.224777221679687e-05,0,17ccbe07-696a-44d5-a63e-33b48169d0e9,20260816,ecs-keyed,adverse-ecs-fanout,1,local-adverse-authority
6,11,6,11,1012,1.0,1.8333333333333333,5,6,6,1.0,0.8333333333333334,0.0,1.0,1.0,0.5454545454545454,0.4545454545454546,186.0,0.0,0.09090909090909091,0.0,0.0,0.023383920842950993,0.04738640785217285,0.5678271081568158,0.020574013392130535,5.7315826416015626e-05,0,713555cb-8ebb-4428-88b3-73da40919917,20260816,ecs-keyed,adverse-ecs-fanout,1,local-adverse-authority
1,1,1,1,124,1.0,1.0,1,1,1,1.0,0.0,0.0,-0.0,-0.0,1.0,0.0,300.0,0.0,1.0,0.0,0.0,0.0051038265228271484,0.0051038265228271484,0.0,0.004957914352416992,0.0,0,11764378-2ec3-4618-b7b5-53d1f6ee4b40,20260816,ecs-keyed,adverse-ecs-mismatch,1,local-adverse-authority
6,10,6,10,1464,1.0,1.6666666666666667,5,6,6,1.0,0.6666666666666666,0.0,1.0,1.0,0.5,0.4,128.0,0.0,0.1,0.0,0.0,0.024542355537414552,0.06308661699295044,0.8634490849956362,0.02060381571451823,6.407499313354492e-05,0,1a79adab-75ed-4525-acbb-0afcd46279ac,20260816,ecs-keyed,adverse-ecs-fanout,1,local-adverse-authority
6,10,6,10,888,1.0,1.6666666666666667,6,6,6,1.0,0.6666666666666666,0.0,1.0,1.0,0.5,0.4,152.0,0.0,0.1,0.0,0.0,0.015630340576171874,0.03499213457107544,0.6998272612776684,0.013270338376363119,4.3392181396484375e-05,0,dac12649-de58-4d81-b949-f8a38c4e85da,20260816,ecs-keyed,adverse-ecs-fanout,1,local-adverse-authority
6,10,6,10,952,1.0,1.6666666666666667,6,6,6,1.0,0.6666666666666666,0.0,1.0,1.0,0.5,0.4,300.0,0.0,0.1,0.0,0.0,0.03513278961181641,0.053587937355041505,0.40164748914428455,0.03420011202494303,4.667043685913086e-05,0,1185a48f-f974-435c-8bdf-f77ab3599572,20260816,ecs-keyed,adverse-ecs-fanout,1,local-adverse-authority
6,10,6,10,1496,1.0,1.6666666666666667,6,6,6,1.0,0.6666666666666666,0.0,1.0,1.0,0.5,0.4,149.0,0.0,0.1,0.0,0.0,0.02258598804473877,0.06816691160202021,1.1620498045584722,0.02601798375447591,5.501508712768555e-05,0,24870e1c-f8aa-4c42-a559-4a575b7a9a09,20260816,ecs-keyed,adverse-ecs-fanout,1,local-adverse-authority
6,11,6,11,975,1.0,1.8333333333333333,6,6,6,1.0,0.0,0.0,1.0,1.0,0.5454545454545454,0.4545454545454546,3213.0,0.0,0.09090909090909091,0.0,0.0,0.07558610222556374,0.1953798532485962,1.0848417567557056,0.0687325398127238,4.1818618774414064e-05,0,ae333b3d-2bed-4af8-85f1-f60fc4387c17,20260816,ecs-keyed,adverse-conflict,1,local-adverse-authority
6,8,6,8,714,1.0,1.3333333333333333,6,6,6,1.0,0.3333333333333333,0.0,1.0,1.0,0.375,0.25,179.0,0.0,0.125,0.0,0.0,0.01785963773727417,0.041119527816772444,0.8104241794152713,0.016547203063964844,3.826618194580078e-05,0,c3bae822-51bd-4833-af24-d11243646f1f,20260816,ecs-keyed,adverse-ecs-fanout,1,local-adverse-authority
6,10,6,10,888,1.0,1.6666666666666667,6,6,6,1.0,0.6666666666666666,0.0,1.0,1.0,0.5,0.4,300.0,0.0,0.1,0.0,0.0,0.013782000541687012,0.032824158668518066,0.7109809091126291,0.011877973874409994,0.00036531686782836914,0,9a33f93a-d1bd-4141-9078-0e390b538a1a,20260816,ecs-keyed,adverse-ecs-fanout,1,local-adverse-authority
6,10,6,10,1208,1.0,1.6666666666666667,6,6,6,1.0,0.6666666666666666,0.0,1.0,1.0,0.5,0.4,50.0,0.0,0.1,0.0,0.0,0.03822476863861084,0.08215876817703247,0.6324745789073097,0.03378033638000488,0.00014674663543701172,0,d98fda3e-7eae-480c-b897-c9afd8032173,20260816,ecs-keyed,adverse-ecs-fanout,1,local-adverse-authority
6,10,6,10,1144,1.0,1.6666666666666667,6,6,6,1.0,0.6666666666666666,0.0,1.0,1.0,0.5,0.4,60.0,0.0,0.1,0.0,0.0,0.03726637363433838,0.0949554681777954,0.823237640794369,0.030904213587443035,0.00013458728790283203,0,962e43d2-a060-4b00-8802-fe3ce8ddf8b5,20260816,ecs-keyed,adverse-ecs-fanout,1,local-adverse-authority
6,12,6,12,1338,1.0,2.0,6,6,6,1.0,1.0,0.0,1.0,1.0,0.5,0.5,60.0,0.0,0.08333333333333333,0.0,0.0,0.027322192986806233,0.05419986248016358,0.46553809817098535,0.02663763364156087,4.359086354573568e-05,0,7a3f614c-3ad6-4d2a-8f0d-e18f2faf2da3,20260816,ecs-keyed,adverse-ecs-fanout,1,local-adverse-authority
6,10,6,10,1016,1.0,1.6666666666666667,6,6,6,1.0,0.6666666666666666,0.0,1.0,1.0,0.5,0.4,251.0,0.0,0.1,0.0,0.0,0.02071530818939209,0.04624570608139038,0.6509929250757416,0.02026645342508952,0.00027126073837280273,0,7f1d4833-c1ba-40de-a6e4-25fc474a18ab,20260816,ecs-keyed,adverse-ecs-fanout,1,local-adverse-authority
6,10,6,10,1528,1.0,1.6666666666666667,6,6,6,1.0,0.6666666666666666,0.0,1.0,1.0,0.5,0.4,150.0,0.0,0.1,0.0,0.0,0.030294919013977052,0.05091626644134521,0.5054851052584696,0.029801408449808758,4.029273986816406e-05,0,92f96c10-e0cd-45b9-bb28-891f72fd6de4,20260816,ecs-keyed,adverse-ecs-fanout,1,local-adverse-authority
6,11,6,11,933,1.0,1.8333333333333333,6,6,6,1.0,0.8333333333333334,0.0,1.0,1.0,0.5454545454545454,0.4545454545454546,89.0,0.0,0.09090909090909091,0.0,0.0,0.017060930078679867,0.04321479797363281,0.7582196745329992,0.015547990798950195,3.905296325683594e-05,0,7676ba28-196e-438e-87a6-11bc1bfacd3d,20260816,ecs-keyed,adverse-ecs-fanout,1,local-adverse-authority
6,12,6,12,1074,1.0,2.0,6,6,6,1.0,0.0,0.0,1.0,1.0,0.5,0.5,300.0,0.0,0.08333333333333333,0.0,0.0,0.04300276438395182,0.15468395948410035,1.2022048829509904,0.042493343353271484,6.94592793782552e-05,0,9a69b267-77a9-460b-b333-ae1e7ddba221,20260816,ecs-keyed,adverse-conflict,1,local-adverse-authority
6,10,6,10,1000,1.0,1.6666666666666667,6,6,6,1.0,0.6666666666666666,0.0,1.0,1.0,0.5,0.4,300.0,0.0,0.1,0.0,0.0,0.01341092586517334,0.0268221378326416,0.603260032512966,0.011194070180257162,3.11732292175293e-05,0,72894dae-5a5d-4fcc-beb3-c52476cba6b3,20260816,ecs-keyed,adverse-ecs-fanout,1,local-adverse-authority
6,11,6,11,1131,1.0,1.8333333333333333,6,6,6,1.0,0.8333333333333334,0.0,1.0,1.0,0.5454545454545454,0.4545454545454546,445.0,0.0,0.09090909090909091,0.0,0.0,0.010293071920221502,0.024776697158813477,0.6936482474296849,0.00895392894744873,3.6382675170898436e-05,0,e17c5632-eef1-482a-ad49-f1673e9ff87f,20260816,ecs-keyed,adverse-ecs-fanout,1,local-adverse-authority
6,10,6,10,1128,1.0,1.6666666666666667,6,6,6,1.0,0.6666666666666666,0.0,1.0,1.0,0.5,0.4,50.0,0.0,0.1,0.0,0.0,0.021471834182739256,0.037091076374053955,0.4251387660277052,0.01920902729034424,3.737211227416992e-05,0,27c6e178-f123-446f-9e32-b1943f61957a,20260816,ecs-keyed,adverse-ecs-fanout,1,local-adverse-authority
6,10,6,10,872,1.0,1.6666666666666667,6,6,6,1.0,0.6666666666666666,0.0,1.0,1.0,0.5,0.4,91.0,0.0,0.1,0.0,0.0,0.0395655632019043,0.15899620056152344,1.5154562954235267,0.03451188405354818,3.510713577270508e-05,0,8cb47757-2c59-4ae3-8a1d-0ee835f104b0,20260816,ecs-keyed,adverse-ecs-fanout,1,local-adverse-authority
6,10,6,10,984,1.0,1.6666666666666667,6,6,6,1.0,0.6666666666666666,0.0,1.0,1.0,0.5,0.4,300.0,0.0,0.1,0.0,0.0,0.01651294231414795,0.05152727365493774,1.0752479523891973,0.014824271202087402,0.00010800361633300781,0,0006ba00-3b35-4b74-8627-ee4ee50390c6,20260816,ecs-keyed,adverse-ecs-fanout,1,local-adverse-authority
6,9,6,9,1176,1.0,1.5,6,6,6,1.0,0.5,0.0,1.0,1.0,0.4444444444444444,0.33333333333333337,25.0,0.0,0.1111111111111111,0.0,0.0,0.012592024273342557,0.02725582122802734,0.7033868943801994,0.012792666753133139,4.378954569498698e-05,0,194fd22d-6a61-4290-8124-5d0221aca6b6,20260816,ecs-keyed,adverse-ecs-fanout,1,local-adverse-authority
6,10,6,10,952,1.0,1.6666666666666667,6,6,6,1.0,0.6666666666666666,0.0,1.0,1.0,0.5,0.4,20.0,0.0,0.1,0.0,0.0,0.03918845653533935,0.0799067735671997,0.5996800760275771,0.034599741299947105,0.00016158819198608398,0,c08f965a-3423-4208-a158-93d85be2a8c0,20260816,ecs-keyed,adverse-ecs-fanout,1,local-adverse-authority
6,9,6,9,1101,1.0,1.5,6,6,6,1.0,0.5,0.0,1.0,1.0,0.4444444444444444,0.33333333333333337,242.0,0.0,0.1111111111111111,0.0,0.0,0.018091546164618597,0.039020967483520505,0.762457029843498,0.018619815508524578,5.586942036946615e-05,0,c307e625-59aa-466b-96de-ea4301395ea8,20260816,ecs-keyed,adverse-ecs-fanout,1,local-adverse-authority
6,12,6,12,1602,1.0,2.0,6,6,6,1.0,1.0,0.0,1.0,1.0,0.5833333333333334,0.5,296.0,0.0,0.08333333333333333,0.0,0.0,0.012557288010915121,0.019671106338500978,0.47740287903109885,0.012097835540771484,7.236003875732422e-05,0,b098ce32-f8a5-4a53-9fdc-b6797fa1316a,20260816,ecs-keyed,adverse-ecs-fanout,1,local-adverse-authority
6,12,6,12,1110,1.0,2.0,6,6,6,1.0,1.0,0.0,1.0,1.0,0.5833333333333334,0.5,471.0,0.0,0.08333333333333333,0.0,0.0,0.020475327968597412,0.04097427129745483,0.6858781917977567,0.0201035737991333,3.6040941874186196e-05,0,cba805bc-23cc-4bbc-88c7-4c066f65c616,20260816,ecs-keyed,adverse-ecs-fanout,1,local-adverse-authority
6,10,6,10,1480,1.0,1.6666666666666667,6,6,6,1.0,0.6666666666666666,0.0,1.0,1.0,0.5,0.4,300.0,0.0,0.1,0.0,0.0,0.025260353088378908,0.03992182016372681,0.6051011768880701,0.024071415265401203,0.0001043081283569336,0,6ee28020-a6ec-4a3c-9295-4a22904b82f5,20260816,ecs-keyed,adverse-ecs-fanout,1,local-adverse-authority
6,9,6,9,849,1.0,1.5,6,6,6,1.0,0.5,0.0,1.0,1.0,0.4444444444444444,0.33333333333333337,431.0,0.0,0.1111111111111111,0.0,0.0,0.02578748597039117,0.04898786544799805,0.5996246455087683,0.021833062171936035,6.047884623209635e-05,0,b6cbaa4e-b671-4236-abb0-01698cdb97b6,20260816,ecs-keyed,adverse-ecs-fanout,1,local-adverse-authority
6,10,6,10,824,1.0,1.6666666666666667,6,6,6,1.0,0.6666666666666666,0.0,1.0,1.0,0.5,0.4,283.0,0.0,0.1,0.0,0.0,0.01763458251953125,0.031203091144561768,0.5611066526491426,0.016813238461812336,4.035234451293945e-05,0,de79bc34-ee73-4064-a0a2-3fe706a27e51,20260816,ecs-keyed,adverse-ecs-fanout,1,local-adverse-authority
6,11,6,11,1080,1.0,1.8333333333333333,6,6,6,1.0,0.8333333333333334,0.0,1.0,1.0,0.5454545454545454,0.4545454545454546,299.0,0.0,0.09090909090909091,0.0,0.0,0.013294783505526457,0.03604590892791748,0.8904086664741894,0.011711041132609049,3.8290023803710936e-05,0,4205729a-f9df-4b4b-97a1-887992e5a9ce,20260816,ecs-keyed,adverse-ecs-fanout,1,local-adverse-authority
6,12,6,12,1338,1.0,2.0,6,6,6,1.0,1.0,0.0,1.0,1.0,0.5833333333333334,0.5,7.0,0.0,0.08333333333333333,0.0,0.0,0.013959646224975586,0.024117660522460938,0.545773849281191,0.013345678647359213,4.593531290690104e-05,0,7c3a2913-79c3-4c99-b03a-9ebc3423729f,20260816,ecs-keyed,adverse-ecs-fanout,1,local-adverse-authority
6,9,6,9,873,1.0,1.5,6,6,6,1.0,0.5,0.0,1.0,1.0,0.4444444444444444,0.33333333333333337,20.0,0.0,0.1111111111111111,0.0,0.0,0.04007863998413086,0.06977400779724122,0.49300428859502415,0.03298203150431315,3.163019816080729e-05,0,7d487ec3-057b-4c6f-9b82-d2c11b6797ad,20260816,ecs-keyed,adverse-ecs-fanout,1,local-adverse-authority
6,10,6,10,1144,1.0,1.6666666666666667,6,6,6,1.0,0.6666666666666666,0.0,1.0,1.0,0.5,0.4,9.0,0.0,0.1,0.0,0.0,0.021634006500244142,0.043376255035400386,0.6552443664073117,0.02172267436981201,4.547834396362305e-05,0,3bcb519e-cb96-4b10-b285-076bbf328931,20260816,ecs-keyed,adverse-ecs-fanout,1,local-adverse-authority
6,12,6,12,1170,1.0,2.0,6,6,6,1.0,1.0,0.0,1.0,1.0,0.5833333333333334,0.5,60.0,0.0,0.08333333333333333,0.0,0.0,0.027360200881958008,0.056724822521209715,0.6972503160998686,0.026734550793965656,4.688898722330729e-05,0,500efd28-593d-4ce1-bfbe-93f4a25384ab,20260816,ecs-keyed,adverse-ecs-fanout,1,local-adverse-authority
6,10,6,10,824,1.0,1.6666666666666667,6,6,6,1.0,0.6666666666666666,0.0,1.0,1.0,0.5,0.4,36.0,0.0,0.1,0.0,0.0,0.08669917583465576,0.35158262252807615,1.531258864198199,0.07351303100585938,4.029273986816406e-05,0,c4669f9d-00c4-4a82-a320-c321efff82a8,20260816,ecs-keyed,adverse-ecs-fanout,1,local-adverse-authority
6,12,6,12,1056,1.0,2.0,6,6,6,1.0,1.0,0.0,1.0,1.0,0.5833333333333334,0.5,175.0,0.0,0.08333333333333333,0.0,0.0,0.027686436971028645,0.04518728256225586,0.6090901800156443,0.027099967002868652,6.175041198730469e-05,0,1856b15d-7974-4e21-a88f-bc7590fac682,20260816,ecs-keyed,adverse-ecs-fanout,1,local-adverse-authority
6,9,6,9,975,1.0,1.5,6,6,6,1.0,0.5,0.0,1.0,1.0,0.4444444444444444,0.33333333333333337,32.0,0.0,0.1111111111111111,0.0,0.0,0.016136646270751953,0.03833427429199219,0.9151737256841735,0.015163660049438477,3.735224405924479e-05,0,f6a85dcf-548a-4300-8188-ac6927460c2c,20260816,ecs-keyed,adverse-ecs-fanout,1,local-adverse-authority
6,12,6,12,1068,1.0,2.0,6,6,6,1.0,1.0,0.0,1.0,1.0,0.5833333333333334,0.5,13619.0,0.0,0.08333333333333333,0.0,0.0,0.025719523429870605,0.0624658465385437,0.8349560262488676,0.025022427241007488,4.291534423828125e-05,0,ab7b802e-c61f-4982-925d-0a6b045a09e7,20260816,ecs-keyed,adverse-ecs-fanout,1,local-adverse-authority
6,12,6,12,1032,1.0,2.0,6,6,6,1.0,1.0,0.0,1.0,1.0,0.5833333333333334,0.5,20.0,0.0,0.08333333333333333,0.0,0.0,0.044999897480010986,0.1527094841003418,1.1350547329921432,0.044298648834228516,5.161762237548828e-05,0,a10e8015-4e29-4562-91fd-61faf2f8f85e,20260816,ecs-keyed,adverse-ecs-fanout,1,local-adverse-authority
6,11,6,11,995,1.0,1.8333333333333333,6,6,6,1.0,0.8333333333333334,0.0,1.0,1.0,0.5454545454545454,0.4545454545454546,300.0,0.0,0.09090909090909091,0.0,0.0,0.07574753327803178,0.19677257537841797,1.0614753658172498,0.06914961338043213,9.632110595703125e-05,0,3dd75674-328c-4a4e-a2bc-e46c7ad27131,20260816,ecs-keyed,adverse-ecs-fanout,1,local-adverse-authority
6,9,6,9,873,1.0,1.5,6,6,6,1.0,0.5,0.0,1.0,1.0,0.4444444444444444,0.33333333333333337,75.0,0.0,0.1111111111111111,0.0,0.0,0.014977084265814887,0.03357300758361816,0.6873224972501454,0.017133355140686035,4.91937001546224e-05,0,5fdfb763-bc9f-41b2-950c-e7602751d497,20260816,ecs-keyed,adverse-ecs-fanout,1,local-adverse-authority
6,8,6,8,854,1.0,1.3333333333333333,6,6,6,1.0,0.3333333333333333,0.0,1.0,1.0,0.375,0.25,3179.0,0.0,0.125,0.0,0.0,0.02595376968383789,0.04227285385131836,0.5236825350199764,0.02348506450653076,5.710124969482422e-05,0,3efced2f-1b0d-4ca6-9309-641767fe0d5a,20260816,ecs-keyed,adverse-ecs-fanout,1,local-adverse-authority
6,11,6,11,950,1.0,1.8333333333333333,6,6,6,1.0,0.8333333333333334,0.0,1.0,1.0,0.5454545454545454,0.4545454545454546,30.0,0.0,0.09090909090909091,0.0,0.0,0.0063034404407848015,0.009376764297485352,0.3028748358874509,0.005507230758666992,2.8514862060546874e-05,0,b6c696e7-29a1-4445-ab40-dd1ece9873c7,20260816,ecs-keyed,adverse-ecs-fanout,1,local-adverse-authority
6,10,6,10,1032,1.0,1.6666666666666667,6,6,6,1.0,0.6666666666666666,0.0,1.0,1.0,0.5,0.4,20.0,0.0,0.1,0.0,0.0,0.025578832626342772,0.037040328979492186,0.4227721951743913,0.02159873644510905,3.898143768310547e-05,0,e8ff96ab-d6da-4249-ae63-ca8ac6e02bc7,20260816,ecs-keyed,adverse-ecs-fanout,1,local-adverse-authority
6,10,6,10,1080,1.0,1.6666666666666667,6,6,6,1.0,0.6666666666666666,0.0,1.0,1.0,0.5,0.4,445.0,0.0,0.1,0.0,0.0,0.03501229286193848,0.06554862260818481,0.6804861202322618,0.028986891110738117,7.69495964050293e-05,0,d8aa534a-7880-46c3-8fdc-411763573c41,20260816,ecs-keyed,adverse-ecs-fanout,1,local-adverse-authority
6,10,6,10,904,1.0,1.6666666666666667,6,6,6,1.0,0.6666666666666666,0.0,1.0,1.0,0.5,0.4,292.0,0.0,0.1,0.0,0.0,0.02299506664276123,0.06638505458831787,1.0259135011447076,0.019379933675130207,3.403425216674805e-05,0,c14b1793-dd95-4161-9180-e63aeeb40955,20260816,ecs-keyed,adverse-ecs-fanout,1,local-adverse-authority
6,12,6,12,1038,1.0,2.0,6,6,6,1.0,1.0,0.0,1.0,1.0,0.5833333333333334,0.5,401.0,0.0,0.08333333333333333,0.0,0.0,0.017167508602142334,0.031491422653198244,0.5962751823277943,0.016561230023701985,4.223982493082682e-05,0,b318c880-0c76-4133-bebb-9685c0e42c7d,20260816,ecs-keyed,adverse-ecs-fanout,1,local-adverse-authority
6,10,6,10,1464,1.0,1.6666666666666667,6,6,6,1.0,0.6666666666666666,0.0,1.0,1.0,0.5,0.4,300.0,0.0,0.1,0.0,0.0,0.01846497058868408,0.051412010192871095,0.9349717969809018,0.016195138295491535,5.7697296142578125e-05,0,208d8866-c729-4605-b924-95a726dd3b01,20260816,ecs-keyed,adverse-ecs-fanout,1,local-adverse-authority
6,10,6,10,968,1.0,1.6666666666666667,6,6,6,1.0,0.6666666666666666,0.0,1.0,1.0,0.5,0.4,19956.0,0.0,0.1,0.0,0.0,0.02303309440612793,0.047464072704315186,0.6739869931236172,0.019997795422871906,5.137920379638672e-05,0,bbaf241e-81d3-48f8-b925-24892fe76de6,20260816,ecs-keyed,adverse-ecs-fanout,1,local-adverse-authority
6,12,6,12,1152,1.0,2.0,6,6,6,1.0,1.0,0.0,1.0,1.0,0.5833333333333334,0.5,463.0,0.0,0.08333333333333333,0.0,0.0,0.025552372137705486,0.048022782802581786,0.5184349193505442,0.02508393923441569,6.0836474100748696e-05,0,39790410-103a-4eba-9125-342c621e11e4,20260816,ecs-keyed,adverse-ecs-fanout,1,local-adverse-authority
6,10,6,10,936,1.0,1.6666666666666667,6,6,6,1.0,0.6666666666666666,0.0,1.0,1.0,0.5,0.4,30.0,0.0,0.1,0.0,0.0,0.029129981994628906,0.07303260564804077,0.9136837615828409,0.02422173817952474,4.082918167114258e-05,0,7cad3cf7-219e-4fee-aaeb-670385160a3e,20260816,ecs-keyed,adverse-ecs-fanout,1,local-adverse-authority
6,9,6,9,1131,1.0,1.5,6,6,6,1.0,0.5,0.0,1.0,1.0,0.4444444444444444,0.33333333333333337,33.0,0.0,0.1111111111111111,0.0,0.0,0.011329942279391818,0.02235751152038574,0.599470003077424,0.010146260261535645,6.548563639322917e-05,0,9ec7e176-9308-4258-a8a6-36d3d43181e7,20260816,ecs-keyed,adverse-ecs-fanout,1,local-adverse-authority
6,11,6,11,1221,1.0,1.8333333333333333,6,6,6,1.0,0.8333333333333334,0.0,1.0,1.0,0.5454545454545454,0.4545454545454546,60.0,0.0,0.09090909090909091,0.0,0.0,0.0304815335707231,0.06265151500701904,0.6800282853387911,0.027505874633789062,4.892349243164062e-05,0,9bfd2f3b-2b71-4775-99db-ab18f6ee3dac,20260816,ecs-keyed,adverse-ecs-fanout,1,local-adverse-authority
6,11,6,11,848,1.0,1.8333333333333333,6,6,6,1.0,0.8333333333333334,0.0,1.0,1.0,0.5454545454545454,0.4545454545454546,30.0,0.0,0.09090909090909091,0.0,0.0,0.028171712701970882,0.06414198875427246,0.7471760403482949,0.026802341143290203,9.932518005371094e-05,0,34dd79fd-5e00-4451-8944-0df109dc2feb,20260816,ecs-keyed,adverse-ecs-fanout,1,local-adverse-authority
6,9,6,9,969,1.0,1.5,6,6,6,1.0,0.5,0.0,1.0,1.0,0.4444444444444444,0.33333333333333337,20975.0,0.0,0.1111111111111111,0.0,0.0,0.01954174041748047,0.06605696678161621,1.2787435284425586,0.015589396158854166,6.508827209472656e-05,0,59553bbe-ba4c-46f6-bac7-80c4f038d301,20260816,ecs-keyed,adverse-ecs-fanout,1,local-adverse-authority
6,8,6,8,854,1.0,1.3333333333333333,6,6,6,1.0,0.3333333333333333,0.0,1.0,1.0,0.375,0.25,30.0,0.0,0.125,0.0,0.0,0.029389947652816772,0.044647955894470216,0.5264521396338337,0.026450037956237793,5.316734313964844e-05,0,26538786-8a10-439d-bcb4-937983c87a13,20260816,ecs-keyed,adverse-ecs-fanout,1,local-adverse-authority
6,10,6,10,776,1.0,1.6666666666666667,6,6,6,1.0,0.6666666666666666,0.0,1.0,1.0,0.5,0.4,84.0,0.0,0.1,0.0,0.0,0.026011443138122557,0.060250484943389894,0.828693729358982,0.021779457728068035,4.4226646423339844e-05,0,fbef4710-88aa-4d5c-8e56-88d9483aaf71,20260816,ecs-keyed,adverse-ecs-fanout,1,local-adverse-authority
6,9,6,9,879,1.0,1.5,6,6,6,1.0,0.5,0.0,1.0,1.0,0.4444444444444444,0.33333333333333337,20.0,0.0,0.1111111111111111,0.0,0.0,0.015813271204630535,0.02830677032470703,0.5542090204676671,0.013508081436157227,4.553794860839844e-05,0,eeef376f-5f25-457d-ac7e-206d3b3e8673,20260816,ecs-keyed,adverse-ecs-fanout,1,local-adverse-authority
6,11,6,11,933,1.0,1.8333333333333333,6,6,6,1.0,0.8333333333333334,0.0,1.0,1.0,0.5454545454545454,0.4545454545454546,5632.0,0.0,0.09090909090909091,0.0,0.0,0.030578634955666283,0.055291056632995605,0.4909461490181207,0.0303268035252889,5.7220458984375e-05,0,554739de-58c8-4f9d-9a87-453df81e2e0f,20260816,ecs-keyed,adverse-ecs-fanout,1,local-adverse-authority
6,11,6,11,1069,1.0,1.8333333333333333,6,6,6,1.0,0.8333333333333334,0.0,1.0,1.0,0.5454545454545454,0.4545454545454546,107.0,0.0,0.09090909090909091,0.0,0.0,0.02399789203297008,0.04325056076049805,0.6013990800555884,0.021100521087646484,5.402565002441406e-05,0,854149df-9c06-492c-9982-9a65dccfec5b,20260816,ecs-keyed,adverse-ecs-fanout,1,local-adverse-authority
6,11,6,11,1187,1.0,1.8333333333333333,6,6,6,1.0,0.8333333333333334,0.0,1.0,1.0,0.5454545454545454,0.4545454545454546,60.0,0.0,0.09090909090909091,0.0,0.0,0.02487371184609153,0.047071099281311035,0.5746524709897319,0.022959033648173015,6.265640258789063e-05,0,7ceb11b6-c859-4639-9227-394f07f61fb6,20260816,ecs-keyed,adverse-ecs-fanout,1,local-adverse-authority
6,10,6,10,1112,1.0,1.6666666666666667,6,6,6,1.0,0.6666666666666666,0.0,1.0,1.0,0.5,0.4,1.0,0.0,0.1,0.0,0.0,0.03187551498413086,0.05435669422149658,0.5390844354588421,0.029684940973917644,4.875659942626953e-05,0,b23cd98e-c8b3-4a7a-9cc1-10b01ec6ef76,20260816,ecs-keyed,adverse-ecs-fanout,1,local-adverse-authority
6,11,6,11,984,1.0,1.8333333333333333,6,6,6,1.0,0.8333333333333334,0.0,1.0,1.0,0.5454545454545454,0.4545454545454546,1424.0,0.0,0.09090909090909091,0.0,0.0,0.047717744653875176,0.1253674030303955,0.7955147298319152,0.04345520337422689,0.00033636093139648436,0,d9d1dbe4-374c-4d1f-87c5-a189e6f4dc05,20260816,ecs-keyed,adverse-ecs-fanout,1,local-adverse-authority
6,10,6,10,952,1.0,1.6666666666666667,6,6,6,1.0,0.6666666666666666,0.0,1.0,1.0,0.5,0.4,175.0,0.0,0.1,0.0,0.0,0.021566486358642577,0.03725996017456055,0.6310062813727872,0.019586046536763508,4.2498111724853516e-05,0,1504089d-de0e-4228-bb0e-6506317d0a0e,20260816,ecs-keyed,adverse-ecs-fanout,1,local-adverse-authority
6,11,6,11,916,1.0,1.8333333333333333,6,6,6,1.0,0.8333333333333334,0.0,1.0,1.0,0.5454545454545454,0.4545454545454546,269.0,0.0,0.09090909090909091,0.0,0.0,0.02283157001842152,0.06395328044891357,0.9143759817665693,0.020675261815388996,6.117820739746094e-05,0,c2d6ca1c-6cb8-4665-9c64-6898a708b3b4,20260816,ecs-keyed,adverse-ecs-fanout,1,local-adverse-authority
6,12,6,12,1284,1.0,2.0,6,6,6,1.0,1.0,0.0,1.0,1.0,0.5833333333333334,0.5,39.0,0.0,0.08333333333333333,0.0,0.0,0.03204460938771566,0.08066853284835815,0.8224054538371065,0.03133853276570638,6.151199340820312e-05,0,c9884e89-1291-4932-b7ec-6211cf00c0c7,20260816,ecs-keyed,adverse-ecs-fanout,1,local-adverse-authority
6,9,6,9,939,1.0,1.5,5,6,6,1.0,0.5,0.0,1.0,1.0,0.4444444444444444,0.33333333333333337,182.0,0.0,0.1111111111111111,0.0,0.0,0.041104263729519315,0.14806914329528809,1.410576821374162,0.03418060143788656,3.886222839355469e-05,0,adbf0bf3-6397-4eec-a3f5-d0efb098c467,20260816,ecs-keyed,adverse-ecs-fanout,1,local-adverse-authority
6,12,6,12,1092,1.0,2.0,6,6,6,1.0,1.0,0.0,1.0,1.0,0.5833333333333334,0.5,144.0,0.0,0.08333333333333333,0.0,0.0,0.0138853391011556,0.02691497802734375,0.5465853883265818,0.013089537620544434,0.0004949569702148438,0,265667aa-3835-469e-813e-5268301db28c,20260816,ecs-keyed,adverse-ecs-fanout,1,local-adverse-authority
6,11,6,11,1060,1.0,1.8333333333333333,6,6,6,1.0,0.0,0.0,1.0,1.0,0.5454545454545454,0.4545454545454546,300.0,0.0,0.09090909090909091,0.0,0.0,0.017373973673040218,0.0345078706741333,0.6588839398326328,0.01917290687561035,4.286766052246094e-05,0,8425a3d9-2aea-495d-95df-512e6a88609a,20260816,ecs-keyed,adverse-conflict,1,local-adverse-authority
6,10,6,10,1128,1.0,1.6666666666666667,6,6,6,1.0,0.6666666666666666,0.0,1.0,1.0,0.5,0.4,300.0,0.0,0.1,0.0,0.0,0.017849254608154296,0.051714646816253665,0.9768343685017457,0.015650391578674316,4.178285598754883e-05,0,46d3da9d-156d-404c-b707-53a2bbc3ca47,20260816,ecs-keyed,adverse-ecs-fanout,1,local-adverse-authority
6,11,6,11,1238,1.0,1.8333333333333333,6,6,6,1.0,0.8333333333333334,0.0,1.0,1.0,0.5454545454545454,0.4545454545454546,36.0,0.0,0.09090909090909091,0.0,0.0,0.04767925089055842,0.11918973922729492,0.9777595590075553,0.05865001678466797,0.0003533363342285156,0,7130c375-dff4-4975-aa14-01a6428011f4,20260816,ecs-keyed,adverse-ecs-fanout,1,local-adverse-authority
6,12,6,12,1068,1.0,2.0,6,6,6,1.0,1.0,0.0,1.0,1.0,0.5833333333333334,0.5,4020.0,0.0,0.08333333333333333,0.0,0.0,0.013329247633616129,0.030233895778656004,0.6970755489474268,0.012579758961995443,0.00030044714609781903,0,c8d69603-755d-4d1f-b2bb-f33cb2946133,20260816,ecs-keyed,adverse-ecs-fanout,1,local-adverse-authority
6,10,6,10,872,1.0,1.6666666666666667,6,6,6,1.0,0.6666666666666666,0.0,1.0,1.0,0.5,0.4,300.0,0.0,0.1,0.0,0.0,0.02148935794830322,0.04177080392837525,0.6819515304276181,0.018674651781717937,5.453824996948242e-05,0,f0f56cb2-387d-41fd-8072-df44a592077b,20260816,ecs-keyed,adverse-ecs-fanout,1,local-adverse-authority
6,10,6,10,952,1.0,1.6666666666666667,6,6,6,1.0,0.6666666666666666,0.0,1.0,1.0,0.5,0.4,11174.0,0.0,0.1,0.0,0.0,0.02629525661468506,0.04230296611785888,0.5466515969877003,0.02500871817270915,4.875659942626953e-05,0,f0d1edc5-683b-48c4-abb8-a3a77ea65247,20260816,ecs-keyed,adverse-ecs-fanout,1,local-adverse-authority
6,11,6,11,950,1.0,1.8333333333333333,6,6,6,1.0,0.8333333333333334,0.0,1.0,1.0,0.5454545454545454,0.4545454545454546,53.0,0.0,0.09090909090909091,0.0,0.0,0.032211888920177116,0.04734182357788086,0.44507848237003933,0.02912791570027669,0.00011444091796875,0,4cf8ab09-f916-4a99-9077-776e9f53b52d,20260816,ecs-keyed,adverse-ecs-fanout,1,local-adverse-authority
6,10,6,10,888,1.0,1.6666666666666667,6,6,6,1.0,0.6666666666666666,0.0,1.0,1.0,0.5,0.4,863.0,0.0,0.1,0.0,0.0,0.013269805908203125,0.030819451808929435,0.8124334577830687,0.013389309247334799,2.9087066650390625e-05,0,6c16df3b-22e2-4e97-8110-57ffd27ebf20,20260816,ecs-keyed,adverse-ecs-fanout,1,local-adverse-authority
6,10,6,10,904,1.0,1.6666666666666667,5,6,6,1.0,0.6666666666666666,0.0,1.0,1.0,0.5,0.4,219.0,0.0,0.1,0.0,0.0,0.01932518482208252,0.04196336269378662,0.7146905761691219,0.015832066535949707,4.673004150390625e-05,0,03bf94ad-b8d7-4e71-b8b2-06ed587d1157,20260816,ecs-keyed,adverse-ecs-fanout,1,local-adverse-authority
6,10,6,10,1000,1.0,1.6666666666666667,6,6,6,1.0,0.6666666666666666,0.0,1.0,1.0,0.5,0.4,300.0,0.0,0.1,0.0,0.0,0.02817111015319824,0.058140552043914794,0.7270084819289806,0.027285655339558918,4.553794860839844e-05,0,1acfe873-bdfd-481d-8e46-bd79a9ee2f3a,20260816,ecs-keyed,adverse-ecs-fanout,1,local-adverse-authority
6,10,6,10,1192,1.0,1.6666666666666667,6,6,6,1.0,0.6666666666666666,0.0,1.0,1.0,0.5,0.4,2114.0,0.0,0.1,0.0,0.0,0.021419334411621093,0.04280256032943726,0.7411266656679611,0.019298712412516277,6.324052810668945e-05,0,d70ba9f5-1e87-4fcb-ad62-9bebfbf874cd,20260816,ecs-keyed,adverse-ecs-fanout,1,local-adverse-authority
6,10,6,10,1016,1.0,1.6666666666666667,6,6,6,1.0,0.6666666666666666,0.0,1.0,1.0,0.5,0.4,294.0,0.0,0.1,0.0,0.0,0.026843786239624023,0.04815317392349243,0.5689457665026075,0.024841030438741047,7.987022399902344e-05,0,30d78482-3396-4477-95d7-78ed27ae9b61,20260816,ecs-keyed,adverse-ecs-fanout,1,local-adverse-authority
1,1,1,1,104,1.0,1.0,1,0,0,0.0,0.0,0.0,-0.0,-0.0,1.0,0.0,126.0,0.0,1.0,0.0,0.0,0.0020139217376708984,0.0020139217376708984,0.0,0.001622915267944336,0.0,0,0c99899b-d548-4052-a689-d4a59f1636b4,20260816,ecs-strict,benign-plain,0,google
1,1,1,1,223,1.0,1.0,1,0,0,0.0,0.0,0.0,-0.0,-0.0,1.0,0.0,300.0,0.0,1.0,0.0,0.0,0.0038886070251464844,0.0038886070251464844,0.0,0.0035669803619384766,0.0,0,4b4285e2-b711-4ec9-908f-5b89a70eb119,20260816,ecs-strict,benign-plain,0,quad9
1,1,1,1,102,1.0,1.0,1,0,0,0.0,0.0,0.0,-0.0,-0.0,1.0,0.0,1941.0,0.0,1.0,0.0,0.0,0.001833200454711914,0.001833200454711914,0.0,0.0016579627990722656,0.0,0,4d42583b-560d-403a-bad9-4f68eeb3648a,20260816,ecs-strict,benign-plain,0,opendns
1,1,1,1,138,1.0,1.0,1,0,0,0.0,0.0,0.0,-0.0,-0.0,1.0,0.0,300.0,0.0,1.0,0.0,0.0,0.014129400253295898,0.014129400253295898,0.0,0.014038801193237305,0.0,0,7b300f84-cc03-47b6-9967-4ccb9315f7da,20260816,ecs-strict,benign-plain,0,google
1,1,1,1,144,1.0,1.0,1,0,0,0.0,0.0,0.0,-0.0,-0.0,1.0,0.0,120.0,0.0,1.0,0.0,0.0,0.0020792484283447266,0.0020792484283447266,0.0,0.0019965171813964844,0.0,0,162b0b83-d62f-4ac1-afc1-576db56fca2c,20260816,ecs-strict,benign-plain,0,cloudflare
6,10,6,10,1096,1.0,1.6666666666666667,6,6,6,1.0,0.6666666666666666,0.0,1.0,1.0,0.5,0.4,60.0,0.0,0.1,0.0,0.0,0.01765618324279785,0.038888323307037356,0.7649635883673742,0.015809496243794758,9.351968765258789e-05,0,e52cfe9f-4934-4b8e-b43a-788dbd168863,20260816,ecs-keyed,adverse-ecs-fanout,1,local-adverse-authority
1,1,1,1,132,1.0,1.0,1,0,0,0.0,0.0,0.0,-0.0,-0.0,1.0,0.0,60.0,0.0,1.0,0.0,0.0,0.0405421257019043,0.0405421257019043,0.0,0.04026627540588379,0.0,0,7cd9725c-87d2-4193-87e7-5bd2f22168c7,20260816,ecs-strict,benign-plain,0,opendns
1,1,1,1,102,1.0,1.0,1,0,0,0.0,0.0,0.0,-0.0,-0.0,1.0,0.0,254.0,0.0,1.0,0.0,0.0,0.0025587081909179688,0.0025587081909179688,0.0,0.0024526119232177734,0.0,0,6d677234-8b9d-4064-a887-1ee7766aaea3,20260816,ecs-strict,benign-plain,0,opendns
6,11,6,11,1111,1.0,1.8333333333333333,6,6,6,1.0,0.0,0.0,1.0,1.0,0.5454545454545454,0.4545454545454546,300.0,0.0,0.09090909090909091,0.0,0.0,0.05437189882451838,0.10563862323760986,0.7486647590321592,0.04880873362223307,5.917549133300781e-05,0,6f857fc9-9955-45cb-8368-c3cc19ac891c,20260816,ecs-keyed,adverse-conflict,1,local-adverse-authority
1,1,1,1,150,1.0,1.0,1,0,0,0.0,0.0,0.0,-0.0,-0.0,1.0,0.0,275.0,0.0,1.0,0.0,0.0,0.0017087459564208984,0.0017087459564208984,0.0,0.001589059829711914,0.0,0,7dff1705-37ea-4ece-952d-d2ccb1cf6e91,20260816,ecs-strict,benign-plain,0,opendns
6,10,6,10,824,1.0,1.6666666666666667,6,6,6,1.0,0.6666666666666666,0.0,1.0,1.0,0.5,0.4,300.0,0.0,0.1,0.0,0.0,0.02391197681427002,0.06969432830810547,0.97076884194547,0.021793047587076824,3.999471664428711e-05,0,4ef01130-39db-445c-8ba0-6d4bbcdd636d,20260816,ecs-keyed,adverse-ecs-fanout,1,local-adverse-authority
1,1,1,1,88,1.0,1.0,1,0,0,0.0,0.0,0.0,-0.0,-0.0,1.0,0.0,17147.0,0.0,1.0,0.0,0.0,0.0017647743225097656,0.0017647743225097656,0.0,0.0014476776123046875,0.0,0,ac73db0e-d70f-4918-8693-a545be4733b5,20260816,ecs-strict,benign-plain,0,quad9
6,11,6,11,950,1.0,1.8333333333333333,6,6,6,1.0,0.8333333333333334,0.0,1.0,1.0,0.5454545454545454,0.4545454545454546,300.0,0.0,0.09090909090909091,0.0,0.0,0.015816666863181374,0.027455806732177734,0.5663180932395693,0.014121095339457193,2.8657913208007813e-05,0,3ef212ce-165f-456f-a10a-ea3f4fedc970,20260816,ecs-keyed,adverse-ecs-fanout,1,local-adverse-authority
1,1,1,1,223,1.0,1.0,1,0,0,0.0,0.0,0.0,-0.0,-0.0,1.0,0.0,300.0,0.0,1.0,0.0,0.0,0.003332853317260742,0.003332853317260742,0.0,0.0030031204223632812,0.0,0,efa1d455-e05b-4b2e-b53c-f653e76e7862,20260816,ecs-strict,benign-plain,0,cloudflare
1,1,1,1,135,1.0,1.0,1,0,0,0.0,0.0,0.0,-0.0,-0.0,1.0,0.0,2167.5,0.9990772779700116,1.0,0.0,0.0,0.0018107891082763672,0.0018107891082763672,0.0,0.001672983169555664,0.0,0,7eb9400f-3243-4003-ae71-a9fdceb95366,20260816,ecs-strict,benign-plain,0,quad9
1,1,1,1,110,1.0,1.0,1,0,0,0.0,0.0,0.0,-0.0,-0.0,1.0,0.0,300.0,0.0,1.0,0.0,0.0,0.01566457748413086,0.01566457748413086,0.0,0.015319108963012695,0.0,0,1f779cb7-e640-4cc3-8731-3fc747266394,20260816,ecs-strict,benign-plain,0,quad9
6,9,6,9,828,1.0,1.5,6,6,6,1.0,0.5,0.0,1.0,1.0,0.4444444444444444,0.33333333333333337,300.0,0.0,0.1111111111111111,0.0,0.0,0.02554742495218913,0.048214387893676755,0.5482311657819515,0.026980082194010418,7.049242655436198e-05,0,0ae16307-376a-4e56-9761-e51a097efde7,20260816,ecs-keyed,adverse-ecs-fanout,1,local-adverse-authority
1,1,1,1,135,1.0,1.0,1,0,0,0.0,0.0,0.0,-0.0,-0.0,1.0,0.0,2167.5,0.9990772779700116,1.0,0.0,0.0,0.0016322135925292969,0.0016322135925292969,0.0,0.0014433860778808594,0.0,0,542471bb-9243-42db-96d6-8b8905a7cbf4,20260816,ecs-strict,benign-plain,0,google
1,1,1,1,135,1.0,1.0,1,0,0,0.0,0.0,0.0,-0.0,-0.0,1.0,0.0,10218.5,0.9856143269560111,1.0,0.0,0.0,0.0016658306121826172,0.0016658306121826172,0.0,0.0014820098876953125,0.0,0,27cfbc8a-b1c6-4028-9795-835d4b0ca32b,20260816,ecs-strict,benign-plain,0,cloudflare
6,9,6,9,903,1.0,1.5,5,6,6,1.0,0.5,0.0,1.0,1.0,0.4444444444444444,0.33333333333333337,300.0,0.0,0.1111111111111111,0.0,0.0,0.007847309112548828,0.010861682891845702,0.35869107132251143,0.005977114041646321,3.544489542643229e-05,0,8db8143e-2263-4eed-b3b0-764077c6bf2b,20260816,ecs-keyed,adverse-ecs-fanout,1,local-adverse-authority
6,10,6,10,840,1.0,1.6666666666666667,6,6,6,1.0,0.6666666666666666,0.0,1.0,1.0,0.5,0.4,300.0,0.0,0.1,0.0,0.0,0.026025819778442382,0.062254595756530764,0.7562873467864453,0.02175470193227132,2.8789043426513672e-05,0,c12fff50-2c3e-4664-abac-c6bb5ed6d676,20260816,ecs-keyed,adverse-ecs-fanout,1,local-adverse-authority
1,1,1,1,124,1.0,1.0,1,0,0,0.0,0.0,0.0,-0.0,-0.0,1.0,0.0,442.0,0.0,1.0,0.0,0.0,0.0018122196197509766,0.0018122196197509766,0.0,0.0016808509826660156,0.0,0,3dbd1afb-e22f-4c7b-955c-61279c2d2fda,20260816,ecs-strict,benign-plain,0,cloudflare
1,1,1,1,116,1.0,1.0,1,0,0,0.0,0.0,0.0,-0.0,-0.0,1.0,0.0,267.0,0.0,1.0,0.0,0.0,0.0018529891967773438,0.0018529891967773438,0.0,0.0016481876373291016,0.0,0,1f530123-812a-42eb-ba18-195e9b65c3ad,20260816,ecs-strict,benign-plain,0,opendns
1,1,1,1,118,1.0,1.0,1,0,0,0.0,0.0,0.0,-0.0,-0.0,1.0,0.0,7.0,0.0,1.0,0.0,0.0,0.0011091232299804688,0.0011091232299804688,0.0,0.0009682178497314453,0.0,0,e7ca587c-c024-4135-ab68-638d0857d959,20260816,ecs-strict,benign-plain,0,cloudflare
1,1,1,1,94,1.0,1.0,1,0,0,0.0,0.0,0.0,-0.0,-0.0,1.0,0.0,13.0,0.0,1.0,0.0,0.0,0.002163410186767578,0.002163410186767578,0.0,0.0020627975463867188,0.0,0,e2ae79db-abea-4d00-99a5-3e30a573debb,20260816,ecs-strict,benign-plain,0,google
1,1,1,1,358,1.0,1.0,1,0,0,0.0,0.0,0.0,-0.0,-0.0,1.0,0.0,300.0,0.0,1.0,0.0,0.0,0.0036978721618652344,0.0036978721618652344,0.0,0.0035829544067382812,0.0,0,1c05cb5c-33c2-4cc7-9f4b-a40bfa237e61,20260816,ecs-strict,benign-plain,0,google
1,1,1,1,136,1.0,1.0,1,0,0,0.0,0.0,0.0,-0.0,-0.0,1.0,0.0,287.0,0.0,1.0,0.0,0.0,0.002363443374633789,0.002363443374633789,0.0,0.0022308826446533203,0.0,0,b4b3da90-d2c6-4c5f-a0f3-cb6d40041e18,20260816,ecs-strict,benign-plain,0,opendns
1,1,1,1,112,1.0,1.0,1,0,0,0.0,0.0,0.0,-0.0,-0.0,1.0,0.0,300.0,0.0,1.0,0.0,0.0,0.015184402465820312,0.015184402465820312,0.0,0.01501011848449707,0.0,0,7d6ce7e5-15b4-4a3f-988f-4a861990b0ec,20260816,ecs-strict,benign-plain,0,quad9
6,11,6,11,984,1.0,1.8333333333333333,6,6,6,1.0,0.8333333333333334,0.0,1.0,1.0,0.5454545454545454,0.4545454545454546,300.0,0.0,0.09090909090909091,0.0,0.0,0.02551631494001909,0.0602947473526001,0.7763570237243204,0.02643124262491862,2.880096435546875e-05,0,b999cba9-bd26-4650-9d49-4a995c94b0d9,20260816,ecs-keyed,adverse-ecs-fanout,1,local-adverse-authority
1,1,1,1,94,1.0,1.0,1,0,0,0.0,0.0,0.0,-0.0,-0.0,1.0,0.0,34.0,0.0,1.0,0.0,0.0,0.0023996829986572266,0.0023996829986572266,0.0,0.001939535140991211,0.0,0,fa9e3c41-5f83-475b-8ded-10dcf8544377,20260816,ecs-strict,benign-plain,0,google
1,1,1,1,128,1.0,1.0,1,0,0,0.0,0.0,0.0,-0.0,-0.0,1.0,0.0,49.0,0.0,1.0,0.0,0.0,0.0030319690704345703,0.0030319690704345703,0.0,0.0029764175415039062,0.0,0,561c9805-3fa4-4a85-9344-f98f59145fef,20260816,ecs-strict,benign-plain,0,google
1,1,1,1,92,1.0,1.0,1,0,0,0.0,0.0,0.0,-0.0,-0.0,1.0,0.0,142.0,0.0,1.0,0.0,0.0,0.002973794937133789,0.002973794937133789,0.0,0.0021500587463378906,0.0,0,94dfc63e-055b-4c29-8d20-769a33aa2467,20260816,ecs-strict,benign-plain,0,google
1,1,1,1,152,1.0,1.0,1,0,0,0.0,0.0,0.0,-0.0,-0.0,1.0,0.0,13.0,0.0,1.0,0.0,0.0,0.0017287731170654297,0.0017287731170654297,0.0,0.001682281494140625,0.0,0,65ab02a2-9d89-45dd-a78a-3027b01d322b,20260816,ecs-strict,benign-plain,0,opendns
1,1,1,1,136,1.0,1.0,1,0,0,0.0,0.0,0.0,-0.0,-0.0,1.0,0.0,49.0,0.0,1.0,0.0,0.0,0.0029914379119873047,0.0029914379119873047,0.0,0.0022521018981933594,0.0,0,a756628c-77ce-4d7d-86fa-cb157c7b36af,20260816,ecs-strict,benign-plain,0,cloudflare
1,1,1,1,118,1.0,1.0,1,0,0,0.0,0.0,0.0,-0.0,-0.0,1.0,0.0,300.0,0.0,1.0,0.0,0.0,0.013936996459960938,0.013936996459960938,0.0,0.013655900955200195,0.0,0,b0f30f92-eed2-4372-b913-ea2d1af9d86c,20260816,ecs-strict,benign-plain,0,quad9
6,11,6,11,1001,1.0,1.8333333333333333,6,6,6,1.0,0.8333333333333334,0.0,1.0,1.0,0.5454545454545454,0.4545454545454546,300.0,0.0,0.09090909090909091,0.0,0.0,0.02459916201504794,0.04657292366027832,0.7008228961533179,0.022188107172648113,7.443428039550781e-05,0,28ae09a4-598b-4a68-87aa-0bfd66f0be13,20260816,ecs-keyed,adverse-ecs-fanout,1,local-adverse-authority
6,10,6,10,936,1.0,1.6666666666666667,6,6,6,1.0,0.6666666666666666,0.0,1.0,1.0,0.5,0.4,300.0,0.0,0.1,0.0,0.0,0.02327582836151123,0.047980654239654544,0.5806526799551335,0.01948980490366618,0.0001036524772644043,0,6c50c39a-b865-4b20-9548-b77eb1dad059,20260816,ecs-keyed,adverse-ecs-fanout,1,local-adverse-authority
6,11,6,11,916,1.0,1.8333333333333333,6,6,6,1.0,0.8333333333333334,0.0,1.0,1.0,0.5454545454545454,0.4545454545454546,300.0,0.0,0.09090909090909091,0.0,0.0,0.016988255760886452,0.02963089942932129,0.5099772826342633,0.01629042625427246,4.191398620605469e-05,0,b7cabe51-83eb-4ffa-8726-198e49a083d1,20260816,ecs-keyed,adverse-ecs-fanout,1,local-adverse-authority
1,1,1,1,152,1.0,1.0,1,0,0,0.0,0.0,0.0,-0.0,-0.0,1.0,0.0,194.0,0.0,1.0,0.0,0.0,0.0027887821197509766,0.0027887821197509766,0.0,0.002319812774658203,0.0,0,31445d58-f0b2-48a8-b66d-eb5b6de315f2,20260816,ecs-strict,benign-plain,0,opendns
1,1,1,1,102,1.0,1.0,1,0,0,0.0,0.0,0.0,-0.0,-0.0,1.0,0.0,300.0,0.0,1.0,0.0,0.0,0.1118764877319336,0.1118764877319336,0.0,0.11164712905883789,0.0,0,248a93a8-8a5b-499b-a2a0-6b19d91d9ff1,20260816,ecs-strict,benign-plain,0,cloudflare
1,1,1,1,96,1.0,1.0,1,0,0,0.0,0.0,0.0,-0.0,-0.0,1.0,0.0,50.0,0.0,1.0,0.0,0.0,0.0014989376068115234,0.0014989376068115234,0.0,0.001249074935913086,0.0,0,7b3808fd-9b3b-4e63-b164-beba49154b35,20260816,ecs-strict,benign-plain,0,quad9
1,1,1,1,106,1.0,1.0,1,0,0,0.0,0.0,0.0,-0.0,-0.0,1.0,0.0,97.0,0.0,1.0,0.0,0.0,0.0015330314636230469,0.0015330314636230469,0.0,0.0014412403106689453,0.0,0,e50c5c45-eb79-4a04-945e-3862b12b7004,20260816,ecs-strict,benign-plain,0,quad9
1,1,1,1,140,1.0,1.0,1,0,0,0.0,0.0,0.0,-0.0,-0.0,1.0,0.0,60.0,0.0,1.0,0.0,0.0,0.03891420364379883,0.03891420364379883,0.0,0.03883242607116699,0.0,0,1ba5b6c1-f629-4a5c-95d0-3bed2aec4321,20260816,ecs-strict,benign-plain,0,cloudflare
1,1,1,1,104,1.0,1.0,1,0,0,0.0,0.0,0.0,-0.0,-0.0,1.0,0.0,300.0,0.0,1.0,0.0,0.0,0.026245594024658203,0.026245594024658203,0.0,0.02613663673400879,0.0,0,cc41b1fe-dd76-49a7-85cf-56e8d041f17b,20260816,ecs-strict,benign-plain,0,cloudflare
1,1,1,1,86,1.0,1.0,1,0,0,0.0,0.0,0.0,-0.0,-0.0,1.0,0.0,20.0,0.0,1.0,0.0,0.0,0.01327967643737793,0.01327967643737793,0.0,0.013177633285522461,0.0,0,04f4d517-295b-4a48-8c8c-be9eda0d3028,20260816,ecs-strict,benign-plain,0,opendns
1,1,1,1,126,1.0,1.0,1,0,0,0.0,0.0,0.0,-0.0,-0.0,1.0,0.0,266.0,0.0,1.0,0.0,0.0,0.0017642974853515625,0.0017642974853515625,0.0,0.0016567707061767578,0.0,0,67a0d4c6-d378-4023-a350-9471e935ac73,20260816,ecs-strict,benign-plain,0,cloudflare
1,1,1,1,112,1.0,1.0,1,0,0,0.0,0.0,0.0,-0.0,-0.0,1.0,0.0,299.0,0.0,1.0,0.0,0.0,0.0019366741180419922,0.0019366741180419922,0.0,0.0018627643585205078,0.0,0,782bad0a-e59d-4c4d-be46-1fd9d2f14728,20260816,ecs-strict,benign-plain,0,opendns
1,1,1,1,152,1.0,1.0,1,0,0,0.0,0.0,0.0,-0.0,-0.0,1.0,0.0,10.0,0.0,1.0,0.0,0.0,0.001417398452758789,0.001417398452758789,0.0,0.0012891292572021484,0.0,0,47b8582e-d98e-4c4e-a1cd-7ac1665a1e48,20260816,ecs-strict,benign-plain,0,cloudflare
1,1,1,1,92,1.0,1.0,1,0,0,0.0,0.0,0.0,-0.0,-0.0,1.0,0.0,1515.0,0.0,1.0,0.0,0.0,0.0015838146209716797,0.0015838146209716797,0.0,0.0014019012451171875,0.0,0,344307ae-f105-4458-9bf6-b32b42b46e64,20260816,ecs-strict,benign-plain,0,cloudflare
6,11,6,11,984,1.0,1.8333333333333333,6,6,6,1.0,0.8333333333333334,0.0,1.0,1.0,0.5454545454545454,0.4545454545454546,300.0,0.0,0.09090909090909091,0.0,0.0,0.04735738580877131,0.1676328182220459,1.226310920334275,0.04326319694519043,5.602836608886719e-05,0,991f915a-244c-42a9-8358-e1224b0fa6ee,20260816,ecs-keyed,adverse-ecs-fanout,1,local-adverse-authority
1,1,1,1,192,1.0,1.0,1,0,0,0.0,0.0,0.0,-0.0,-0.0,1.0,0.0,300.0,0.0,1.0,0.0,0.0,0.005172014236450195,0.005172014236450195,0.0,0.005022525787353516,0.0,0,614d645c-86e1-42ea-9387-6cc30d364200,20260816,ecs-strict,benign-plain,0,opendns
1,1,1,1,106,1.0,1.0,1,0,0,0.0,0.0,0.0,-0.0,-0.0,1.0,0.0,300.0,0.0,1.0,0.0,0.0,0.041046857833862305,0.041046857833862305,0.0,0.04094219207763672,0.0,0,eb020633-6824-4678-b095-a601673715a1,20260816,ecs-strict,benign-plain,0,cloudflare
1,1,1,1,110,1.0,1.0,1,0,0,0.0,0.0,0.0,-0.0,-0.0,1.0,0.0,300.0,0.0,1.0,0.0,0.0,0.04254031181335449,0.04254031181335449,0.0,0.042410850524902344,0.0,0,747a39a4-6b9c-4ea9-9a3a-284209dcbe96,20260816,ecs-strict,benign-plain,0,google
1,1,1,1,209,1.0,1.0,1,0,0,0.0,0.0,0.0,-0.0,-0.0,1.0,0.0,218.0,0.0,1.0,0.0,0.0,0.0019397735595703125,0.0019397735595703125,0.0,0.0017969608306884766,0.0,0,04248c88-bb6c-4f80-a91b-b528e2402118,20260816,ecs-strict,benign-plain,0,cloudflare
1,1,1,1,88,1.0,1.0,1,0,0,0.0,0.0,0.0,-0.0,-0.0,1.0,0.0,300.0,0.0,1.0,0.0,0.0,0.013380289077758789,0.013380289077758789,0.0,0.013319015502929688,0.0,0,369832ee-28f0-46cd-b718-25c4fbf5a520,20260816,ecs-strict,benign-plain,0,quad9
1,1,1,1,92,1.0,1.0,1,0,0,0.0,0.0,0.0,-0.0,-0.0,1.0,0.0,11.0,0.0,1.0,0.0,0.0,0.0027284622192382812,0.0027284622192382812,0.0,0.0026235580444335938,0.0,0,f250bfff-98e2-401c-bfad-9a080c4cd6e7,20260816,ecs-strict,benign-plain,0,google
1,1,1,1,110,1.0,1.0,1,0,0,0.0,0.0,0.0,-0.0,-0.0,1.0,0.0,542.0,0.0,1.0,0.0,0.0,0.0019638538360595703,0.0019638538360595703,0.0,0.0017554759979248047,0.0,0,b581fe8d-9c0e-402f-a32c-acf550920c8f,20260816,ecs-strict,benign-plain,0,cloudflare
1,1,1,1,128,1.0,1.0,1,0,0,0.0,0.0,0.0,-0.0,-0.0,1.0,0.0,300.0,0.0,1.0,0.0,0.0,0.014157772064208984,0.014157772064208984,0.0,0.014074087142944336,0.0,0,cef8e943-2c38-4293-89c7-3adaacd8c018,20260816,ecs-strict,benign-plain,0,quad9
1,1,1,1,102,1.0,1.0,1,0,0,0.0,0.0,0.0,-0.0,-0.0,1.0,0.0,240.0,0.0,1.0,0.0,0.0,0.0022940635681152344,0.0022940635681152344,0.0,0.0021538734436035156,0.0,0,4cc4191e-8697-40ef-8b99-41d71a50f638,20260816,ecs-strict,benign-plain,0,google
1,1,1,1,88,1.0,1.0,1,0,0,0.0,0.0,0.0,-0.0,-0.0,1.0,0.0,56.0,0.0,1.0,0.0,0.0,0.0020279884338378906,0.0020279884338378906,0.0,0.0018382072448730469,0.0,0,888b69a5-c846-4fd1-8419-fdf829ab06f3,20260816,ecs-strict,benign-plain,0,opendns
1,1,1,1,124,1.0,1.0,1,0,0,0.0,0.0,0.0,-0.0,-0.0,1.0,0.0,419.0,0.0,1.0,0.0,0.0,0.0013740062713623047,0.0013740062713623047,0.0,0.001241445541381836,0.0,0,b5c0b072-2245-4717-93aa-0faeb4554938,20260816,ecs-strict,benign-plain,0,opendns
1,1,1,1,126,1.0,1.0,1,0,0,0.0,0.0,0.0,-0.0,-0.0,1.0,0.0,175.0,0.0,1.0,0.0,0.0,0.0017325878143310547,0.0017325878143310547,0.0,0.0016331672668457031,0.0,0,1c5bb587-7a64-41e8-abc8-7e6f83349ff8,20260816,ecs-strict,benign-plain,0,cloudflare
1,1,1,1,124,1.0,1.0,1,0,0,0.0,0.0,0.0,-0.0,-0.0,1.0,0.0,745.0,0.0,1.0,0.0,0.0,0.0021300315856933594,0.0021300315856933594,0.0,0.002034902572631836,0.0,0,73d91c62-ccbf-4c5e-8d2e-7018fbb886b3,20260816,ecs-strict,benign-plain,0,opendns
1,1,1,1,106,1.0,1.0,1,0,0,0.0,0.0,0.0,-0.0,-0.0,1.0,0.0,214.0,0.0,1.0,0.0,0.0,0.0016849040985107422,0.0016849040985107422,0.0,0.001592874526977539,0.0,0,a762c23b-1e25-412d-9d6d-fcdb60b75709,20260816,ecs-strict,benign-plain,0,google
1,1,1,1,176,1.0,1.0,1,0,0,0.0,0.0,0.0,-0.0,-0.0,1.0,0.0,4205.0,0.0,1.0,0.0,0.0,0.0017900466918945312,0.0017900466918945312,0.0,0.001720428466796875,0.0,0,9bfd45e2-b259-43b3-b38c-710b5f9bda35,20260816,ecs-strict,benign-plain,0,cloudflare
1,1,1,1,94,1.0,1.0,1,0,0,0.0,0.0,0.0,-0.0,-0.0,1.0,0.0,20.0,0.0,1.0,0.0,0.0,0.002795696258544922,0.002795696258544922,0.0,0.0027120113372802734,0.0,0,f7a37955-44dc-482e-844c-f464484fb492,20260816,ecs-strict,benign-plain,0,google
1,1,1,1,166,1.0,1.0,1,0,0,0.0,0.0,0.0,-0.0,-0.0,1.0,0.0,60.0,0.0,1.0,0.0,0.0,0.015206336975097656,0.015206336975097656,0.0,0.015115022659301758,0.0,0,a7e09f69-a369-4458-8bd0-faba7ff8171b,20260816,ecs-strict,benign-plain,0,google
1,1,1,1,120,1.0,1.0,1,0,0,0.0,0.0,0.0,-0.0,-0.0,1.0,0.0,12.0,0.0,1.0,0.0,0.0,0.0016429424285888672,0.0016429424285888672,0.0,0.0014772415161132812,0.0,0,a71549de-b31f-4e83-9c7c-fb8872ad86f5,20260816,ecs-strict,benign-plain,0,opendns
1,1,1,1,134,1.0,1.0,1,0,0,0.0,0.0,0.0,-0.0,-0.0,1.0,0.0,298.0,0.0,1.0,0.0,0.0,0.0012202262878417969,0.0012202262878417969,0.0,0.001161813735961914,0.0,0,a7ae118f-7c17-4228-80e2-90590e01fc2d,20260816,ecs-strict,benign-plain,0,google
1,1,1,1,86,1.0,1.0,1,0,0,0.0,0.0,0.0,-0.0,-0.0,1.0,0.0,1082.0,0.0,1.0,0.0,0.0,0.0012810230255126953,0.0012810230255126953,0.0,0.0012056827545166016,0.0,0,97e3a802-4d03-4875-9cfa-c5a5ebab2151,20260816,ecs-strict,benign-plain,0,google
1,1,1,1,136,1.0,1.0,1,0,0,0.0,0.0,0.0,-0.0,-0.0,1.0,0.0,60.0,0.0,1.0,0.0,0.0,0.03551077842712402,0.03551077842712402,0.0,0.03540301322937012,0.0,0,a89e9ef0-4dfe-4218-9004-7f276325c6de,20260816,ecs-strict,benign-plain,0,quad9
1,1,1,1,128,1.0,1.0,1,0,0,0.0,0.0,0.0,-0.0,-0.0,1.0,0.0,147.0,0.0,1.0,0.0,0.0,0.00176239013671875,0.00176239013671875,0.0,0.0015871524810791016,0.0,0,3a4beada-90cc-46a4-aafe-0cd6c32c4ddf,20260816,ecs-strict,benign-plain,0,google
1,1,1,1,86,1.0,1.0,1,0,0,0.0,0.0,0.0,-0.0,-0.0,1.0,0.0,248.0,0.0,1.0,0.0,0.0,0.0018565654754638672,0.0018565654754638672,0.0,0.001722097396850586,0.0,0,b00e8ed2-8110-4c9d-afe4-ce30b172bb6a,20260816,ecs-strict,benign-plain,0,opendns
1,1,1,1,114,1.0,1.0,1,0,0,0.0,0.0,0.0,-0.0,-0.0,1.0,0.0,149.0,0.0,1.0,0.0,0.0,0.001581430435180664,0.001581430435180664,0.0,0.0014581680297851562,0.0,0,8842f22f-5cc7-4bfd-862c-e65b27b35f4c,20260816,ecs-strict,benign-plain,0,cloudflare
1,1,1,1,144,1.0,1.0,1,0,0,0.0,0.0,0.0,-0.0,-0.0,1.0,0.0,60.0,0.0,1.0,0.0,0.0,0.020815610885620117,0.020815610885620117,0.0,0.020696640014648438,0.0,0,9917d6cb-ce77-4fe9-99da-f4d3d1524503,20260816,ecs-strict,benign-plain,0,google
1,1,1,1,112,1.0,1.0,1,0,0,0.0,0.0,0.0,-0.0,-0.0,1.0,0.0,4.0,0.0,1.0,0.0,0.0,0.002127408981323242,0.002127408981323242,0.0,0.0020105838775634766,0.0,0,c8d645da-7772-4f9f-9669-df0795b29cbb,20260816,ecs-strict,benign-plain,0,google
1,1,1,1,184,1.0,1.0,1,0,0,0.0,0.0,0.0,-0.0,-0.0,1.0,0.0,300.0,0.0,1.0,0.0,0.0,0.0032300949096679688,0.0032300949096679688,0.0,0.0031621456146240234,0.0,0,5c9ef25e-c96e-4ba2-a5da-0bac2eebd680,20260816,ecs-strict,benign-plain,0,cloudflare
1,1,1,1,184,1.0,1.0,1,0,0,0.0,0.0,0.0,-0.0,-0.0,1.0,0.0,127.0,0.0,1.0,0.0,0.0,0.0015251636505126953,0.0015251636505126953,0.0,0.001444101333618164,0.0,0,5fe12f8c-3c3f-47be-9904-ded0713a21ac,20260816,ecs-strict,benign-plain,0,cloudflare
1,1,1,1,92,1.0,1.0,1,0,0,0.0,0.0,0.0,-0.0,-0.0,1.0,0.0,300.0,0.0,1.0,0.0,0.0,0.0025255680084228516,0.0025255680084228516,0.0,0.002440929412841797,0.0,0,dc80b3e0-4648-4ad7-ac89-229b803af5ca,20260816,ecs-strict,benign-plain,0,google
1,1,1,1,146,1.0,1.0,1,0,0,0.0,0.0,0.0,-0.0,-0.0,1.0,0.0,60.0,0.0,1.0,0.0,0.0,0.03103351593017578,0.03103351593017578,0.0,0.030951976776123047,0.0,0,ade7d483-8de6-4f95-a1e6-8c4e5403dbf2,20260816,ecs-strict,benign-plain,0,quad9
1,1,1,1,112,1.0,1.0,1,0,0,0.0,0.0,0.0,-0.0,-0.0,1.0,0.0,120.0,0.0,1.0,0.0,0.0,0.01374363899230957,0.01374363899230957,0.0,0.01364755630493164,0.0,0,8ed9a5df-189c-491a-b032-e59089ad01ad,20260816,ecs-strict,benign-plain,0,quad9
1,1,1,1,98,1.0,1.0,1,0,0,0.0,0.0,0.0,-0.0,-0.0,1.0,0.0,4851.0,0.0,1.0,0.0,0.0,0.0017292499542236328,0.0017292499542236328,0.0,0.0016026496887207031,0.0,0,b7732d47-f715-40e2-8022-c9c319a670fb,20260816,ecs-strict,benign-plain,0,quad9
1,1,1,1,88,1.0,1.0,1,0,0,0.0,0.0,0.0,-0.0,-0.0,1.0,0.0,892.0,0.0,1.0,0.0,0.0,0.001802206039428711,0.001802206039428711,0.0,0.0016319751739501953,0.0,0,1579ba87-4a9a-47b0-8834-41f6923eb7c9,20260816,ecs-strict,benign-plain,0,cloudflare
1,1,1,1,112,1.0,1.0,1,0,0,0.0,0.0,0.0,-0.0,-0.0,1.0,0.0,20.0,0.0,1.0,0.0,0.0,0.012813329696655273,0.012813329696655273,0.0,0.012753725051879883,0.0,0,d7241e7c-62fb-4ef7-8ffa-6ad2556f0a3b,20260816,ecs-strict,benign-plain,0,cloudflare
1,1,1,1,96,1.0,1.0,1,0,0,0.0,0.0,0.0,-0.0,-0.0,1.0,0.0,120.0,0.0,1.0,0.0,0.0,0.0018177032470703125,0.0018177032470703125,0.0,0.0016832351684570312,0.0,0,383ce75c-5cdc-4f9f-909e-70977be75a18,20260816,ecs-strict,benign-plain,0,google
1,1,1,1,104,1.0,1.0,1,0,0,0.0,0.0,0.0,-0.0,-0.0,1.0,0.0,1396.0,0.0,1.0,0.0,0.0,0.0016167163848876953,0.0016167163848876953,0.0,0.0015366077423095703,0.0,0,d8779aab-fadb-4240-8e6d-3bce04a19771,20260816,ecs-strict,benign-plain,0,opendns
1,1,1,1,112,1.0,1.0,1,0,0,0.0,0.0,0.0,-0.0,-0.0,1.0,0.0,300.0,0.0,1.0,0.0,0.0,0.0034041404724121094,0.0034041404724121094,0.0,0.003333568572998047,0.0,0,44eb8719-e1e7-491b-a5b2-9f4d7089455b,20260816,ecs-strict,benign-plain,0,opendns
1,1,1,1,132,1.0,1.0,1,0,0,0.0,0.0,0.0,-0.0,-0.0,1.0,0.0,154.0,0.0,1.0,0.0,0.0,0.0024089813232421875,0.0024089813232421875,0.0,0.002335071563720703,0.0,0,3939b640-2b31-4703-905f-501c99d0b82f,20260816,ecs-strict,benign-plain,0,google
1,1,1,1,104,1.0,1.0,1,0,0,0.0,0.0,0.0,-0.0,-0.0,1.0,0.0,300.0,0.0,1.0,0.0,0.0,0.013763666152954102,0.013763666152954102,0.0,0.013684749603271484,0.0,0,4e2fdcd0-75c8-44b5-8072-67ea27c1a87a,20260816,ecs-strict,benign-plain,0,quad9
3,3,1,3,244,0.3333333333333333,1.0,1,1,1,1.0,0.0,0.0,-0.0,-0.0,0.3333333333333333,0.0,167.0,0.0,0.3333333333333333,0.0,0.6666666666666666,0.0014272530873616536,0.0016250133514404297,0.1271577029990681,0.0013763904571533203,0.0,0,bd44e2c4-1715-4c99-be3b-8c7e21419be3,20260816,ecs-strict,benign-ecs-stable,0,cloudflare
3,3,1,3,512,0.3333333333333333,1.0,1,1,1,1.0,0.0,0.0,-0.0,-0.0,0.3333333333333333,0.0,300.0,0.0,0.3333333333333333,0.0,0.6666666666666666,0.0023321310679117837,0.002497220039367676,0.06165197345483229,0.0023794174194335938,0.0,0,193bd90b-47d7-48c1-9864-747da2dee63a,20260816,ecs-strict,benign-ecs-stable,0,google
3,3,1,3,416,0.3333333333333333,1.0,1,1,1,1.0,0.0,0.0,-0.0,-0.0,0.3333333333333333,0.0,60.0,0.0,0.3333333333333333,0.0,0.6666666666666666,0.03460566202799479,0.03477532863616943,0.00449583282746812,0.0347139835357666,0.0,0,5073c441-e04d-401d-a73d-44bafd9e68c8,20260816,ecs-strict,benign-ecs-stable,0,opendns
3,3,1,3,416,0.3333333333333333,1.0,1,1,1,1.0,0.0,0.0,-0.0,-0.0,0.3333333333333333,0.0,60.0,0.0,0.3333333333333333,0.0,0.6666666666666666,0.01645501454671224,0.016610145568847656,0.00856518940079661,0.016398191452026367,0.0,0,ae5afde4-ce56-49b7-b0bb-e4de96b7f6cc,20260816,ecs-strict,benign-ecs-stable,0,opendns
3,3,1,3,396,0.3333333333333333,1.0,1,1,1,1.0,0.0,0.0,-0.0,-0.0,0.3333333333333333,0.0,60.0,0.0,0.3333333333333333,0.0,0.6666666666666666,0.03125135103861491,0.03140714168548584,0.004433803135907033,0.031183242797851562,0.0,0,74145d4d-e06c-4f65-a2a5-6851b97ff5cc,20260816,ecs-strict,benign-ecs-stable,0,opendns
3,3,1,3,232,0.3333333333333333,1.0,1,1,1,1.0,0.0,0.0,-0.0,-0.0,0.3333333333333333,0.0,1406.0,0.0,0.3333333333333333,0.0,0.6666666666666666,0.002268632253011068,0.002442455291748047,0.06994027056786854,0.0021598339080810547,0.0,0,b51ce13c-8dec-43f8-9d4b-f4c4857cfc36,20260816,ecs-strict,benign-ecs-stable,0,opendns
3,3,1,3,516,0.3333333333333333,1.0,1,1,1,1.0,0.0,0.0,-0.0,-0.0,0.3333333333333333,0.0,300.0,0.0,0.3333333333333333,0.0,0.6666666666666666,0.002917210261027018,0.0031307220458984377,0.06421857694335176,0.003047943115234375,0.0,0,ee98dfff-06b4-4df4-a0f6-4a959c76be2c,20260816,ecs-strict,benign-ecs-stable,0,cloudflare
3,3,1,3,464,0.3333333333333333,1.0,1,1,1,1.0,0.0,0.0,-0.0,-0.0,0.3333333333333333,0.0,300.0,0.0,0.3333333333333333,0.0,0.6666666666666666,0.0025686422983805337,0.0027624130249023437,0.06862577430431599,0.002701997756958008,0.0,0,6e5e7b0f-19a9-4586-9b9c-829d93b2c9f7,20260816,ecs-strict,benign-ecs-stable,0,opendns
3,3,1,3,380,0.3333333333333333,1.0,1,1,1,1.0,0.0,0.0,-0.0,-0.0,0.3333333333333333,0.0,60.0,0.0,0.3333333333333333,0.0,0.6666666666666666,0.03547342618306478,0.03560328483581543,0.0032406803196692734,0.035408735275268555,0.0,0,0af335b6-6696-4cf1-a985-b9279fb32c77,20260816,ecs-strict,benign-ecs-stable,0,quad9
3,3,1,3,244,0.3333333333333333,1.0,1,1,1,1.0,0.0,0.0,-0.0,-0.0,0.3333333333333333,0.0,282.0,0.0,0.3333333333333333,0.0,0.6666666666666666,0.001978317896525065,0.002184343338012695,0.08976749638804275,0.0018672943115234375,0.0,0,0dae4743-9a64-425a-96e0-1cbd73ddc78a,20260816,ecs-strict,benign-ecs-stable,0,google
3,3,1,3,256,0.3333333333333333,1.0,1,1,1,1.0,0.0,0.0,-0.0,-0.0,0.3333333333333333,0.0,209.0,0.0,0.3333333333333333,0.0,0.6666666666666666,0.0016545454661051433,0.0018306016921997071,0.09701346118297945,0.0015969276428222656,0.0,0,a85b016a-1675-4e75-ac0c-ac6df77af4fe,20260816,ecs-strict,benign-ecs-stable,0,google
3,3,1,3,412,0.3333333333333333,1.0,1,1,1,1.0,0.0,0.0,-0.0,-0.0,0.3333333333333333,0.0,60.0,0.0,0.3333333333333333,0.0,0.6666666666666666,0.015334765116373697,0.015464687347412109,0.007524831733631843,0.015270709991455078,0.0,0,ce6d7879-c342-46ab-a3ad-66d22be8c1aa,20260816,ecs-strict,benign-ecs-stable,0,google
3,3,1,3,256,0.3333333333333333,1.0,1,1,1,1.0,0.0,0.0,-0.0,-0.0,0.3333333333333333,0.0,4851.0,0.0,0.3333333333333333,0.0,0.6666666666666666,0.0017982323964436848,0.002101635932922363,0.1400832921302742,0.0017552375793457031,0.0,0,37f68546-ac4e-49c5-98a8-238883f56330,20260816,ecs-strict,benign-ecs-stable,0,cloudflare
3,3,1,3,617,0.3333333333333333,1.0,1,1,1,1.0,0.0,0.0,-0.0,-0.0,0.3333333333333333,0.0,257.0,0.0,0.3333333333333333,0.0,0.6666666666666666,0.00260011355082194,0.0028101205825805664,0.069421401801197,0.002714395523071289,0.0,0,bad702b1-6ab9-479d-92da-df64e289c7dc,20260816,ecs-strict,benign-ecs-stable,0,opendns
3,3,1,3,268,0.3333333333333333,1.0,1,1,1,1.0,0.0,0.0,-0.0,-0.0,0.3333333333333333,0.0,300.0,0.0,0.3333333333333333,0.0,0.6666666666666666,0.00308076540629069,0.0032526493072509766,0.0514675116847389,0.003041505813598633,0.0,0,5efc6356-7b75-4dd2-a016-c06e3fc4a75e,20260816,ecs-strict,benign-ecs-stable,0,opendns
3,3,1,3,404,0.3333333333333333,1.0,1,1,1,1.0,0.0,0.0,-0.0,-0.0,0.3333333333333333,0.0,60.0,0.0,0.3333333333333333,0.0,0.6666666666666666,0.01671465237935384,0.01692531108856201,0.011169275698519394,0.01663351058959961,0.0,0,f00805ad-a4c4-4093-bce4-79b17cb3d080,20260816,ecs-strict,benign-ecs-stable,0,opendns
3,3,1,3,512,0.3333333333333333,1.0,1,1,1,1.0,0.0,0.0,-0.0,-0.0,0.3333333333333333,0.0,282.0,0.0,0.3333333333333333,0.0,0.6666666666666666,0.0021349589029947915,0.0025890111923217774,0.21090914299997143,0.00237274169921875,0.0,0,0840fb4f-45c0-4748-acaa-71daa563d978,20260816,ecs-strict,benign-ecs-stable,0,quad9
3,3,1,3,524,0.3333333333333333,1.0,1,1,1,1.0,0.0,0.0,-0.0,-0.0,0.3333333333333333,0.0,300.0,0.0,0.3333333333333333,0.0,0.6666666666666666,0.0030602614084879556,0.003296566009521484,0.06728217245071191,0.002990245819091797,0.0,0,4c6c743a-7d88-4cd0-9dad-5bdf1f523615,20260816,ecs-strict,benign-ecs-stable,0,opendns
3,3,1,3,244,0.3333333333333333,1.0,1,1,1,1.0,0.0,0.0,-0.0,-0.0,0.3333333333333333,0.0,300.0,0.0,0.3333333333333333,0.0,0.6666666666666666,0.0037829081217447915,0.0039816141128540036,0.046130330363247526,0.0036802291870117188,0.0,0,aafc5348-eaf9-410c-a282-398b8447755c,20260816,ecs-strict,benign-ecs-stable,0,cloudflare
3,3,1,3,532,0.3333333333333333,1.0,1,1,1,1.0,0.0,0.0,-0.0,-0.0,0.3333333333333333,0.0,300.0,0.0,0.3333333333333333,0.0,0.6666666666666666,0.0038585662841796875,0.00415031909942627,0.06315932812207663,0.004085540771484375,0.0,0,6e2b2d1c-84e5-4832-8894-353ebcaf1dc1,20260816,ecs-strict,benign-ecs-stable,0,cloudflare
3,3,1,3,412,0.3333333333333333,1.0,1,1,1,1.0,0.0,0.0,-0.0,-0.0,0.3333333333333333,0.0,60.0,0.0,0.3333333333333333,0.0,0.6666666666666666,0.04436000188191732,0.04452226161956787,0.0033264292314686725,0.04430055618286133,0.0,0,d3bed2f7-3139-4275-85b4-f23ac5e2dc69,20260816,ecs-strict,benign-ecs-stable,0,cloudflare
3,3,1,3,396,0.3333333333333333,1.0,1,1,1,1.0,0.0,0.0,-0.0,-0.0,0.3333333333333333,0.0,300.0,0.0,0.3333333333333333,0.0,0.6666666666666666,0.0035827954610188804,0.0039211750030517575,0.07922994413542474,0.003550291061401367,0.0,0,8145e6ab-8769-4686-b2fc-8858c14ac8a5,20260816,ecs-strict,benign-ecs-stable,0,cloudflare
3,3,1,3,554,0.3333333333333333,1.0,1,1,1,1.0,0.0,0.0,-0.0,-0.0,0.3333333333333333,0.0,203.0,0.23338873536423163,0.3333333333333333,0.0,0.6666666666666666,0.0011944770812988281,0.0013778924942016602,0.13648851851879007,0.0013074874877929688,0.0,0,76018813-d982-4723-b16c-c191e2867a9a,20260816,ecs-strict,benign-ecs-stable,0,quad9
3,3,1,3,256,0.3333333333333333,1.0,1,1,1,1.0,0.0,0.0,-0.0,-0.0,0.3333333333333333,0.0,60.0,0.0,0.3333333333333333,0.0,0.6666666666666666,0.013114611307779947,0.013274812698364257,0.010424645364316464,0.013208627700805664,0.0,0,d1cbcd99-3384-44a5-aa3a-a521083432e9,20260816,ecs-strict,benign-ecs-stable,0,google
3,3,1,3,440,0.3333333333333333,1.0,1,1,1,1.0,0.0,0.0,-0.0,-0.0,0.3333333333333333,0.0,60.0,0.0,0.3333333333333333,0.0,0.6666666666666666,0.014894326527913412,0.015093755722045899,0.011838345452708095,0.014961719512939453,0.0,0,124c3480-97eb-4460-80dc-bcefc0a7a0f1,20260816,ecs-strict,benign-ecs-stable,0,opendns
3,3,1,3,520,0.3333333333333333,1.0,1,1,1,1.0,0.0,0.0,-0.0,-0.0,0.3333333333333333,0.0,300.0,0.0,0.3333333333333333,0.0,0.6666666666666666,0.012385209401448568,0.012530303001403809,0.010173061002788654,0.01232600212097168,0.0,0,29c13793-9b3f-4af4-8838-a94d99625d98,20260816,ecs-strict,benign-ecs-stable,0,opendns
3,3,1,3,260,0.3333333333333333,1.0,1,1,1,1.0,0.0,0.0,-0.0,-0.0,0.3333333333333333,0.0,210.0,0.0,0.3333333333333333,0.0,0.6666666666666666,0.0012982686360677083,0.001466822624206543,0.10976559632847144,0.0013880729675292969,0.0,0,30e89ed2-57c8-4b1f-93c9-1c4b2ac991ff,20260816,ecs-strict,benign-ecs-stable,0,quad9
3,3,1,3,440,0.3333333333333333,1.0,1,1,1,1.0,0.0,0.0,-0.0,-0.0,0.3333333333333333,0.0,60.0,0.0,0.3333333333333333,0.0,0.6666666666666666,0.03594541549682617,0.03608889579772949,0.0036535364213183194,0.035863399505615234,0.0,0,1d0cccf8-a961-411e-ab49-21ce03a13bad,20260816,ecs-strict,benign-ecs-stable,0,opendns
3,3,1,3,240,0.3333333333333333,1.0,1,1,1,1.0,0.0,0.0,-0.0,-0.0,0.3333333333333333,0.0,16.0,0.0,0.3333333333333333,0.0,0.6666666666666666,0.0020209153493245444,0.0022456169128417967,0.09850975621590138,0.0020639896392822266,0.0,0,065818ae-edc6-4d6d-9af2-5dbc697ba523,20260816,ecs-strict,benign-ecs-stable,0,cloudflare
3,3,1,3,392,0.3333333333333333,1.0,1,1,1,1.0,0.0,0.0,-0.0,-0.0,0.3333333333333333,0.0,60.0,0.0,0.3333333333333333,0.0,0.6666666666666666,0.015455325444539389,0.015631794929504395,0.010261453292667064,0.015389204025268555,0.0,0,db554a23-fa92-4500-8883-a2d1eb76ade0,20260816,ecs-strict,benign-ecs-stable,0,google
3,3,1,3,256,0.3333333333333333,1.0,1,1,1,1.0,0.0,0.0,-0.0,-0.0,0.3333333333333333,0.0,231.0,0.0,0.3333333333333333,0.0,0.6666666666666666,0.0017569859822591145,0.0020340919494628907,0.13581875951023584,0.0019233226776123047,0.0,0,313583b4-bfad-4c5c-a274-677df5c61144,20260816,ecs-strict,benign-ecs-stable,0,cloudflare
3,3,1,3,524,0.3333333333333333,1.0,1,1,1,1.0,0.0,0.0,-0.0,-0.0,0.3333333333333333,0.0,300.0,0.0,0.3333333333333333,0.0,0.6666666666666666,0.0031512578328450522,0.0032892704010009767,0.03882362331502196,0.003085613250732422,0.0,0,0a101fcd-f551-4a77-991e-327622149b88,20260816,ecs-strict,benign-ecs-stable,0,quad9
3,3,1,3,256,0.3333333333333333,1.0,1,1,1,1.0,0.0,0.0,-0.0,-0.0,0.3333333333333333,0.0,60.0,0.0,0.3333333333333333,0.0,0.6666666666666666,0.01902016003926595,0.019286489486694335,0.011943008331211641,0.01889491081237793,0.0,0,663e2427-799a-4966-9a89-de692d5a503d,20260816,ecs-strict,benign-ecs-stable,0,google
3,3,1,3,400,0.3333333333333333,1.0,1,1,1,1.0,0.0,0.0,-0.0,-0.0,0.3333333333333333,0.0,60.0,0.0,0.3333333333333333,0.0,0.6666666666666666,0.04340410232543945,0.043595385551452634,0.003989466159051229,0.04349231719970703,0.0,0,ae35e389-6269-4b97-8095-22ab1f8ff7ac,20260816,ecs-strict,benign-ecs-stable,0,quad9
3,3,1,3,504,0.3333333333333333,1.0,1,1,1,1.0,0.0,0.0,-0.0,-0.0,0.3333333333333333,0.0,300.0,0.0,0.3333333333333333,0.0,0.6666666666666666,0.004187822341918945,0.004376602172851562,0.03953687799090225,0.0041046142578125,0.0,0,4129274e-85dd-4a6f-a4c0-453c8ddcc145,20260816,ecs-strict,benign-ecs-stable,0,google
3,3,1,3,512,0.3333333333333333,1.0,1,1,1,1.0,0.0,0.0,-0.0,-0.0,0.3333333333333333,0.0,132.0,0.0,0.3333333333333333,0.0,0.6666666666666666,0.001785596211751302,0.0020625829696655274,0.13422967530614824,0.0017981529235839844,0.0,0,5af39130-5624-431b-9727-16cf068d1c71,20260816,ecs-strict,benign-ecs-stable,0,cloudflare
3,3,1,3,508,0.3333333333333333,1.0,1,1,1,1.0,0.0,0.0,-0.0,-0.0,0.3333333333333333,0.0,300.0,0.0,0.3333333333333333,0.0,0.6666666666666666,0.012018839518229166,0.01223130226135254,0.016083851700314858,0.011942625045776367,0.0,0,af60c635-13e8-442a-b2cf-946fe0ce231e,20260816,ecs-strict,benign-ecs-stable,0,google
3,3,1,3,292,0.3333333333333333,1.0,1,1,1,1.0,0.0,0.0,-0.0,-0.0,0.3333333333333333,0.0,279.0,0.0,0.3333333333333333,0.0,0.6666666666666666,0.00235899289449056,0.002633953094482422,0.10510135044213038,0.002541065216064453,0.0,0,0c1afb2b-06b0-424d-a2f8-437d47ebe784,20260816,ecs-strict,benign-ecs-stable,0,cloudflare
3,3,1,3,508,0.3333333333333333,1.0,1,1,1,1.0,0.0,0.0,-0.0,-0.0,0.3333333333333333,0.0,300.0,0.0,0.3333333333333333,0.0,0.6666666666666666,0.0033445358276367188,0.0035213947296142576,0.04532818057133854,0.0034608840942382812,0.0,0,b3a1632d-03e9-4d99-8e3a-3faf417920f0,20260816,ecs-strict,benign-ecs-stable,0,opendns
3,3,1,3,284,0.3333333333333333,1.0,1,1,1,1.0,0.0,0.0,-0.0,-0.0,0.3333333333333333,0.0,300.0,0.0,0.3333333333333333,0.0,0.6666666666666666,0.003279527028401693,0.0034316301345825194,0.042989536196035495,0.003245830535888672,0.0,0,815b4699-6d5c-4296-b325-055f32c317aa,20260816,ecs-strict,benign-ecs-stable,0,opendns
3,3,1,3,260,0.3333333333333333,1.0,1,1,1,1.0,0.0,0.0,-0.0,-0.0,0.3333333333333333,0.0,1.0,0.0,0.3333333333333333,0.0,0.6666666666666666,0.0022220611572265625,0.0023824691772460936,0.06597656847072568,0.0021669864654541016,0.0,0,081f6df2-4fc3-4e9d-b4e2-22d3f39fb8bb,20260816,ecs-strict,benign-ecs-stable,0,opendns
1,1,1,1,116,1.0,1.0,0,0,0,0.0,0.0,0.0,-0.0,-0.0,1.0,0.0,17.0,0.0,1.0,0.0,0.0,2.503410577774048,2.503410577774048,0.0,0.0,0.0,0,f71c1deb-1b24-41da-a067-9e42aeba3d3d,20260816,ecs-strict,benign-plain,0,opendns
3,3,1,3,361,0.3333333333333333,1.0,1,1,1,1.0,0.0,0.0,-0.0,-0.0,0.3333333333333333,0.0,136.0,0.0,0.3333333333333333,0.0,0.6666666666666666,0.0019286473592122395,0.002188873291015625,0.11827951574804595,0.0017697811126708984,0.0,0,1c8edd4a-cfbb-47e3-a4a7-de728a1020c3,20260816,ecs-strict,benign-ecs-stable,0,opendns
1,1,1,1,96,1.0,1.0,0,0,0,0.0,0.0,0.0,-0.0,-0.0,1.0,0.0,300.0,0.0,1.0,0.0,0.0,2.5146470069885254,2.5146470069885254,0.0,0.0,0.0,0,91bad338-c0c5-4af7-aef8-3e91a87ded17,20260816,ecs-strict,benign-plain,0,opendns
3,3,1,3,260,0.3333333333333333,1.0,1,1,1,1.0,0.0,0.0,-0.0,-0.0,0.3333333333333333,0.0,42.0,0.0,0.3333333333333333,0.0,0.6666666666666666,0.0025300979614257812,0.002774810791015625,0.08759782141147716,0.0024514198303222656,0.0,0,d57763d4-eaaf-4351-9c60-9f84c67c7d7a,20260816,ecs-strict,benign-ecs-stable,0,google
3,3,1,3,392,0.3333333333333333,1.0,1,1,1,1.0,0.0,0.0,-0.0,-0.0,0.3333333333333333,0.0,60.0,0.0,0.3333333333333333,0.0,0.6666666666666666,0.03091740608215332,0.03109431266784668,0.004952807837303872,0.030829429626464844,0.0,0,a31a1e70-aea3-43d7-a6d5-2e58936c4818,20260816,ecs-strict,benign-ecs-stable,0,quad9
1,1,1,1,104,1.0,1.0,0,0,0,0.0,0.0,0.0,-0.0,-0.0,1.0,0.0,21566.0,0.0,1.0,0.0,0.0,2.505338668823242,2.505338668823242,0.0,0.0,0.0,0,98d5dfc4-b3bd-4f99-84df-a368905490f3,20260816,ecs-strict,benign-plain,0,google
3,3,1,3,244,0.3333333333333333,1.0,1,1,1,1.0,0.0,0.0,-0.0,-0.0,0.3333333333333333,0.0,300.0,0.0,0.3333333333333333,0.0,0.6666666666666666,0.002924044926961263,0.0038398265838623046,0.260620542709209,0.003437519073486328,0.0,0,99af47f1-851d-480a-92f4-b105f1f8f515,20260816,ecs-strict,benign-ecs-stable,0,quad9
3,3,1,3,244,0.3333333333333333,1.0,1,1,1,1.0,0.0,0.0,-0.0,-0.0,0.3333333333333333,0.0,276.0,0.0,0.3333333333333333,0.0,0.6666666666666666,0.002276341120402018,0.002696728706359863,0.18023964625949254,0.0020020008087158203,0.0,0,5fef9d26-8ad7-438d-9ac2-c39688426f38,20260816,ecs-strict,benign-ecs-stable,0,google
3,3,1,3,554,0.3333333333333333,1.0,1,1,1,1.0,0.0,0.0,-0.0,-0.0,0.3333333333333333,0.0,209.33333333333334,0.14725640791970562,0.3333333333333333,0.0,0.6666666666666666,0.0016034444173177083,0.001768350601196289,0.09201336678559423,0.0013880729675292969,0.0,0,f48395b3-39ae-484c-9204-683115c25cf2,20260816,ecs-strict,benign-ecs-stable,0,quad9
3,3,1,3,252,0.3333333333333333,1.0,1,1,1,1.0,0.0,0.0,-0.0,-0.0,0.3333333333333333,0.0,172.0,0.0,0.3333333333333333,0.0,0.6666666666666666,0.0012431144714355469,0.0014884233474731444,0.17066633969873404,0.0013098716735839844,0.0,0,6d48228e-3bfa-4f95-a941-36a102f23425,20260816,ecs-strict,benign-ecs-stable,0,cloudflare
3,3,1,3,396,0.3333333333333333,1.0,1,1,1,1.0,0.0,0.0,-0.0,-0.0,0.3333333333333333,0.0,60.0,0.0,0.3333333333333333,0.0,0.6666666666666666,0.04293600718180338,0.04324891567230225,0.006276581631628685,0.04281425476074219,0.0,0,808b2186-b9ec-44bc-894e-437f7577d928,20260816,ecs-strict,benign-ecs-stable,0,quad9
3,3,1,3,528,0.3333333333333333,1.0,1,1,1,1.0,0.0,0.0,-0.0,-0.0,0.3333333333333333,0.0,300.0,0.0,0.3333333333333333,0.0,0.6666666666666666,0.01319273312886556,0.01341543197631836,0.014348154468636456,0.013370037078857422,0.0,0,474c708b-1f40-4e8e-947c-c07b2dbcaa73,20260816,ecs-strict,benign-ecs-stable,0,google
1,1,1,1,106,1.0,1.0,0,0,0,0.0,0.0,0.0,-0.0,-0.0,1.0,0.0,300.0,0.0,1.0,0.0,0.0,2.5158655643463135,2.5158655643463135,0.0,0.0,0.0,0,02aa910a-3d00-49ec-835a-326ebda39d2b,20260816,ecs-strict,benign-plain,0,cloudflare
3,3,1,3,412,0.3333333333333333,1.0,1,1,1,1.0,0.0,0.0,-0.0,-0.0,0.3333333333333333,0.0,60.0,0.0,0.3333333333333333,0.0,0.6666666666666666,0.03361662228902181,0.03409738540649414,0.012364266133870578,0.034061431884765625,0.0,0,6c4ddf14-de04-48e5-99af-09e9f0763e25,20260816,ecs-strict,benign-ecs-stable,0,google
3,3,1,3,380,0.3333333333333333,1.0,1,1,1,1.0,0.0,0.0,-0.0,-0.0,0.3333333333333333,0.0,60.0,0.0,0.3333333333333333,0.0,0.6666666666666666,0.03015279769897461,0.03067905902862549,0.014871368147295854,0.030362844467163086,0.0,0,25fd6bc5-539c-4ac3-9c5e-ccae98931ba4,20260816,ecs-strict,benign-ecs-stable,0,cloudflare
3,3,1,3,248,0.3333333333333333,1.0,1,1,1,1.0,0.0,0.0,-0.0,-0.0,0.3333333333333333,0.0,60.0,0.0,0.3333333333333333,0.0,0.6666666666666666,0.01600042978922526,0.01618161201477051,0.010545587130473391,0.01595902442932129,0.0,0,7e0579e9-a2b2-4c61-921c-702f175c1997,20260816,ecs-strict,benign-ecs-stable,0,cloudflare
1,1,1,1,102,1.0,1.0,0,0,0,0.0,0.0,0.0,-0.0,-0.0,1.0,0.0,2618.0,0.0,1.0,0.0,0.0,2.5054311752319336,2.5054311752319336,0.0,0.0,0.0,0,9aa6d7f8-b22f-44c6-ad22-f7b0921aa7db,20260816,ecs-strict,benign-plain,0,quad9
1,1,1,1,92,1.0,1.0,0,0,0,0.0,0.0,0.0,-0.0,-0.0,1.0,0.0,516.0,0.0,1.0,0.0,0.0,2.5051581859588623,2.5051581859588623,0.0,0.0,0.0,0,724f61c0-f4de-400a-9908-9f46e0cbf8e0,20260816,ecs-strict,benign-plain,0,google
1,1,1,1,135,1.0,1.0,0,0,0,0.0,0.0,0.0,-0.0,-0.0,1.0,0.0,9732.5,0.9968147957873106,1.0,0.0,0.0,2.504473924636841,2.504473924636841,0.0,0.0,0.0,0,00d321ac-6e35-4204-b880-082b7f41c2ee,20260816,ecs-strict,benign-plain,0,google
3,3,1,3,516,0.3333333333333333,1.0,1,1,1,1.0,0.0,0.0,-0.0,-0.0,0.3333333333333333,0.0,208.0,0.0,0.3333333333333333,0.0,0.6666666666666666,0.001939694086710612,0.0022917747497558593,0.15471133115661836,0.0019299983978271484,0.0,0,a3085746-2960-404f-9f8e-3319ace017e0,20260816,ecs-strict,benign-ecs-stable,0,quad9
1,1,1,1,104,1.0,1.0,0,0,0,0.0,0.0,0.0,-0.0,-0.0,1.0,0.0,20067.0,0.0,1.0,0.0,0.0,2.5029079914093018,2.5029079914093018,0.0,0.0,0.0,0,9ffeac0c-c569-451f-af93-2d277151f53c,20260816,ecs-strict,benign-plain,0,opendns
1,1,1,1,160,1.0,1.0,0,0,0,0.0,0.0,0.0,-0.0,-0.0,1.0,0.0,12663.0,0.0,1.0,0.0,0.0,2.5051939487457275,2.5051939487457275,0.0,0.0,0.0,0,464ea2b8-25d7-40c4-8229-7fa200f8a1e4,20260816,ecs-strict,benign-plain,0,quad9
3,3,1,3,412,0.3333333333333333,1.0,1,1,1,1.0,0.0,0.0,-0.0,-0.0,0.3333333333333333,0.0,60.0,0.0,0.3333333333333333,0.0,0.6666666666666666,0.015700737635294598,0.016005325317382812,0.0166948474066385,0.015503406524658203,0.0,0,d0091faa-5107-4337-9d65-42eee5f28007,20260816,ecs-strict,benign-ecs-stable,0,google
3,3,1,3,284,0.3333333333333333,1.0,1,1,1,1.0,0.0,0.0,-0.0,-0.0,0.3333333333333333,0.0,300.0,0.0,0.3333333333333333,0.0,0.6666666666666666,0.0038025379180908203,0.00434415340423584,0.12545156409092736,0.0037038326263427734,0.0,0,06d4f78f-6590-4fb5-8a80-bff800ed6972,20260816,ecs-strict,benign-ecs-stable,0,cloudflare
3,3,1,3,504,0.3333333333333333,1.0,1,1,1,1.0,0.0,0.0,-0.0,-0.0,0.3333333333333333,0.0,300.0,0.0,0.3333333333333333,0.0,0.6666666666666666,0.0025668938954671225,0.002817511558532715,0.09540872470560885,0.002526998519897461,0.0,0,124f4a20-f601-407d-a7c1-587fe083528f,20260816,ecs-strict,benign-ecs-stable,0,opendns
3,3,1,3,392,0.3333333333333333,1.0,1,1,1,1.0,0.0,0.0,-0.0,-0.0,0.3333333333333333,0.0,60.0,0.0,0.3333333333333333,0.0,0.6666666666666666,0.030646085739135742,0.03147037029266357,0.022675605391923957,0.030884504318237305,0.0,0,e3c10ff8-497e-44dc-bc5d-1ea4316d7364,20260816,ecs-strict,benign-ecs-stable,0,cloudflare
3,3,1,3,408,0.3333333333333333,1.0,1,1,1,1.0,0.0,0.0,-0.0,-0.0,0.3333333333333333,0.0,60.0,0.0,0.3333333333333333,0.0,0.6666666666666666,0.035749594370524086,0.036808562278747556,0.026831970923561543,0.03662610054016113,0.0,0,c8c7d998-cf8d-4724-a8da-56fa5fd075c9,20260816,ecs-strict,benign-ecs-stable,0,quad9
3,3,1,3,252,0.3333333333333333,1.0,1,1,1,1.0,0.0,0.0,-0.0,-0.0,0.3333333333333333,0.0,21.0,0.0,0.3333333333333333,0.0,0.6666666666666666,0.0014662742614746094,0.001610136032104492,0.08514655015568791,0.0014984607696533203,0.0,0,9d179fd5-771c-4c45-85df-e97a613734ab,20260816,ecs-strict,benign-ecs-stable,0,cloudflare
3,3,1,3,228,0.3333333333333333,1.0,1,1,1,1.0,0.0,0.0,-0.0,-0.0,0.3333333333333333,0.0,255.0,0.0,0.3333333333333333,0.0,0.6666666666666666,0.0016015370686848958,0.001817774772644043,0.1179603271485499,0.0015189647674560547,0.0,0,98166c84-1422-44d2-9597-0c651456eb7d,20260816,ecs-strict,benign-ecs-stable,0,opendns
1,1,1,1,112,1.0,1.0,0,0,0,0.0,0.0,0.0,-0.0,-0.0,1.0,0.0,120.0,0.0,1.0,0.0,0.0,2.5461647510528564,2.5461647510528564,0.0,0.0,0.0,0,ddbbbd7f-69b5-4548-98af-f3cb47e5ede6,20260816,ecs-strict,benign-plain,0,opendns
3,3,1,3,396,0.3333333333333333,1.0,1,1,1,1.0,0.0,0.0,-0.0,-0.0,0.3333333333333333,0.0,60.0,0.0,0.3333333333333333,0.0,0.6666666666666666,0.020681381225585938,0.02098679542541504,0.014065869391756679,0.020551443099975586,0.0,0,2937a87d-416c-44a2-a7ee-c900e0580289,20260816,ecs-strict,benign-ecs-stable,0,opendns
3,3,1,3,300,0.3333333333333333,1.0,1,1,1,1.0,0.0,0.0,-0.0,-0.0,0.3333333333333333,0.0,17.0,0.0,0.3333333333333333,0.0,0.6666666666666666,0.013036171595255533,0.013400101661682129,0.023194466568861486,0.013092994689941406,0.0,0,441b16d1-0ec0-4a30-948f-c8d149496efc,20260816,ecs-strict,benign-ecs-stable,0,google
3,3,1,3,400,0.3333333333333333,1.0,1,1,1,1.0,0.0,0.0,-0.0,-0.0,0.3333333333333333,0.0,60.0,0.0,0.3333333333333333,0.0,0.6666666666666666,0.015137275060017904,0.015524721145629883,0.02894587045562855,0.014881610870361328,0.0,0,ab262bf5-153a-4eff-b329-1ead01d2f614,20260816,ecs-strict,benign-ecs-stable,0,opendns
3,3,1,3,412,0.3333333333333333,1.0,1,1,1,1.0,0.0,0.0,-0.0,-0.0,0.3333333333333333,0.0,60.0,0.0,0.3333333333333333,0.0,0.6666666666666666,0.031058788299560547,0.031266093254089355,0.005823546637586095,0.031155824661254883,0.0,0,5d3bf52c-fded-43e4-808f-b37f098ca44f,20260816,ecs-strict,benign-ecs-stable,0,quad9
3,3,1,3,396,0.3333333333333333,1.0,1,1,1,1.0,0.0,0.0,-0.0,-0.0,0.3333333333333333,0.0,60.0,0.0,0.3333333333333333,0.0,0.6666666666666666,0.020464579264322918,0.02076377868652344,0.012145162858664486,0.02056598663330078,0.0,0,3edb03dc-e2d2-439c-ad7f-c32af425b992,20260816,ecs-strict,benign-ecs-stable,0,quad9
3,3,1,3,284,0.3333333333333333,1.0,1,1,1,1.0,0.0,0.0,-0.0,-0.0,0.3333333333333333,0.0,300.0,0.0,0.3333333333333333,0.0,0.6666666666666666,0.003132025400797526,0.0033807277679443358,0.07309757023297843,0.0032248497009277344,0.0,0,8307dec3-8ea3-4c44-a6ab-dbee74e6e3c3,20260816,ecs-strict,benign-ecs-stable,0,google
3,3,1,3,248,0.3333333333333333,1.0,1,1,1,1.0,0.0,0.0,-0.0,-0.0,0.3333333333333333,0.0,60.0,0.0,0.3333333333333333,0.0,0.6666666666666666,0.0399782657623291,0.04024343490600586,0.005800213247205518,0.04007983207702637,0.0,0,cc189ba2-d39e-4a61-b658-28e86f0abce0,20260816,ecs-strict,benign-ecs-stable,0,cloudflare
3,3,1,3,508,0.3333333333333333,1.0,1,1,1,1.0,0.0,0.0,-0.0,-0.0,0.3333333333333333,0.0,134.0,0.0,0.3333333333333333,0.0,0.6666666666666666,0.001845995585123698,0.0021476984024047852,0.1361372376492298,0.0016870498657226562,0.0,0,4aaebcc6-4e48-49c3-88c2-7fc31041b967,20260816,ecs-strict,benign-ecs-stable,0,opendns
1,1,1,1,150,1.0,1.0,0,0,0,0.0,0.0,0.0,-0.0,-0.0,1.0,0.0,60.0,0.0,1.0,0.0,0.0,2.518662214279175,2.518662214279175,0.0,0.0,0.0,0,dc912cb7-6e9c-4e33-9717-f6cfed932d9d,20260816,ecs-strict,benign-plain,0,opendns
1,1,1,1,195,1.0,1.0,0,0,0,0.0,0.0,0.0,-0.0,-0.0,1.0,0.0,1095.8,1.257230223073495,1.0,0.0,0.0,2.7252166271209717,2.7252166271209717,0.0,0.0,0.0,0,faf87c73-7a9f-4f99-992b-c1c54029f5d8,20260816,ecs-strict,benign-plain,0,google
3,3,1,3,388,0.3333333333333333,1.0,1,1,1,1.0,0.0,0.0,-0.0,-0.0,0.3333333333333333,0.0,1.0,0.0,0.3333333333333333,0.0,0.6666666666666666,0.0012595653533935547,0.0015359878540039062,0.22929200463802712,0.0014116764068603516,0.0,0,fd356c85-255e-44b8-bec6-7959710e2135,20260816,ecs-strict,benign-ecs-stable,0,google
3,3,1,3,300,0.3333333333333333,1.0,1,1,1,1.0,0.0,0.0,-0.0,-0.0,0.3333333333333333,0.0,300.0,0.0,0.3333333333333333,0.0,0.6666666666666666,0.0036650498708089194,0.004089903831481933,0.09820317524448594,0.003669261932373047,0.0,0,5d5c9c45-9cd5-4689-845d-83c3da140ced,20260816,ecs-strict,benign-ecs-stable,0,opendns
3,3,1,3,512,0.3333333333333333,1.0,1,1,1,1.0,0.0,0.0,-0.0,-0.0,0.3333333333333333,0.0,134.0,0.0,0.3333333333333333,0.0,0.6666666666666666,0.0017580986022949219,0.002074575424194336,0.15563597064994414,0.0016231536865234375,0.0,0,06e4de60-9139-4898-805d-be5a76655b3e,20260816,ecs-strict,benign-ecs-stable,0,cloudflare
3,3,1,3,244,0.3333333333333333,1.0,1,1,1,1.0,0.0,0.0,-0.0,-0.0,0.3333333333333333,0.0,300.0,0.0,0.3333333333333333,0.0,0.6666666666666666,0.0029283364613850913,0.003157949447631836,0.07010748949287479,0.0027828216552734375,0.0,0,7c6594fd-4571-41cf-a1e9-1c60de3ff2a2,20260816,ecs-strict,benign-ecs-stable,0,google
3,3,1,3,554,0.3333333333333333,1.0,1,1,1,1.0,0.0,0.0,-0.0,-0.0,0.3333333333333333,0.0,209.0,0.14932522999356204,0.3333333333333333,0.0,0.6666666666666666,0.0015591780344645183,0.0018055200576782226,0.13919754808654886,0.0014748573303222656,0.0,0,f8e5a5f6-de4f-40b5-8a3a-ad7981011d2e,20260816,ecs-strict,benign-ecs-stable,0,quad9
3,3,1,3,300,0.3333333333333333,1.0,1,1,1,1.0,0.0,0.0,-0.0,-0.0,0.3333333333333333,0.0,20.0,0.0,0.3333333333333333,0.0,0.6666666666666666,0.012337684631347656,0.01275179386138916,0.029534341647300434,0.012485504150390625,0.0,0,24358491-5e86-405d-b0fb-6d2b8585e2e0,20260816,ecs-strict,benign-ecs-stable,0,quad9
3,3,1,3,388,0.3333333333333333,1.0,1,1,1,1.0,0.0,0.0,-0.0,-0.0,0.3333333333333333,0.0,60.0,0.0,0.3333333333333333,0.0,0.6666666666666666,0.035728772481282554,0.03596627712249756,0.005581661852305196,0.03577780723571777,0.0,0,a2b6a026-5e0e-4eca-a78f-4c8f955256a3,20260816,ecs-strict,benign-ecs-stable,0,opendns
3,3,1,3,508,0.3333333333333333,1.0,1,1,1,1.0,0.0,0.0,-0.0,-0.0,0.3333333333333333,0.0,300.0,0.0,0.3333333333333333,0.0,0.6666666666666666,0.0036057631174723306,0.003962826728820801,0.09074842876139455,0.0035059452056884766,0.0,0,8533fef3-852a-4954-8c40-e649038028eb,20260816,ecs-strict,benign-ecs-stable,0,quad9
3,3,1,3,412,0.3333333333333333,1.0,1,1,1,1.0,0.0,0.0,-0.0,-0.0,0.3333333333333333,0.0,60.0,0.0,0.3333333333333333,0.0,0.6666666666666666,0.01581430435180664,0.01601247787475586,0.011108182095579894,0.015734195709228516,0.0,0,75654444-34a6-4470-b5a1-ce5f52fbf7fc,20260816,ecs-strict,benign-ecs-stable,0,opendns
3,3,1,3,532,0.3333333333333333,1.0,0,1,1,1.0,0.0,0.0,-0.0,-0.0,0.3333333333333333,0.0,161.0,0.0,0.3333333333333333,0.0,0.6666666666666666,2.5049362977345786,2.5051950931549074,9.177864837207822e-05,0.0,0.0,0,c327a712-b6c9-4e83-9354-70625470bd7e,20260816,ecs-strict,benign-ecs-stable,0,cloudflare
1,1,1,1,108,1.0,1.0,0,0,0,0.0,0.0,0.0,-0.0,-0.0,1.0,0.0,286.0,0.0,1.0,0.0,0.0,5.005399942398071,5.005399942398071,0.0,0.0,0.0,0,93dab1e9-93c2-4820-ac8a-136235a14cdb,20260816,ecs-strict,benign-plain,0,opendns
3,3,1,3,232,0.3333333333333333,1.0,0,1,1,1.0,0.0,0.0,-0.0,-0.0,0.3333333333333333,0.0,508.0,0.0,0.3333333333333333,0.0,0.6666666666666666,2.504083236058553,2.504411768913269,0.00010945761643165055,0.0,0.0,0,2a413fa4-83fb-4156-a5d3-12ca4dd8f1d7,20260816,ecs-strict,benign-ecs-stable,0,opendns
3,3,1,3,776,0.3333333333333333,1.0,0,1,1,1.0,0.0,0.0,-0.0,-0.0,0.3333333333333333,0.0,300.0,0.0,0.3333333333333333,0.0,0.6666666666666666,2.5050083796183267,2.5054778337478636,0.000209617981273293,0.0,0.0,0,fb13f0b8-f510-42a0-8d49-322e268903a5,20260816,ecs-strict,benign-ecs-stable,0,quad9
3,3,1,3,280,0.3333333333333333,1.0,0,1,1,1.0,0.0,0.0,-0.0,-0.0,0.3333333333333333,0.0,300.0,0.0,0.3333333333333333,0.0,0.6666666666666666,2.505319913228353,2.505532956123352,7.38647528798182e-05,0.0,0.0,0,780f69e4-f956-47e7-a3fd-8799f6bbc030,20260816,ecs-strict,benign-ecs-stable,0,cloudflare
4,4,4,4,828,1.0,1.0,4,4,4,1.0,0.0,0.0,1.0,1.0,1.0,0.75,215.3913043478261,0.31495178245553773,0.25,0.0,0.0,0.0031934380531311035,0.004051184654235839,0.2451377750029481,0.0027243494987487793,0.0,0,5d7479a3-8a31-4586-810b-c60d25e03a46,20260816,ecs-strict,benign-ecs-geo,0,cloudflare
4,4,4,4,828,1.0,1.0,4,4,4,1.0,0.0,0.0,1.0,1.0,1.0,0.75,279.0,0.11379575531460605,0.25,0.0,0.0,0.0033174753189086914,0.004263257980346679,0.20542878137369894,0.002981126308441162,0.0,0,ab51b19d-5de5-41f6-9873-122703f9fe09,20260816,ecs-strict,benign-ecs-geo,0,opendns
3,3,1,3,248,0.3333333333333333,1.0,0,1,1,1.0,0.0,0.0,-0.0,-0.0,0.3333333333333333,0.0,60.0,0.0,0.3333333333333333,0.0,0.6666666666666666,2.5144827365875244,2.514662981033325,6.399337157336253e-05,0.0,0.0,0,ade31753-71e6-4660-8bcf-9ba4a4dd7219,20260816,ecs-strict,benign-ecs-stable,0,google
4,4,4,4,472,1.0,1.0,4,4,4,1.0,0.0,0.0,1.0,1.0,0.5,0.25,16.5,0.36740471675703457,0.25,0.0,0.0,0.010165095329284668,0.013142216205596923,0.4725803413904908,0.00981295108795166,0.0,0,49fca053-383b-4de6-b83a-a6164a328d8a,20260816,ecs-strict,benign-ecs-geo,0,quad9
4,4,4,4,480,1.0,1.0,4,4,4,1.0,0.0,0.0,1.0,1.0,1.0,0.75,60.0,0.0,0.25,0.0,0.0,0.021920442581176758,0.02978135347366333,0.34603770488144187,0.02155137062072754,0.0,0,641c82f4-29c4-4bc1-a7d9-49e56b416d0d,20260816,ecs-strict,benign-ecs-geo,0,google
4,4,4,4,432,1.0,1.0,4,4,4,1.0,0.0,0.0,1.0,1.0,1.0,0.75,48.5,0.410692459526641,0.25,0.0,0.0,0.017813503742218018,0.038421416282653796,0.8522229236585617,0.017558634281158447,0.0,0,16506469-829e-44c9-91e9-b68fa9563ab2,20260816,ecs-strict,benign-ecs-geo,0,cloudflare
4,4,4,4,472,1.0,1.0,4,4,4,1.0,0.0,0.0,1.0,1.0,0.5,0.5,23.25,0.16761782008731071,0.25,0.0,0.0,0.002455294132232666,0.0028399705886840818,0.1428140455027812,0.0022031664848327637,0.0,0,3bfde8cf-ea2e-4a66-aa42-d145e6a0128e,20260816,ecs-strict,benign-ecs-geo,0,quad9
4,4,4,4,704,1.0,1.0,4,4,4,1.0,0.0,0.0,1.0,1.0,1.0,0.75,54.75,0.1660870637394814,0.25,0.0,0.0,0.021070420742034912,0.03461480140686035,0.6169748861262754,0.020821452140808105,0.0,0,0726795d-d582-4d5f-912a-7bbc985476d2,20260816,ecs-strict,benign-ecs-geo,0,opendns
4,4,4,4,697,1.0,1.0,4,4,4,1.0,0.0,0.0,1.0,1.0,1.0,0.75,222.8,0.4243729985252723,0.25,0.0,0.0,0.0029377341270446777,0.004939699172973632,0.4993893701977852,0.0027024149894714355,0.0,0,1561016c-59cf-4ab7-a774-2ce6de459040,20260816,ecs-strict,benign-ecs-geo,0,quad9
4,4,4,4,744,1.0,1.0,4,4,4,1.0,0.0,0.0,1.0,1.0,1.0,0.75,269.36842105263156,0.1673858546373195,0.25,0.0,0.0,0.0030488967895507812,0.003636074066162109,0.1382832053185773,0.002805471420288086,0.0,0,83e799b1-aeac-45d4-babc-a513e8492c30,20260816,ecs-strict,benign-ecs-geo,0,opendns
4,4,4,4,528,1.0,1.0,4,4,4,1.0,0.0,0.0,1.0,1.0,0.5,0.25,248.0,0.23221395750547338,0.25,0.0,0.0,0.007838308811187744,0.013604450225830077,0.733107968094754,0.007726311683654785,0.0,0,25eb3d31-95b7-4e27-8ef3-92fa12cb0040,20260816,ecs-strict,benign-ecs-geo,0,google
4,4,4,4,696,1.0,1.0,4,4,4,1.0,0.0,0.0,1.0,1.0,1.0,0.75,264.0,0.2361887464866651,0.25,0.0,0.0,0.003448784351348877,0.004060053825378418,0.13902809330838872,0.003238499164581299,0.0,0,8c679a4e-9f1f-46e7-83d5-28a3bfcd79c8,20260816,ecs-strict,benign-ecs-geo,0,google
4,4,4,4,744,1.0,1.0,4,4,4,1.0,0.0,0.0,1.0,1.0,1.0,0.75,247.57894736842104,0.31166503057194356,0.25,0.0,0.0,0.0033692121505737305,0.00376511812210083,0.10789919278041864,0.003223717212677002,0.0,0,9bec666c-6186-494e-97bc-8ee6b6e1b869,20260816,ecs-strict,benign-ecs-geo,0,opendns
4,4,4,4,644,1.0,1.0,4,4,4,1.0,0.0,0.0,1.0,1.0,1.0,0.75,270.5,0.1142293127946793,0.25,0.0,0.0,0.0035674571990966797,0.005005872249603271,0.37453844901721783,0.0031055212020874023,0.0,0,7da17cff-ab1f-478a-b585-f023cb42142a,20260816,ecs-strict,benign-ecs-geo,0,google
4,4,4,4,828,1.0,1.0,4,4,4,1.0,0.0,0.0,1.0,1.0,1.0,0.75,293.0,0.036119471823407384,0.25,0.0,0.0,0.003083467483520508,0.004239416122436523,0.2819141377142322,0.0023648738861083984,0.0,0,b3b57a18-57d0-47b6-8b9c-fce5c261940e,20260816,ecs-strict,benign-ecs-geo,0,opendns
4,4,4,4,644,1.0,1.0,4,4,4,1.0,0.0,0.0,1.0,1.0,1.0,0.75,235.0,0.19911529084764834,0.25,0.0,0.0,0.002779364585876465,0.004497790336608886,0.44379810408682147,0.0025233030319213867,0.0,0,cd22014b-e667-4371-b03e-4c5ae3598f0b,20260816,ecs-strict,benign-ecs-geo,0,cloudflare
4,4,4,4,544,1.0,1.0,4,4,4,1.0,0.0,0.0,1.0,1.0,1.0,0.75,252.75,0.2779039083733459,0.25,0.0,0.0,0.0033794045448303223,0.0044603228569030755,0.264708975596258,0.0028796792030334473,0.0,0,4fceb4bd-cd21-4bd0-8854-2c1939ff1da1,20260816,ecs-strict,benign-ecs-geo,0,opendns
4,4,4,4,672,1.0,1.0,4,4,4,1.0,0.0,0.0,1.0,1.0,1.0,0.75,60.0,0.0,0.25,0.0,0.0,0.027262508869171143,0.0364057183265686,0.33240483839303114,0.02712571620941162,0.0,0,f9085a47-5782-44f3-bf96-8aa02bec1212,20260816,ecs-strict,benign-ecs-geo,0,opendns
4,4,4,4,624,1.0,1.0,4,4,4,1.0,0.0,0.0,1.0,1.0,1.0,0.75,47.75,0.44434811293651827,0.25,0.0,0.0,0.028040409088134766,0.04173030853271484,0.5476833875472392,0.02757859230041504,0.0,0,fd147b57-c2c6-47bf-b5c3-e3f9ee6f608e,20260816,ecs-strict,benign-ecs-geo,0,google
4,4,4,4,680,1.0,1.0,4,4,4,1.0,0.0,0.0,1.0,1.0,1.0,0.75,60.0,0.0,0.25,0.0,0.0,0.03129822015762329,0.04235090017318725,0.3014939029179333,0.030616462230682373,0.0,0,824c9331-1684-46e0-b7fd-c4a31ef46369,20260816,ecs-strict,benign-ecs-geo,0,quad9
4,4,4,4,424,1.0,1.0,3,4,4,1.0,0.0,0.0,1.0,1.0,1.0,0.75,48.5,0.410692459526641,0.25,0.0,0.0,0.02987217903137207,0.07407912015914915,1.0608138947548196,0.029375076293945312,0.0,0,386fde06-5958-4659-afe3-a6ad5dcd5318,20260816,ecs-strict,benign-ecs-geo,0,cloudflare
4,4,4,4,480,1.0,1.0,4,4,4,1.0,0.0,0.0,1.0,1.0,0.75,0.5,60.0,0.0,0.25,0.0,0.0,0.030101358890533447,0.04055761098861694,0.28521354120734876,0.029771804809570312,0.0,0,1fc8ad10-610e-4dc4-aa8c-fd6368e19e42,20260816,ecs-strict,benign-ecs-geo,0,google
3,3,1,3,272,0.3333333333333333,1.0,0,1,1,1.0,0.0,0.0,-0.0,-0.0,0.3333333333333333,0.0,300.0,0.0,0.3333333333333333,0.0,0.6666666666666666,2.5057655970255532,2.5059849977493287,7.974977753571077e-05,0.0,0.0,0,52383c5a-9eb3-450c-b6a7-efeaa2b8ea67,20260816,ecs-strict,benign-ecs-stable,0,quad9
3,3,1,3,380,0.3333333333333333,1.0,0,1,1,1.0,0.0,0.0,-0.0,-0.0,0.3333333333333333,0.0,60.0,0.0,0.3333333333333333,0.0,0.6666666666666666,2.518362045288086,2.5188268184661866,0.00020668987749120952,0.0,0.0,0,80d17105-9dda-4204-9e48-0eceb4c2dc82,20260816,ecs-strict,benign-ecs-stable,0,quad9
3,3,1,3,440,0.3333333333333333,1.0,0,1,1,1.0,0.0,0.0,-0.0,-0.0,0.3333333333333333,0.0,38.0,0.0,0.3333333333333333,0.0,0.6666666666666666,2.5042648315429688,2.504593253135681,0.00011011104171055446,0.0,0.0,0,947362c0-74f1-4cb1-8dab-af699542d67d,20260816,ecs-strict,benign-ecs-stable,0,cloudflare
3,3,1,3,244,0.3333333333333333,1.0,0,1,1,1.0,0.0,0.0,-0.0,-0.0,0.3333333333333333,0.0,300.0,0.0,0.3333333333333333,0.0,0.6666666666666666,2.5071136951446533,2.507630705833435,0.0002149454544704318,0.0,0.0,0,a541834c-128c-4d6d-930f-f408ccf1b10b,20260816,ecs-strict,benign-ecs-stable,0,quad9
4,4,4,4,536,1.0,1.0,4,4,4,1.0,0.0,0.0,1.0,1.0,0.25,0.0,20.0,0.0,0.25,0.0,0.0,0.014017343521118164,0.014174890518188477,0.010992342204468267,0.01378321647644043,0.0,0,0b9a04f2-dbc7-48d1-8491-17f4d4d121c5,20260816,ecs-strict,benign-ecs-geo,0,opendns
3,3,1,3,412,0.3333333333333333,1.0,0,1,1,1.0,0.0,0.0,-0.0,-0.0,0.3333333333333333,0.0,60.0,0.0,0.3333333333333333,0.0,0.6666666666666666,2.5454591115315757,2.545703482627869,9.002666245375446e-05,0.0,0.0,0,b8f384ce-843f-439f-86be-31518c82e92d,20260816,ecs-strict,benign-ecs-stable,0,cloudflare
4,4,4,4,696,1.0,1.0,4,4,4,1.0,0.0,0.0,1.0,1.0,1.0,0.75,53.25,0.21955573617070276,0.25,0.0,0.0,0.030056297779083252,0.04835697412490844,0.5942354468003342,0.02981579303741455,0.0,0,cce5d14b-db14-48ee-b3f9-daecf767843b,20260816,ecs-strict,benign-ecs-geo,0,cloudflare
3,3,1,3,392,0.3333333333333333,1.0,0,1,1,1.0,0.0,0.0,-0.0,-0.0,0.3333333333333333,0.0,60.0,0.0,0.3333333333333333,0.0,0.6666666666666666,2.5323575337727866,2.532595682144165,8.051543762519046e-05,0.0,0.0,0,0bd89b1c-4b0c-4edb-a6d4-2323ea805759,20260816,ecs-strict,benign-ecs-stable,0,cloudflare
3,3,1,3,252,0.3333333333333333,1.0,0,1,1,1.0,0.0,0.0,-0.0,-0.0,0.3333333333333333,0.0,3.0,0.0,0.3333333333333333,0.0,0.6666666666666666,2.5052038033803306,2.505404758453369,6.79392780536236e-05,0.0,0.0,0,b5886bd9-6d0d-4e60-8f9f-45db13e2217f,20260816,ecs-strict,benign-ecs-stable,0,opendns
4,4,4,4,656,1.0,1.0,4,4,4,1.0,0.0,0.0,1.0,1.0,1.0,0.75,300.0,0.0,0.25,0.0,0.0,0.0029554367065429688,0.0036287784576416013,0.16777431358345832,0.0027760863304138184,0.0,0,005f5390-fc5e-492c-abd6-528cdd3f6425,20260816,ecs-strict,benign-ecs-geo,0,opendns
4,4,4,4,712,1.0,1.0,1,4,4,1.0,0.0,0.0,1.0,1.0,1.0,0.75,42.75,0.4533955503205152,0.25,0.0,0.0,1.8907811045646667,2.529579293727875,0.5717536471065009,0.017906904220581055,0.0,0,d358362a-b2d3-4c3a-a975-8e6d9eee7a68,20260816,ecs-strict,benign-ecs-geo,0,google
4,4,4,4,488,1.0,1.0,3,4,4,1.0,0.0,0.0,1.0,1.0,0.5,0.25,841.5,0.5300116037415824,0.25,0.0,0.0,0.6277888417243958,2.130015850067138,1.7268696377758739,0.001420418421427409,0.0,0,b084cf99-1179-4767-9b41-a1ff52c573da,20260816,ecs-strict,benign-ecs-geo,0,opendns
4,4,4,4,698,1.0,1.0,1,4,4,1.0,0.0,0.0,1.0,1.0,1.0,0.75,288.93333333333334,0.14331221186074625,0.25,0.0,0.0,1.8789405822753906,2.504557394981384,0.5762606060659862,0.0034284591674804688,0.0,0,29c97b07-7e9e-4817-a80e-fcc891a79336,20260816,ecs-strict,benign-ecs-geo,0,google
4,4,4,4,464,1.0,1.0,1,4,4,1.0,0.0,0.0,1.0,1.0,0.75,0.5,60.0,0.0,0.25,0.0,0.0,1.8941425681114197,2.5240111231803892,0.5723112482157708,0.015541791915893555,0.0,0,3872b3e4-4794-4413-abcc-6917b62b8af4,20260816,ecs-strict,benign-ecs-geo,0,quad9
4,4,4,4,828,1.0,1.0,1,4,4,1.0,0.0,0.0,1.0,1.0,1.0,0.75,299.7391304347826,0.002820165665103507,0.25,0.0,0.0,1.8809646964073181,2.507864809036255,0.5761341626210713,0.003645181655883789,0.0,0,f39e4cf2-81e9-4c04-8258-66b97eb5f578,20260816,ecs-strict,benign-ecs-geo,0,quad9
4,4,4,4,648,1.0,1.0,0,4,4,1.0,0.0,0.0,1.0,1.0,0.75,0.5,282.5,0.10729518276975346,0.25,0.0,0.0,2.506424069404602,2.5076018452644346,0.0005878959485800723,0.0,0.0,0,e76c12af-ac40-4846-ad6d-a2f23bc6cc76,20260816,ecs-strict,benign-ecs-geo,0,google
4,4,4,4,536,1.0,1.0,4,4,4,1.0,0.0,0.0,1.0,1.0,0.5,0.25,102.0,0.305656024865096,0.25,0.0,0.0,0.011487245559692383,0.015503227710723877,0.49036708320901645,0.011273384094238281,0.0,0,50c08c06-19f9-4cc0-b9ef-9135c999382f,20260816,ecs-strict,benign-ecs-geo,0,cloudflare
4,4,4,4,616,1.0,1.0,4,4,4,1.0,0.0,0.0,1.0,1.0,1.0,0.75,255.69230769230768,0.25992779783393505,0.25,0.0,0.0,0.0043906569480896,0.005593526363372802,0.209227362084944,0.004186093807220459,0.0,0,4fde1275-cf74-4643-b07d-9579ead92930,20260816,ecs-strict,benign-ecs-geo,0,opendns
4,4,4,4,432,1.0,1.0,2,4,4,1.0,0.0,0.0,1.0,1.0,0.75,0.5,849.25,0.6632496413387957,0.25,0.0,0.0,0.0031000375747680664,0.004000639915466308,0.21324457032637428,0.0023083090782165527,0.0,0,b9d5cecd-f102-44a4-8d17-007f23881156,20260816,ecs-strict,benign-ecs-geo,0,cloudflare
4,4,4,4,696,1.0,1.0,3,4,4,1.0,0.0,0.0,1.0,1.0,1.0,0.75,233.0,0.2902474552113796,0.25,0.0,0.0,0.003205597400665283,0.003853511810302734,0.2516495399057437,0.0026339292526245117,0.0,0,5e89c924-0565-4502-95c2-40b9751efd00,20260816,ecs-strict,benign-ecs-geo,0,opendns
4,4,4,4,688,1.0,1.0,4,4,4,1.0,0.0,0.0,1.0,1.0,1.0,0.75,60.0,0.0,0.25,0.0,0.0,0.022719383239746094,0.040107738971710195,0.5511243236154585,0.02256166934967041,0.0,0,7791fab5-8621-4fd8-a183-c8916a280987,20260816,ecs-strict,benign-ecs-geo,0,quad9
4,4,4,4,816,1.0,1.0,4,4,4,1.0,0.0,0.0,1.0,1.0,1.0,0.75,300.0,0.0,0.25,0.0,0.0,0.0062691569328308105,0.008347594738006591,0.24038560187606287,0.005321979522705078,0.0,0,998323ea-221c-49aa-85b9-83991455e1bd,20260816,ecs-strict,benign-ecs-geo,0,quad9
4,4,4,4,488,1.0,1.0,3,4,4,1.0,0.0,0.0,1.0,1.0,0.75,0.5,1331.0,0.9699440616683852,0.25,0.0,0.0,0.0031084418296813965,0.00400395393371582,0.27956334324378335,0.0022998452186584473,0.0,0,f96d5449-79f3-4544-8d04-c9c52f82b077,20260816,ecs-strict,benign-ecs-geo,0,quad9
4,4,4,4,768,1.0,1.0,4,4,4,1.0,0.0,0.0,1.0,1.0,1.0,0.75,255.47368421052633,0.14897282630421663,0.25,0.0,0.0,0.005183279514312744,0.007113933563232421,0.2667271774926151,0.004280388355255127,0.0,0,d97b6ccc-cc6b-4153-91e4-817734fcdf13,20260816,ecs-strict,benign-ecs-geo,0,opendns
4,4,4,4,704,1.0,1.0,4,4,4,1.0,0.0,0.0,1.0,1.0,1.0,0.75,53.5,0.2104360794242561,0.25,0.0,0.0,0.03221464157104492,0.045171689987182614,0.540003018882979,0.03188842535018921,0.0,0,5201efc9-c5ec-40b1-929a-d3079b404917,20260816,ecs-strict,benign-ecs-geo,0,quad9
4,4,4,4,432,1.0,1.0,3,4,4,1.0,0.0,0.0,1.0,1.0,0.75,0.5,1004.5,0.24704299617669928,0.25,0.0,0.0,0.005828261375427246,0.0072062134742736815,0.18520365128321692,0.004514455795288086,0.0,0,edab9743-1180-489b-868a-c6799b6e922e,20260816,ecs-strict,benign-ecs-geo,0,quad9
4,4,4,4,832,1.0,1.0,4,4,4,1.0,0.0,0.0,1.0,1.0,1.0,0.75,270.0,0.19245008972987526,0.25,0.0,0.0,0.007759571075439453,0.010267066955566406,0.2755766365903365,0.006783902645111084,0.0,0,2ae42f3a-91e8-4d36-9dc1-ce35c5455f94,20260816,ecs-strict,benign-ecs-geo,0,google
4,4,4,4,628,1.0,1.0,4,4,4,1.0,0.0,0.0,1.0,1.0,1.0,0.75,300.0,0.0,0.25,0.0,0.0,0.004995942115783691,0.005404424667358398,0.10191539577432349,0.00403749942779541,0.0,0,418f3879-752c-434d-b4d6-b07225366339,20260816,ecs-strict,benign-ecs-geo,0,google
4,4,4,4,744,1.0,1.0,4,4,4,1.0,0.0,0.0,1.0,1.0,0.75,0.5,300.0,0.0,0.25,0.0,0.0,0.0043264031410217285,0.00513925552368164,0.17360249675618702,0.0037617087364196777,0.0,0,dcadef05-40bd-494a-836c-bb92381cfc8d,20260816,ecs-strict,benign-ecs-geo,0,cloudflare
4,4,4,4,488,1.0,1.0,3,4,4,1.0,0.0,0.0,1.0,1.0,1.0,0.75,262.5,0.1373675408160213,0.25,0.0,0.0,0.0025789737701416016,0.003549063205718994,0.27019935257453426,0.0022025108337402344,0.0,0,92179d0d-2ca8-4f84-b85a-ee1c1a2d129f,20260816,ecs-strict,benign-ecs-geo,0,quad9
4,4,4,4,664,1.0,1.0,0,4,4,1.0,0.0,0.0,1.0,1.0,1.0,0.75,60.0,0.0,0.25,0.0,0.0,2.540090262889862,2.5426201224327087,0.0010892399984901717,0.0,0.0,0,c4ed0e08-3c4f-42da-8fb4-28921dc19d57,20260816,ecs-strict,benign-ecs-geo,0,google
4,4,4,4,792,1.0,1.0,4,4,4,1.0,0.0,0.0,1.0,1.0,1.0,0.75,300.0,0.0,0.25,0.0,0.0,0.004864931106567383,0.005556738376617431,0.14983276888023375,0.004365324974060059,0.0,0,99b8f727-ed4a-4a7f-8793-863daa501b02,20260816,ecs-strict,benign-ecs-geo,0,quad9
4,4,4,4,824,1.0,1.0,4,4,4,1.0,0.0,0.0,1.0,1.0,1.0,0.75,253.0,0.22434094589276815,0.25,0.0,0.0,0.0036699771881103516,0.004456853866577148,0.1981044786824946,0.0028746724128723145,0.0,0,545a6d2c-40d2-4df7-92d6-ccf019bbe27c,20260816,ecs-strict,benign-ecs-geo,0,opendns
4,4,4,4,964,1.0,1.0,4,4,4,1.0,0.0,0.0,1.0,1.0,1.0,0.75,300.0,0.0,0.25,0.0,0.0,0.004395246505737305,0.0053418993949890135,0.16994423860095934,0.0038946866989135742,0.0,0,e2b36d13-a309-4764-8433-52f7b355506c,20260816,ecs-strict,benign-ecs-geo,0,opendns
4,4,4,4,720,1.0,1.0,4,4,4,1.0,0.0,0.0,1.0,1.0,1.0,0.75,60.0,0.0,0.25,0.0,0.0,0.025294601917266846,0.03481490612030029,0.32437214015798616,0.02453327178955078,0.0,0,ae67b506-5de5-4a03-b9bc-9a8a45107f9f,20260816,ecs-strict,benign-ecs-geo,0,google
4,4,4,4,704,1.0,1.0,4,4,4,1.0,0.0,0.0,1.0,1.0,1.0,0.75,48.5,0.410692459526641,0.25,0.0,0.0,0.022433698177337646,0.037240767478942866,0.582125296576688,0.02184826135635376,0.0,0,da7d5a85-1ae3-4b7e-9489-519debec9941,20260816,ecs-strict,benign-ecs-geo,0,google
4,4,4,4,600,1.0,1.0,2,4,4,1.0,0.0,0.0,1.0,1.0,1.0,0.75,220.30769230769232,0.315612329851981,0.25,0.0,0.0,1.2563729882240295,2.509202778339386,0.9956968958253948,0.005016684532165527,0.0,0,5b9fec6b-c5df-40ab-ba83-9f10f4916e9e,20260816,ecs-strict,benign-ecs-geo,0,quad9
4,4,4,4,752,1.0,1.0,0,4,4,1.0,0.0,0.0,1.0,1.0,1.0,0.75,296.36842105263156,0.05198760564930398,0.25,0.0,0.0,2.5054266452789307,2.506380832195282,0.00038894801105305665,0.0,0.0,0,fa308b85-37d8-49d0-ac6e-16c76207163e,20260816,ecs-strict,benign-ecs-geo,0,google
4,4,4,4,688,1.0,1.0,2,4,4,1.0,0.0,0.0,1.0,1.0,1.0,0.75,53.75,0.20140125669405548,0.25,0.0,0.0,0.6531491279602051,2.1614812016487113,1.66366094761085,0.025776227315266926,0.0,0,1bad73bc-b4e2-4184-9946-2df642aee4f5,20260816,ecs-strict,benign-ecs-geo,0,cloudflare
4,4,4,4,632,1.0,1.0,4,4,4,1.0,0.0,0.0,1.0,1.0,1.0,0.75,60.0,0.0,0.25,0.0,0.0,0.02607262134552002,0.03638371229171753,0.3839376649354212,0.02538532018661499,0.0,0,5c09be31-2154-4f12-b03e-b4a15ae8fb95,20260816,ecs-strict,benign-ecs-geo,0,opendns
4,4,4,4,488,1.0,1.0,1,4,4,1.0,0.0,0.0,1.0,1.0,1.0,0.75,48.5,0.23756120869696729,0.25,0.0,0.0,1.8903805613517761,2.5294172883033754,0.5719230599897555,0.01742696762084961,0.0,0,33a6afe3-fabb-4b6b-980a-91f0531c0382,20260816,ecs-strict,benign-ecs-geo,0,opendns
4,4,4,4,856,1.0,1.0,4,4,4,1.0,0.0,0.0,1.0,1.0,1.0,0.75,275.0,0.15745916432444337,0.25,0.0,0.0,0.0032597780227661133,0.0035918235778808595,0.09459402935850131,0.0029726028442382812,0.0,0,bbe6096e-6fc5-4643-bd9f-9aaccb1e5b6a,20260816,ecs-strict,benign-ecs-geo,0,google
4,4,4,4,592,1.0,1.0,2,4,4,1.0,0.0,0.0,1.0,1.0,1.0,0.75,251.76923076923077,0.25906285712147853,0.25,0.0,0.0,1.2539910674095154,2.504943871498108,0.9970684779441282,0.00315701961517334,0.0,0,18f71de0-2e80-48a6-9c2b-9d6867c78155,20260816,ecs-strict,benign-ecs-geo,0,opendns
4,4,4,4,456,1.0,1.0,2,4,4,1.0,0.0,0.0,1.0,1.0,1.0,0.75,256.5,0.29373961064033594,0.25,0.0,0.0,1.2550904154777527,2.507542669773102,0.9972888810096374,0.0031305551528930664,0.0,0,3e6f416b-b82b-4d56-91c2-5253b847f301,20260816,ecs-strict,benign-ecs-geo,0,quad9
4,4,4,4,456,1.0,1.0,4,4,4,1.0,0.0,0.0,1.0,1.0,1.0,0.75,300.0,0.0,0.25,0.0,0.0,0.0034870505332946777,0.003816699981689453,0.10132334315586962,0.0029216408729553223,0.0,0,267de6d8-a02a-4f88-8865-501514476c69,20260816,ecs-strict,benign-ecs-geo,0,quad9
4,4,4,4,672,1.0,1.0,0,4,4,1.0,0.0,0.0,1.0,1.0,1.0,0.75,60.0,0.0,0.25,0.0,0.0,2.520454525947571,2.5216288566589355,0.0005628336622448393,0.0,0.0,0,eab98b09-0653-456b-bbb1-e6e18b67b88b,20260816,ecs-strict,benign-ecs-geo,0,opendns
4,4,4,4,824,1.0,1.0,4,4,4,1.0,0.0,0.0,1.0,1.0,1.0,0.75,275.25,0.1557429881465203,0.25,0.0,0.0,0.004145443439483643,0.005906033515930176,0.4246139264791103,0.003945708274841309,0.0,0,eff7debc-6cea-4655-98b7-22400fd3b739,20260816,ecs-strict,benign-ecs-geo,0,opendns
4,4,4,4,680,1.0,1.0,0,4,4,1.0,0.0,0.0,1.0,1.0,1.0,0.75,58.75,0.03685214484189101,0.25,0.0,0.0,2.5234132409095764,2.532569110393524,0.003949833972354965,0.0,0.0,0,d201f9f8-7a9b-4ce1-a98d-d6f50ee5415a,20260816,ecs-strict,benign-ecs-geo,0,google
4,4,4,4,864,1.0,1.0,4,4,4,1.0,0.0,0.0,1.0,1.0,1.0,0.75,281.0,0.11711375567191697,0.25,0.0,0.0,0.0033323168754577637,0.003975856304168701,0.2071244912831279,0.003156602382659912,0.0,0,8496f2d8-7050-4ffc-9807-de0127127b01,20260816,ecs-strict,benign-ecs-geo,0,cloudflare
4,4,4,4,472,1.0,1.0,0,4,4,1.0,0.0,0.0,1.0,1.0,0.75,0.5,25.25,0.2264276559609757,0.25,0.0,0.0,2.517673969268799,2.5277177929878234,0.003119368639296927,0.0,0.0,0,779a80a8-5c93-47ca-8f1f-a1f1331cd9a8,20260816,ecs-strict,benign-ecs-geo,0,opendns
4,4,4,4,784,1.0,1.0,4,4,4,1.0,0.0,0.0,1.0,1.0,1.0,0.75,300.0,0.0,0.25,0.0,0.0,0.0028922557830810547,0.00339277982711792,0.18688591476629648,0.0025368928909301758,0.0,0,5c5e55e4-6d99-4709-85a7-82961801e950,20260816,ecs-strict,benign-ecs-geo,0,opendns
4,4,4,4,488,1.0,1.0,4,4,4,1.0,0.0,0.0,1.0,1.0,0.75,0.5,53.5,0.2104360794242561,0.25,0.0,0.0,0.02008575201034546,0.03096121549606323,0.43561895408422746,0.019747018814086914,0.0,0,12360cbd-89ec-47eb-8655-fca729bbbbe7,20260816,ecs-strict,benign-ecs-geo,0,quad9
4,4,4,4,480,1.0,1.0,4,4,4,1.0,0.0,0.0,1.0,1.0,1.0,0.75,60.0,0.0,0.25,0.0,0.0,0.024022400379180908,0.04101010560989379,0.5050053414493108,0.023419559001922607,0.0,0,d245edec-e5bd-4dd4-9bba-2e06fa5f3090,20260816,ecs-strict,benign-ecs-geo,0,cloudflare
4,4,4,4,456,1.0,1.0,4,4,4,1.0,0.0,0.0,1.0,1.0,1.0,0.75,233.5,0.34111691808405364,0.25,0.0,0.0,0.005076766014099121,0.010269021987915036,0.7315942705571008,0.004773318767547607,0.0,0,382c16ec-648e-49bb-92b7-299dd3260e41,20260816,ecs-strict,benign-ecs-geo,0,cloudflare
4,4,4,4,632,1.0,1.0,4,4,4,1.0,0.0,0.0,1.0,1.0,1.0,0.75,300.0,0.0,0.25,0.0,0.0,0.004088044166564941,0.004462587833404541,0.0766152326032477,0.003834962844848633,0.0,0,35fe135e-13ac-4c13-81fc-26ba7008e69c,20260816,ecs-strict,benign-ecs-geo,0,quad9
4,4,4,4,792,1.0,1.0,4,4,4,1.0,0.0,0.0,1.0,1.0,1.0,0.75,249.7058823529412,0.3120283402598202,0.25,0.0,0.0,0.005173325538635254,0.00778980255126953,0.36672872222989256,0.0042247772216796875,0.0,0,5018a2fe-f256-4230-999c-cdf7fde115aa,20260816,ecs-strict,benign-ecs-geo,0,google
4,4,4,4,536,1.0,1.0,4,4,4,1.0,0.0,0.0,1.0,1.0,0.5,0.5,120.0,0.0,0.25,0.0,0.0,0.017050743103027344,0.021240890026092526,0.17573625579976557,0.016651153564453125,0.0,0,89b6279c-c251-43b1-bf50-682c4d725c28,20260816,ecs-strict,benign-ecs-geo,0,google
4,4,4,4,600,1.0,1.0,1,4,4,1.0,0.0,0.0,1.0,1.0,0.5,0.5,60.0,0.0,0.25,0.0,0.0,1.903215229511261,2.5434216380119326,0.573072796929657,0.014067888259887695,0.0,0,bb9ca8d6-2045-4326-962b-d5aac9323d96,20260816,ecs-strict,benign-ecs-geo,0,cloudflare
4,4,4,4,744,1.0,1.0,3,4,4,1.0,0.0,0.0,1.0,1.0,1.0,0.75,289.57894736842104,0.15267954490178456,0.25,0.0,0.0,0.005506575107574463,0.006488931179046631,0.1342703963733026,0.00489276647567749,0.0,0,20d84505-cbcb-40db-b2f9-e5e98fedd1cf,20260816,ecs-strict,benign-ecs-geo,0,google
4,4,4,4,816,1.0,1.0,2,4,4,1.0,0.0,0.0,1.0,1.0,1.0,0.75,299.5,0.0028915706303320153,0.25,0.0,0.0,0.004893898963928223,0.005879640579223633,0.16529895627231847,0.0034810304641723633,0.0,0,568353d8-7c7c-44ed-afbd-0ae8080869bc,20260816,ecs-strict,benign-ecs-geo,0,opendns
4,4,4,4,456,1.0,1.0,4,4,4,1.0,0.0,0.0,1.0,1.0,1.0,0.75,293.0,0.04138005342314724,0.25,0.0,0.0,0.003663778305053711,0.004596412181854248,0.22691875978629905,0.0030862092971801758,0.0,0,62b24a7b-20c8-425b-a530-6e6f8c85ddec,20260816,ecs-strict,benign-ecs-geo,0,opendns
4,4,4,4,696,1.0,1.0,4,4,4,1.0,0.0,0.0,1.0,1.0,1.0,0.75,58.25,0.05203586117159717,0.25,0.0,0.0,0.022540152072906494,0.03635004758834839,0.6187932099231992,0.022297322750091553,0.0,0,6bfd28c2-f512-494e-9f97-3512396d583d,20260816,ecs-strict,benign-ecs-geo,0,google
4,4,4,4,779,1.0,1.0,3,4,4,1.0,0.0,0.0,1.0,1.0,1.0,0.75,290.5,0.07163460735054053,0.25,0.0,0.0,0.004440426826477051,0.005725395679473877,0.2971817567614368,0.003551304340362549,0.0,0,e162ff62-0257-47da-86c4-d45824ef90d6,20260816,ecs-strict,benign-ecs-geo,0,cloudflare
4,4,4,4,424,1.0,1.0,3,4,4,1.0,0.0,0.0,1.0,1.0,0.5,0.25,174.5,0.17804282387284795,0.25,0.0,0.0,0.0027379989624023438,0.0033956289291381834,0.18357842629012192,0.0019835829734802246,0.0,0,e6c643b7-994c-44b1-8f2b-d18083aa324a,20260816,ecs-strict,benign-ecs-geo,0,quad9
4,4,4,4,648,1.0,1.0,3,4,4,1.0,0.0,0.0,1.0,1.0,1.0,0.75,53.5,0.2104360794242561,0.25,0.0,0.0,0.0228424072265625,0.0376683235168457,0.6312183786846848,0.02170950174331665,0.0,0,aee1def3-bc23-494d-8620-66f27d795e54,20260816,ecs-strict,benign-ecs-geo,0,cloudflare
4,4,4,4,696,1.0,1.0,4,4,4,1.0,0.0,0.0,1.0,1.0,1.0,0.75,58.0,0.05972588991616818,0.25,0.0,0.0,0.024661004543304443,0.041502618789672846,0.616507508026663,0.02398127317428589,0.0,0,f3154c53-3c23-4bad-be9f-dec839bafe74,20260816,ecs-strict,benign-ecs-geo,0,google
4,4,4,4,632,1.0,1.0,4,4,4,1.0,0.0,0.0,1.0,1.0,1.0,0.75,60.0,0.0,0.25,0.0,0.0,0.026879966259002686,0.0347550630569458,0.2702158107325071,0.026450395584106445,0.0,0,d5f8a3ea-2923-4621-a151-8b0f6e1c5df4,20260816,ecs-strict,benign-ecs-geo,0,quad9
4,4,4,4,672,1.0,1.0,3,4,4,1.0,0.0,0.0,1.0,1.0,1.0,0.75,53.5,0.2104360794242561,0.25,0.0,0.0,0.023052871227264404,0.037015318870544434,0.6191387008088327,0.02223438024520874,0.0,0,7f073102-5773-4ac6-9af1-8010b7c905f9,20260816,ecs-strict,benign-ecs-geo,0,cloudflare
4,4,4,4,888,1.0,1.0,0,4,4,1.0,0.0,0.0,1.0,1.0,0.25,0.0,158.25,0.30139293079069257,0.25,0.0,0.0,4.381214737892151,5.007762753963471,0.24731439585844553,0.0,0.0,0,f088f028-c898-4452-ba60-b7e5c5411add,20260816,ecs-strict,benign-ecs-geo,0,google
4,4,4,4,472,1.0,1.0,4,0,0,0.0,0.0,0.0,1.0,1.0,1.0,0.75,230.44444444444446,0.33770968177379335,0.25,0.0,0.0,0.0029278993606567383,0.004495978355407715,0.43344862059048905,0.002677321434020996,0.0,0,cc1021d1-29be-4c0c-8a33-c86c3dfbb306,20260816,ecs-strict,benign-burst,0,opendns
4,4,4,4,672,1.0,1.0,3,4,4,1.0,0.0,0.0,1.0,1.0,1.0,0.75,47.75,0.44434811293651827,0.25,0.0,0.0,0.6487217545509338,2.1691771030426015,1.6891384457953615,0.015779892603556316,0.0,0,13c9b56b-68c1-4108-81f0-8544b2bc22e5,20260816,ecs-strict,benign-ecs-geo,0,quad9
4,4,4,4,542,1.0,1.0,4,0,0,0.0,0.0,0.0,1.0,1.0,1.0,0.75,171.5,0.657081458186093,0.25,0.0,0.0,0.015782952308654785,0.039980113506317125,1.093837660067949,0.015549123287200928,0.0,0,e8b8397d-9937-45d1-b013-ce9da7e50dac,20260816,ecs-strict,benign-burst,0,google
4,4,4,4,816,1.0,1.0,1,4,4,1.0,0.0,0.0,1.0,1.0,1.0,0.75,272.75,0.15458343376439004,0.25,0.0,0.0,1.880126178264618,2.5062612175941466,0.5762326506649572,0.0031845569610595703,0.0,0,fb495da8-c0a0-46d2-a1e0-4e9915e1f077,20260816,ecs-strict,benign-ecs-geo,0,cloudflare
4,4,4,4,370,1.0,1.0,4,0,0,0.0,0.0,0.0,1.0,1.0,1.0,0.75,77.4,1.3435847717430576,0.25,0.0,0.0,0.004613339900970459,0.010916602611541745,0.9768103762097031,0.004488766193389893,0.0,0,05a160de-206c-4d5a-a55d-3fb57ff51880,20260816,ecs-strict,benign-burst,0,quad9
4,4,4,4,672,1.0,1.0,1,4,4,1.0,0.0,0.0,1.0,1.0,1.0,0.75,221.05263157894737,0.2871985257574957,0.25,0.0,0.0,2.5039318799972534,4.631129336357116,0.7066713035982792,0.001638174057006836,0.0,0,7dfe1614-695e-40a0-aaab-780a9cec6537,20260816,ecs-strict,benign-ecs-geo,0,quad9
4,4,4,4,436,1.0,1.0,2,0,0,0.0,0.0,0.0,1.0,1.0,1.0,0.75,483.57142857142856,0.8346690827092481,0.25,0.0,0.0,1.2598776817321777,2.506480610370636,0.988938576271184,0.013554573059082031,0.0,0,2ead044e-c86d-45e8-97a3-b00370f79ffa,20260816,ecs-strict,benign-burst,0,quad9
4,4,4,4,382,1.0,1.0,1,0,0,0.0,0.0,0.0,1.0,1.0,1.0,0.75,1234.4,1.3048802059079267,0.25,0.0,0.0,1.8780797123908997,2.5037718415260315,0.5768168502015968,0.0016703605651855469,0.0,0,78f6322f-fc90-4850-b91a-5af74661f24a,20260816,ecs-strict,benign-burst,0,opendns
4,4,4,4,552,1.0,1.0,0,0,0,0.0,0.0,0.0,1.0,1.0,1.0,0.75,184.07142857142858,0.8788549722515259,0.25,0.0,0.0,2.505242645740509,2.507493770122528,0.0006972673423201752,0.0,0.0,0,83e54c28-8914-4be8-984d-c8390acd5851,20260816,ecs-strict,benign-burst,0,google
4,4,4,4,504,1.0,1.0,4,0,0,0.0,0.0,0.0,1.0,1.0,1.0,0.75,111.63636363636364,0.8090906224314278,0.25,0.0,0.0,0.014972329139709473,0.02780539989471435,0.6724152884461804,0.014812827110290527,0.0,0,442a17f9-5d47-46ca-a2c4-1806db6ec4fb,20260816,ecs-strict,benign-burst,0,google
4,4,4,4,476,1.0,1.0,1,0,0,0.0,0.0,0.0,1.0,1.0,1.0,0.75,1257.3,0.9615602068629745,0.25,0.0,0.0,1.889083981513977,2.535174918174744,0.5762431062356077,0.002124309539794922,0.0,0,a50348d8-3ec1-42e2-a942-e0535b43dd53,20260816,ecs-strict,benign-burst,0,quad9
4,4,4,4,534,1.0,1.0,4,0,0,0.0,0.0,0.0,1.0,1.0,1.0,0.75,267.6923076923077,0.2911743480990107,0.25,0.0,0.0,0.009591460227966309,0.017170822620391844,0.7098655028442991,0.009463310241699219,0.0,0,4c6c4718-15af-4038-8655-d4b510ca239d,20260816,ecs-strict,benign-burst,0,cloudflare
4,4,4,4,402,1.0,1.0,0,0,0,0.0,0.0,0.0,1.0,1.0,1.0,0.75,3987.8333333333335,1.9326937089308656,0.25,0.0,0.0,2.508884370326996,2.514311361312866,0.002132434133979497,0.0,0.0,0,8e1685fc-8b99-4044-aab2-e5e20b08d279,20260816,ecs-strict,benign-burst,0,google
4,4,4,4,499,1.0,1.0,4,0,0,0.0,0.0,0.0,1.0,1.0,1.0,0.75,2448.777777777778,2.7223366903124218,0.25,0.0,0.0,0.0054190754890441895,0.013473880290985103,1.066234509736465,0.005161404609680176,0.0,0,85ca06a9-19ee-4db7-8fbb-6f51f3ec720a,20260816,ecs-strict,benign-burst,0,cloudflare
4,4,4,4,448,1.0,1.0,4,0,0,0.0,0.0,0.0,1.0,1.0,1.0,0.75,641.4285714285714,1.7869892525244664,0.25,0.0,0.0,0.0049477219581604,0.01229453086853027,1.0623292722122777,0.004799067974090576,0.0,0,8409a306-c06f-4c03-95dc-a4df4e6496d2,20260816,ecs-strict,benign-burst,0,quad9
4,4,4,4,485,1.0,1.0,4,0,0,0.0,0.0,0.0,1.0,1.0,1.0,0.75,2225.6666666666665,2.6599172630750405,0.25,0.0,0.0,0.005362987518310547,0.013467907905578608,1.084114287366778,0.005084991455078125,0.0,0,ce48f8b1-6412-4967-8ec7-f23859a52137,20260816,ecs-strict,benign-burst,0,google
4,4,4,4,566,1.0,1.0,0,0,0,0.0,0.0,0.0,1.0,1.0,1.0,0.75,158.73333333333332,0.4308147646858226,0.25,0.0,0.0,2.513337016105652,2.533416450023651,0.005715574592472746,0.0,0.0,0,665e538d-34de-41ff-90ca-e8f1eacea3a3,20260816,ecs-strict,benign-burst,0,opendns
4,4,4,4,569,1.0,1.0,4,0,0,0.0,0.0,0.0,1.0,1.0,1.0,0.75,637.2222222222222,1.8716789238654965,0.25,0.0,0.0,0.004502475261688232,0.011472356319427486,1.1138548347014054,0.004351973533630371,0.0,0,62be712d-de90-4113-9d9d-4a693bd78912,20260816,ecs-strict,benign-burst,0,opendns
4,4,4,4,570,1.0,1.0,4,0,0,0.0,0.0,0.0,1.0,1.0,1.0,0.75,307.8125,0.23436565264756892,0.25,0.0,0.0,0.006561398506164551,0.01459337472915649,0.8728260558037024,0.006343662738800049,0.0,0,c1f0bf30-5c76-4214-b425-def6d6a35160,20260816,ecs-strict,benign-burst,0,opendns
4,4,4,4,468,1.0,1.0,4,0,0,0.0,0.0,0.0,1.0,1.0,1.0,0.75,181.55555555555554,0.5811182745046002,0.25,0.0,0.0,0.0072242021560668945,0.013718974590301513,0.8370778075791652,0.007127344608306885,0.0,0,c1e58eb5-3ece-4d0b-8393-220546a75f6c,20260816,ecs-strict,benign-burst,0,quad9
4,4,4,4,432,1.0,1.0,3,0,0,0.0,0.0,0.0,1.0,1.0,1.0,0.75,635.6666666666666,0.8064616149595099,0.25,0.0,0.0,0.006916522979736328,0.017585289478301996,1.1019225161651722,0.0058632493019104,0.0,0,2f1811ac-cd83-434f-8e18-dea9a42d6da1,20260816,ecs-strict,benign-burst,0,google
4,4,4,4,400,1.0,1.0,4,0,0,0.0,0.0,0.0,1.0,1.0,1.0,0.75,3401.8,1.5581240558043057,0.25,0.0,0.0,0.002228677272796631,0.0025943517684936523,0.12102228630128135,0.0020512938499450684,0.0,0,63e8a923-dd17-42ce-ab1e-d7b957492347,20260816,ecs-strict,benign-burst,0,opendns
4,4,4,4,436,1.0,1.0,4,0,0,0.0,0.0,0.0,1.0,1.0,1.0,0.75,356.7142857142857,0.7668794187047775,0.25,0.0,0.0,0.014417290687561035,0.032936775684356684,0.9551727554774959,0.013826072216033936,0.0,0,fda230b7-2151-4b04-ad05-c9630a8d750b,20260816,ecs-strict,benign-burst,0,cloudflare
4,4,4,4,652,1.0,1.0,4,0,0,0.0,0.0,0.0,1.0,1.0,1.0,0.75,108.9,0.9068801903679823,0.25,0.0,0.0,0.0178070068359375,0.055718290805816625,1.5333237562191244,0.01760578155517578,0.0,0,f0e1aed6-8a83-4668-856a-e6672507c8ac,20260816,ecs-strict,benign-burst,0,opendns
4,4,4,4,430,1.0,1.0,4,0,0,0.0,0.0,0.0,1.0,1.0,1.0,0.75,3471.1666666666665,2.1974169729432083,0.25,0.0,0.0,0.012147843837738037,0.016713762283325193,0.49795978735588986,0.011920154094696045,0.0,0,4bd1ff6c-cf6e-4be8-8792-dd7f97cf9f16,20260816,ecs-strict,benign-burst,0,cloudflare
4,4,4,4,630,1.0,1.0,4,0,0,0.0,0.0,0.0,1.0,1.0,1.0,0.75,1365.888888888889,3.5716522172540985,0.25,0.0,0.0,0.004989802837371826,0.011720252037048335,0.9664842774198048,0.004642844200134277,0.0,0,3e04300b-dcea-4793-bb3a-75d83f5f50d9,20260816,ecs-strict,benign-burst,0,google
4,4,4,4,410,1.0,1.0,4,0,0,0.0,0.0,0.0,1.0,1.0,1.0,0.75,218.16666666666666,0.31134453547203333,0.25,0.0,0.0,0.004576444625854492,0.01119732856750488,1.033900638226578,0.0044269561767578125,0.0,0,83a6b613-b826-4881-8c16-4204b548452a,20260816,ecs-strict,benign-burst,0,google
4,4,4,4,464,1.0,1.0,4,0,0,0.0,0.0,0.0,1.0,1.0,1.0,0.75,70.625,0.6460322461691033,0.25,0.0,0.0,0.018710732460021973,0.03572384119033813,0.8679218339852529,0.01820892095565796,0.0,0,80b938b5-9789-4e3f-9fd0-081640e266b0,20260816,ecs-strict,benign-burst,0,cloudflare
4,4,4,4,470,1.0,1.0,4,0,0,0.0,0.0,0.0,1.0,1.0,1.0,0.75,93.25,0.591339723511384,0.25,0.0,0.0,0.009818792343139648,0.02918354272842406,1.4190644148677518,0.009444355964660645,0.0,0,2a8211db-9774-4bf2-a1b0-d47e1e428dc4,20260816,ecs-strict,benign-burst,0,opendns
4,4,4,4,478,1.0,1.0,4,0,0,0.0,0.0,0.0,1.0,1.0,1.0,0.75,170.3,0.5899761108522552,0.25,0.0,0.0,0.041967570781707764,0.12103132009506222,1.339418663146628,0.041189610958099365,0.0,0,6202ae59-2fc8-4c85-88ab-29cb7100b4dc,20260816,ecs-strict,benign-burst,0,quad9
4,4,4,4,430,1.0,1.0,3,0,0,0.0,0.0,0.0,1.0,1.0,1.0,0.75,178.14285714285714,1.019642659478651,0.25,0.0,0.0,0.03901779651641846,0.1251744151115417,1.591612233657624,0.03858768939971924,0.0,0,48f36de1-1d9d-400e-9d0e-22b48da0cf3a,20260816,ecs-strict,benign-burst,0,quad9
4,4,4,4,592,1.0,1.0,1,4,4,1.0,0.0,0.0,1.0,1.0,1.0,0.75,295.84615384615387,0.04863793219382182,0.25,0.0,0.0,3.757295072078705,5.009709203243256,0.5768577568412533,0.0031175613403320312,0.0,0,4b7cbc52-a1f9-4cc7-ada8-5ad80c63c32b,20260816,ecs-strict,benign-ecs-geo,0,quad9
4,4,4,4,492,1.0,1.0,4,0,0,0.0,0.0,0.0,1.0,1.0,1.0,0.75,169.0,1.004314769669923,0.25,0.0,0.0,0.06437522172927856,0.1931244015693664,1.438146902249018,0.0638698935508728,0.0,0,151162b9-631e-4cd9-9dfe-b98ab0b0a763,20260816,ecs-strict,benign-burst,0,quad9
4,4,4,4,261,1.0,1.0,4,4,4,1.0,0.75,0.0,1.0,1.0,0.5,0.25,155.0,0.0,0.5,0.0,0.0,5.63145512342453,7.508444547653198,0.5771616693490224,5.631171405315399,0.0,3,03204be3-6b4d-4c06-9367-9097be34e08d,20260816,ecs-strict,benign-ecs-geo,0,opendns
3,3,3,3,156,1.0,1.0,3,3,3,1.0,1.0,0.0,1.0,1.0,0.3333333333333333,0.0,0.0,0.0,0.3333333333333333,0.0,0.0,7.507052501042684,7.507399606704712,4.0849144842452134e-05,7.506926774978638,0.0,3,d503e8c3-61c5-4dc4-b8ee-8403957a017c,20260816,ecs-strict,benign-ecs-geo,0,opendns
4,4,4,4,442,1.0,1.0,4,0,0,0.0,0.0,0.0,1.0,1.0,1.0,0.75,8834.5,0.9560267817601956,0.25,0.0,0.0,0.0677938461303711,0.20362738370895378,1.4266562341049474,0.06771582365036011,0.0,0,843a2375-bb86-47ab-b8aa-f0a300e234a4,20260816,ecs-strict,benign-burst,0,google
4,4,4,4,498,1.0,1.0,1,0,0,0.0,0.0,0.0,1.0,1.0,1.0,0.75,229.36363636363637,1.36678714968469,0.25,0.0,0.0,1.87946617603302,2.506115221977234,0.5767915411916972,0.0017185211181640625,0.0,0,16b85db4-b34b-4a09-903c-39f1de975529,20260816,ecs-strict,benign-burst,0,opendns
4,4,4,4,462,1.0,1.0,0,0,0,0.0,0.0,0.0,1.0,1.0,1.0,0.75,215.1,0.3414496995750155,0.25,0.0,0.0,2.5208932161331177,2.551073205471039,0.008526386055243572,0.0,0.0,0,f6882720-ba38-43ce-8eeb-be9ac3fd975f,20260816,ecs-strict,benign-burst,0,google
4,4,4,4,540,1.0,1.0,3,0,0,0.0,0.0,0.0,1.0,1.0,1.0,0.75,234.08333333333334,0.6234033159329738,0.25,0.0,0.0,0.6390832662582397,2.1346042513847343,1.685892511551166,0.01693105697631836,0.0,0,c4a6cc47-a0ba-4371-8484-6b6cb227fd6a,20260816,ecs-strict,benign-burst,0,opendns
4,4,4,4,643,1.0,1.0,1,0,0,0.0,0.0,0.0,1.0,1.0,1.0,0.75,206.42105263157896,0.27715181549507856,0.25,0.0,0.0,1.8780540823936462,2.5033016562461854,0.5764359287752653,0.0027375221252441406,0.0,0,8b2b52a4-0d62-4122-a818-35b89b4827f9,20260816,ecs-strict,benign-burst,0,opendns
4,4,4,4,627,1.0,1.0,4,0,0,0.0,0.0,0.0,1.0,1.0,1.0,0.75,4759.882352941177,1.6048704536411114,0.25,0.0,0.0,0.0026788711547851562,0.004577934741973876,0.5039085532354031,0.002545595169067383,0.0,0,ce20f60b-ba8a-4517-a760-85d360f32559,20260816,ecs-strict,benign-burst,0,opendns
4,4,4,4,500,1.0,1.0,4,0,0,0.0,0.0,0.0,1.0,1.0,1.0,0.75,3302.4545454545455,2.0127348626546855,0.25,0.0,0.0,0.0018215775489807129,0.0019751429557800294,0.06007124803185559,0.001633763313293457,0.0,0,c8f7c83b-b6bd-4ead-9f84-8f88cdc17e22,20260816,ecs-strict,benign-burst,0,opendns
4,4,4,4,452,1.0,1.0,4,0,0,0.0,0.0,0.0,1.0,1.0,1.0,0.75,2103.1428571428573,0.8221092187888727,0.25,0.0,0.0,0.007474422454833984,0.013801181316375732,0.7975217430171582,0.0073937177658081055,0.0,0,01a1baa8-954e-4478-8425-50b6d7780236,20260816,ecs-strict,benign-burst,0,opendns
4,4,4,4,442,1.0,1.0,4,0,0,0.0,0.0,0.0,1.0,1.0,1.0,0.75,209.25,1.6862727450658923,0.25,0.0,0.0,0.0050830841064453125,0.011935353279113766,0.9703169661924397,0.004821836948394775,0.0,0,6471e5a2-7175-4aa3-946e-e9493d46aa50,20260816,ecs-strict,benign-burst,0,opendns
4,4,4,4,418,1.0,1.0,0,0,0,0.0,0.0,0.0,1.0,1.0,1.0,0.75,3462.6666666666665,2.13108152246082,0.25,0.0,0.0,2.506960391998291,2.514157164096832,0.002060922039616358,0.0,0.0,0,6cb12b5a-c0fb-45ec-8a67-6322bd3022ca,20260816,ecs-strict,benign-burst,0,opendns
4,4,4,4,426,1.0,1.0,4,0,0,0.0,0.0,0.0,1.0,1.0,1.0,0.75,162.5,0.7029562820807318,0.25,0.0,0.0,0.008224964141845703,0.022429633140563957,1.2417262759468033,0.007939755916595459,0.0,0,07c35a4a-63a2-412b-90cf-49bb002d3913,20260816,ecs-strict,benign-burst,0,cloudflare
4,4,4,4,598,1.0,1.0,4,0,0,0.0,0.0,0.0,1.0,1.0,1.0,0.75,214.58823529411765,0.2962906166597615,0.25,0.0,0.0,0.002295196056365967,0.0034567236900329584,0.36350307764774475,0.0020389556884765625,0.0,0,70425229-4b0c-4828-80c5-1a865e85ccae,20260816,ecs-strict,benign-burst,0,quad9
4,4,4,4,416,1.0,1.0,4,0,0,0.0,0.0,0.0,1.0,1.0,1.0,0.75,82.6,0.5709666947742221,0.25,0.0,0.0,0.007603883743286133,0.01326843500137329,0.7060108523443033,0.0072002410888671875,0.0,0,7295194a-24bd-4be5-97a4-4dae7e487be6,20260816,ecs-strict,benign-burst,0,quad9
4,4,4,4,695,1.0,1.0,2,0,0,0.0,0.0,0.0,1.0,1.0,1.0,0.75,149.4,0.5440470214029254,0.25,0.0,0.0,1.2628114223480225,2.536611831188202,0.9983681379143777,0.0018447637557983398,0.0,0,45e84b06-bdec-4934-b874-d90db8dd6287,20260816,ecs-strict,benign-burst,0,quad9
4,4,4,4,520,1.0,1.0,4,0,0,0.0,0.0,0.0,1.0,1.0,1.0,0.75,167.53846153846155,0.6581399249373534,0.25,0.0,0.0,0.005288660526275635,0.014263355731964106,1.2203673202389045,0.005165159702301025,0.0,0,5876cb09-fae7-41df-9ad9-e8b464a28044,20260816,ecs-strict,benign-burst,0,google
4,4,4,4,502,1.0,1.0,4,0,0,0.0,0.0,0.0,1.0,1.0,0.75,0.5,4620.777777777777,1.8192564343738709,0.25,0.0,0.0,0.0016140937805175781,0.0019225239753723144,0.19435430824190922,0.0014103055000305176,0.0,0,476f5c76-689e-4ba7-8cd6-f0ccff25be0b,20260816,ecs-strict,benign-burst,0,google
4,4,4,4,426,1.0,1.0,4,0,0,0.0,0.0,0.0,1.0,1.0,1.0,0.75,526.0,1.3365357047794166,0.25,0.0,0.0,0.009013116359710693,0.025240862369537344,1.2987384575319925,0.008669376373291016,0.0,0,04d70fc6-9ab8-493e-81f0-0efd3abb4cd2,20260816,ecs-strict,benign-burst,0,opendns
4,4,4,4,216,1.0,1.0,4,4,4,1.0,1.0,0.0,1.0,1.0,0.25,0.0,0.0,0.0,0.25,0.0,0.0,7.509455382823944,7.5106395244598385,0.00013010623281520465,7.5093037486076355,0.0,4,b95ebe22-784c-4bf7-be0b-f8a9d35af378,20260816,ecs-strict,benign-ecs-geo,0,quad9
4,4,4,4,486,1.0,1.0,0,0,0,0.0,0.0,0.0,1.0,1.0,1.0,0.75,793.9,1.3165855158241289,0.25,0.0,0.0,2.5063849687576294,2.5086394429206846,0.0007686467253819514,0.0,0.0,0,58cbc1c2-ec1f-4c91-873f-6e210b2c8ad7,20260816,ecs-strict,benign-burst,0,google
4,4,4,4,563,1.0,1.0,1,0,0,0.0,0.0,0.0,1.0,1.0,1.0,0.75,117.0,0.3632691334608682,0.25,0.0,0.0,3.1329447627067566,5.006546092033386,0.6605885626402228,0.01527547836303711,0.0,0,1f7f44de-0fb2-48f6-8795-3abd89950c95,20260816,ecs-strict,benign-burst,0,google
4,4,4,4,526,1.0,1.0,4,0,0,0.0,0.0,0.0,1.0,1.0,1.0,0.75,128.69230769230768,0.6256325960553732,0.25,0.0,0.0,0.015827476978302002,0.03904218673706054,1.059372218025425,0.015606045722961426,0.0,0,8ed20992-9ec0-4784-8dde-3e77588ffbc2,20260816,ecs-strict,benign-burst,0,quad9
4,4,4,4,438,1.0,1.0,4,0,0,0.0,0.0,0.0,1.0,1.0,1.0,0.75,3575.5,2.1137449468822904,0.25,0.0,0.0,0.01604384183883667,0.031176877021789545,0.7204313393988871,0.01583951711654663,0.0,0,c7790a1b-d95b-4ab9-b06b-45b54fa605bb,20260816,ecs-strict,benign-burst,0,cloudflare
4,4,4,4,580,1.0,1.0,0,0,0,0.0,0.0,0.0,1.0,1.0,1.0,0.75,334.6,1.5321541987788145,0.25,0.0,0.0,2.5108548402786255,2.5202838659286497,0.0026762181466368482,0.0,0.0,0,a8325565-ac61-4956-8463-6e94e168bd68,20260816,ecs-strict,benign-burst,0,opendns
4,4,4,4,460,1.0,1.0,3,0,0,0.0,0.0,0.0,1.0,1.0,1.0,0.75,10045.75,0.8995854240579263,0.25,0.0,0.0,0.006265521049499512,0.012915682792663571,0.762154684444462,0.005668997764587402,0.0,0,5d8768e1-1d96-4c26-9cec-11ddc8cc183c,20260816,ecs-strict,benign-burst,0,opendns
4,4,4,4,450,1.0,1.0,3,0,0,0.0,0.0,0.0,1.0,1.0,1.0,0.75,870.0,1.9498406898550729,0.25,0.0,0.0,0.006875276565551758,0.01605458259582519,0.9507104461168597,0.006363332271575928,0.0,0,8f853bd5-158f-4ec9-8d44-0d4976aa6d42,20260816,ecs-strict,benign-burst,0,cloudflare
4,4,4,4,563,1.0,1.0,2,0,0,0.0,0.0,0.0,1.0,1.0,1.0,0.75,210.0,0.6150051158462073,0.25,0.0,0.0,0.009723484516143799,0.023597466945648186,1.0249158208289892,0.009164094924926758,0.0,0,3ce93fdd-f89b-472f-ae7f-bac5ba50d7dd,20260816,ecs-strict,benign-burst,0,google
4,4,4,4,421,1.0,1.0,4,0,0,0.0,0.0,0.0,1.0,1.0,1.0,0.75,5092.2,1.5451553139274588,0.25,0.0,0.0,0.009478330612182617,0.025133812427520743,1.1803338972297124,0.009253740310668945,0.0,0,7babb58d-aab1-4576-be6a-2d592ef97f70,20260816,ecs-strict,benign-burst,0,quad9
4,4,4,4,559,1.0,1.0,0,0,0,0.0,0.0,0.0,1.0,1.0,1.0,0.75,446.15384615384613,1.782119124280762,0.25,0.0,0.0,2.5201407074928284,2.5426769495010375,0.006402211228751659,0.0,0.0,0,2837a0e9-7267-411c-91cc-164a26f27449,20260816,ecs-strict,benign-burst,0,cloudflare
4,4,4,4,502,1.0,1.0,3,0,0,0.0,0.0,0.0,1.0,1.0,1.0,0.75,202.6,1.994305695837544,0.25,0.0,0.0,0.010554730892181396,0.028932428359985343,1.2461157286546145,0.009704351425170898,0.0,0,51fb5c85-8f3f-4139-b5f3-856284553ed0,20260816,ecs-strict,benign-burst,0,quad9
4,4,4,4,514,1.0,1.0,3,0,0,0.0,0.0,0.0,1.0,1.0,1.0,0.75,3428.3333333333335,2.165600569551584,0.25,0.0,0.0,0.013140678405761719,0.03830858469009398,1.3767528704955847,0.012277424335479736,0.0,0,6638c80b-cefe-4b38-8cee-bf5be8dbf512,20260816,ecs-strict,benign-burst,0,opendns
4,4,4,4,696,1.0,1.0,4,0,0,0.0,0.0,0.0,1.0,1.0,1.0,0.75,473.6842105263158,1.5345184791858857,0.25,0.0,0.0,0.05677151679992676,0.18445048332214348,1.6196055035631514,0.05647820234298706,0.0,0,7c21bbcc-5132-4b40-839e-be3644cbc7d7,20260816,ecs-strict,benign-burst,0,google
4,4,4,4,502,1.0,1.0,2,0,0,0.0,0.0,0.0,1.0,1.0,1.0,0.75,129.83333333333334,0.6959496978204753,0.25,0.0,0.0,1.2588845491409302,2.5159075617790223,0.9984961662339188,0.0016721487045288086,0.0,0,2c8adedf-6ab4-4568-8a19-328e885cf182,20260816,ecs-strict,benign-burst,0,cloudflare
4,4,4,4,579,1.0,1.0,0,0,0,0.0,0.0,0.0,1.0,1.0,1.0,0.75,535.5,1.627509752122915,0.25,0.0,0.0,2.547581732273102,2.6430103063583372,0.0269909880308367,0.0,0.0,0,744294d2-5f12-48f5-b0e8-b56415b05502,20260816,ecs-strict,benign-burst,0,opendns
4,4,4,4,636,1.0,1.0,3,0,0,0.0,0.0,0.0,1.0,1.0,1.0,0.75,7628.705882352941,1.3140958012057595,0.25,0.0,0.0,0.6513616442680359,2.1435930371284475,1.6441029324116503,0.03276824951171875,0.0,0,ea533ac2-ada5-43d7-a281-2e67e070bba4,20260816,ecs-strict,benign-burst,0,opendns
4,4,4,4,584,1.0,1.0,4,0,0,0.0,0.0,0.0,1.0,1.0,1.0,0.75,432.4117647058824,0.851222920734007,0.25,0.0,0.0,0.0021573305130004883,0.002538788318634033,0.15780271685185546,0.0017165541648864746,0.0,0,cb7a7fef-15b2-44d5-8c66-39133ef078e2,20260816,ecs-strict,benign-burst,0,quad9
4,4,4,4,405,1.0,1.0,3,0,0,0.0,0.0,0.0,1.0,1.0,0.75,0.5,2624.125,2.3606105035139544,0.5,0.0,0.0,4.384872138500214,7.5077767133712765,0.7398093779066421,5.010985374450684,0.0,2,f9416d16-ec53-4585-b2a2-09d1d575c507,20260816,ecs-strict,benign-burst,0,quad9
4,4,4,4,488,1.0,1.0,0,0,0,0.0,0.0,0.0,1.0,1.0,1.0,0.75,140.44444444444446,0.5774004966401303,0.25,0.0,0.0,2.5054039359092712,2.507256102561951,0.000574779477079342,0.0,0.0,0,e0faf2d0-8b59-4bbf-86a8-3a917875162a,20260816,ecs-strict,benign-burst,0,cloudflare
4,4,4,4,473,1.0,1.0,0,0,0,0.0,0.0,0.0,1.0,1.0,1.0,0.75,162.57142857142858,0.5768583254645351,0.25,0.0,0.0,2.5091612339019775,2.5143163323402407,0.002045724610706329,0.0,0.0,0,83e40c29-0d9e-4f69-8441-889167d00c0a,20260816,ecs-strict,benign-burst,0,quad9
4,4,4,4,550,1.0,1.0,4,0,0,0.0,0.0,0.0,1.0,1.0,1.0,0.75,145.15384615384616,0.5283914792646929,0.25,0.0,0.0,0.008128821849822998,0.014367532730102538,0.7272648293336301,0.007909953594207764,0.0,0,24dfbee2-5bf2-4f14-9557-a8f7db3ba5df,20260816,ecs-strict,benign-burst,0,google
4,4,4,4,579,1.0,1.0,4,0,0,0.0,0.0,0.0,1.0,1.0,1.0,0.75,7681.153846153846,1.2283660017979583,0.25,0.0,0.0,0.002636253833770752,0.0036541819572448726,0.2926949671555385,0.0019459128379821777,0.0,0,a155902a-6400-499a-b411-7c401e5833a0,20260816,ecs-strict,benign-burst,0,opendns
4,4,4,4,532,1.0,1.0,4,0,0,0.0,0.0,0.0,1.0,1.0,1.0,0.75,96.11111111111111,1.078478267305165,0.25,0.0,0.0,0.0054343342781066895,0.012230098247528073,0.8954362597538083,0.005259811878204346,0.0,0,00fed94a-7b0e-4a5f-b720-1fe1aeafce3f,20260816,ecs-strict,benign-burst,0,quad9
4,4,4,4,488,1.0,1.0,0,0,0,0.0,0.0,0.0,1.0,1.0,1.0,0.75,124.44444444444444,0.9998724408439226,0.25,0.0,0.0,2.511114239692688,2.518721306324005,0.0028558716985890207,0.0,0.0,0,a258f867-1125-4937-a98f-0d582a4430da,20260816,ecs-strict,benign-burst,0,quad9
4,4,4,4,645,1.0,1.0,1,0,0,0.0,0.0,0.0,1.0,1.0,1.0,0.75,5893.882352941177,1.320313304450282,0.25,0.0,0.0,1.8807862401008606,2.507222759723663,0.576606547293749,0.002208709716796875,0.0,0,428db828-cf4e-4431-8dff-ae28d35247a5,20260816,ecs-strict,benign-burst,0,cloudflare
4,4,4,4,400,1.0,1.0,0,0,0,0.0,0.0,0.0,1.0,1.0,1.0,0.75,270.8333333333333,0.7242961897001814,0.25,0.0,0.0,2.504649043083191,2.5053325414657595,0.0002192595163429566,0.0,0.0,0,58139f59-5395-41ce-86b3-fb9c627a3836,20260816,ecs-strict,benign-burst,0,quad9
4,4,4,4,422,1.0,1.0,3,0,0,0.0,0.0,0.0,1.0,1.0,1.0,0.75,4019.0,1.675446785477606,0.25,0.0,0.0,0.0030088424682617188,0.004949212074279784,0.4642841787896779,0.0022809505462646484,0.0,0,60ecb6fa-411f-4ba1-9688-6a107bf9c184,20260816,ecs-strict,benign-burst,0,google
4,4,4,4,530,1.0,1.0,3,0,0,0.0,0.0,0.0,1.0,1.0,1.0,0.75,2432.818181818182,2.4947512688106244,0.25,0.0,0.0,0.007310032844543457,0.018118989467620843,1.0633053569542614,0.006804287433624268,0.0,0,3e8b5588-ac6b-4f66-be8e-4c81c3fea3e9,20260816,ecs-strict,benign-burst,0,google
4,4,4,4,520,1.0,1.0,0,0,0,0.0,0.0,0.0,1.0,1.0,1.0,0.75,3567.6666666666665,2.068426736485447,0.25,0.0,0.0,2.5084447860717773,2.5164644002914427,0.002296739113959675,0.0,0.0,0,35510d38-7af0-4f20-a237-977132eecd2f,20260816,ecs-strict,benign-burst,0,opendns
4,4,4,4,638,1.0,1.0,4,0,0,0.0,0.0,0.0,1.0,1.0,1.0,0.75,154.61111111111111,0.5495429314170298,0.25,0.0,0.0,0.006594419479370117,0.01407690048217773,0.8089856873924779,0.00582730770111084,0.0,0,d65cf306-2f72-43c5-98b1-bff7cff1200b,20260816,ecs-strict,benign-burst,0,google
4,4,4,4,436,1.0,1.0,2,0,0,0.0,0.0,0.0,1.0,1.0,1.0,0.75,205.375,1.0757771816650217,0.25,0.0,0.0,0.005478203296661377,0.01227098703384399,0.8914346958938996,0.0047397613525390625,0.0,0,7c816977-737a-4a47-a7cd-917607cf9d59,20260816,ecs-strict,benign-burst,0,google
4,4,4,4,459,1.0,1.0,4,0,0,0.0,0.0,0.0,1.0,1.0,1.0,0.75,3766.75,1.5868732357834012,0.25,0.0,0.0,0.0029468536376953125,0.004129350185394286,0.2897596822516788,0.002514958381652832,0.0,0,c5fe43e7-4ae0-4d3f-85ac-24c85a13a253,20260816,ecs-strict,benign-burst,0,google
4,4,4,4,402,1.0,1.0,3,0,0,0.0,0.0,0.0,1.0,1.0,1.0,0.75,236.0,0.5497326833774918,0.25,0.0,0.0,0.0031984448432922363,0.005484306812286376,0.5175667181194019,0.0022223591804504395,0.0,0,e6e589d6-592a-499b-bf7b-524787f611f6,20260816,ecs-strict,benign-burst,0,quad9
4,4,4,4,500,1.0,1.0,2,0,0,0.0,0.0,0.0,1.0,1.0,1.0,0.75,1389.090909090909,1.1797273991831005,0.25,0.0,0.0,0.0026384592056274414,0.0029609084129333493,0.09121982112186931,0.0017404556274414062,0.0,0,fdce4deb-fabc-452c-9a90-0ed0e0876f8c,20260816,ecs-strict,benign-burst,0,opendns
1,1,1,1,225,1.0,1.0,1,1,1,1.0,1.0,0.0,-0.0,-0.0,1.0,0.0,155.0,0.0,1.0,0.0,0.0,0.0023086071014404297,0.0023086071014404297,0.0,0.0021791458129882812,0.0,0,227ea3e9-94b0-484c-b9dc-f6f25f6c57c9,20260816,ecs-strict,adverse-ecs-omit,1,local-adverse-authority
1,1,1,1,128,1.0,1.0,1,1,1,1.0,0.0,0.0,-0.0,-0.0,1.0,0.0,87.0,0.0,1.0,0.0,0.0,0.0025320053100585938,0.0025320053100585938,0.0,0.0020627975463867188,0.0,0,0465a062-14bc-4860-87ef-2f301bc8ad5e,20260816,ecs-strict,adverse-ecs-omit,1,local-adverse-authority
4,4,4,4,436,1.0,1.0,4,0,0,0.0,0.0,0.0,1.0,1.0,1.0,0.75,231.625,0.5113519825254622,0.25,0.0,0.0,0.0166018009185791,0.028930497169494623,0.5496662153955112,0.015912771224975586,0.0,0,c591bf04-cfb3-4118-943e-ba39aed26a7c,20260816,ecs-strict,benign-burst,0,cloudflare
4,4,4,4,436,1.0,1.0,0,0,0,0.0,0.0,0.0,1.0,1.0,1.0,0.75,10934.5,0.876399859222481,0.25,0.0,0.0,2.513314187526703,2.5237244963645935,0.0031547627663109706,0.0,0.0,0,f4e14993-d46b-4ed8-9a46-08929c4dddde,20260816,ecs-strict,benign-burst,0,google
1,1,1,1,189,1.0,1.0,1,1,1,1.0,1.0,0.0,-0.0,-0.0,1.0,0.0,268.0,0.0,1.0,0.0,0.0,0.002146482467651367,0.002146482467651367,0.0,0.002040386199951172,0.0,0,8463cb59-60ed-4d8f-b19e-29e6a437eb43,20260816,ecs-strict,adverse-ecs-omit,1,local-adverse-authority
1,1,1,1,124,1.0,1.0,1,1,1,1.0,0.0,0.0,-0.0,-0.0,1.0,0.0,434.0,0.0,1.0,0.0,0.0,0.0032088756561279297,0.0032088756561279297,0.0,0.0029861927032470703,0.0,0,445f2414-b7eb-4361-8dce-1d025ac71ae9,20260816,ecs-strict,adverse-ecs-omit,1,local-adverse-authority
4,4,4,4,602,1.0,1.0,4,0,0,0.0,0.0,0.0,1.0,1.0,1.0,0.75,82.22222222222223,1.0219799528881113,0.25,0.0,0.0,0.006648421287536621,0.013769698143005367,0.766175231237283,0.004792571067810059,0.0,0,1b9e519b-ff68-45ca-9c95-61214f8a1313,20260816,ecs-strict,benign-burst,0,opendns
1,1,1,1,129,1.0,1.0,1,1,1,1.0,1.0,0.0,-0.0,-0.0,1.0,0.0,2767.0,0.0,1.0,0.0,0.0,0.004335641860961914,0.004335641860961914,0.0,0.0042057037353515625,0.0,0,816824f7-e57c-4dd7-bc48-388acb307774,20260816,ecs-strict,adverse-ecs-omit,1,local-adverse-authority
1,1,1,1,107,1.0,1.0,1,1,1,1.0,1.0,0.0,-0.0,-0.0,1.0,0.0,806.0,0.0,1.0,0.0,0.0,0.0035376548767089844,0.0035376548767089844,0.0,0.0033941268920898438,0.0,0,a66565b7-d178-4c54-a3fa-5bd4b0e11c2c,20260816,ecs-strict,adverse-ecs-omit,1,local-adverse-authority
1,1,1,1,143,1.0,1.0,1,1,1,1.0,1.0,0.0,-0.0,-0.0,1.0,0.0,60.0,0.0,1.0,0.0,0.0,0.0032927989959716797,0.0032927989959716797,0.0,0.0031604766845703125,0.0,0,83ac3e6c-6037-4f1b-88e5-e20d1dc93753,20260816,ecs-strict,adverse-ecs-omit,1,local-adverse-authority
1,1,1,1,119,1.0,1.0,1,1,1,1.0,1.0,0.0,-0.0,-0.0,1.0,0.0,134.0,0.0,1.0,0.0,0.0,0.003332853317260742,0.003332853317260742,0.0,0.002249002456665039,0.0,0,7ce8fd40-b271-4101-a842-5f9fd133f330,20260816,ecs-strict,adverse-ecs-omit,1,local-adverse-authority
1,1,1,1,115,1.0,1.0,1,1,1,1.0,1.0,0.0,-0.0,-0.0,1.0,0.0,5818.0,0.0,1.0,0.0,0.0,0.00399017333984375,0.00399017333984375,0.0,0.0031976699829101562,0.0,0,3f1bab5e-3e8e-4233-a440-a67b87d9d8b3,20260816,ecs-strict,adverse-ecs-omit,1,local-adverse-authority
1,1,1,1,123,1.0,1.0,1,1,1,1.0,1.0,0.0,-0.0,-0.0,1.0,0.0,300.0,0.0,1.0,0.0,0.0,0.0016703605651855469,0.0016703605651855469,0.0,0.0014891624450683594,0.0,0,6040afce-4ed7-4d33-906c-7b8fbfb3db27,20260816,ecs-strict,adverse-ecs-omit,1,local-adverse-authority
4,4,4,4,535,1.0,1.0,4,0,0,0.0,0.0,0.0,1.0,1.0,1.0,0.75,1211.75,3.0853257833141248,0.25,0.0,0.0,0.01522362232208252,0.02910413742065429,0.6941875978443084,0.0146484375,0.0,0,8fd4e982-72d6-41af-9796-4e4445773c34,20260816,ecs-strict,benign-burst,0,opendns
4,4,4,4,705,1.0,1.0,2,0,0,0.0,0.0,0.0,1.0,1.0,1.0,0.75,195.22727272727272,0.4190025127657784,0.25,0.0,0.0,0.016055285930633545,0.03938136100769042,1.0398413645868265,0.015077054500579834,0.0,0,6732ff28-5481-4539-97d2-40b860c0f26e,20260816,ecs-strict,benign-burst,0,opendns
1,1,1,1,131,1.0,1.0,1,1,1,1.0,1.0,0.0,-0.0,-0.0,1.0,0.0,300.0,0.0,1.0,0.0,0.0,0.004278898239135742,0.004278898239135742,0.0,0.004038333892822266,0.0,0,b5ed538c-6363-4d9b-bd5c-d6dbf802f516,20260816,ecs-strict,adverse-ecs-omit,1,local-adverse-authority
1,1,1,1,109,1.0,1.0,1,1,1,1.0,1.0,0.0,-0.0,-0.0,1.0,0.0,279.0,0.0,1.0,0.0,0.0,0.018538713455200195,0.018538713455200195,0.0,0.01840686798095703,0.0,0,b35e0e62-b6d0-4f53-a581-8f268941dce8,20260816,ecs-strict,adverse-ecs-omit,1,local-adverse-authority
1,1,1,1,128,1.0,1.0,1,1,1,1.0,0.0,0.0,-0.0,-0.0,1.0,0.0,208.0,0.0,1.0,0.0,0.0,0.039201974868774414,0.039201974868774414,0.0,0.03907346725463867,0.0,0,6d8fe524-3d0b-4bc8-9d89-7990a3dd4a42,20260816,ecs-strict,adverse-ecs-omit,1,local-adverse-authority
1,1,1,1,99,1.0,1.0,1,1,1,1.0,1.0,0.0,-0.0,-0.0,1.0,0.0,300.0,0.0,1.0,0.0,0.0,0.0023038387298583984,0.0023038387298583984,0.0,0.002129077911376953,0.0,0,9b6a5050-e7b8-4ebe-a9e6-3e231566fe64,20260816,ecs-strict,adverse-ecs-omit,1,local-adverse-authority
1,1,1,1,133,1.0,1.0,1,1,1,1.0,1.0,0.0,-0.0,-0.0,1.0,0.0,36.0,0.0,1.0,0.0,0.0,0.040134429931640625,0.040134429931640625,0.0,0.039980173110961914,0.0,0,925d37b3-08f6-4c15-bb2e-8a644d70e0f9,20260816,ecs-strict,adverse-ecs-omit,1,local-adverse-authority
4,4,4,4,536,1.0,1.0,3,0,0,0.0,0.0,0.0,1.0,1.0,1.0,0.75,260.85714285714283,1.7247418778097359,0.25,0.0,0.0,0.6276106834411621,2.128678250312804,1.7259552292642082,0.0020072460174560547,0.0,0,c2b0252e-fcef-4fd5-9f5a-b70b20538dfb,20260816,ecs-strict,benign-burst,0,opendns
1,1,1,1,113,1.0,1.0,1,1,1,1.0,1.0,0.0,-0.0,-0.0,1.0,0.0,9792.0,0.0,1.0,0.0,0.0,0.0059130191802978516,0.0059130191802978516,0.0,0.005747556686401367,0.0,0,b53a17cd-8171-4dc4-b2a6-3ed5038fed22,20260816,ecs-strict,adverse-ecs-omit,1,local-adverse-authority
1,1,1,1,140,1.0,1.0,1,1,1,1.0,0.0,0.0,-0.0,-0.0,1.0,0.0,300.0,0.0,1.0,0.0,0.0,0.004172801971435547,0.004172801971435547,0.0,0.00397944450378418,0.0,0,fa515e20-a494-4551-aa63-ecb43a3342b8,20260816,ecs-strict,adverse-ecs-omit,1,local-adverse-authority
1,1,1,1,120,1.0,1.0,1,1,1,1.0,0.0,0.0,-0.0,-0.0,1.0,0.0,41.0,0.0,1.0,0.0,0.0,0.002278566360473633,0.002278566360473633,0.0,0.0021216869354248047,0.0,0,16dc09ad-27b1-4bf3-8bb0-4c1c28d433a9,20260816,ecs-strict,adverse-ecs-omit,1,local-adverse-authority
4,4,4,4,485,1.0,1.0,1,0,0,0.0,0.0,0.0,1.0,1.0,1.0,0.75,826.4285714285714,1.9849846274688048,0.25,0.0,0.0,2.5076587200164795,4.630472350120543,0.7034271887654931,0.015955209732055664,0.0,0,b1db217e-8868-4e1f-b959-453bad60137c,20260816,ecs-strict,benign-burst,0,quad9
1,1,1,1,147,1.0,1.0,1,1,1,1.0,1.0,0.0,-0.0,-0.0,1.0,0.0,60.0,0.0,1.0,0.0,0.0,0.20868253707885742,0.20868253707885742,0.0,0.20807433128356934,0.0,0,945f7f34-821b-4bac-a2e5-84c19555e113,20260816,ecs-strict,adverse-ecs-omit,1,local-adverse-authority
1,1,1,1,214,1.0,1.0,1,1,1,1.0,0.0,0.0,-0.0,-0.0,1.0,0.0,300.0,0.0,1.0,0.0,0.0,0.013750314712524414,0.013750314712524414,0.0,0.013557195663452148,0.0,0,24beb9ac-5f17-447e-9f9a-a7fdf6363e2c,20260816,ecs-strict,adverse-ecs-omit,1,local-adverse-authority
1,1,1,1,151,1.0,1.0,1,1,1,1.0,1.0,0.0,-0.0,-0.0,1.0,0.0,235.0,0.0,1.0,0.0,0.0,0.01997971534729004,0.01997971534729004,0.0,0.01979541778564453,0.0,0,b013bcb4-5810-4ebe-8b59-7f0e871198bb,20260816,ecs-strict,adverse-ecs-omit,1,local-adverse-authority
1,1,1,1,134,1.0,1.0,1,1,1,1.0,0.0,0.0,-0.0,-0.0,1.0,0.0,300.0,0.0,1.0,0.0,0.0,0.0031464099884033203,0.0031464099884033203,0.0,0.0029115676879882812,0.0,0,a25865eb-9d98-4be5-904c-16f6c694907d,20260816,ecs-strict,adverse-ecs-omit,1,local-adverse-authority
1,1,1,1,150,1.0,1.0,1,1,1,1.0,0.0,0.0,-0.0,-0.0,1.0,0.0,60.0,0.0,1.0,0.0,0.0,0.014424800872802734,0.014424800872802734,0.0,0.014127254486083984,0.0,0,ac13359d-6758-4179-a0bb-195e6f3d5408,20260816,ecs-strict,adverse-ecs-omit,1,local-adverse-authority
1,1,1,1,103,1.0,1.0,1,1,1,1.0,1.0,0.0,-0.0,-0.0,1.0,0.0,108.0,0.0,1.0,0.0,0.0,0.001682281494140625,0.001682281494140625,0.0,0.0014879703521728516,0.0,0,c360e47a-11c4-40f1-a658-a8c2382268dd,20260816,ecs-strict,adverse-ecs-omit,1,local-adverse-authority
1,1,1,1,113,1.0,1.0,1,1,1,1.0,1.0,0.0,-0.0,-0.0,1.0,0.0,37.0,0.0,1.0,0.0,0.0,0.0038535594940185547,0.0038535594940185547,0.0,0.0037598609924316406,0.0,0,6ab044c2-807d-4b21-aa6b-428566987987,20260816,ecs-strict,adverse-ecs-omit,1,local-adverse-authority
1,1,1,1,195,1.0,1.0,1,1,1,1.0,1.0,0.0,-0.0,-0.0,1.0,0.0,300.0,0.0,1.0,0.0,0.0,0.014111757278442383,0.014111757278442383,0.0,0.013938665390014648,0.0,0,c1beb9b2-fcc0-4379-8178-ce95ad4bebff,20260816,ecs-strict,adverse-ecs-omit,1,local-adverse-authority
1,1,1,1,126,1.0,1.0,1,1,1,1.0,0.0,0.0,-0.0,-0.0,1.0,0.0,300.0,0.0,1.0,0.0,0.0,0.006267070770263672,0.006267070770263672,0.0,0.006062507629394531,0.0,0,41ddf416-95a7-410d-947b-986ded107b06,20260816,ecs-strict,adverse-ecs-omit,1,local-adverse-authority
1,1,1,1,127,1.0,1.0,1,1,1,1.0,1.0,0.0,-0.0,-0.0,1.0,0.0,284.0,0.0,1.0,0.0,0.0,0.001977682113647461,0.001977682113647461,0.0,0.0018339157104492188,0.0,0,9ab2b2bc-4bdf-4ab4-b72a-868894d15592,20260816,ecs-strict,adverse-ecs-omit,1,local-adverse-authority
1,1,1,1,155,1.0,1.0,1,1,1,1.0,1.0,0.0,-0.0,-0.0,1.0,0.0,60.0,0.0,1.0,0.0,0.0,0.0026187896728515625,0.0026187896728515625,0.0,0.002401590347290039,0.0,0,5e1c4a7c-b2e3-4d02-b997-097e45acf0fb,20260816,ecs-strict,adverse-ecs-omit,1,local-adverse-authority
1,1,1,1,105,1.0,1.0,1,1,1,1.0,1.0,0.0,-0.0,-0.0,1.0,0.0,299.0,0.0,1.0,0.0,0.0,0.0031371116638183594,0.0031371116638183594,0.0,0.0030074119567871094,0.0,0,5bfef6bd-0bf0-48ac-8a87-4ce32171454f,20260816,ecs-strict,adverse-ecs-omit,1,local-adverse-authority
1,1,1,1,115,1.0,1.0,1,1,1,1.0,1.0,0.0,-0.0,-0.0,1.0,0.0,739.0,0.0,1.0,0.0,0.0,0.0023539066314697266,0.0023539066314697266,0.0,0.0022339820861816406,0.0,0,3b59851b-ab9c-40d0-915a-c73b1e1831c1,20260816,ecs-strict,adverse-ecs-omit,1,local-adverse-authority
1,1,1,1,133,1.0,1.0,1,1,1,1.0,1.0,0.0,-0.0,-0.0,1.0,0.0,98.0,0.0,1.0,0.0,0.0,0.002432107925415039,0.002432107925415039,0.0,0.0023200511932373047,0.0,0,5fa2dc84-4468-4135-91de-43e4be52682b,20260816,ecs-strict,adverse-ecs-omit,1,local-adverse-authority
1,1,1,1,129,1.0,1.0,1,1,1,1.0,1.0,0.0,-0.0,-0.0,1.0,0.0,252.0,0.0,1.0,0.0,0.0,0.0028276443481445312,0.0028276443481445312,0.0,0.0027170181274414062,0.0,0,14e43a4a-6af0-4ab1-bfdb-3c0135d8c5be,20260816,ecs-strict,adverse-ecs-omit,1,local-adverse-authority
1,1,1,1,210,1.0,1.0,1,1,1,1.0,0.0,0.0,-0.0,-0.0,1.0,0.0,300.0,0.0,1.0,0.0,0.0,0.0404667854309082,0.0404667854309082,0.0,0.04031825065612793,0.0,0,52dfb173-f2fc-44f4-8953-97ec3c4fa4f6,20260816,ecs-strict,adverse-ecs-omit,1,local-adverse-authority
1,1,1,1,113,1.0,1.0,1,1,1,1.0,1.0,0.0,-0.0,-0.0,1.0,0.0,300.0,0.0,1.0,0.0,0.0,0.002062559127807617,0.002062559127807617,0.0,0.001850128173828125,0.0,0,ad5e0e70-d3c3-40ca-856d-846837fd2d2f,20260816,ecs-strict,adverse-ecs-omit,1,local-adverse-authority
1,1,1,1,166,1.0,1.0,1,1,1,1.0,0.0,0.0,-0.0,-0.0,1.0,0.0,204.0,0.0,1.0,0.0,0.0,0.004609107971191406,0.004609107971191406,0.0,0.004442453384399414,0.0,0,f58abf0e-820b-4c51-bf7e-79fa2c49bda9,20260816,ecs-strict,adverse-ecs-omit,1,local-adverse-authority
1,1,1,1,137,1.0,1.0,1,1,1,1.0,1.0,0.0,-0.0,-0.0,1.0,0.0,341.0,0.0,1.0,0.0,0.0,0.002214193344116211,0.002214193344116211,0.0,0.0020682811737060547,0.0,0,066f4acb-a6ee-451a-b0eb-0441189dd1cc,20260816,ecs-strict,adverse-ecs-omit,1,local-adverse-authority
1,1,1,1,144,1.0,1.0,1,1,1,1.0,0.0,0.0,-0.0,-0.0,1.0,0.0,300.0,0.0,1.0,0.0,0.0,0.04461526870727539,0.04461526870727539,0.0,0.04439663887023926,0.0,0,e99e23c5-28b3-4e38-b7b2-62d0876174ad,20260816,ecs-strict,adverse-ecs-omit,1,local-adverse-authority
1,1,1,1,107,1.0,1.0,1,1,1,1.0,1.0,0.0,-0.0,-0.0,1.0,0.0,193.0,0.0,1.0,0.0,0.0,0.015459060668945312,0.015459060668945312,0.0,0.015275001525878906,0.0,0,e3b28305-dbd4-4839-832e-faf49023cca5,20260816,ecs-strict,adverse-ecs-omit,1,local-adverse-authority
1,1,1,1,123,1.0,1.0,1,1,1,1.0,1.0,0.0,-0.0,-0.0,1.0,0.0,178.0,0.0,1.0,0.0,0.0,0.017894983291625977,0.017894983291625977,0.0,0.017702102661132812,0.0,0,d39b9041-c867-4145-b55c-93795f79767d,20260816,ecs-strict,adverse-ecs-omit,1,local-adverse-authority
1,1,1,1,99,1.0,1.0,1,1,1,1.0,1.0,0.0,-0.0,-0.0,1.0,0.0,18.0,0.0,1.0,0.0,0.0,0.005307912826538086,0.005307912826538086,0.0,0.005143165588378906,0.0,0,dd20c1f4-dea9-4875-8e99-030602eac720,20260816,ecs-strict,adverse-ecs-omit,1,local-adverse-authority
1,1,1,1,151,1.0,1.0,1,1,1,1.0,1.0,0.0,-0.0,-0.0,1.0,0.0,157.0,0.0,1.0,0.0,0.0,0.030503273010253906,0.030503273010253906,0.0,0.030336618423461914,0.0,0,fcf3c696-c38f-4af0-a84b-117a30b9f32e,20260816,ecs-strict,adverse-ecs-omit,1,local-adverse-authority
1,1,1,1,105,1.0,1.0,1,1,1,1.0,1.0,0.0,-0.0,-0.0,1.0,0.0,12.0,0.0,1.0,0.0,0.0,0.014142751693725586,0.014142751693725586,0.0,0.013910293579101562,0.0,0,88d53eed-f92d-430f-83ad-1b3b7af0b005,20260816,ecs-strict,adverse-ecs-omit,1,local-adverse-authority
1,1,1,1,118,1.0,1.0,1,1,1,1.0,0.0,0.0,-0.0,-0.0,1.0,0.0,7.0,0.0,1.0,0.0,0.0,0.16527676582336426,0.16527676582336426,0.0,0.16504120826721191,0.0,0,ff7a6001-ba5b-41d6-8cb6-634d4baabb4b,20260816,ecs-strict,adverse-ecs-omit,1,local-adverse-authority
1,1,1,1,111,1.0,1.0,1,1,1,1.0,1.0,0.0,-0.0,-0.0,1.0,0.0,300.0,0.0,1.0,0.0,0.0,0.002422809600830078,0.002422809600830078,0.0,0.0022170543670654297,0.0,0,649cc58c-133d-4267-a9d6-f0f704a0468b,20260816,ecs-strict,adverse-ecs-omit,1,local-adverse-authority
1,1,1,1,99,1.0,1.0,1,1,1,1.0,1.0,0.0,-0.0,-0.0,1.0,0.0,21.0,0.0,1.0,0.0,0.0,0.003604412078857422,0.003604412078857422,0.0,0.0034742355346679688,0.0,0,7b1f0db9-5716-4dc5-88e5-d03b80fa1ac5,20260816,ecs-strict,adverse-ecs-omit,1,local-adverse-authority
1,1,1,1,151,1.0,1.0,1,1,1,1.0,1.0,0.0,-0.0,-0.0,1.0,0.0,1112.0,0.0,1.0,0.0,0.0,0.001817464828491211,0.001817464828491211,0.0,0.0016846656799316406,0.0,0,ba00f44a-8467-4fdd-8ee6-ca608c02041b,20260816,ecs-strict,adverse-ecs-omit,1,local-adverse-authority
1,1,1,1,126,1.0,1.0,1,1,1,1.0,0.0,0.0,-0.0,-0.0,1.0,0.0,21221.0,0.0,1.0,0.0,0.0,0.011939764022827148,0.011939764022827148,0.0,0.011826038360595703,0.0,0,1eda98fb-d96a-483c-9ba7-2b9742ea5acb,20260816,ecs-strict,adverse-ecs-omit,1,local-adverse-authority
1,1,1,1,155,1.0,1.0,1,1,1,1.0,1.0,0.0,-0.0,-0.0,1.0,0.0,2029.0,0.0,1.0,0.0,0.0,0.002915620803833008,0.002915620803833008,0.0,0.0027618408203125,0.0,0,40657780-d29c-45b4-9833-7fb76f62ea38,20260816,ecs-strict,adverse-ecs-omit,1,local-adverse-authority
1,1,1,1,121,1.0,1.0,1,1,1,1.0,1.0,0.0,-0.0,-0.0,1.0,0.0,201.0,0.0,1.0,0.0,0.0,0.0013031959533691406,0.0013031959533691406,0.0,0.0011746883392333984,0.0,0,825beab3-549d-4978-bcb5-e43f2a1fe8f1,20260816,ecs-strict,adverse-ecs-omit,1,local-adverse-authority
1,1,1,1,123,1.0,1.0,1,1,1,1.0,1.0,0.0,-0.0,-0.0,1.0,0.0,20.0,0.0,1.0,0.0,0.0,0.0028510093688964844,0.0028510093688964844,0.0,0.0025472640991210938,0.0,0,033baac2-474d-4084-9812-4f562f91c8b2,20260816,ecs-strict,adverse-ecs-omit,1,local-adverse-authority
1,1,1,1,117,1.0,1.0,1,1,1,1.0,1.0,0.0,-0.0,-0.0,1.0,0.0,2334.0,0.0,1.0,0.0,0.0,0.003019571304321289,0.003019571304321289,0.0,0.0027382373809814453,0.0,0,57c6ac2f-e015-42c7-b9ae-e860e9c57549,20260816,ecs-strict,adverse-ecs-omit,1,local-adverse-authority
1,1,1,1,119,1.0,1.0,1,1,1,1.0,1.0,0.0,-0.0,-0.0,1.0,0.0,250.0,0.0,1.0,0.0,0.0,0.0035178661346435547,0.0035178661346435547,0.0,0.003297567367553711,0.0,0,388f926d-ff19-468f-8e1e-d5e5121dae5c,20260816,ecs-strict,adverse-ecs-omit,1,local-adverse-authority
1,1,1,1,119,1.0,1.0,1,1,1,1.0,1.0,0.0,-0.0,-0.0,1.0,0.0,300.0,0.0,1.0,0.0,0.0,0.0417177677154541,0.0417177677154541,0.0,0.041494131088256836,0.0,0,cf1b6f0b-d823-4aa4-a4df-3c3f80f7fb54,20260816,ecs-strict,adverse-ecs-omit,1,local-adverse-authority
1,1,1,1,103,1.0,1.0,1,1,1,1.0,1.0,0.0,-0.0,-0.0,1.0,0.0,186.0,0.0,1.0,0.0,0.0,0.012323379516601562,0.012323379516601562,0.0,0.01214909553527832,0.0,0,bb249199-d637-4950-b77a-56c705485851,20260816,ecs-strict,adverse-ecs-omit,1,local-adverse-authority
1,1,1,1,195,1.0,1.0,1,1,1,1.0,1.0,0.0,-0.0,-0.0,1.0,0.0,300.0,0.0,1.0,0.0,0.0,0.03764772415161133,0.03764772415161133,0.0,0.03745579719543457,0.0,0,f9ea78f9-d095-4105-8119-7c9a02d5f326,20260816,ecs-strict,adverse-ecs-omit,1,local-adverse-authority
1,1,1,1,107,1.0,1.0,1,1,1,1.0,1.0,0.0,-0.0,-0.0,1.0,0.0,294.0,0.0,1.0,0.0,0.0,0.015930891036987305,0.015930891036987305,0.0,0.015761375427246094,0.0,0,4b32e3e0-f802-4c53-beeb-938bd98f2afe,20260816,ecs-strict,adverse-ecs-omit,1,local-adverse-authority
1,1,1,1,109,1.0,1.0,1,1,1,1.0,1.0,0.0,-0.0,-0.0,1.0,0.0,176.0,0.0,1.0,0.0,0.0,0.02069711685180664,0.02069711685180664,0.0,0.02054738998413086,0.0,0,ba084c1a-7bcb-425e-9c7a-2645c58031b6,20260816,ecs-strict,adverse-ecs-omit,1,local-adverse-authority
1,1,1,1,163,1.0,1.0,1,1,1,1.0,1.0,0.0,-0.0,-0.0,1.0,0.0,20156.0,0.0,1.0,0.0,0.0,0.032018423080444336,0.032018423080444336,0.0,0.0318758487701416,0.0,0,654240ba-f191-425a-8e88-c318582ee8e7,20260816,ecs-strict,adverse-ecs-omit,1,local-adverse-authority
1,1,1,1,188,1.0,1.0,1,1,1,1.0,0.0,0.0,-0.0,-0.0,1.0,0.0,207.0,0.0,1.0,0.0,0.0,0.014444351196289062,0.014444351196289062,0.0,0.01429605484008789,0.0,0,39289c8b-d9d6-4d89-a6e0-a1e940249dd8,20260816,ecs-strict,adverse-ecs-omit,1,local-adverse-authority
1,1,1,1,115,1.0,1.0,1,1,1,1.0,1.0,0.0,-0.0,-0.0,1.0,0.0,1379.0,0.0,1.0,0.0,0.0,0.002331256866455078,0.002331256866455078,0.0,0.00217437744140625,0.0,0,d017875b-8797-4df2-8024-54fc36cdae5c,20260816,ecs-strict,adverse-ecs-omit,1,local-adverse-authority
1,1,1,1,117,1.0,1.0,1,1,1,1.0,1.0,0.0,-0.0,-0.0,1.0,0.0,20374.0,0.0,1.0,0.0,0.0,0.0017495155334472656,0.0017495155334472656,0.0,0.0016295909881591797,0.0,0,ffc78c0f-8c90-492e-a22d-12d667e689e4,20260816,ecs-strict,adverse-ecs-omit,1,local-adverse-authority
1,1,1,1,158,1.0,1.0,1,1,1,1.0,0.0,0.0,-0.0,-0.0,1.0,0.0,60.0,0.0,1.0,0.0,0.0,0.0021691322326660156,0.0021691322326660156,0.0,0.001965045928955078,0.0,0,c1d19f3e-8fc1-4096-9284-15d6e1883b16,20260816,ecs-strict,adverse-ecs-omit,1,local-adverse-authority
1,1,1,1,105,1.0,1.0,1,1,1,1.0,1.0,0.0,-0.0,-0.0,1.0,0.0,18.0,0.0,1.0,0.0,0.0,0.002405881881713867,0.002405881881713867,0.0,0.002279520034790039,0.0,0,f9ae7901-88c1-4720-910d-86cbf85af19b,20260816,ecs-strict,adverse-ecs-omit,1,local-adverse-authority
1,1,1,1,116,1.0,1.0,1,1,1,1.0,0.0,0.0,-0.0,-0.0,1.0,0.0,3377.0,0.0,1.0,0.0,0.0,0.005499601364135742,0.005499601364135742,0.0,0.0053598880767822266,0.0,0,b60dfcd7-15f9-4117-87c3-c32e16962e1b,20260816,ecs-strict,adverse-ecs-omit,1,local-adverse-authority
1,1,1,1,109,1.0,1.0,1,1,1,1.0,1.0,0.0,-0.0,-0.0,1.0,0.0,60.0,0.0,1.0,0.0,0.0,0.0023093223571777344,0.0023093223571777344,0.0,0.0020754337310791016,0.0,0,bf3294b6-17b0-45fa-84dd-39389a00cac1,20260816,ecs-strict,adverse-ecs-omit,1,local-adverse-authority
1,1,1,1,103,1.0,1.0,1,1,1,1.0,1.0,0.0,-0.0,-0.0,1.0,0.0,22.0,0.0,1.0,0.0,0.0,0.03557586669921875,0.03557586669921875,0.0,0.035356998443603516,0.0,0,24fadd00-2f8f-4f6c-9f9c-bb65e14abf66,20260816,ecs-strict,adverse-ecs-omit,1,local-adverse-authority
1,1,1,1,149,1.0,1.0,1,1,1,1.0,1.0,0.0,-0.0,-0.0,1.0,0.0,300.0,0.0,1.0,0.0,0.0,0.03237271308898926,0.03237271308898926,0.0,0.03215622901916504,0.0,0,acb12ec4-6039-461e-8714-fec45f1852b4,20260816,ecs-strict,adverse-ecs-omit,1,local-adverse-authority
1,1,1,1,103,1.0,1.0,1,1,1,1.0,1.0,0.0,-0.0,-0.0,1.0,0.0,221.0,0.0,1.0,0.0,0.0,0.0019173622131347656,0.0019173622131347656,0.0,0.0017435550689697266,0.0,0,bcaa1d7f-7c58-45fd-a0d2-9fe261146eb2,20260816,ecs-strict,adverse-ecs-omit,1,local-adverse-authority
1,1,1,1,121,1.0,1.0,1,1,1,1.0,1.0,0.0,-0.0,-0.0,1.0,0.0,224.0,0.0,1.0,0.0,0.0,0.004655361175537109,0.004655361175537109,0.0,0.0045239925384521484,0.0,0,4faaf696-719f-405a-afdf-183234e6e6f0,20260816,ecs-strict,adverse-ecs-omit,1,local-adverse-authority
1,1,1,1,129,1.0,1.0,1,1,1,1.0,1.0,0.0,-0.0,-0.0,1.0,0.0,593.0,0.0,1.0,0.0,0.0,0.013422489166259766,0.013422489166259766,0.0,0.013306140899658203,0.0,0,74f92fa9-d4b5-4ec9-8289-60573e4307c8,20260816,ecs-strict,adverse-ecs-omit,1,local-adverse-authority
1,1,1,1,125,1.0,1.0,1,1,1,1.0,1.0,0.0,-0.0,-0.0,1.0,0.0,228.0,0.0,1.0,0.0,0.0,0.00225830078125,0.00225830078125,0.0,0.002102375030517578,0.0,0,6947b608-d9fa-43ea-93e2-822e8e0f2745,20260816,ecs-strict,adverse-ecs-omit,1,local-adverse-authority
1,1,1,1,163,1.0,1.0,1,1,1,1.0,1.0,0.0,-0.0,-0.0,1.0,0.0,53.0,0.0,1.0,0.0,0.0,0.002165079116821289,0.002165079116821289,0.0,0.002046823501586914,0.0,0,865df526-30de-4ce4-8491-c4b355018937,20260816,ecs-strict,adverse-ecs-omit,1,local-adverse-authority
1,1,1,1,122,1.0,1.0,1,1,1,1.0,0.0,0.0,-0.0,-0.0,1.0,0.0,60.0,0.0,1.0,0.0,0.0,0.030344247817993164,0.030344247817993164,0.0,0.030109882354736328,0.0,0,978ce421-fc6c-4eea-8e9f-4c099e7660f2,20260816,ecs-strict,adverse-ecs-omit,1,local-adverse-authority
1,1,1,1,178,1.0,1.0,1,1,1,1.0,0.0,0.0,-0.0,-0.0,1.0,0.0,60.0,0.0,1.0,0.0,0.0,0.002641916275024414,0.002641916275024414,0.0,0.0024290084838867188,0.0,0,1d2de271-ee90-4521-ad2e-e3cf00d051fe,20260816,ecs-strict,adverse-ecs-omit,1,local-adverse-authority
1,1,1,1,147,1.0,1.0,1,1,1,1.0,1.0,0.0,-0.0,-0.0,1.0,0.0,60.0,0.0,1.0,0.0,0.0,0.01560521125793457,0.01560521125793457,0.0,0.015404224395751953,0.0,0,b25291cb-fca1-4b7e-85c4-c76ea6ee28fd,20260816,ecs-strict,adverse-ecs-omit,1,local-adverse-authority
1,1,1,1,107,1.0,1.0,1,1,1,1.0,1.0,0.0,-0.0,-0.0,1.0,0.0,273.0,0.0,1.0,0.0,0.0,0.005520820617675781,0.005520820617675781,0.0,0.005371570587158203,0.0,0,ac46052a-4c23-4b39-ae38-f26e68d8ab19,20260816,ecs-strict,adverse-ecs-omit,1,local-adverse-authority
1,1,1,1,107,1.0,1.0,1,1,1,1.0,1.0,0.0,-0.0,-0.0,1.0,0.0,1194.0,0.0,1.0,0.0,0.0,0.0026090145111083984,0.0026090145111083984,0.0,0.0023827552795410156,0.0,0,22b3afdd-65d2-4962-afac-ec33f2b2be8c,20260816,ecs-strict,adverse-ecs-omit,1,local-adverse-authority
1,1,1,1,97,1.0,1.0,1,1,1,1.0,1.0,0.0,-0.0,-0.0,1.0,0.0,21192.0,0.0,1.0,0.0,0.0,0.030055999755859375,0.030055999755859375,0.0,0.02990436553955078,0.0,0,47b8fc0d-6431-4598-b34c-2867ba46ce6d,20260816,ecs-strict,adverse-ecs-omit,1,local-adverse-authority
1,1,1,1,101,1.0,1.0,1,1,1,1.0,1.0,0.0,-0.0,-0.0,1.0,0.0,56.0,0.0,1.0,0.0,0.0,0.0021257400512695312,0.0021257400512695312,0.0,0.0019245147705078125,0.0,0,780ab678-2bd1-4776-bf16-8fa61b66cd35,20260816,ecs-strict,adverse-ecs-omit,1,local-adverse-authority
1,1,1,1,110,1.0,1.0,1,1,1,1.0,0.0,0.0,-0.0,-0.0,1.0,0.0,20.0,0.0,1.0,0.0,0.0,0.002078533172607422,0.002078533172607422,0.0,0.0017993450164794922,0.0,0,ba0f8b6e-d029-436f-9b7a-766f6538cf49,20260816,ecs-strict,adverse-ecs-mismatch,1,local-adverse-authority
1,1,1,1,126,1.0,1.0,1,1,1,1.0,0.0,1.0,-0.0,-0.0,1.0,0.0,3243.0,0.0,1.0,0.0,0.0,0.0022673606872558594,0.0022673606872558594,0.0,0.002085447311401367,0.0,0,d1854a52-3eb0-46f8-8666-5f0e5a851bf4,20260816,ecs-strict,adverse-ecs-mismatch,1,local-adverse-authority
1,1,1,1,164,1.0,1.0,1,1,1,1.0,0.0,1.0,-0.0,-0.0,1.0,0.0,18446.0,0.0,1.0,0.0,0.0,0.001989603042602539,0.001989603042602539,0.0,0.0018093585968017578,0.0,0,ac8a5ce1-04d3-44cd-b187-4ae258820f83,20260816,ecs-strict,adverse-ecs-mismatch,1,local-adverse-authority
1,1,1,1,180,1.0,1.0,1,1,1,1.0,0.0,0.0,-0.0,-0.0,1.0,0.0,7.0,0.0,1.0,0.0,0.0,0.04834771156311035,0.04834771156311035,0.0,0.04821348190307617,0.0,0,0a6dd955-644b-490b-93a6-91b3d72dbab4,20260816,ecs-strict,adverse-ecs-mismatch,1,local-adverse-authority
1,1,1,1,164,1.0,1.0,1,1,1,1.0,0.0,1.0,-0.0,-0.0,1.0,0.0,60.0,0.0,1.0,0.0,0.0,0.0164949893951416,0.0164949893951416,0.0,0.016266584396362305,0.0,0,9c7d4a53-4ed1-40d9-b4cf-cd5511cb0d3d,20260816,ecs-strict,adverse-ecs-mismatch,1,local-adverse-authority
1,1,1,1,120,1.0,1.0,1,1,1,1.0,0.0,0.0,-0.0,-0.0,1.0,0.0,598.0,0.0,1.0,0.0,0.0,0.01355433464050293,0.01355433464050293,0.0,0.013423442840576172,0.0,0,b8aa9cb6-cd75-44a3-a38e-9b09cf0323cb,20260816,ecs-strict,adverse-ecs-mismatch,1,local-adverse-authority
1,1,1,1,132,1.0,1.0,1,1,1,1.0,0.0,0.0,-0.0,-0.0,1.0,0.0,20.0,0.0,1.0,0.0,0.0,0.0026352405548095703,0.0026352405548095703,0.0,0.0024039745330810547,0.0,0,3e06c8e2-f319-4b6b-abb5-66f03f48018d,20260816,ecs-strict,adverse-ecs-mismatch,1,local-adverse-authority
1,1,1,1,128,1.0,1.0,1,1,1,1.0,0.0,0.0,-0.0,-0.0,1.0,0.0,15633.0,0.0,1.0,0.0,0.0,0.005108833312988281,0.005108833312988281,0.0,0.004950284957885742,0.0,0,b787e630-26e6-4505-b441-2bcf8b244023,20260816,ecs-strict,adverse-ecs-mismatch,1,local-adverse-authority
1,1,1,1,220,1.0,1.0,1,1,1,1.0,0.0,1.0,-0.0,-0.0,1.0,0.0,300.0,0.0,1.0,0.0,0.0,0.0034232139587402344,0.0034232139587402344,0.0,0.0032930374145507812,0.0,0,3a242007-eabd-4cf4-ae9f-d9ded54c1e52,20260816,ecs-strict,adverse-ecs-mismatch,1,local-adverse-authority
1,1,1,1,116,1.0,1.0,1,1,1,1.0,0.0,1.0,-0.0,-0.0,1.0,0.0,50.0,0.0,1.0,0.0,0.0,0.028455495834350586,0.028455495834350586,0.0,0.028268814086914062,0.0,0,059a9cb7-b265-4692-9718-f91be6b2ac7e,20260816,ecs-strict,adverse-ecs-mismatch,1,local-adverse-authority
1,1,1,1,150,1.0,1.0,1,1,1,1.0,0.0,0.0,-0.0,-0.0,1.0,0.0,300.0,0.0,1.0,0.0,0.0,0.0022954940795898438,0.0022954940795898438,0.0,0.0020940303802490234,0.0,0,eaedd1da-3a3d-407b-ae4f-a095464169c5,20260816,ecs-strict,adverse-ecs-mismatch,1,local-adverse-authority
1,1,1,1,130,1.0,1.0,1,1,1,1.0,0.0,1.0,-0.0,-0.0,1.0,0.0,174.0,0.0,1.0,0.0,0.0,0.0022275447845458984,0.0022275447845458984,0.0,0.0020995140075683594,0.0,0,c9424625-b057-4be3-8c4a-9bc272cd03c3,20260816,ecs-strict,adverse-ecs-mismatch,1,local-adverse-authority
1,1,1,1,114,1.0,1.0,1,1,1,1.0,0.0,1.0,-0.0,-0.0,1.0,0.0,67.0,0.0,1.0,0.0,0.0,0.0024497509002685547,0.0024497509002685547,0.0,0.002328157424926758,0.0,0,763fe271-7f5a-45ec-a00b-bc1cc1fbfc9d,20260816,ecs-strict,adverse-ecs-mismatch,1,local-adverse-authority
1,1,1,1,118,1.0,1.0,1,1,1,1.0,0.0,0.0,-0.0,-0.0,1.0,0.0,600.0,0.0,1.0,0.0,0.0,0.005342960357666016,0.005342960357666016,0.0,0.005100727081298828,0.0,0,57b654e6-0af3-4134-9e79-ec42984407a1,20260816,ecs-strict,adverse-ecs-mismatch,1,local-adverse-authority
1,1,1,1,99,1.0,1.0,1,1,1,1.0,1.0,0.0,-0.0,-0.0,1.0,0.0,300.0,0.0,1.0,0.0,0.0,0.0019915103912353516,0.0019915103912353516,0.0,0.001798391342163086,0.0,0,e0d0b58b-cf41-4a0d-8f8e-7f767365ee09,20260816,ecs-strict,adverse-ecs-omit,1,local-adverse-authority
1,1,1,1,105,1.0,1.0,1,1,1,1.0,1.0,0.0,-0.0,-0.0,1.0,0.0,300.0,0.0,1.0,0.0,0.0,0.0028374195098876953,0.0028374195098876953,0.0,0.0021610260009765625,0.0,0,1386c8aa-f9e9-40eb-9796-3b9700ae06a0,20260816,ecs-strict,adverse-ecs-omit,1,local-adverse-authority
1,1,1,1,150,1.0,1.0,1,1,1,1.0,0.0,1.0,-0.0,-0.0,1.0,0.0,109.0,0.0,1.0,0.0,0.0,0.0028069019317626953,0.0028069019317626953,0.0,0.0026693344116210938,0.0,0,6948d7b0-776c-4920-8ae4-ffd3d6bc42ae,20260816,ecs-strict,adverse-ecs-mismatch,1,local-adverse-authority
1,1,1,1,103,1.0,1.0,1,1,1,1.0,1.0,0.0,-0.0,-0.0,1.0,0.0,300.0,0.0,1.0,0.0,0.0,0.002610921859741211,0.002610921859741211,0.0,0.0024771690368652344,0.0,0,07dd13df-a708-4f9c-95dd-02cdb4d6de4d,20260816,ecs-strict,adverse-ecs-omit,1,local-adverse-authority
1,1,1,1,126,1.0,1.0,1,1,1,1.0,0.0,0.0,-0.0,-0.0,1.0,0.0,300.0,0.0,1.0,0.0,0.0,0.0032052993774414062,0.0032052993774414062,0.0,0.003078937530517578,0.0,0,a34288ae-841a-4de6-8fb9-1d58d742d3f2,20260816,ecs-strict,adverse-ecs-omit,1,local-adverse-authority
1,1,1,1,124,1.0,1.0,1,1,1,1.0,0.0,1.0,-0.0,-0.0,1.0,0.0,20.0,0.0,1.0,0.0,0.0,0.002582550048828125,0.002582550048828125,0.0,0.002269744873046875,0.0,0,f7eedfd9-1219-4fb8-b681-1d889f461ed5,20260816,ecs-strict,adverse-ecs-mismatch,1,local-adverse-authority
1,1,1,1,118,1.0,1.0,1,1,1,1.0,0.0,0.0,-0.0,-0.0,1.0,0.0,300.0,0.0,1.0,0.0,0.0,0.0069048404693603516,0.0069048404693603516,0.0,0.006383180618286133,0.0,0,0ebdd3ba-d625-45a2-bf3a-94a56a7c0fc8,20260816,ecs-strict,adverse-ecs-omit,1,local-adverse-authority
1,1,1,1,130,1.0,1.0,1,1,1,1.0,0.0,0.0,-0.0,-0.0,1.0,0.0,296.0,0.0,1.0,0.0,0.0,0.004472494125366211,0.004472494125366211,0.0,0.0041239261627197266,0.0,0,1f77a907-4b0e-43f7-b47f-4baed1a94332,20260816,ecs-strict,adverse-ecs-mismatch,1,local-adverse-authority
1,1,1,1,118,1.0,1.0,1,1,1,1.0,0.0,0.0,-0.0,-0.0,1.0,0.0,300.0,0.0,1.0,0.0,0.0,0.0029714107513427734,0.0029714107513427734,0.0,0.0023550987243652344,0.0,0,5042fee9-2542-4cd0-ad8b-1192129d6169,20260816,ecs-strict,adverse-ecs-omit,1,local-adverse-authority
1,1,1,1,154,1.0,1.0,1,1,1,1.0,0.0,1.0,-0.0,-0.0,1.0,0.0,136.0,0.0,1.0,0.0,0.0,0.0027043819427490234,0.0027043819427490234,0.0,0.0023674964904785156,0.0,0,fbd4335f-046a-40df-bd1a-db0ed7631eef,20260816,ecs-strict,adverse-ecs-mismatch,1,local-adverse-authority
1,1,1,1,118,1.0,1.0,1,1,1,1.0,0.0,0.0,-0.0,-0.0,1.0,0.0,300.0,0.0,1.0,0.0,0.0,0.027919530868530273,0.027919530868530273,0.0,0.027666568756103516,0.0,0,a6aba3bc-8f53-459b-81c0-c064c087e3b5,20260816,ecs-strict,adverse-ecs-omit,1,local-adverse-authority
1,1,1,1,138,1.0,1.0,1,1,1,1.0,0.0,1.0,-0.0,-0.0,1.0,0.0,159.0,0.0,1.0,0.0,0.0,0.010994434356689453,0.010994434356689453,0.0,0.01083827018737793,0.0,0,884506d5-3af7-49df-9714-cffe4602a599,20260816,ecs-strict,adverse-ecs-mismatch,1,local-adverse-authority
1,1,1,1,126,1.0,1.0,1,1,1,1.0,0.0,1.0,-0.0,-0.0,1.0,0.0,9.0,0.0,1.0,0.0,0.0,0.0020966529846191406,0.0020966529846191406,0.0,0.0019404888153076172,0.0,0,f660ef10-d67c-4326-bd93-0ac33bbd9e6c,20260816,ecs-strict,adverse-ecs-mismatch,1,local-adverse-authority
1,1,1,1,138,1.0,1.0,1,1,1,1.0,0.0,0.0,-0.0,-0.0,1.0,0.0,182.0,0.0,1.0,0.0,0.0,0.01499485969543457,0.01499485969543457,0.0,0.014886617660522461,0.0,0,72c0a925-72ab-458b-8e90-f3144cb1a45e,20260816,ecs-strict,adverse-ecs-mismatch,1,local-adverse-authority
1,1,1,1,168,1.0,1.0,1,1,1,1.0,0.0,1.0,-0.0,-0.0,1.0,0.0,179.0,0.0,1.0,0.0,0.0,0.003269195556640625,0.003269195556640625,0.0,0.0021669864654541016,0.0,0,8b43da93-11df-4ccd-a166-8a09ce381fe1,20260816,ecs-strict,adverse-ecs-mismatch,1,local-adverse-authority
1,1,1,1,116,1.0,1.0,1,1,1,1.0,0.0,0.0,-0.0,-0.0,1.0,0.0,166.0,0.0,1.0,0.0,0.0,0.0072193145751953125,0.0072193145751953125,0.0,0.006569623947143555,0.0,0,60d4a895-ca65-4baf-83f8-921b05f08b5f,20260816,ecs-strict,adverse-ecs-mismatch,1,local-adverse-authority
1,1,1,1,124,1.0,1.0,1,1,1,1.0,0.0,1.0,-0.0,-0.0,1.0,0.0,127.0,0.0,1.0,0.0,0.0,0.005306243896484375,0.005306243896484375,0.0,0.005009174346923828,0.0,0,640e53b0-c257-4726-bbc1-7854df078bea,20260816,ecs-strict,adverse-ecs-mismatch,1,local-adverse-authority
1,1,1,1,126,1.0,1.0,1,1,1,1.0,0.0,0.0,-0.0,-0.0,1.0,0.0,3525.0,0.0,1.0,0.0,0.0,0.005158185958862305,0.005158185958862305,0.0,0.0041522979736328125,0.0,0,4926420e-ef77-4b1e-a447-f7433143d9fb,20260816,ecs-strict,adverse-ecs-mismatch,1,local-adverse-authority
1,1,1,1,114,1.0,1.0,1,1,1,1.0,0.0,1.0,-0.0,-0.0,1.0,0.0,300.0,0.0,1.0,0.0,0.0,0.0024242401123046875,0.0024242401123046875,0.0,0.001996278762817383,0.0,0,b4255f96-02e8-4c04-a641-9d9aa06a3be1,20260816,ecs-strict,adverse-ecs-mismatch,1,local-adverse-authority
1,1,1,1,146,1.0,1.0,1,1,1,1.0,0.0,1.0,-0.0,-0.0,1.0,0.0,173.0,0.0,1.0,0.0,0.0,0.005285024642944336,0.005285024642944336,0.0,0.005124092102050781,0.0,0,4f7e2ed6-66d4-467c-ac5d-b0e512dc905e,20260816,ecs-strict,adverse-ecs-mismatch,1,local-adverse-authority
1,1,1,1,118,1.0,1.0,1,1,1,1.0,0.0,1.0,-0.0,-0.0,1.0,0.0,2.0,0.0,1.0,0.0,0.0,0.004244327545166016,0.004244327545166016,0.0,0.003645181655883789,0.0,0,e982fd9b-1d45-499c-9183-734497b00b03,20260816,ecs-strict,adverse-ecs-mismatch,1,local-adverse-authority
1,1,1,1,116,1.0,1.0,1,1,1,1.0,0.0,0.0,-0.0,-0.0,1.0,0.0,9.0,0.0,1.0,0.0,0.0,0.004561424255371094,0.004561424255371094,0.0,0.004418134689331055,0.0,0,9b43e57c-0704-4c2f-83d7-3c7a43dedb65,20260816,ecs-strict,adverse-ecs-mismatch,1,local-adverse-authority
1,1,1,1,174,1.0,1.0,1,1,1,1.0,0.0,0.0,-0.0,-0.0,1.0,0.0,60.0,0.0,1.0,0.0,0.0,0.01798224449157715,0.01798224449157715,0.0,0.01735854148864746,0.0,0,e9d668da-a400-479e-a8e8-14cac1f1340d,20260816,ecs-strict,adverse-ecs-mismatch,1,local-adverse-authority
1,1,1,1,210,1.0,1.0,1,1,1,1.0,0.0,0.0,-0.0,-0.0,1.0,0.0,204.0,0.0,1.0,0.0,0.0,0.032187700271606445,0.032187700271606445,0.0,0.03193807601928711,0.0,0,446518f4-85ee-46cc-a29a-fced09345da6,20260816,ecs-strict,adverse-ecs-mismatch,1,local-adverse-authority
1,1,1,1,126,1.0,1.0,1,1,1,1.0,0.0,0.0,-0.0,-0.0,1.0,0.0,20827.0,0.0,1.0,0.0,0.0,0.013427495956420898,0.013427495956420898,0.0,0.013309240341186523,0.0,0,8d9542a1-b1f2-4279-b86d-78e0f625878b,20260816,ecs-strict,adverse-ecs-mismatch,1,local-adverse-authority
1,1,1,1,160,1.0,1.0,1,1,1,1.0,0.0,1.0,-0.0,-0.0,1.0,0.0,102.0,0.0,1.0,0.0,0.0,0.004427194595336914,0.004427194595336914,0.0,0.004288911819458008,0.0,0,ab6dbbde-60d9-4f55-a879-ccebf4303a3a,20260816,ecs-strict,adverse-ecs-mismatch,1,local-adverse-authority
1,1,1,1,174,1.0,1.0,1,1,1,1.0,0.0,1.0,-0.0,-0.0,1.0,0.0,60.0,0.0,1.0,0.0,0.0,0.00618433952331543,0.00618433952331543,0.0,0.006070375442504883,0.0,0,e3f46814-b636-466f-9d37-e08b5101d18c,20260816,ecs-strict,adverse-ecs-mismatch,1,local-adverse-authority
1,1,1,1,174,1.0,1.0,1,1,1,1.0,0.0,1.0,-0.0,-0.0,1.0,0.0,154.0,0.0,1.0,0.0,0.0,0.0174257755279541,0.0174257755279541,0.0,0.016852378845214844,0.0,0,bcc1bec5-0a40-436a-a4d6-02568b29cd8d,20260816,ecs-strict,adverse-ecs-mismatch,1,local-adverse-authority
1,1,1,1,110,1.0,1.0,1,1,1,1.0,0.0,0.0,-0.0,-0.0,1.0,0.0,300.0,0.0,1.0,0.0,0.0,0.03180432319641113,0.03180432319641113,0.0,0.03164863586425781,0.0,0,44dfac5d-a953-49ac-b659-40e544936119,20260816,ecs-strict,adverse-ecs-omit,1,local-adverse-authority
1,1,1,1,103,1.0,1.0,1,1,1,1.0,1.0,0.0,-0.0,-0.0,1.0,0.0,300.0,0.0,1.0,0.0,0.0,0.0022058486938476562,0.0022058486938476562,0.0,0.002033233642578125,0.0,0,8e6e66f2-4252-4530-8c5d-c47e2a8ba9c6,20260816,ecs-strict,adverse-ecs-omit,1,local-adverse-authority
1,1,1,1,130,1.0,1.0,1,1,1,1.0,0.0,1.0,-0.0,-0.0,1.0,0.0,20.0,0.0,1.0,0.0,0.0,0.0018014907836914062,0.0018014907836914062,0.0,0.0015611648559570312,0.0,0,0757a111-c373-4999-8f58-73c10d03ba4b,20260816,ecs-strict,adverse-ecs-mismatch,1,local-adverse-authority
1,1,1,1,128,1.0,1.0,1,1,1,1.0,0.0,0.0,-0.0,-0.0,1.0,0.0,30.0,0.0,1.0,0.0,0.0,0.0020830631256103516,0.0020830631256103516,0.0,0.0018775463104248047,0.0,0,a289956a-fbf8-45c7-9885-074347b91453,20260816,ecs-strict,adverse-ecs-mismatch,1,local-adverse-authority
1,1,1,1,107,1.0,1.0,1,1,1,1.0,1.0,0.0,-0.0,-0.0,1.0,0.0,300.0,0.0,1.0,0.0,0.0,0.005880832672119141,0.005880832672119141,0.0,0.005338430404663086,0.0,0,ea07cdc4-2faf-4f96-8ffe-81ea7f1674ea,20260816,ecs-strict,adverse-ecs-omit,1,local-adverse-authority
1,1,1,1,112,1.0,1.0,1,1,1,1.0,0.0,0.0,-0.0,-0.0,1.0,0.0,58.0,0.0,1.0,0.0,0.0,0.0032820701599121094,0.0032820701599121094,0.0,0.0031516551971435547,0.0,0,5c3f334e-66d2-4fb3-84dd-9c636e3e4cd8,20260816,ecs-strict,adverse-ecs-mismatch,1,local-adverse-authority
1,1,1,1,118,1.0,1.0,1,1,1,1.0,0.0,0.0,-0.0,-0.0,1.0,0.0,156.0,0.0,1.0,0.0,0.0,0.04113411903381348,0.04113411903381348,0.0,0.04100441932678223,0.0,0,dd6d0f34-0564-4b15-8aae-204c70f2c6c8,20260816,ecs-strict,adverse-ecs-mismatch,1,local-adverse-authority
1,1,1,1,110,1.0,1.0,1,1,1,1.0,0.0,1.0,-0.0,-0.0,1.0,0.0,900.0,0.0,1.0,0.0,0.0,0.0021932125091552734,0.0021932125091552734,0.0,0.002002239227294922,0.0,0,d237e5b5-1f25-4ae7-b212-e02628ef4838,20260816,ecs-strict,adverse-ecs-mismatch,1,local-adverse-authority
1,1,1,1,166,1.0,1.0,1,1,1,1.0,0.0,0.0,-0.0,-0.0,1.0,0.0,60.0,0.0,1.0,0.0,0.0,0.002819061279296875,0.002819061279296875,0.0,0.002632617950439453,0.0,0,defd8f00-5778-4464-937e-cc834a8b6f80,20260816,ecs-strict,adverse-ecs-mismatch,1,local-adverse-authority
1,1,1,1,124,1.0,1.0,1,1,1,1.0,0.0,1.0,-0.0,-0.0,1.0,0.0,115.0,0.0,1.0,0.0,0.0,0.002211332321166992,0.002211332321166992,0.0,0.0020389556884765625,0.0,0,5d011b53-55df-4228-8fb3-26f8406d859d,20260816,ecs-strict,adverse-ecs-mismatch,1,local-adverse-authority
1,1,1,1,120,1.0,1.0,1,1,1,1.0,0.0,0.0,-0.0,-0.0,1.0,0.0,278.0,0.0,1.0,0.0,0.0,0.0029211044311523438,0.0029211044311523438,0.0,0.002761363983154297,0.0,0,9dda74f2-fef2-4e40-ae72-29936d1d4d41,20260816,ecs-strict,adverse-ecs-mismatch,1,local-adverse-authority
1,1,1,1,158,1.0,1.0,1,1,1,1.0,0.0,1.0,-0.0,-0.0,1.0,0.0,225.0,0.0,1.0,0.0,0.0,0.04249858856201172,0.04249858856201172,0.0,0.04236245155334473,0.0,0,0d91e221-747e-49af-a20e-e41fa29b2510,20260816,ecs-strict,adverse-ecs-mismatch,1,local-adverse-authority
1,1,1,1,162,1.0,1.0,1,1,1,1.0,0.0,0.0,-0.0,-0.0,1.0,0.0,2007.0,0.0,1.0,0.0,0.0,0.0032808780670166016,0.0032808780670166016,0.0,0.0031235218048095703,0.0,0,75b8036a-df47-4221-967e-583c671e759d,20260816,ecs-strict,adverse-ecs-mismatch,1,local-adverse-authority
4,4,4,4,486,1.0,1.0,1,0,0,0.0,0.0,0.0,1.0,1.0,1.0,0.75,7200.363636363636,1.3043734708708261,0.25,0.0,0.0,3.759350001811981,5.008558166027069,0.575044042414019,0.014304876327514648,0.0,0,6be94285-ca0c-4746-8b03-5957733e45af,20260816,ecs-strict,benign-burst,0,google
4,4,4,4,488,1.0,1.0,0,0,0,0.0,0.0,0.0,1.0,1.0,1.0,0.75,251.0,0.3231367979666747,0.25,0.0,0.0,4.381520569324493,5.008740246295929,0.24733985614548165,0.0,0.0,0,51fee76e-f6e4-4a6b-8772-595a5b468293,20260816,ecs-strict,benign-burst,0,cloudflare
1,1,1,1,214,1.0,1.0,1,1,1,1.0,0.0,0.0,-0.0,-0.0,1.0,0.0,225.0,0.0,1.0,0.0,0.0,0.002226591110229492,0.002226591110229492,0.0,0.002052783966064453,0.0,0,b324e389-7c90-43f3-aad3-6b4e25fc85c7,20260816,ecs-strict,adverse-ecs-mismatch,1,local-adverse-authority
1,1,1,1,110,1.0,1.0,1,1,1,1.0,0.0,1.0,-0.0,-0.0,1.0,0.0,42.0,0.0,1.0,0.0,0.0,0.002043485641479492,0.002043485641479492,0.0,0.001928567886352539,0.0,0,92b05e87-25d7-4afc-b8d3-5c1809f2b384,20260816,ecs-strict,adverse-ecs-mismatch,1,local-adverse-authority
1,1,1,1,166,1.0,1.0,1,1,1,1.0,0.0,0.0,-0.0,-0.0,1.0,0.0,72.0,0.0,1.0,0.0,0.0,0.002633810043334961,0.002633810043334961,0.0,0.0024979114532470703,0.0,0,437dbec8-2269-4eea-b577-9b8b0b01b0fb,20260816,ecs-strict,adverse-ecs-mismatch,1,local-adverse-authority
1,1,1,1,126,1.0,1.0,1,1,1,1.0,0.0,1.0,-0.0,-0.0,1.0,0.0,20082.0,0.0,1.0,0.0,0.0,0.0022125244140625,0.0022125244140625,0.0,0.002082347869873047,0.0,0,1e1adcd2-1539-40b8-95aa-abd834b530da,20260816,ecs-strict,adverse-ecs-mismatch,1,local-adverse-authority
1,1,1,1,188,1.0,1.0,1,1,1,1.0,0.0,1.0,-0.0,-0.0,1.0,0.0,60.0,0.0,1.0,0.0,0.0,0.002229928970336914,0.002229928970336914,0.0,0.002046346664428711,0.0,0,14d2bf6a-123a-41de-97a7-b738481d3802,20260816,ecs-strict,adverse-ecs-mismatch,1,local-adverse-authority
1,1,1,1,106,1.0,1.0,1,1,1,1.0,0.0,1.0,-0.0,-0.0,1.0,0.0,60.0,0.0,1.0,0.0,0.0,0.014372825622558594,0.014372825622558594,0.0,0.014186382293701172,0.0,0,268ac08f-a84a-430d-8f8e-a21d34587563,20260816,ecs-strict,adverse-ecs-mismatch,1,local-adverse-authority
1,1,1,1,146,1.0,1.0,1,1,1,1.0,0.0,0.0,-0.0,-0.0,1.0,0.0,477.0,0.0,1.0,0.0,0.0,0.003616809844970703,0.003616809844970703,0.0,0.0034589767456054688,0.0,0,1b091bac-77bd-452a-b01d-17ab17816a1b,20260816,ecs-strict,adverse-ecs-mismatch,1,local-adverse-authority
1,1,1,1,166,1.0,1.0,1,1,1,1.0,0.0,0.0,-0.0,-0.0,1.0,0.0,33.0,0.0,1.0,0.0,0.0,0.003646373748779297,0.003646373748779297,0.0,0.003229856491088867,0.0,0,81221229-2f73-4719-9368-0bd262762279,20260816,ecs-strict,adverse-ecs-mismatch,1,local-adverse-authority
1,1,1,1,176,1.0,1.0,1,1,1,1.0,0.0,1.0,-0.0,-0.0,1.0,0.0,60.0,0.0,1.0,0.0,0.0,0.04307675361633301,0.04307675361633301,0.0,0.04268479347229004,0.0,0,fd513c08-e62a-4a85-93b5-d99920c139ac,20260816,ecs-strict,adverse-ecs-mismatch,1,local-adverse-authority
4,4,4,4,309,1.0,1.0,2,0,0,0.0,0.0,0.0,1.0,1.0,0.75,0.5,6972.0,1.3949791013909643,0.5,0.0,0.0,5.008742034435272,7.505149018764496,0.4983706255453293,7.50472354888916,0.0,2,5879c0bc-27d9-403d-874c-c828ef0df68f,20260816,ecs-strict,benign-burst,0,google
1,1,1,1,126,1.0,1.0,1,1,1,1.0,0.0,1.0,-0.0,-0.0,1.0,0.0,9.0,0.0,1.0,0.0,0.0,0.01656317710876465,0.01656317710876465,0.0,0.01638054847717285,0.0,0,1cf48108-9806-44b6-b741-b1da0338f49c,20260816,ecs-strict,adverse-ecs-mismatch,1,local-adverse-authority
1,1,1,1,206,1.0,1.0,1,1,1,1.0,0.0,1.0,-0.0,-0.0,1.0,0.0,160.0,0.0,1.0,0.0,0.0,0.0018153190612792969,0.0018153190612792969,0.0,0.001619577407836914,0.0,0,94b7ad6e-f60f-4d3a-b6dd-e95d901976ad,20260816,ecs-strict,adverse-ecs-mismatch,1,local-adverse-authority
1,1,1,1,140,1.0,1.0,1,1,1,1.0,0.0,0.0,-0.0,-0.0,1.0,0.0,131.0,0.0,1.0,0.0,0.0,0.002054929733276367,0.002054929733276367,0.0,0.0019009113311767578,0.0,0,646f8bbe-de6a-48d7-b87a-015f2f5ec864,20260816,ecs-strict,adverse-ecs-mismatch,1,local-adverse-authority
1,1,1,1,104,1.0,1.0,1,1,1,1.0,0.0,0.0,-0.0,-0.0,1.0,0.0,56.0,0.0,1.0,0.0,0.0,0.02890777587890625,0.02890777587890625,0.0,0.028757572174072266,0.0,0,393f1225-6acb-46c1-84d2-d51436a7fa9d,20260816,ecs-strict,adverse-ecs-mismatch,1,local-adverse-authority
1,1,1,1,168,1.0,1.0,1,1,1,1.0,0.0,0.0,-0.0,-0.0,1.0,0.0,3.0,0.0,1.0,0.0,0.0,0.003719806671142578,0.003719806671142578,0.0,0.003490447998046875,0.0,0,d3a0ae02-b62e-4daf-9363-73772fcb54af,20260816,ecs-strict,adverse-ecs-mismatch,1,local-adverse-authority
1,1,1,1,166,1.0,1.0,1,1,1,1.0,0.0,0.0,-0.0,-0.0,1.0,0.0,30.0,0.0,1.0,0.0,0.0,0.0020809173583984375,0.0020809173583984375,0.0,0.0018832683563232422,0.0,0,b2bde93a-b1dd-4462-81aa-e31b11936614,20260816,ecs-strict,adverse-ecs-mismatch,1,local-adverse-authority
1,1,1,1,124,1.0,1.0,1,1,1,1.0,0.0,1.0,-0.0,-0.0,1.0,0.0,300.0,0.0,1.0,0.0,0.0,0.003186941146850586,0.003186941146850586,0.0,0.002939939498901367,0.0,0,4e79f4ef-13be-4965-b3f6-8c061a206105,20260816,ecs-strict,adverse-ecs-mismatch,1,local-adverse-authority
1,1,1,1,118,1.0,1.0,1,1,1,1.0,0.0,1.0,-0.0,-0.0,1.0,0.0,300.0,0.0,1.0,0.0,0.0,0.004301309585571289,0.004301309585571289,0.0,0.003786325454711914,0.0,0,8401d413-4dd4-4842-ae7d-c72c39feb423,20260816,ecs-strict,adverse-ecs-mismatch,1,local-adverse-authority
1,1,1,1,150,1.0,1.0,1,1,1,1.0,0.0,0.0,-0.0,-0.0,1.0,0.0,184.0,0.0,1.0,0.0,0.0,0.0022203922271728516,0.0022203922271728516,0.0,0.002096891403198242,0.0,0,304acc77-6aa7-42cd-a614-b24557f1fe81,20260816,ecs-strict,adverse-ecs-mismatch,1,local-adverse-authority
1,1,1,1,110,1.0,1.0,1,1,1,1.0,0.0,1.0,-0.0,-0.0,1.0,0.0,300.0,0.0,1.0,0.0,0.0,0.0024657249450683594,0.0024657249450683594,0.0,0.002131223678588867,0.0,0,b8660865-17aa-4e91-ad72-8bb1706f4913,20260816,ecs-strict,adverse-ecs-mismatch,1,local-adverse-authority
1,1,1,1,128,1.0,1.0,1,1,1,1.0,0.0,0.0,-0.0,-0.0,1.0,0.0,300.0,0.0,1.0,0.0,0.0,0.0020093917846679688,0.0020093917846679688,0.0,0.0018122196197509766,0.0,0,2f4e4087-709a-4a5c-bb69-f1a69bd52e25,20260816,ecs-strict,adverse-ecs-mismatch,1,local-adverse-authority
1,1,1,1,114,1.0,1.0,1,1,1,1.0,0.0,1.0,-0.0,-0.0,1.0,0.0,300.0,0.0,1.0,0.0,0.0,0.003236055374145508,0.003236055374145508,0.0,0.0028083324432373047,0.0,0,83fc7239-bcdb-4f07-815a-168b77999204,20260816,ecs-strict,adverse-ecs-mismatch,1,local-adverse-authority
1,1,1,1,126,1.0,1.0,1,1,1,1.0,0.0,0.0,-0.0,-0.0,1.0,0.0,242.0,0.0,1.0,0.0,0.0,0.0021352767944335938,0.0021352767944335938,0.0,0.002031087875366211,0.0,0,d01a7f72-f7a0-4e15-9f8a-3c55e50de997,20260816,ecs-strict,adverse-ecs-mismatch,1,local-adverse-authority
1,1,1,1,118,1.0,1.0,1,1,1,1.0,0.0,1.0,-0.0,-0.0,1.0,0.0,300.0,0.0,1.0,0.0,0.0,0.015834808349609375,0.015834808349609375,0.0,0.0157163143157959,0.0,0,5dfe3f12-cc8c-42a3-b0e6-20fd3228d79c,20260816,ecs-strict,adverse-ecs-mismatch,1,local-adverse-authority
1,1,1,1,140,1.0,1.0,1,1,1,1.0,0.0,0.0,-0.0,-0.0,1.0,0.0,229.0,0.0,1.0,0.0,0.0,0.003905057907104492,0.003905057907104492,0.0,0.0037856101989746094,0.0,0,34c580c2-9a35-48c1-bcb5-d2b4361f1dd5,20260816,ecs-strict,adverse-ecs-mismatch,1,local-adverse-authority
1,1,1,1,146,1.0,1.0,1,1,1,1.0,0.0,1.0,-0.0,-0.0,1.0,0.0,325.0,0.0,1.0,0.0,0.0,0.00244140625,0.00244140625,0.0,0.0023398399353027344,0.0,0,4e056a67-0cc0-4ab3-880d-d6178ac88f51,20260816,ecs-strict,adverse-ecs-mismatch,1,local-adverse-authority
1,1,1,1,124,1.0,1.0,1,1,1,1.0,0.0,1.0,-0.0,-0.0,1.0,0.0,20218.0,0.0,1.0,0.0,0.0,0.016717195510864258,0.016717195510864258,0.0,0.01660299301147461,0.0,0,b9783617-2745-4a74-9f15-cc7935b91403,20260816,ecs-strict,adverse-ecs-mismatch,1,local-adverse-authority
1,1,1,1,168,1.0,1.0,1,1,1,1.0,0.0,0.0,-0.0,-0.0,1.0,0.0,22.0,0.0,1.0,0.0,0.0,0.0021257400512695312,0.0021257400512695312,0.0,0.0020253658294677734,0.0,0,2003a315-c716-4ed8-8228-8a75dd6267d0,20260816,ecs-strict,adverse-ecs-mismatch,1,local-adverse-authority
1,1,1,1,122,1.0,1.0,1,1,1,1.0,0.0,0.0,-0.0,-0.0,1.0,0.0,128.0,0.0,1.0,0.0,0.0,0.0018651485443115234,0.0018651485443115234,0.0,0.001737356185913086,0.0,0,8b0fe18c-a700-4479-86cd-4f746982cb9e,20260816,ecs-strict,adverse-ecs-mismatch,1,local-adverse-authority
1,1,1,1,154,1.0,1.0,1,1,1,1.0,0.0,0.0,-0.0,-0.0,1.0,0.0,300.0,0.0,1.0,0.0,0.0,0.003340005874633789,0.003340005874633789,0.0,0.0031576156616210938,0.0,0,98a3361a-4f77-4ca6-b71e-4cac5bee0abb,20260816,ecs-strict,adverse-ecs-mismatch,1,local-adverse-authority
1,1,1,1,108,1.0,1.0,1,1,1,1.0,0.0,1.0,-0.0,-0.0,1.0,0.0,300.0,0.0,1.0,0.0,0.0,0.032533884048461914,0.032533884048461914,0.0,0.03175759315490723,0.0,0,92dc6086-19ab-4d4d-b386-c2bfa6b56ea2,20260816,ecs-strict,adverse-ecs-mismatch,1,local-adverse-authority
1,1,1,1,110,1.0,1.0,1,1,1,1.0,0.0,0.0,-0.0,-0.0,1.0,0.0,60.0,0.0,1.0,0.0,0.0,0.0023326873779296875,0.0023326873779296875,0.0,0.0022017955780029297,0.0,0,01baa28e-9e18-4f29-9452-ffb3f5c0ce8b,20260816,ecs-strict,adverse-ecs-mismatch,1,local-adverse-authority
1,1,1,1,118,1.0,1.0,1,1,1,1.0,0.0,1.0,-0.0,-0.0,1.0,0.0,5.0,0.0,1.0,0.0,0.0,0.01830005645751953,0.01830005645751953,0.0,0.018151283264160156,0.0,0,cca63049-8fdd-4684-987b-d3ece5a130c0,20260816,ecs-strict,adverse-ecs-mismatch,1,local-adverse-authority
1,1,1,1,116,1.0,1.0,1,1,1,1.0,0.0,0.0,-0.0,-0.0,1.0,0.0,300.0,0.0,1.0,0.0,0.0,0.039615631103515625,0.039615631103515625,0.0,0.03941750526428223,0.0,0,fe7e9ea3-dba9-4be4-99c6-387d3851e8a8,20260816,ecs-strict,adverse-ecs-mismatch,1,local-adverse-authority
1,1,1,1,106,1.0,1.0,1,1,1,1.0,0.0,1.0,-0.0,-0.0,1.0,0.0,60.0,0.0,1.0,0.0,0.0,0.003774881362915039,0.003774881362915039,0.0,0.0033440589904785156,0.0,0,3255f8c2-898b-4e93-9db8-983591d2128b,20260816,ecs-strict,adverse-ecs-mismatch,1,local-adverse-authority
1,1,1,1,110,1.0,1.0,1,1,1,1.0,0.0,0.0,-0.0,-0.0,1.0,0.0,3189.0,0.0,1.0,0.0,0.0,0.03505730628967285,0.03505730628967285,0.0,0.034924983978271484,0.0,0,8face641-4573-4515-9153-6b38297ba478,20260816,ecs-strict,adverse-ecs-mismatch,1,local-adverse-authority
1,1,1,1,172,1.0,1.0,1,1,1,1.0,0.0,1.0,-0.0,-0.0,1.0,0.0,60.0,0.0,1.0,0.0,0.0,0.003689289093017578,0.003689289093017578,0.0,0.003340005874633789,0.0,0,506fa35f-ce62-495f-96a6-b8aade3465b8,20260816,ecs-strict,adverse-ecs-mismatch,1,local-adverse-authority
1,1,1,1,132,1.0,1.0,1,1,1,1.0,0.0,1.0,-0.0,-0.0,1.0,0.0,2.0,0.0,1.0,0.0,0.0,0.04003024101257324,0.04003024101257324,0.0,0.03972268104553223,0.0,0,510211ce-a8bb-437c-bcaf-443bc4b78e77,20260816,ecs-strict,adverse-ecs-mismatch,1,local-adverse-authority
6,10,6,10,1088,1.0,1.6666666666666667,6,6,6,1.0,0.0,0.0,1.0,1.0,0.5,0.4,20.0,0.0,0.1,0.0,0.0,0.012665867805480957,0.03690265417098999,0.961828526474802,0.010823806126912435,3.8504600524902344e-05,0,5297135f-c849-4921-8d30-5c1b1c3953ca,20260816,ecs-strict,adverse-conflict,1,local-adverse-authority
6,12,6,12,1188,1.0,2.0,6,6,6,1.0,0.0,0.0,1.0,1.0,0.5833333333333334,0.5,600.0,0.0,0.08333333333333333,0.0,0.0,0.023631890614827473,0.04948898553848267,0.7550700061753193,0.022579272588094074,0.00022459030151367188,0,52de6004-a329-4771-a428-eabba66e2d94,20260816,ecs-strict,adverse-conflict,1,local-adverse-authority
1,1,1,1,124,1.0,1.0,1,1,1,1.0,0.0,0.0,-0.0,-0.0,1.0,0.0,300.0,0.0,1.0,0.0,0.0,0.0053806304931640625,0.0053806304931640625,0.0,0.005110263824462891,0.0,0,24fb5da7-45b6-44d8-826e-19edca224ce5,20260816,ecs-strict,adverse-ecs-mismatch,1,local-adverse-authority
6,11,6,11,1071,1.0,1.8333333333333333,5,6,6,1.0,0.0,0.0,1.0,1.0,0.5454545454545454,0.4545454545454546,300.0,0.0,0.09090909090909091,0.0,0.0,0.01553245024247603,0.036370158195495605,0.6804258627786152,0.014174501101175943,3.075599670410156e-05,0,62a63245-54f1-497f-8f64-390a5554c00f,20260816,ecs-strict,adverse-conflict,1,local-adverse-authority
6,9,6,9,999,1.0,1.5,6,6,6,1.0,0.0,0.0,1.0,1.0,0.4444444444444444,0.33333333333333337,15308.0,0.0,0.1111111111111111,0.0,0.0,0.019500732421875,0.04019689559936523,0.6603093698144875,0.019425710042317707,5.125999450683594e-05,0,ce43c1ee-c48a-4582-8975-aee982972dc5,20260816,ecs-strict,adverse-conflict,1,local-adverse-authority
6,9,6,9,894,1.0,1.5,6,6,6,1.0,0.0,0.0,1.0,1.0,0.4444444444444444,0.33333333333333337,10.0,0.0,0.1111111111111111,0.0,0.0,0.02076525158352322,0.045561933517456056,0.8472660410397865,0.015122175216674805,0.0001922448476155599,0,d770cf4a-9f0a-4ed8-abdc-b78edbf7be23,20260816,ecs-strict,adverse-conflict,1,local-adverse-authority
6,9,6,9,924,1.0,1.5,5,6,6,1.0,0.0,0.0,1.0,1.0,0.4444444444444444,0.33333333333333337,1719.0,0.0,0.1111111111111111,0.0,0.0,0.015220006306966146,0.02568359375,0.5648515681818198,0.011622349421183268,0.0002719561258951823,0,e1d919bc-3536-4b81-9975-2059da7fb6d2,20260816,ecs-strict,adverse-conflict,1,local-adverse-authority
6,10,6,10,1008,1.0,1.6666666666666667,6,6,6,1.0,0.0,0.0,1.0,1.0,0.5,0.4,129.0,0.0,0.1,0.0,0.0,0.012628293037414551,0.0269012928009033,0.6550608268596807,0.012517571449279785,0.0001221299171447754,0,63ada154-e194-468a-bd84-fd438bdbd7be,20260816,ecs-strict,adverse-conflict,1,local-adverse-authority
6,10,6,10,1008,1.0,1.6666666666666667,5,6,6,1.0,0.0,0.0,1.0,1.0,0.5,0.4,60.0,0.0,0.1,0.0,0.0,0.011685514450073242,0.01640957593917846,0.31270673819556416,0.009389122327168783,0.0008582472801208496,0,15bac405-1023-4b3e-85ae-72d1b0d5b50f,20260816,ecs-strict,adverse-conflict,1,local-adverse-authority
6,9,6,9,849,1.0,1.5,5,6,6,1.0,0.0,0.0,1.0,1.0,0.4444444444444444,0.33333333333333337,777.0,0.0,0.1111111111111111,0.0,0.0,0.010009765625,0.01708292961120605,0.411440803144954,0.008342782656351725,3.544489542643229e-05,0,6b6e90f3-4cee-4231-8cb8-8e0b85184cfe,20260816,ecs-strict,adverse-conflict,1,local-adverse-authority
1,1,1,1,126,1.0,1.0,1,1,1,1.0,0.0,1.0,-0.0,-0.0,1.0,0.0,30.0,0.0,1.0,0.0,0.0,0.0034685134887695312,0.0034685134887695312,0.0,0.0017638206481933594,0.0,0,8b3bbdac-0652-4452-a4cd-ea647ec698b1,20260816,ecs-strict,adverse-ecs-mismatch,1,local-adverse-authority
6,10,6,10,1088,1.0,1.6666666666666667,6,6,6,1.0,0.0,0.0,1.0,1.0,0.5,0.4,172.0,0.0,0.1,0.0,0.0,0.01788351535797119,0.03280242681503295,0.6033323488771785,0.016926169395446777,0.00028014183044433594,0,246e1eec-d0fd-401a-b15d-0b105915405c,20260816,ecs-strict,adverse-conflict,1,local-adverse-authority
1,1,1,1,162,1.0,1.0,1,1,1,1.0,0.0,1.0,-0.0,-0.0,1.0,0.0,300.0,0.0,1.0,0.0,0.0,0.03797721862792969,0.03797721862792969,0.0,0.037808895111083984,0.0,0,ed4e792b-2fc9-4931-b921-9b52b525d2d9,20260816,ecs-strict,adverse-ecs-mismatch,1,local-adverse-authority
6,10,6,10,944,1.0,1.6666666666666667,5,6,6,1.0,0.0,0.0,1.0,1.0,0.5,0.4,961.0,0.0,0.1,0.0,0.0,0.03520209789276123,0.05869301557540894,0.5929841081805459,0.02877974510192871,0.0008758902549743652,0,bc6f9e67-2b45-4371-99e9-47b02f79d1aa,20260816,ecs-strict,adverse-conflict,1,local-adverse-authority
6,9,6,9,1020,1.0,1.5,6,6,6,1.0,0.0,0.0,1.0,1.0,0.4444444444444444,0.33333333333333337,231.0,0.0,0.1111111111111111,0.0,0.0,0.022259500291612413,0.050332069396972656,0.6893497075911367,0.02502421538035075,0.0008979638417561849,0,2db3b162-3b27-4905-ba49-d98f9444f908,20260816,ecs-strict,adverse-conflict,1,local-adverse-authority
6,11,6,11,1043,1.0,1.8333333333333333,6,6,6,1.0,0.0,0.0,1.0,1.0,0.5454545454545454,0.4545454545454546,690.0,0.0,0.09090909090909091,0.0,0.0,0.024065906351262874,0.05253803730010986,0.8812096165936503,0.021492362022399902,0.00030074119567871096,0,8c747bd0-0ac2-40e7-952d-f3f80fbe604a,20260816,ecs-strict,adverse-conflict,1,local-adverse-authority
6,11,6,11,1156,1.0,1.8333333333333333,6,6,6,1.0,0.0,0.0,1.0,1.0,0.5454545454545454,0.4545454545454546,60.0,0.0,0.09090909090909091,0.0,0.0,0.01976884495128285,0.033748745918273926,0.42173559700629765,0.017258723576863606,0.0005733966827392578,0,1623032e-7edd-444d-badd-d8a5b02ce8d7,20260816,ecs-strict,adverse-conflict,1,local-adverse-authority
1,1,1,1,130,1.0,1.0,1,1,1,1.0,0.0,0.0,-0.0,-0.0,1.0,0.0,300.0,0.0,1.0,0.0,0.0,0.004378318786621094,0.004378318786621094,0.0,0.0033195018768310547,0.0,0,39fdcaff-bffc-4f5e-bb47-01ab67a8c2d5,20260816,ecs-strict,adverse-ecs-mismatch,1,local-adverse-authority
6,10,6,10,1056,1.0,1.6666666666666667,5,6,6,1.0,0.0,0.0,1.0,1.0,0.5,0.4,17150.0,0.0,0.1,0.0,0.0,0.02782926559448242,0.06708253622055053,0.7476099536991626,0.02327903111775716,0.00014472007751464844,0,8cf09030-4be6-4b0e-9753-2db922d5bdc1,20260816,ecs-strict,adverse-conflict,1,local-adverse-authority
6,12,6,12,1170,1.0,2.0,6,6,6,1.0,0.0,0.0,1.0,1.0,0.5833333333333334,0.5,823.0,0.0,0.08333333333333333,0.0,0.0,0.024865448474884033,0.03917570114135742,0.46489650860635334,0.023097991943359375,0.0004076560338338216,0,faa93d72-25b1-4426-8b23-ba020f172156,20260816,ecs-strict,adverse-conflict,1,local-adverse-authority
1,1,1,1,116,1.0,1.0,1,1,1,1.0,0.0,0.0,-0.0,-0.0,1.0,0.0,300.0,0.0,1.0,0.0,0.0,0.011513710021972656,0.011513710021972656,0.0,0.006582975387573242,0.0,0,17e756c2-c9e0-43f8-bc75-91eceb9f94c8,20260816,ecs-strict,adverse-ecs-mismatch,1,local-adverse-authority
6,11,6,11,1173,1.0,1.8333333333333333,5,6,6,1.0,0.0,0.0,1.0,1.0,0.5454545454545454,0.4545454545454546,1826.0,0.0,0.09090909090909091,0.0,0.0,0.03632400252602317,0.06078362464904785,0.5460593402608708,0.032709876696268715,0.0003131866455078125,0,490d4c63-4ef6-4d3f-a744-ebf1bb02771f,20260816,ecs-strict,adverse-conflict,1,local-adverse-authority
6,9,6,9,894,1.0,1.5,4,6,6,1.0,0.0,0.0,1.0,1.0,0.4444444444444444,0.33333333333333337,60.0,0.0,0.1111111111111111,0.0,0.0,0.02231809828016493,0.03395547866821289,0.5540712062409546,0.019121170043945312,6.167093912760417e-05,0,210f1e68-6232-46fd-9424-71dc4d932b0b,20260816,ecs-strict,adverse-conflict,1,local-adverse-authority
6,10,6,10,1200,1.0,1.6666666666666667,5,6,6,1.0,0.0,0.0,1.0,1.0,0.5,0.4,276.0,0.0,0.1,0.0,0.0,0.017725205421447753,0.04077415466308593,0.7111606270760614,0.015330235163370768,0.00041174888610839844,0,649824cd-31ab-488f-9123-224a5b24b40c,20260816,ecs-strict,adverse-conflict,1,local-adverse-authority
6,11,6,11,1009,1.0,1.8333333333333333,6,6,6,1.0,0.0,0.0,1.0,1.0,0.5454545454545454,0.4545454545454546,300.0,0.0,0.09090909090909091,0.0,0.0,0.02020751346241344,0.04800748825073242,0.6949667981057295,0.017624417940775555,0.00019397735595703126,0,a284aa7e-2f8b-4b76-b613-e50e43592d3c,20260816,ecs-strict,adverse-conflict,1,local-adverse-authority
6,10,6,10,944,1.0,1.6666666666666667,5,6,6,1.0,0.0,0.0,1.0,1.0,0.5,0.4,267.0,0.0,0.1,0.0,0.0,0.022505426406860353,0.03677952289581299,0.47871795450077964,0.01721509297688802,0.0005066990852355957,0,afe455db-40e2-4ab0-86fc-50280c9b39b0,20260816,ecs-strict,adverse-conflict,1,local-adverse-authority
6,11,6,11,1077,1.0,1.8333333333333333,6,6,6,1.0,0.0,0.0,1.0,1.0,0.5454545454545454,0.4545454545454546,100.0,0.0,0.09090909090909091,0.0,0.0,0.017039819197221237,0.026341795921325684,0.35202773093517314,0.01364449659983317,0.00026531219482421874,0,e76df8aa-15b7-477c-8ef5-1d39943c5df7,20260816,ecs-strict,adverse-conflict,1,local-adverse-authority
6,7,6,7,814,1.0,1.1666666666666667,6,6,6,1.0,0.0,0.0,1.0,1.0,0.2857142857142857,0.1428571428571429,100.0,0.0,0.14285714285714285,0.0,0.0,0.01630166598728725,0.026171326637268066,0.3901756292651958,0.010893583297729492,4.410743713378906e-05,0,5236e398-f995-481a-8e35-5977b5fc385c,20260816,ecs-strict,adverse-conflict,1,local-adverse-authority
6,10,6,10,1040,1.0,1.6666666666666667,6,6,6,1.0,0.0,0.0,1.0,1.0,0.5,0.4,823.0,0.0,0.1,0.0,0.0,0.026837372779846193,0.04239668846130371,0.4750485426467863,0.024388909339904785,0.0008991360664367676,0,c691f3a9-6b53-4956-919c-9d4679047e23,20260816,ecs-strict,adverse-conflict,1,local-adverse-authority
6,9,6,9,945,1.0,1.5,5,6,6,1.0,0.0,0.0,1.0,1.0,0.4444444444444444,0.33333333333333337,60.0,0.0,0.1111111111111111,0.0,0.0,0.016255299250284832,0.023925304412841797,0.3668045342510121,0.011873006820678711,5.332628885904948e-05,0,98ebbaf7-1be4-46bb-af42-38f6ca704819,20260816,ecs-strict,adverse-conflict,1,local-adverse-authority
6,8,6,8,1392,1.0,1.3333333333333333,4,6,6,1.0,0.0,0.0,1.0,1.0,0.375,0.25,133.0,0.0,0.125,0.0,0.0,0.025810807943344116,0.06550425291061401,0.96501561106132,0.019945224126180012,0.00017309188842773438,0,c4acc488-cd6d-4dae-9e90-a5270feda394,20260816,ecs-strict,adverse-conflict,1,local-adverse-authority
6,11,6,11,1043,1.0,1.8333333333333333,6,6,6,1.0,0.0,0.0,1.0,1.0,0.5454545454545454,0.4545454545454546,16.0,0.0,0.09090909090909091,0.0,0.0,0.017681121826171875,0.03390073776245117,0.588869562082705,0.016574939092000324,4.4345855712890625e-05,0,23b576b5-4a5d-474d-b30a-071bf6956fd6,20260816,ecs-strict,adverse-conflict,1,local-adverse-authority
6,10,6,10,944,1.0,1.6666666666666667,6,6,6,1.0,0.0,0.0,1.0,1.0,0.5,0.4,19216.0,0.0,0.1,0.0,0.0,0.01711864471435547,0.038938593864440915,0.7324562264760583,0.015597263971964518,0.00024306774139404297,0,dab43dae-78a0-4045-b7ed-037447c59a80,20260816,ecs-strict,adverse-conflict,1,local-adverse-authority
6,10,6,10,1008,1.0,1.6666666666666667,4,6,6,1.0,0.0,0.0,1.0,1.0,0.5,0.4,60.0,0.0,0.1,0.0,0.0,0.025269222259521485,0.05109790563583374,0.6353903474295559,0.020671645800272625,0.00037783384323120117,0,0df11f39-c235-454a-ae34-dce4c18dbfdb,20260816,ecs-strict,adverse-conflict,1,local-adverse-authority
6,9,6,9,930,1.0,1.5,6,6,6,1.0,0.0,0.0,1.0,1.0,0.4444444444444444,0.33333333333333337,14209.0,0.0,0.1111111111111111,0.0,0.0,0.008920060263739692,0.0184481143951416,0.6039701045466309,0.006865938504536946,0.00011022885640462239,0,eddba1ed-a450-4c4c-9386-c4b00bd11ded,20260816,ecs-strict,adverse-conflict,1,local-adverse-authority
6,11,6,11,1314,1.0,1.8333333333333333,6,6,6,1.0,0.0,0.0,1.0,1.0,0.5454545454545454,0.4545454545454546,50.0,0.0,0.09090909090909091,0.0,0.0,0.013865579258311878,0.031435251235961914,0.668600174654503,0.012183904647827148,0.00018086433410644532,0,04fb3a36-860a-465d-8c8b-4649f460d85a,20260816,ecs-strict,adverse-conflict,1,local-adverse-authority
6,11,6,11,1009,1.0,1.8333333333333333,6,6,6,1.0,0.0,0.0,1.0,1.0,0.5454545454545454,0.4545454545454546,25.0,0.0,0.09090909090909091,0.0,0.0,0.0486071760004217,0.08934617042541504,0.4520221332871617,0.042987545331319175,0.0006070613861083984,0,35ce2f7f-406e-4c98-a511-e41867454694,20260816,ecs-strict,adverse-conflict,1,local-adverse-authority
6,11,6,11,1224,1.0,1.8333333333333333,6,6,6,1.0,0.0,0.0,1.0,1.0,0.5454545454545454,0.4545454545454546,17521.0,0.0,0.09090909090909091,0.0,0.0,0.02272252603010698,0.06794631481170654,0.9963390541617172,0.022128740946451824,0.0008591175079345703,0,0e348554-1a84-493b-9eb3-67e283f8232a,20260816,ecs-strict,adverse-conflict,1,local-adverse-authority
6,12,6,12,1398,1.0,2.0,6,6,6,1.0,0.0,0.0,1.0,1.0,0.5833333333333334,0.5,60.0,0.0,0.08333333333333333,0.0,0.0,0.008565545082092285,0.018284940719604494,0.5264737382886081,0.007895310719807943,0.00014384587605794272,0,5e5d70b2-d840-4ab9-880e-42cb38b41a19,20260816,ecs-strict,adverse-conflict,1,local-adverse-authority
6,9,6,9,1227,1.0,1.5,6,6,6,1.0,0.0,0.0,1.0,1.0,0.4444444444444444,0.33333333333333337,224.0,0.0,0.1111111111111111,0.0,0.0,0.040051274829440646,0.131942081451416,1.2450742632346739,0.03097224235534668,7.955233256022136e-05,0,b77a62b7-5801-47e4-b61a-d8dc9925e6dc,20260816,ecs-strict,adverse-conflict,1,local-adverse-authority
6,11,6,11,1286,1.0,1.8333333333333333,6,6,6,1.0,0.0,0.0,1.0,1.0,0.5454545454545454,0.4545454545454546,300.0,0.0,0.09090909090909091,0.0,0.0,0.02937780727039684,0.05247676372528076,0.5249553852026778,0.031029423077901203,0.000147247314453125,0,c4d59816-08c8-46e7-abcd-df7e9d8f31bb,20260816,ecs-strict,adverse-conflict,1,local-adverse-authority
6,11,6,11,1263,1.0,1.8333333333333333,6,6,6,1.0,0.0,0.0,1.0,1.0,0.5454545454545454,0.4545454545454546,18.0,0.0,0.09090909090909091,0.0,0.0,0.024114500392567028,0.05371904373168945,0.7417068518205543,0.0219879150390625,0.00017080307006835937,0,ef7e228b-aa51-458a-a0f7-4205d43cebdf,20260816,ecs-strict,adverse-conflict,1,local-adverse-authority
6,8,6,8,1378,1.0,1.3333333333333333,6,6,6,1.0,0.0,0.0,1.0,1.0,0.375,0.25,94.0,0.0,0.125,0.0,0.0,0.018931984901428223,0.03414041996002197,0.5215036641438685,0.015946189562479656,8.559226989746094e-05,0,2bcdb3e1-13d4-43ed-a306-ba187208d09a,20260816,ecs-strict,adverse-conflict,1,local-adverse-authority
6,10,6,10,1248,1.0,1.6666666666666667,6,6,6,1.0,0.0,0.0,1.0,1.0,0.5,0.4,402.0,0.0,0.1,0.0,0.0,0.014946579933166504,0.03069751262664795,0.7014134788988022,0.012698690096537272,6.878376007080078e-05,0,3393b7ea-c30b-4460-a5c3-3456609732b0,20260816,ecs-strict,adverse-conflict,1,local-adverse-authority
6,9,6,9,945,1.0,1.5,6,6,6,1.0,0.0,0.0,1.0,1.0,0.4444444444444444,0.33333333333333337,2301.0,0.0,0.1111111111111111,0.0,0.0,0.046176380581325956,0.12500357627868647,1.0630551194427327,0.05227541923522949,5.038579305013021e-05,0,ac136709-dc6a-4edc-bf1b-00b5f5bc5797,20260816,ecs-strict,adverse-conflict,1,local-adverse-authority
6,11,6,11,1139,1.0,1.8333333333333333,6,6,6,1.0,0.0,0.0,1.0,1.0,0.5454545454545454,0.4545454545454546,295.0,0.0,0.09090909090909091,0.0,0.0,0.036064646460793236,0.12185907363891602,1.1381810658542983,0.03281180063883463,0.00010867118835449219,0,e332d123-e42b-454c-9ebc-82755b4b6171,20260816,ecs-strict,adverse-conflict,1,local-adverse-authority
6,12,6,12,1218,1.0,2.0,6,6,6,1.0,0.0,0.0,1.0,1.0,0.5833333333333334,0.5,21549.0,0.0,0.08333333333333333,0.0,0.0,0.06440210342407227,0.24935013055801392,1.2988425580381868,0.06171830495198568,0.0006685256958007812,0,30cd9c39-3b1d-4005-88a7-16cb9b545469,20260816,ecs-strict,adverse-conflict,1,local-adverse-authority
6,8,6,8,786,1.0,1.3333333333333333,5,6,6,1.0,0.0,0.0,1.0,1.0,0.375,0.25,17.0,0.0,0.125,0.0,0.0,0.011360079050064087,0.024478578567504884,0.7140315274313891,0.00880583127339681,2.5153160095214844e-05,0,d1e027c1-6c99-4cd5-80e6-946e8bd0c389,20260816,ecs-strict,adverse-conflict,1,local-adverse-authority
6,10,6,10,1184,1.0,1.6666666666666667,6,6,6,1.0,0.0,0.0,1.0,1.0,0.5,0.4,38.0,0.0,0.1,0.0,0.0,0.01417388916015625,0.021769559383392333,0.48786434834687326,0.012374361356099447,4.0471553802490234e-05,0,ee22364c-19ec-44a3-be9a-39a0028f6415,20260816,ecs-strict,adverse-conflict,1,local-adverse-authority
6,8,6,8,884,1.0,1.3333333333333333,6,6,6,1.0,0.0,0.0,1.0,1.0,0.375,0.25,2595.0,0.0,0.125,0.0,0.0,0.011706948280334473,0.029019451141357407,0.8980304769643986,0.011093656222025553,0.00013363361358642578,0,66237878-5762-4f9c-8553-a29f1fee6682,20260816,ecs-strict,adverse-conflict,1,local-adverse-authority
6,10,6,10,976,1.0,1.6666666666666667,6,6,6,1.0,0.0,0.0,1.0,1.0,0.5,0.4,233.0,0.0,0.1,0.0,0.0,0.026575279235839844,0.062291061878204344,0.9229428005076294,0.021628538767496746,6.35981559753418e-05,0,c5132d57-318e-4cce-858f-37fb14e1e644,20260816,ecs-strict,adverse-conflict,1,local-adverse-authority
6,12,6,12,1380,1.0,2.0,6,6,6,1.0,0.0,0.0,1.0,1.0,0.5833333333333334,0.5,900.0,0.0,0.08333333333333333,0.0,0.0,0.019453267256418865,0.05110781192779541,0.7830503838080713,0.018700440724690754,9.564558664957683e-05,0,01e80c90-50c6-48d7-b408-ebbec9c122a5,20260816,ecs-strict,adverse-conflict,1,local-adverse-authority
6,10,6,10,1248,1.0,1.6666666666666667,6,6,6,1.0,0.0,0.0,1.0,1.0,0.5,0.4,13.0,0.0,0.1,0.0,0.0,0.01988954544067383,0.051014840602874686,0.9960117380083704,0.02116707960764567,0.00012731552124023438,0,80ef1a41-b424-4a69-837d-9e8e9333d790,20260816,ecs-strict,adverse-conflict,1,local-adverse-authority
6,11,6,11,1043,1.0,1.8333333333333333,6,6,6,1.0,0.0,0.0,1.0,1.0,0.5454545454545454,0.4545454545454546,8.0,0.0,0.09090909090909091,0.0,0.0,0.01794210347262296,0.04480409622192383,0.7633469551342592,0.015865524609883625,3.499984741210938e-05,0,c9ebd961-bd8f-4ba6-a18d-9fe73ef51246,20260816,ecs-strict,adverse-conflict,1,local-adverse-authority
6,10,6,10,1072,1.0,1.6666666666666667,6,6,6,1.0,0.0,0.0,1.0,1.0,0.5,0.4,300.0,0.0,0.1,0.0,0.0,0.011263418197631835,0.022386813163757326,0.6507385958193034,0.009138345718383789,0.00030487775802612305,0,dd23545c-455c-479c-b696-5c2e836e2891,20260816,ecs-strict,adverse-conflict,1,local-adverse-authority
6,9,6,9,849,1.0,1.5,5,6,6,1.0,0.0,0.0,1.0,1.0,0.4444444444444444,0.33333333333333337,20.0,0.0,0.1111111111111111,0.0,0.0,0.022872103585137263,0.06905221939086911,1.175524513142289,0.02457912762959798,0.0002697308858235677,0,572bb5b0-272e-4a0c-ac09-78c0a032462f,20260816,ecs-strict,adverse-conflict,1,local-adverse-authority
6,10,6,10,992,1.0,1.6666666666666667,6,6,6,1.0,0.0,0.0,1.0,1.0,0.5,0.4,97.0,0.0,0.1,0.0,0.0,0.016020607948303223,0.04837719202041626,1.0102190973202902,0.013284802436828613,0.00032317638397216797,0,6fbc4b67-aff4-4f82-a187-5bd47770a13a,20260816,ecs-strict,adverse-conflict,1,local-adverse-authority
6,12,6,12,1470,1.0,2.0,6,6,6,1.0,0.0,0.0,1.0,1.0,0.5833333333333334,0.5,57.0,0.0,0.08333333333333333,0.0,0.0,0.013827323913574219,0.039289796352386476,0.922008153533119,0.013034939765930176,4.673004150390625e-05,0,f6d8259d-d922-4918-809c-ebd1ead6b9ee,20260816,ecs-strict,adverse-conflict,1,local-adverse-authority
6,12,6,12,1452,1.0,2.0,6,6,6,1.0,0.0,0.0,1.0,1.0,0.5833333333333334,0.5,60.0,0.0,0.08333333333333333,0.0,0.0,0.01597483952840169,0.03176958560943603,0.6453796240700045,0.01520987351735433,0.0001823902130126953,0,e149cc08-ff7d-46c4-ab7c-4d8416f579e7,20260816,ecs-strict,adverse-conflict,1,local-adverse-authority
6,10,6,10,1248,1.0,1.6666666666666667,6,6,6,1.0,0.0,0.0,1.0,1.0,0.5,0.4,60.0,0.0,0.1,0.0,0.0,0.01700117588043213,0.04150720834732056,0.7816621083914427,0.014458417892456055,9.28044319152832e-05,0,0c9d7b2f-1f5a-44f6-8850-4a06b2f17139,20260816,ecs-strict,adverse-conflict,1,local-adverse-authority
6,9,6,9,930,1.0,1.5,6,6,6,1.0,0.0,0.0,1.0,1.0,0.4444444444444444,0.33333333333333337,20.0,0.0,0.1111111111111111,0.0,0.0,0.01435950067308214,0.019910907745361327,0.5171254572636845,0.010796189308166504,0.00032750765482584637,0,f1de9457-857e-4e38-813c-b9ba941824df,20260816,ecs-strict,adverse-conflict,1,local-adverse-authority
6,10,6,10,944,1.0,1.6666666666666667,6,6,6,1.0,0.0,0.0,1.0,1.0,0.5,0.4,251.0,0.0,0.1,0.0,0.0,0.02660222053527832,0.051661002635955806,0.709641988704854,0.0215070645014445,0.0002440810203552246,0,c479f00d-90ed-4321-a817-23afa64f75ff,20260816,ecs-strict,adverse-conflict,1,local-adverse-authority
6,11,6,11,1145,1.0,1.8333333333333333,6,6,6,1.0,0.0,0.0,1.0,1.0,0.5454545454545454,0.4545454545454546,86.0,0.0,0.09090909090909091,0.0,0.0,0.016623280265114525,0.035584449768066406,0.6845051559570222,0.01475663979848226,3.409385681152344e-05,0,1f8c958b-1c45-43b7-9265-e215d975eb9d,20260816,ecs-strict,adverse-conflict,1,local-adverse-authority
6,11,6,11,1043,1.0,1.8333333333333333,6,6,6,1.0,0.0,0.0,1.0,1.0,0.5454545454545454,0.4545454545454546,103.0,0.0,0.09090909090909091,0.0,0.0,0.03256767446344549,0.047646403312683105,0.48115298369284154,0.030902822812398274,4.1866302490234374e-05,0,0c37c31c-378a-4738-850d-fa227a68593b,20260816,ecs-strict,adverse-conflict,1,local-adverse-authority
6,12,6,12,1452,1.0,2.0,6,6,6,1.0,0.0,0.0,1.0,1.0,0.5833333333333334,0.5,60.0,0.0,0.08333333333333333,0.0,0.0,0.020881255467732746,0.037124788761138915,0.5884458199082319,0.019613027572631836,0.00024120012919108072,0,3f0cfa3c-355e-48b5-bfb0-de23ca1e1934,20260816,ecs-strict,adverse-conflict,1,local-adverse-authority
1,1,1,1,132,1.0,1.0,1,1,1,1.0,0.0,1.0,-0.0,-0.0,1.0,0.0,300.0,0.0,1.0,0.0,0.0,0.01444554328918457,0.01444554328918457,0.0,0.013700723648071289,0.0,0,dc60ca83-a0a7-4bba-81ac-e824ba5653c1,20260816,ecs-strict,adverse-ecs-mismatch,1,local-adverse-authority
6,8,6,8,786,1.0,1.3333333333333333,6,6,6,1.0,0.0,0.0,1.0,1.0,0.375,0.25,14.0,0.0,0.125,0.0,0.0,0.019457966089248657,0.046615350246429446,0.8377913059244857,0.016285498936971027,2.9802322387695312e-05,0,36a6ad96-3bd6-46e5-b841-ebe0648c13d4,20260816,ecs-strict,adverse-conflict,1,local-adverse-authority
6,9,6,9,924,1.0,1.5,6,6,6,1.0,0.0,0.0,1.0,1.0,0.4444444444444444,0.33333333333333337,52.0,0.0,0.1111111111111111,0.0,0.0,0.017709467146131728,0.042409420013427734,0.8601828771874249,0.013530969619750977,0.00014368693033854166,0,86a898dc-737e-4269-b7c6-e110bc898146,20260816,ecs-strict,adverse-conflict,1,local-adverse-authority
6,12,6,12,1038,1.0,2.0,6,6,6,1.0,0.0,0.0,1.0,1.0,0.5833333333333334,0.5,20.0,0.0,0.08333333333333333,0.0,0.0,0.05548602342605591,0.22268766164779663,1.4151672735797176,0.05504933993021647,4.200140635172526e-05,0,5acb62a2-6cc2-442e-ae5c-91104ba74f6f,20260816,ecs-strict,adverse-conflict,1,local-adverse-authority
6,9,6,9,924,1.0,1.5,6,6,6,1.0,0.0,0.0,1.0,1.0,0.4444444444444444,0.33333333333333337,300.0,0.0,0.1111111111111111,0.0,0.0,0.04418041970994738,0.14262247085571284,1.3667727253064121,0.05169959863026937,3.170967102050781e-05,0,95c3f446-1cc2-4e15-b629-f1a217beda1b,20260816,ecs-strict,adverse-conflict,1,local-adverse-authority
6,9,6,9,1197,1.0,1.5,6,6,6,1.0,0.0,0.0,1.0,1.0,0.4444444444444444,0.33333333333333337,60.0,0.0,0.1111111111111111,0.0,0.0,0.020124117533365887,0.041278457641601554,0.685276168949989,0.019482731819152832,3.8623809814453125e-05,0,dd8bc585-6765-43fe-ac17-994b2118655b,20260816,ecs-strict,adverse-conflict,1,local-adverse-authority
6,10,6,10,1200,1.0,1.6666666666666667,6,6,6,1.0,0.0,0.0,1.0,1.0,0.5,0.4,124.0,0.0,0.1,0.0,0.0,0.018153572082519533,0.05076935291290283,0.9387538743933574,0.015663623809814453,7.784366607666016e-05,0,65268941-a7f4-472c-bfb0-7e8958328b6e,20260816,ecs-strict,adverse-conflict,1,local-adverse-authority
6,11,6,11,958,1.0,1.8333333333333333,6,6,6,1.0,0.0,0.0,1.0,1.0,0.5454545454545454,0.4545454545454546,20190.0,0.0,0.09090909090909091,0.0,0.0,0.011562000621448864,0.03590524196624756,1.0052683954884913,0.010333577791849772,0.0002564907073974609,0,40e0808c-4dfe-4ac2-9b08-781a3516d833,20260816,ecs-strict,adverse-conflict,1,local-adverse-authority
6,12,6,12,1314,1.0,2.0,6,6,6,1.0,0.0,0.0,1.0,1.0,0.5833333333333334,0.5,600.0,0.0,0.08333333333333333,0.0,0.0,0.026979645093282063,0.035746872425079346,0.22971889410083549,0.024957656860351562,0.00018739700317382812,0,799105a7-3ae4-453b-ac5a-d15b85bf07ca,20260816,ecs-strict,adverse-conflict,1,local-adverse-authority
1,1,1,1,108,1.0,1.0,1,1,1,1.0,0.0,1.0,-0.0,-0.0,1.0,0.0,300.0,0.0,1.0,0.0,0.0,0.006624460220336914,0.006624460220336914,0.0,0.004125118255615234,0.0,0,78ae7f41-c0d4-4300-a528-91da08b118f2,20260816,ecs-strict,adverse-ecs-mismatch,1,local-adverse-authority
6,10,6,10,1008,1.0,1.6666666666666667,6,6,6,1.0,0.0,0.0,1.0,1.0,0.5,0.4,274.0,0.0,0.1,0.0,0.0,0.01674211025238037,0.032883751392364505,0.5881530669269361,0.013959407806396484,0.0006579756736755371,0,fea70dd1-b527-4134-bc85-cfdd4c2b7083,20260816,ecs-strict,adverse-conflict,1,local-adverse-authority
6,12,6,12,1038,1.0,2.0,6,6,6,1.0,0.0,0.0,1.0,1.0,0.5833333333333334,0.5,4368.0,0.0,0.08333333333333333,0.0,0.0,0.023937761783599854,0.051865684986114505,0.70918622783667,0.023099382718404133,7.68899917602539e-05,0,8e4bbd5a-808c-4f61-9a7c-541d6e054b4b,20260816,ecs-strict,adverse-conflict,1,local-adverse-authority
6,9,6,9,1080,1.0,1.5,6,6,6,1.0,0.0,0.0,1.0,1.0,0.4444444444444444,0.33333333333333337,18.0,0.0,0.1111111111111111,0.0,0.0,0.024797386593288846,0.04035253524780273,0.5074968137215268,0.02047439416249593,0.00078582763671875,0,9a7a0d58-e042-4bcb-aff5-55efba4feff9,20260816,ecs-strict,adverse-conflict,1,local-adverse-authority
6,11,6,11,1348,1.0,1.8333333333333333,6,6,6,1.0,0.0,0.0,1.0,1.0,0.5454545454545454,0.4545454545454546,60.0,0.0,0.09090909090909091,0.0,0.0,0.018698345531116833,0.03992819786071777,0.5614304902950493,0.016618649164835613,0.00013399124145507812,0,ac57afca-e5e0-4aff-876c-845fe6ec3fcb,20260816,ecs-strict,adverse-conflict,1,local-adverse-authority
6,9,6,9,984,1.0,1.5,5,6,6,1.0,0.0,0.0,1.0,1.0,0.4444444444444444,0.33333333333333337,20118.0,0.0,0.1111111111111111,0.0,0.0,0.011666059494018555,0.022342109680175783,0.5027330899538629,0.008820494016011557,0.0011072953542073567,0,ba68462d-2cdc-40c7-9984-84912c778798,20260816,ecs-strict,adverse-conflict,1,local-adverse-authority
6,11,6,11,1348,1.0,1.8333333333333333,6,6,6,1.0,0.0,0.0,1.0,1.0,0.5454545454545454,0.4545454545454546,11.0,0.0,0.09090909090909091,0.0,0.0,0.027748021212491123,0.04880404472351074,0.5157966348984115,0.023292700449625652,0.0002887725830078125,0,11419d41-e459-49a2-a270-f0e2c1144221,20260816,ecs-strict,adverse-conflict,1,local-adverse-authority
1,1,1,1,134,1.0,1.0,1,1,1,1.0,0.0,1.0,-0.0,-0.0,1.0,0.0,300.0,0.0,1.0,0.0,0.0,0.002401113510131836,0.002401113510131836,0.0,0.002304553985595703,0.0,0,ea437385-450a-4a80-b9d9-d94903ebf9b8,20260816,ecs-strict,adverse-ecs-mismatch,1,local-adverse-authority
6,11,6,11,1105,1.0,1.8333333333333333,6,6,6,1.0,0.0,0.0,1.0,1.0,0.5454545454545454,0.4545454545454546,140.0,0.0,0.09090909090909091,0.0,0.0,0.023427919908003372,0.05548691749572754,0.6894524321129438,0.019497116406758625,0.0002957820892333984,0,b60e0e09-0f5b-441d-96df-a296186df5ab,20260816,ecs-strict,adverse-conflict,1,local-adverse-authority
6,10,6,10,1232,1.0,1.6666666666666667,6,6,6,1.0,0.0,0.0,1.0,1.0,0.5,0.4,1847.0,0.0,0.1,0.0,0.0,0.029593372344970705,0.09216924905776977,1.0834725196476342,0.024498621622721355,0.00027561187744140625,0,44a02b7e-25c4-4ff7-b4d8-b8d55303f296,20260816,ecs-strict,adverse-conflict,1,local-adverse-authority
6,9,6,9,819,1.0,1.5,6,6,6,1.0,0.0,0.0,1.0,1.0,0.4444444444444444,0.33333333333333337,235.0,0.0,0.1111111111111111,0.0,0.0,0.015874014960394964,0.03441805839538574,0.7403978316591342,0.013007124265034994,2.9325485229492188e-05,0,265d62bc-5e10-46a2-ba9a-3b78b47874f9,20260816,ecs-strict,adverse-conflict,1,local-adverse-authority
6,10,6,10,1040,1.0,1.6666666666666667,6,6,6,1.0,0.0,0.0,1.0,1.0,0.5,0.4,161.0,0.0,0.1,0.0,0.0,0.022717046737670898,0.04750599861145018,0.6894847561334161,0.0216524600982666,0.0002709627151489258,0,b70d5e5d-b0db-416e-be0d-cf15986543b7,20260816,ecs-strict,adverse-conflict,1,local-adverse-authority
6,10,6,10,1280,1.0,1.6666666666666667,6,6,6,1.0,0.0,0.0,1.0,1.0,0.5,0.4,1686.0,0.0,0.1,0.0,0.0,0.02540886402130127,0.052220475673675534,0.6940029623056276,0.02491593360900879,4.7326087951660156e-05,0,d28db411-9625-469a-8cc4-f88df99cf34e,20260816,ecs-strict,adverse-conflict,1,local-adverse-authority
6,12,6,12,1362,1.0,2.0,6,6,6,1.0,0.0,0.0,1.0,1.0,0.5833333333333334,0.5,46.0,0.0,0.08333333333333333,0.0,0.0,0.05650871992111206,0.24224039316177368,1.4910545220598392,0.05476486682891846,0.00013530254364013672,0,5bc1c316-a246-4189-85d0-e71e46d2909e,20260816,ecs-strict,adverse-conflict,1,local-adverse-authority
6,10,6,10,944,1.0,1.6666666666666667,5,6,6,1.0,0.0,0.0,1.0,1.0,0.5,0.4,244.0,0.0,0.1,0.0,0.0,0.045802903175354,0.17015445232391357,1.3686355097504204,0.037898500760396324,0.00021833181381225586,0,a844827d-196e-46d8-8deb-88268a3eb787,20260816,ecs-strict,adverse-conflict,1,local-adverse-authority
6,7,6,7,701,1.0,1.1666666666666667,6,6,6,1.0,0.16666666666666666,0.0,1.0,1.0,0.2857142857142857,0.1428571428571429,237.0,0.0,0.14285714285714285,0.0,0.0,0.02629058701651437,0.047195339202880854,0.6233310976324767,0.023069898287455242,3.814697265625e-05,0,5cd2dbb1-cb86-485b-ab5f-5358d80d5ea1,20260816,ecs-strict,adverse-ecs-fanout,1,local-adverse-authority
6,12,6,12,1734,1.0,2.0,6,6,6,1.0,0.0,0.0,1.0,1.0,0.5833333333333334,0.5,104.0,0.0,0.08333333333333333,0.0,0.0,0.0554313063621521,0.2340001344680786,1.463576023311074,0.05411100387573242,0.00013132890065511069,0,4d6c87af-e419-4030-8ef6-3e86e8d852dc,20260816,ecs-strict,adverse-conflict,1,local-adverse-authority
6,11,6,11,1136,1.0,1.8333333333333333,6,6,6,1.0,0.8333333333333334,0.0,1.0,1.0,0.5454545454545454,0.4545454545454546,300.0,0.0,0.09090909090909091,0.0,0.0,0.01878632198680531,0.038787126541137695,0.615844053106563,0.018524646759033203,4.935264587402344e-05,0,885c0031-bb99-437c-bad7-ceca6afdeb55,20260816,ecs-strict,adverse-ecs-fanout,1,local-adverse-authority
6,10,6,10,1024,1.0,1.6666666666666667,5,6,6,1.0,0.0,0.0,1.0,1.0,0.5,0.4,2630.0,0.0,0.1,0.0,0.0,0.035629868507385254,0.10430701971054064,1.1857655592948555,0.042002320289611816,6.198883056640625e-05,0,c21f8bea-3631-4aa5-9d6e-619e45339106,20260816,ecs-strict,adverse-conflict,1,local-adverse-authority
6,11,6,11,1221,1.0,1.8333333333333333,6,6,6,1.0,0.8333333333333334,0.0,1.0,1.0,0.5454545454545454,0.4545454545454546,180.0,0.0,0.09090909090909091,0.0,0.0,0.020964232358065518,0.04596352577209473,0.6937380764356132,0.02157159646352132,5.5837631225585935e-05,0,b723ec16-b7db-45ff-92fb-da868d95fcc0,20260816,ecs-strict,adverse-ecs-fanout,1,local-adverse-authority
6,11,6,11,950,1.0,1.8333333333333333,6,6,6,1.0,0.8333333333333334,0.0,1.0,1.0,0.5454545454545454,0.4545454545454546,52.0,0.0,0.09090909090909091,0.0,0.0,0.015027067878029564,0.0378345251083374,0.7650445519728095,0.013474305470784506,4.982948303222656e-05,0,90ccd52d-9187-4d23-adcd-4f63805cff7b,20260816,ecs-strict,adverse-ecs-fanout,1,local-adverse-authority
6,11,6,11,1091,1.0,1.8333333333333333,6,6,6,1.0,0.8333333333333334,0.0,1.0,1.0,0.45454545454545453,0.4545454545454546,734.0,0.0,0.09090909090909091,0.0,0.0,0.01842520453713157,0.037981510162353516,0.5984475026373639,0.017965952555338543,0.0002219676971435547,0,3a8fd723-10ef-4b6d-b421-7cf05e4ea9de,20260816,ecs-strict,adverse-ecs-fanout,1,local-adverse-authority
6,11,6,11,865,1.0,1.8333333333333333,6,6,6,1.0,0.8333333333333334,0.0,1.0,1.0,0.5454545454545454,0.4545454545454546,12.0,0.0,0.09090909090909091,0.0,0.0,0.014733834700150923,0.032379150390625,0.699505192678736,0.013095974922180176,4.31060791015625e-05,0,39b1f5fb-8e4f-481d-8ebf-e2318d919a52,20260816,ecs-strict,adverse-ecs-fanout,1,local-adverse-authority
6,12,6,12,1092,1.0,2.0,6,6,6,1.0,0.0,0.0,1.0,1.0,0.5833333333333334,0.5,60.0,0.0,0.08333333333333333,0.0,0.0,0.04580134153366089,0.1897800922393799,1.423406277212711,0.045397162437438965,4.104773203531901e-05,0,a8d0d04e-6cab-4996-afc3-d33e38d5765f,20260816,ecs-strict,adverse-conflict,1,local-adverse-authority
6,10,6,10,936,1.0,1.6666666666666667,6,6,6,1.0,0.6666666666666666,0.0,1.0,1.0,0.5,0.4,30.0,0.0,0.1,0.0,0.0,0.04866735935211182,0.15555527210235595,1.1447986707614268,0.04161679744720459,3.635883331298828e-05,0,d0f8679b-1fe3-4ea9-a73e-96a72c333cef,20260816,ecs-strict,adverse-ecs-fanout,1,local-adverse-authority
6,11,6,11,961,1.0,1.8333333333333333,6,6,6,1.0,0.8333333333333334,0.0,1.0,1.0,0.5454545454545454,0.4545454545454546,300.0,0.0,0.09090909090909091,0.0,0.0,0.019079186699607155,0.04174685478210449,0.7242262662008907,0.01786800225575765,4.5871734619140626e-05,0,4573cd1b-f3a1-4295-a4ad-549f68ba795b,20260816,ecs-strict,adverse-ecs-fanout,1,local-adverse-authority
6,11,6,11,1046,1.0,1.8333333333333333,6,6,6,1.0,0.8333333333333334,0.0,1.0,1.0,0.5454545454545454,0.4545454545454546,300.0,0.0,0.09090909090909091,0.0,0.0,0.014604134993119673,0.038742780685424805,0.9703008423223672,0.015602548917134603,4.711151123046875e-05,0,4c108b1f-fb6e-4a5f-b221-a11fab0265ed,20260816,ecs-strict,adverse-ecs-fanout,1,local-adverse-authority
6,11,6,11,1018,1.0,1.8333333333333333,6,6,6,1.0,0.8333333333333334,0.0,1.0,1.0,0.5454545454545454,0.4545454545454546,15744.0,0.0,0.09090909090909091,0.0,0.0,0.015881148251620205,0.03976643085479736,0.8126889410655694,0.015384157498677572,3.600120544433594e-05,0,d194abb6-866b-4440-b613-72f35121b05a,20260816,ecs-strict,adverse-ecs-fanout,1,local-adverse-authority
6,11,6,11,1018,1.0,1.8333333333333333,6,6,6,1.0,0.8333333333333334,0.0,1.0,1.0,0.5454545454545454,0.4545454545454546,18087.0,0.0,0.09090909090909091,0.0,0.0,0.01338427717035467,0.021016478538513184,0.4077907738428025,0.010657389958699545,0.0003691196441650391,0,88155157-4dc4-49e7-94d6-a301046d976d,20260816,ecs-strict,adverse-ecs-fanout,1,local-adverse-authority
6,9,6,9,843,1.0,1.5,6,6,6,1.0,0.5,0.0,1.0,1.0,0.4444444444444444,0.33333333333333337,91.0,0.0,0.1111111111111111,0.0,0.0,0.014096763398912217,0.03957009315490723,0.9937621268735153,0.011629581451416016,7.398923238118489e-05,0,e0907fa9-868e-4a22-88e0-bc3b940b7a64,20260816,ecs-strict,adverse-ecs-fanout,1,local-adverse-authority
6,10,6,10,1368,1.0,1.6666666666666667,6,6,6,1.0,0.6666666666666666,0.0,1.0,1.0,0.5,0.4,15843.0,0.0,0.1,0.0,0.0,0.02172055244445801,0.04450920820236206,0.6645190368992733,0.01888144016265869,4.684925079345703e-05,0,0cdc0ea1-41a4-4295-94c0-a6544c26211c,20260816,ecs-strict,adverse-ecs-fanout,1,local-adverse-authority
6,11,6,11,950,1.0,1.8333333333333333,6,6,6,1.0,0.8333333333333334,0.0,1.0,1.0,0.5454545454545454,0.4545454545454546,60.0,0.0,0.09090909090909091,0.0,0.0,0.019741535186767578,0.0460430383682251,0.8037828656878584,0.021191914876302082,3.876686096191406e-05,0,94d75a40-0e2e-4242-b6d4-3a47d701ed8d,20260816,ecs-strict,adverse-ecs-fanout,1,local-adverse-authority
6,11,6,11,1046,1.0,1.8333333333333333,6,6,6,1.0,0.8333333333333334,0.0,1.0,1.0,0.45454545454545453,0.4545454545454546,277.0,0.0,0.09090909090909091,0.0,0.0,0.014045693657614967,0.024512648582458496,0.6064557858309434,0.012714346249898275,4.801750183105469e-05,0,c6090ebd-4d58-4e18-8b84-d11f1076afd1,20260816,ecs-strict,adverse-ecs-fanout,1,local-adverse-authority
6,10,6,10,1288,1.0,1.6666666666666667,6,6,6,1.0,0.6666666666666666,0.0,1.0,1.0,0.5,0.4,60.0,0.0,0.1,0.0,0.0,0.02915194034576416,0.05699596405029297,0.7954637536634973,0.027114073435465496,6.318092346191406e-05,0,1233b055-4a93-41de-9189-e070c7d8321f,20260816,ecs-strict,adverse-ecs-fanout,1,local-adverse-authority
6,10,6,10,872,1.0,1.6666666666666667,6,6,6,1.0,0.6666666666666666,0.0,1.0,1.0,0.5,0.4,246.0,0.0,0.1,0.0,0.0,0.020452070236206054,0.06070821285247803,1.0070519367667743,0.016814152399698894,4.601478576660156e-05,0,fb0d7e9b-917d-491a-a4b4-a957611ee518,20260816,ecs-strict,adverse-ecs-fanout,1,local-adverse-authority
6,11,6,11,1142,1.0,1.8333333333333333,6,6,6,1.0,0.8333333333333334,0.0,1.0,1.0,0.5454545454545454,0.4545454545454546,39.0,0.0,0.09090909090909091,0.0,0.0,0.03358151695945046,0.07461905479431152,0.7318177964315006,0.032907843589782715,8.172988891601563e-05,0,d3235ad3-1b1f-4844-bfa2-227dc3611c2f,20260816,ecs-strict,adverse-ecs-fanout,1,local-adverse-authority
6,11,6,11,1046,1.0,1.8333333333333333,6,6,6,1.0,0.8333333333333334,0.0,1.0,1.0,0.5454545454545454,0.4545454545454546,175.0,0.0,0.09090909090909091,0.0,0.0,0.04431577162309126,0.2192080020904541,1.8606568322269386,0.04003659884134928,4.5871734619140626e-05,0,2c3f4144-7a74-4500-99b5-26f9bc049b7c,20260816,ecs-strict,adverse-ecs-fanout,1,local-adverse-authority
6,12,6,12,1704,1.0,2.0,6,6,6,1.0,1.0,0.0,1.0,1.0,0.5833333333333334,0.5,273.0,0.0,0.08333333333333333,0.0,0.0,0.020461122194925945,0.05219734907150268,0.8530714633493482,0.019930680592854817,0.00012731552124023438,0,45597b85-0cfc-4157-b05f-2a88e06cbb66,20260816,ecs-strict,adverse-ecs-fanout,1,local-adverse-authority
6,12,6,12,942,1.0,2.0,6,6,6,1.0,1.0,0.0,1.0,1.0,0.5833333333333334,0.5,290.0,0.0,0.08333333333333333,0.0,0.0,0.014237542947133383,0.030679428577423097,0.6968610459421626,0.014102896054585775,3.7948290506998696e-05,0,7b95132b-10a7-4bff-90db-de7a192fa515,20260816,ecs-strict,adverse-ecs-fanout,1,local-adverse-authority
6,9,6,9,1059,1.0,1.5,6,6,6,1.0,0.5,0.0,1.0,1.0,0.4444444444444444,0.33333333333333337,164.0,0.0,0.1111111111111111,0.0,0.0,0.0250140560997857,0.04577474594116211,0.6886203835699997,0.021347880363464355,3.147125244140625e-05,0,7b1b0ad0-6b54-4ac9-8094-9c2e00103375,20260816,ecs-strict,adverse-ecs-fanout,1,local-adverse-authority
6,9,6,9,783,1.0,1.5,6,6,6,1.0,0.5,0.0,1.0,1.0,0.4444444444444444,0.33333333333333337,473.0,0.0,0.1111111111111111,0.0,0.0,0.018122937944200303,0.0341564655303955,0.6214612370010737,0.020105481147766113,2.7418136596679688e-05,0,af7e0bc7-ae5d-4a1b-942a-64741036e46c,20260816,ecs-strict,adverse-ecs-fanout,1,local-adverse-authority
6,9,6,9,969,1.0,1.5,6,6,6,1.0,0.5,0.0,1.0,1.0,0.4444444444444444,0.33333333333333337,1825.0,0.0,0.1111111111111111,0.0,0.0,0.02340547243754069,0.05037808418273926,0.8497858157243552,0.021858970324198406,4.61737314860026e-05,0,2e15e824-95a1-4a03-a0a8-b8cdea6c1ef4,20260816,ecs-strict,adverse-ecs-fanout,1,local-adverse-authority
6,10,6,10,920,1.0,1.6666666666666667,6,6,6,1.0,0.6666666666666666,0.0,1.0,1.0,0.5,0.4,49.0,0.0,0.1,0.0,0.0,0.021487045288085937,0.043703985214233396,0.7904595715610528,0.018147945404052734,5.125999450683594e-05,0,20d2c108-52eb-4ec2-a019-e9db7606236b,20260816,ecs-strict,adverse-ecs-fanout,1,local-adverse-authority
6,9,6,9,879,1.0,1.5,6,6,6,1.0,0.5,0.0,1.0,1.0,0.4444444444444444,0.33333333333333337,20.0,0.0,0.1111111111111111,0.0,0.0,0.017417510350545246,0.050270891189575194,1.0332150309529544,0.014563798904418945,9.799003601074219e-05,0,7cb1e599-610f-4b16-a96c-7c1ab644e2a7,20260816,ecs-strict,adverse-ecs-fanout,1,local-adverse-authority
6,11,6,11,882,1.0,1.8333333333333333,6,6,6,1.0,0.8333333333333334,0.0,1.0,1.0,0.5454545454545454,0.4545454545454546,305.0,0.0,0.09090909090909091,0.0,0.0,0.01504616303877397,0.036901116371154785,0.7638254040320782,0.01310869057973226,4.601478576660156e-05,0,5de846dc-2028-448d-a41f-1813b1162c85,20260816,ecs-strict,adverse-ecs-fanout,1,local-adverse-authority
6,9,6,9,738,1.0,1.5,6,6,6,1.0,0.5,0.0,1.0,1.0,0.4444444444444444,0.33333333333333337,77.0,0.0,0.1111111111111111,0.0,0.0,0.01192474365234375,0.03089747428894042,0.9151953946227558,0.012882033983866373,2.4080276489257812e-05,0,98f62122-46dc-4d53-803c-524e8a10e46c,20260816,ecs-strict,adverse-ecs-fanout,1,local-adverse-authority
6,12,6,12,1158,1.0,2.0,6,6,6,1.0,1.0,0.0,1.0,1.0,0.5833333333333334,0.5,3134.0,0.0,0.08333333333333333,0.0,0.0,0.016175806522369385,0.03815237283706665,0.773505009441237,0.015429814656575521,0.0002321004867553711,0,b8e4e303-2d90-4914-91b7-81ceaa4816c6,20260816,ecs-strict,adverse-ecs-fanout,1,local-adverse-authority
6,11,6,11,899,1.0,1.8333333333333333,6,6,6,1.0,0.8333333333333334,0.0,1.0,1.0,0.45454545454545453,0.4545454545454546,300.0,0.0,0.09090909090909091,0.0,0.0,0.019222476265647194,0.045392513275146484,0.7861611348790408,0.01698887348175049,3.7622451782226565e-05,0,3f600caa-ccc0-48e0-ac68-5969e9490b11,20260816,ecs-strict,adverse-ecs-fanout,1,local-adverse-authority
6,11,6,11,978,1.0,1.8333333333333333,6,6,6,1.0,0.8333333333333334,0.0,1.0,1.0,0.5454545454545454,0.4545454545454546,77.0,0.0,0.09090909090909091,0.0,0.0,0.019999915903264828,0.050321340560913086,0.8487925552673874,0.018199880917867024,5.1355361938476564e-05,0,5eead57b-95dd-4a9c-bb9c-054499c8c93b,20260816,ecs-strict,adverse-ecs-fanout,1,local-adverse-authority
6,11,6,11,950,1.0,1.8333333333333333,6,6,6,1.0,0.8333333333333334,0.0,1.0,1.0,0.5454545454545454,0.4545454545454546,182.0,0.0,0.09090909090909091,0.0,0.0,0.03814138065684925,0.10475075244903564,1.0729411664912594,0.03560900688171387,6.37054443359375e-05,0,3c8b6c78-278b-4bdf-aabc-bfd8680b25c7,20260816,ecs-strict,adverse-ecs-fanout,1,local-adverse-authority
6,11,6,11,984,1.0,1.8333333333333333,6,6,6,1.0,0.8333333333333334,0.0,1.0,1.0,0.5454545454545454,0.4545454545454546,482.0,0.0,0.09090909090909091,0.0,0.0,0.05310580947182395,0.20449936389923096,1.3465397250453102,0.049381534258524575,4.253387451171875e-05,0,299495e9-f58c-449e-91f7-b2c739d5d37f,20260816,ecs-strict,adverse-ecs-fanout,1,local-adverse-authority
6,10,6,10,1208,1.0,1.6666666666666667,6,6,6,1.0,0.6666666666666666,0.0,1.0,1.0,0.5,0.4,463.0,0.0,0.1,0.0,0.0,0.015718531608581544,0.04088666439056392,1.0038662163597882,0.017634908358256023,4.9591064453125e-05,0,5a890680-ad53-45dd-9696-c84fae913f49,20260816,ecs-strict,adverse-ecs-fanout,1,local-adverse-authority
6,11,6,11,1238,1.0,1.8333333333333333,6,6,6,1.0,0.8333333333333334,0.0,1.0,1.0,0.5454545454545454,0.4545454545454546,3.0,0.0,0.09090909090909091,0.0,0.0,0.020329258658669212,0.0718456506729126,1.2116430876554716,0.018265048662821453,9.9945068359375e-05,0,cf8a3cd9-fd54-4ccd-b117-a95516d621a6,20260816,ecs-strict,adverse-ecs-fanout,1,local-adverse-authority
6,11,6,11,1481,1.0,1.8333333333333333,6,6,6,1.0,0.8333333333333334,0.0,1.0,1.0,0.5454545454545454,0.4545454545454546,192.0,0.0,0.09090909090909091,0.0,0.0,0.03557257218794389,0.0679464340209961,0.6774576251846226,0.032535950342814125,7.915496826171875e-05,0,7379fc8f-114f-4458-a3c2-5e11b889a227,20260816,ecs-strict,adverse-ecs-fanout,1,local-adverse-authority
6,10,6,10,920,1.0,1.6666666666666667,6,6,6,1.0,0.6666666666666666,0.0,1.0,1.0,0.5,0.4,215.0,0.0,0.1,0.0,0.0,0.027800393104553223,0.053425705432891844,0.6664811363662171,0.026221315066019695,5.251169204711914e-05,0,10d597cf-ba1a-43e4-9807-7b38b1a2bd7d,20260816,ecs-strict,adverse-ecs-fanout,1,local-adverse-authority
6,11,6,11,1018,1.0,1.8333333333333333,6,6,6,1.0,0.8333333333333334,0.0,1.0,1.0,0.5454545454545454,0.4545454545454546,21120.0,0.0,0.09090909090909091,0.0,0.0,0.021011504259976475,0.039705872535705566,0.4838083874651788,0.018747607866923015,6.151199340820312e-05,0,cd0b59fd-9460-4c7b-9a53-5079b82276fd,20260816,ecs-strict,adverse-ecs-fanout,1,local-adverse-authority
6,8,6,8,880,1.0,1.3333333333333333,6,6,6,1.0,0.3333333333333333,0.0,1.0,1.0,0.375,0.25,127.0,0.0,0.125,0.0,0.0,0.007225722074508667,0.016010141372680663,0.7255234434112218,0.005529642105102539,4.4226646423339844e-05,0,4627602c-2f4e-4527-803c-c8d9fe3b99eb,20260816,ecs-strict,adverse-ecs-fanout,1,local-adverse-authority
6,10,6,10,1032,1.0,1.6666666666666667,6,6,6,1.0,0.6666666666666666,0.0,1.0,1.0,0.5,0.4,30.0,0.0,0.1,0.0,0.0,0.030976128578186036,0.05341408252716064,0.6644815501395052,0.031006256739298504,3.3915042877197266e-05,0,ef6c02fc-c6b4-45d1-aa02-2675a3f3ed59,20260816,ecs-strict,adverse-ecs-fanout,1,local-adverse-authority
6,10,6,10,872,1.0,1.6666666666666667,6,6,6,1.0,0.6666666666666666,0.0,1.0,1.0,0.5,0.4,60.0,0.0,0.1,0.0,0.0,0.01013038158416748,0.02070019245147705,0.6044511665052882,0.008759419123331705,3.844499588012695e-05,0,097a97cc-4f5b-47fa-a846-7b599b693c7d,20260816,ecs-strict,adverse-ecs-fanout,1,local-adverse-authority
6,11,6,11,978,1.0,1.8333333333333333,6,6,6,1.0,0.8333333333333334,0.0,1.0,1.0,0.5454545454545454,0.4545454545454546,3073.0,0.0,0.09090909090909091,0.0,0.0,0.03301321376453747,0.04909074306488037,0.4985092930081736,0.0299299160639445,5.283355712890625e-05,0,c11d7770-eeff-4ad3-b0c2-eaee22943541,20260816,ecs-strict,adverse-ecs-fanout,1,local-adverse-authority
6,8,6,8,936,1.0,1.3333333333333333,6,6,6,1.0,0.3333333333333333,0.0,1.0,1.0,0.375,0.25,17.0,0.0,0.125,0.0,0.0,0.00542682409286499,0.007726216316223144,0.33571949302750154,0.004038770993550618,5.984306335449219e-05,0,c88d0e8a-b579-47f4-84ce-df6975dc4f8e,20260816,ecs-strict,adverse-ecs-fanout,1,local-adverse-authority
6,9,6,9,873,1.0,1.5,6,6,6,1.0,0.5,0.0,1.0,1.0,0.4444444444444444,0.33333333333333337,20.0,0.0,0.1111111111111111,0.0,0.0,0.011771202087402344,0.022822856903076172,0.6978484917497867,0.009227991104125977,4.8319498697916664e-05,0,2c96d8b6-c0a9-49db-a989-f150a85405a8,20260816,ecs-strict,adverse-ecs-fanout,1,local-adverse-authority
6,9,6,9,969,1.0,1.5,6,6,6,1.0,0.5,0.0,1.0,1.0,0.4444444444444444,0.33333333333333337,20877.0,0.0,0.1111111111111111,0.0,0.0,0.016999244689941406,0.03940005302429199,0.8326803211537511,0.012948115666707357,5.1975250244140625e-05,0,756a2af6-9883-42a4-a4b8-56f56e6944bf,20260816,ecs-strict,adverse-ecs-fanout,1,local-adverse-authority
6,11,6,11,1097,1.0,1.8333333333333333,6,6,6,1.0,0.8333333333333334,0.0,1.0,1.0,0.5454545454545454,0.4545454545454546,60.0,0.0,0.09090909090909091,0.0,0.0,0.02908401055769487,0.07029390335083008,0.7597563760034054,0.026924411455790203,4.229545593261719e-05,0,8d8b64d8-cd3c-4a8e-9b20-a50ae744eff5,20260816,ecs-strict,adverse-ecs-fanout,1,local-adverse-authority
6,11,6,11,1018,1.0,1.8333333333333333,6,6,6,1.0,0.8333333333333334,0.0,1.0,1.0,0.5454545454545454,0.4545454545454546,18958.0,0.0,0.09090909090909091,0.0,0.0,0.014152461832219904,0.03815877437591553,0.8726129060547944,0.01379859447479248,3.681182861328125e-05,0,023f627c-0f15-4c52-8533-6b40f6c53132,20260816,ecs-strict,adverse-ecs-fanout,1,local-adverse-authority
6,10,6,10,840,1.0,1.6666666666666667,6,6,6,1.0,0.6666666666666666,0.0,1.0,1.0,0.5,0.4,2843.0,0.0,0.1,0.0,0.0,0.012567853927612305,0.019701123237609863,0.47268593525275615,0.011570294698079428,3.7670135498046875e-05,0,e826a921-3738-4304-a9df-35b46ddc38c1,20260816,ecs-strict,adverse-ecs-fanout,1,local-adverse-authority
6,10,6,10,1256,1.0,1.6666666666666667,6,6,6,1.0,0.6666666666666666,0.0,1.0,1.0,0.5,0.4,300.0,0.0,0.1,0.0,0.0,0.014535808563232422,0.041379547119140624,0.9597904798473047,0.012334744135538736,5.644559860229492e-05,0,a4655421-2379-430d-ad95-1cbc3e04b24e,20260816,ecs-strict,adverse-ecs-fanout,1,local-adverse-authority
6,10,6,10,1544,1.0,1.6666666666666667,6,6,6,1.0,0.6666666666666666,0.0,1.0,1.0,0.5,0.4,20.0,0.0,0.1,0.0,0.0,0.040227413177490234,0.14631673097610473,1.3400960449665296,0.03662300109863281,7.015466690063477e-05,0,0e71e402-0713-41c6-b402-3000fc029fdd,20260816,ecs-strict,adverse-ecs-fanout,1,local-adverse-authority
6,12,6,12,1182,1.0,2.0,6,6,6,1.0,1.0,0.0,1.0,1.0,0.5833333333333334,0.5,460.0,0.0,0.08333333333333333,0.0,0.0,0.02908279498418172,0.04574011564254761,0.47985043761837337,0.028685371081034344,6.27438227335612e-05,0,576c1457-bb32-4c6c-89d8-d33cec051183,20260816,ecs-strict,adverse-ecs-fanout,1,local-adverse-authority
6,12,6,12,1002,1.0,2.0,6,6,6,1.0,1.0,0.0,1.0,1.0,0.5833333333333334,0.5,292.0,0.0,0.08333333333333333,0.0,0.0,0.021541754404703777,0.05977424383163452,0.8364930767865462,0.020996689796447754,4.291534423828125e-05,0,3254f1f3-58d6-4fc0-bc7f-e10fe0271cf6,20260816,ecs-strict,adverse-ecs-fanout,1,local-adverse-authority
6,11,6,11,1238,1.0,1.8333333333333333,6,6,6,1.0,0.8333333333333334,0.0,1.0,1.0,0.5454545454545454,0.4545454545454546,60.0,0.0,0.09090909090909091,0.0,0.0,0.013125376267866655,0.027247071266174316,0.6369634753411463,0.011669158935546875,5.183219909667969e-05,0,b915bafa-608e-4634-85ca-4d4bab4fe1f2,20260816,ecs-strict,adverse-ecs-fanout,1,local-adverse-authority
6,10,6,10,1160,1.0,1.6666666666666667,6,6,6,1.0,0.6666666666666666,0.0,1.0,1.0,0.5,0.4,84.0,0.0,0.1,0.0,0.0,0.011451315879821778,0.01768108606338501,0.5087702585627687,0.010917027791341146,6.091594696044922e-05,0,69903289-c4ef-4609-968b-66ccce4365b6,20260816,ecs-strict,adverse-ecs-fanout,1,local-adverse-authority
6,11,6,11,1080,1.0,1.8333333333333333,6,6,6,1.0,0.8333333333333334,0.0,1.0,1.0,0.5454545454545454,0.4545454545454546,300.0,0.0,0.09090909090909091,0.0,0.0,0.019163911992853336,0.05546879768371582,0.9431810482505718,0.017379124959309895,4.730224609375e-05,0,31ac7cf3-3253-4653-a12e-54bd6cbcdf33,20260816,ecs-strict,adverse-ecs-fanout,1,local-adverse-authority
6,11,6,11,1289,1.0,1.8333333333333333,6,6,6,1.0,0.8333333333333334,0.0,1.0,1.0,0.5454545454545454,0.4545454545454546,60.0,0.0,0.09090909090909091,0.0,0.0,0.028373133052479137,0.052456021308898926,0.6609315725550383,0.025786956151326496,5.1975250244140625e-05,0,2b727eba-31cf-41ce-93fc-3fe4f080296c,20260816,ecs-strict,adverse-ecs-fanout,1,local-adverse-authority
6,11,6,11,1052,1.0,1.8333333333333333,6,6,6,1.0,0.8333333333333334,0.0,1.0,1.0,0.5454545454545454,0.4545454545454546,20.0,0.0,0.09090909090909091,0.0,0.0,0.012660308317704634,0.03744709491729736,0.9302919792325436,0.01157689094543457,4.296302795410156e-05,0,52d2c48b-6f22-4041-98f7-d59bf2d454f0,20260816,ecs-strict,adverse-ecs-fanout,1,local-adverse-authority
6,11,6,11,1272,1.0,1.8333333333333333,6,6,6,1.0,0.8333333333333334,0.0,1.0,1.0,0.5454545454545454,0.4545454545454546,60.0,0.0,0.09090909090909091,0.0,0.0,0.010560685938054865,0.03438544273376465,1.0680483860980128,0.009446938832600912,4.7826766967773436e-05,0,fde8ca03-5a14-473f-8b73-cfcaf7e0ab6f,20260816,ecs-strict,adverse-ecs-fanout,1,local-adverse-authority
6,10,6,10,1352,1.0,1.6666666666666667,6,6,6,1.0,0.6666666666666666,0.0,1.0,1.0,0.5,0.4,60.0,0.0,0.1,0.0,0.0,0.018058395385742186,0.037510538101196284,0.6122650993577503,0.020218372344970703,4.684925079345703e-05,0,153855f6-09df-4bc0-8ba7-e137bcad18d1,20260816,ecs-strict,adverse-ecs-fanout,1,local-adverse-authority
6,11,6,11,961,1.0,1.8333333333333333,6,6,6,1.0,0.8333333333333334,0.0,1.0,1.0,0.5454545454545454,0.4545454545454546,185.0,0.0,0.09090909090909091,0.0,0.0,0.010237910530783913,0.019676923751831055,0.6371451304302688,0.009181658426920572,4.7254562377929685e-05,0,7e81922b-4230-4fc0-9de0-c378decb991e,20260816,ecs-strict,adverse-ecs-fanout,1,local-adverse-authority
6,8,6,8,936,1.0,1.3333333333333333,6,6,6,1.0,0.3333333333333333,0.0,1.0,1.0,0.375,0.25,273.0,0.0,0.125,0.0,0.0,0.005415737628936768,0.008358931541442871,0.3235275372936892,0.004333972930908203,5.1856040954589844e-05,0,f46e306f-5277-4877-8af2-42d4179c9d9d,20260816,ecs-strict,adverse-ecs-fanout,1,local-adverse-authority
6,10,6,10,1072,1.0,1.6666666666666667,6,6,6,1.0,0.0,0.0,1.0,1.0,0.5,0.4,300.0,0.0,0.1,0.0,0.0,0.008254122734069825,0.018039226531982422,0.627417861536103,0.006707628568013509,4.8279762268066406e-05,0,7ec132bd-afd8-4bb8-ab4b-d27f3dafcc03,20260816,ecs-strict,adverse-conflict,1,local-adverse-authority
6,11,6,11,1001,1.0,1.8333333333333333,6,6,6,1.0,0.8333333333333334,0.0,1.0,1.0,0.5454545454545454,0.4545454545454546,3956.0,0.0,0.09090909090909091,0.0,0.0,0.06531474807045677,0.17782080173492432,0.8870646693355961,0.059852401415506996,4.830360412597656e-05,0,cf6bb4c1-52b3-4aae-959d-7403fa66de26,20260816,ecs-strict,adverse-ecs-fanout,1,local-adverse-authority
6,8,6,8,786,1.0,1.3333333333333333,6,6,6,1.0,0.0,0.0,1.0,1.0,0.375,0.25,300.0,0.0,0.125,0.0,0.0,0.018017977476119995,0.04651398658752441,0.9405850027926351,0.02110731601715088,3.170967102050781e-05,0,77aaf554-1fa5-4c4a-9510-392084dd9396,20260816,ecs-strict,adverse-conflict,1,local-adverse-authority
6,10,6,10,952,1.0,1.6666666666666667,6,6,6,1.0,0.6666666666666666,0.0,1.0,1.0,0.5,0.4,300.0,0.0,0.1,0.0,0.0,0.016053390502929688,0.024540972709655762,0.44459400695725804,0.01413742701212565,5.0902366638183594e-05,0,bc896352-8be0-43eb-92c7-57fca04d648f,20260816,ecs-strict,adverse-ecs-fanout,1,local-adverse-authority
6,11,6,11,1009,1.0,1.8333333333333333,6,6,6,1.0,0.0,0.0,1.0,1.0,0.5454545454545454,0.4545454545454546,300.0,0.0,0.09090909090909091,0.0,0.0,0.024493282491510563,0.05093371868133545,0.6744483068063434,0.024805625279744465,0.0003499507904052734,0,056d2c47-9f77-485a-aa0c-3b68c8b73595,20260816,ecs-strict,adverse-conflict,1,local-adverse-authority
6,11,6,11,975,1.0,1.8333333333333333,6,6,6,1.0,0.0,0.0,1.0,1.0,0.5454545454545454,0.4545454545454546,300.0,0.0,0.09090909090909091,0.0,0.0,0.015823060815984554,0.03284192085266113,0.6097305446616348,0.014174183209737143,8.339881896972657e-05,0,f698f361-7f5a-426b-aea4-d98a2d5c3526,20260816,ecs-strict,adverse-conflict,1,local-adverse-authority
6,10,6,10,1000,1.0,1.6666666666666667,6,6,6,1.0,0.6666666666666666,0.0,1.0,1.0,0.5,0.4,300.0,0.0,0.1,0.0,0.0,0.056482481956481936,0.21132975816726685,1.3796484663277981,0.0478896697362264,5.984306335449219e-05,0,33ce8ae5-7b84-44f4-84d7-f7160a1be9d0,20260816,ecs-strict,adverse-ecs-fanout,1,local-adverse-authority
6,11,6,11,1077,1.0,1.8333333333333333,6,6,6,1.0,0.0,0.0,1.0,1.0,0.5454545454545454,0.4545454545454546,300.0,0.0,0.09090909090909091,0.0,0.0,0.02656823938543146,0.05759131908416748,0.720442180474835,0.022533337275187176,0.0003066062927246094,0,70279db9-5053-43c2-98e0-cbda908d4d36,20260816,ecs-strict,adverse-conflict,1,local-adverse-authority
6,10,6,10,976,1.0,1.6666666666666667,6,6,6,1.0,0.0,0.0,1.0,1.0,0.5,0.4,300.0,0.0,0.1,0.0,0.0,0.022558093070983887,0.055141997337341306,0.8179688316940539,0.017658233642578125,0.00028270483016967773,0,fb5c375f-df95-4897-b12e-c6157979c1b4,20260816,ecs-strict,adverse-conflict,1,local-adverse-authority
6,10,6,10,968,1.0,1.6666666666666667,5,6,6,1.0,0.6666666666666666,0.0,1.0,1.0,0.5,0.4,319.0,0.0,0.1,0.0,0.0,0.017684531211853028,0.024986124038696288,0.26819907962895523,0.014235575993855795,0.00018388032913208008,0,d29f8865-8996-4523-bb48-454bde747a1d,20260816,ecs-strict,adverse-ecs-fanout,1,local-adverse-authority
6,9,6,9,858,1.0,1.5,6,6,6,1.0,0.5,0.0,1.0,1.0,0.4444444444444444,0.33333333333333337,300.0,0.0,0.1111111111111111,0.0,0.0,0.020407252841525607,0.055302000045776366,0.9613232477809852,0.016692320505777996,0.0006242593129475912,0,1bb175fb-13c0-426d-85df-8b7d23a9fb16,20260816,ecs-strict,adverse-ecs-fanout,1,local-adverse-authority
6,10,6,10,1176,1.0,1.6666666666666667,5,6,6,1.0,0.6666666666666666,0.0,1.0,1.0,0.5,0.4,198.0,0.0,0.1,0.0,0.0,0.01737833023071289,0.030764329433441158,0.5152420770221121,0.016217827796936035,0.0002562999725341797,0,9369cc9f-3133-4018-830f-87a6499efb92,20260816,ecs-strict,adverse-ecs-fanout,1,local-adverse-authority
6,10,6,10,1272,1.0,1.6666666666666667,6,6,6,1.0,0.6666666666666666,0.0,1.0,1.0,0.5,0.4,293.0,0.0,0.1,0.0,0.0,0.02364499568939209,0.051872181892395015,0.7154560510190427,0.022276838620503742,0.0005714893341064453,0,afbed827-5971-4af3-891d-86030a241350,20260816,ecs-strict,adverse-ecs-fanout,1,local-adverse-authority
6,9,6,9,858,1.0,1.5,6,6,6,1.0,0.5,0.0,1.0,1.0,0.4444444444444444,0.33333333333333337,51.0,0.0,0.1111111111111111,0.0,0.0,0.021543794208102755,0.04718961715698242,0.6684517827876376,0.017391522725423176,6.747245788574219e-05,0,5aa138f0-e2fe-42d8-ba92-4a9c5e2cae9f,20260816,ecs-strict,adverse-ecs-fanout,1,local-adverse-authority
6,9,6,9,1161,1.0,1.5,5,6,6,1.0,0.5,0.0,1.0,1.0,0.4444444444444444,0.33333333333333337,60.0,0.0,0.1111111111111111,0.0,0.0,0.02632806036207411,0.04479384422302246,0.5804177268466445,0.02306552728017171,0.00010363260904947917,0,f2238a8d-6185-4715-ab5a-8e95d3f3c051,20260816,ecs-strict,adverse-ecs-fanout,1,local-adverse-authority
6,11,6,11,1029,1.0,1.8333333333333333,6,6,6,1.0,0.8333333333333334,0.0,1.0,1.0,0.5454545454545454,0.4545454545454546,97.0,0.0,0.09090909090909091,0.0,0.0,0.02134693752635609,0.03782308101654053,0.5080805354025469,0.020586411158243816,0.0005398750305175781,0,c20acd96-6ff0-45ef-b5c9-30f29db0b628,20260816,ecs-strict,adverse-ecs-fanout,1,local-adverse-authority
6,10,6,10,1016,1.0,1.6666666666666667,5,6,6,1.0,0.6666666666666666,0.0,1.0,1.0,0.5,0.4,59.0,0.0,0.1,0.0,0.0,0.03243014812469482,0.04785653352737427,0.43987896691586675,0.029389699300130207,0.0007120370864868164,0,0a81c329-8a87-49d8-9d85-37e4a044a7f2,20260816,ecs-strict,adverse-ecs-fanout,1,local-adverse-authority
6,11,6,11,1001,1.0,1.8333333333333333,5,6,6,1.0,0.8333333333333334,0.0,1.0,1.0,0.5454545454545454,0.4545454545454546,300.0,0.0,0.09090909090909091,0.0,0.0,0.03656783970919522,0.05361807346343994,0.41495489211873404,0.03191479047139486,0.0007259368896484375,0,5126879b-61ba-4ed0-9cd0-75f547c03d7c,20260816,ecs-strict,adverse-ecs-fanout,1,local-adverse-authority
6,12,6,12,996,1.0,2.0,6,6,6,1.0,1.0,0.0,1.0,1.0,0.5833333333333334,0.5,52.0,0.0,0.08333333333333333,0.0,0.0,0.018245001633961994,0.02986491918563843,0.4896150213382986,0.01658169428507487,0.00013879934946695963,0,55df521a-8663-4205-9513-2b3b00927bab,20260816,ecs-strict,adverse-ecs-fanout,1,local-adverse-authority
6,9,6,9,978,1.0,1.5,6,6,6,1.0,0.5,0.0,1.0,1.0,0.4444444444444444,0.33333333333333337,300.0,0.0,0.1111111111111111,0.0,0.0,0.023101912604437932,0.04522790908813477,0.6060691239054556,0.020319342613220215,0.00018739700317382812,0,8220dd97-38e2-47c8-9fb7-46b8b1364db5,20260816,ecs-strict,adverse-ecs-fanout,1,local-adverse-authority
6,8,6,8,894,1.0,1.3333333333333333,5,6,6,1.0,0.3333333333333333,0.0,1.0,1.0,0.375,0.25,11.0,0.0,0.125,0.0,0.0,0.030197560787200928,0.055329847335815426,0.5834203082420575,0.024622678756713867,0.0009391307830810547,0,a17b6977-3423-45d4-ba2c-74d3293e838c,20260816,ecs-strict,adverse-ecs-fanout,1,local-adverse-authority
6,9,6,9,843,1.0,1.5,4,6,6,1.0,0.5,0.0,1.0,1.0,0.4444444444444444,0.33333333333333337,48.0,0.0,0.1111111111111111,0.0,0.0,0.025858110851711698,0.04592394828796387,0.6665774444210094,0.02142159144083659,0.0005698998769124349,0,f9cf4f1f-25a1-42cd-9616-c3206da96ba1,20260816,ecs-strict,adverse-ecs-fanout,1,local-adverse-authority
6,9,6,9,1116,1.0,1.5,6,6,6,1.0,0.5,0.0,1.0,1.0,0.4444444444444444,0.33333333333333337,8033.0,0.0,0.1111111111111111,0.0,0.0,0.017843246459960938,0.038710832595825195,0.6669223369984801,0.012635310490926107,0.0017843246459960938,0,331d0a92-561e-4987-b7bd-51995a193b69,20260816,ecs-strict,adverse-ecs-fanout,1,local-adverse-authority
6,10,6,10,856,1.0,1.6666666666666667,5,6,6,1.0,0.6666666666666666,0.0,1.0,1.0,0.5,0.4,169.0,0.0,0.1,0.0,0.0,0.015287256240844727,0.026922476291656495,0.5651307143473073,0.01385792096455892,0.00029402971267700195,0,8877881c-9365-42a3-adae-df6bc45fc157,20260816,ecs-strict,adverse-ecs-fanout,1,local-adverse-authority
6,11,6,11,1498,1.0,1.8333333333333333,6,6,6,1.0,0.8333333333333334,0.0,1.0,1.0,0.5454545454545454,0.4545454545454546,300.0,0.0,0.09090909090909091,0.0,0.0,0.020816131071610885,0.05101299285888672,0.7308050922617904,0.019403378168741863,5.469322204589844e-05,0,7691caac-337b-4bcf-8137-86850b91fe5f,20260816,ecs-strict,adverse-ecs-fanout,1,local-adverse-authority
6,11,6,11,1091,1.0,1.8333333333333333,6,6,6,1.0,0.8333333333333334,0.0,1.0,1.0,0.5454545454545454,0.4545454545454546,115.0,0.0,0.09090909090909091,0.0,0.0,0.023010297255082565,0.04315054416656494,0.5743571413614045,0.020737608273824055,5.30242919921875e-05,0,ad57efd0-590a-4394-8985-4361783730b2,20260816,ecs-strict,adverse-ecs-fanout,1,local-adverse-authority
6,10,6,10,888,1.0,1.6666666666666667,6,6,6,1.0,0.6666666666666666,0.0,1.0,1.0,0.5,0.4,1516.0,0.0,0.1,0.0,0.0,0.02688162326812744,0.04853984117507935,0.5774306687706812,0.023133476575215656,3.30805778503418e-05,0,2295239f-0ffc-4e70-9fc3-5f46aab1bff0,20260816,ecs-strict,adverse-ecs-fanout,1,local-adverse-authority
6,12,6,12,1014,1.0,2.0,6,6,6,1.0,1.0,0.0,1.0,1.0,0.5833333333333334,0.5,495.0,0.0,0.08333333333333333,0.0,0.0,0.050548811753590904,0.2020578145980835,1.3547378289153704,0.04979499181111654,0.0002443393071492513,0,8ba640f6-c492-4034-8a1f-3534063dd33a,20260816,ecs-strict,adverse-ecs-fanout,1,local-adverse-authority
6,12,6,12,1146,1.0,2.0,6,6,6,1.0,1.0,0.0,1.0,1.0,0.5833333333333334,0.5,300.0,0.0,0.08333333333333333,0.0,0.0,0.01754508415857951,0.05490220785140991,0.978098278899091,0.01662258307139079,4.017353057861328e-05,0,e1a7a451-32c3-4460-bf1a-8a0e83b33716,20260816,ecs-strict,adverse-ecs-fanout,1,local-adverse-authority
6,11,6,11,995,1.0,1.8333333333333333,5,6,6,1.0,0.8333333333333334,0.0,1.0,1.0,0.5454545454545454,0.4545454545454546,246.0,0.0,0.09090909090909091,0.0,0.0,0.04207127744501287,0.1496124267578125,1.2210754209738004,0.03534026940663656,0.00044007301330566405,0,3eb17341-5506-4f04-a184-ce0c5a498465,20260816,ecs-strict,adverse-ecs-fanout,1,local-adverse-authority
6,11,6,11,916,1.0,1.8333333333333333,6,6,6,1.0,0.8333333333333334,0.0,1.0,1.0,0.5454545454545454,0.4545454545454546,414.0,0.0,0.09090909090909091,0.0,0.0,0.040758241306651725,0.15039706230163574,1.289476536903318,0.03672186533610026,6.06536865234375e-05,0,2efd7d66-2f53-498b-b98f-014f00229f79,20260816,ecs-strict,adverse-ecs-fanout,1,local-adverse-authority
6,10,6,10,984,1.0,1.6666666666666667,6,6,6,1.0,0.6666666666666666,0.0,1.0,1.0,0.5,0.4,300.0,0.0,0.1,0.0,0.0,0.011625194549560547,0.035245883464813235,1.0246566009795752,0.009743889172871908,4.8100948333740234e-05,0,7679c987-dde7-48c7-9fdd-0354375ee769,20260816,ecs-strict,adverse-ecs-fanout,1,local-adverse-authority
6,11,6,11,1018,1.0,1.8333333333333333,6,6,6,1.0,0.8333333333333334,0.0,1.0,1.0,0.5454545454545454,0.4545454545454546,10.0,0.0,0.09090909090909091,0.0,0.0,0.06360747597434303,0.24046528339385986,1.3294499889314582,0.05651470025380453,3.466606140136719e-05,0,43c00f08-01f4-483e-802c-6b32e50c2fee,20260816,ecs-strict,adverse-ecs-fanout,1,local-adverse-authority
6,10,6,10,1160,1.0,1.6666666666666667,6,6,6,1.0,0.6666666666666666,0.0,1.0,1.0,0.5,0.4,2895.0,0.0,0.1,0.0,0.0,0.06700561046600342,0.22798985242843628,1.234040353252304,0.0558478037516276,8.416175842285156e-05,0,ff65ca3b-4a37-4d49-9c8d-03ecea199a29,20260816,ecs-strict,adverse-ecs-fanout,1,local-adverse-authority
6,9,6,9,813,1.0,1.5,6,6,6,1.0,0.5,0.0,1.0,1.0,0.4444444444444444,0.33333333333333337,300.0,0.0,0.1111111111111111,0.0,0.0,0.01775179968939887,0.03876371383666992,0.7827367923688113,0.01674981911977132,5.2928924560546875e-05,0,a7bed84a-d7c8-4ba7-a6aa-3c98d66ff1e4,20260816,ecs-strict,adverse-ecs-fanout,1,local-adverse-authority
