n_client_queries,n_client_responses,n_upstream_queries,n_upstream_responses,total_wire_bytes,upstream_client_ratio,response_multiplicity,max_active_upstream,distinct_client_ecs,distinct_upstream_ecs,ecs_fanout,missing_ecs_rate,ecs_mismatch_rate,txid_entropy,sport_entropy,answer_uniqueness,answer_disagreement,ttl_mean,ttl_cv,rcode_diversity,servfail_rate,state_reuse_rate,client_latency_mean,client_latency_p95,client_latency_cv,upstream_latency_mean,response_race_gap_mean,n_timeouts,episode_id,seed,policy,condition,label,resolver_used
1,1,1,1,100,1.0,1.0,1,0,0,0.0,0.0,0.0,-0.0,-0.0,1.0,0.0,266.0,0.0,1.0,0.0,0.0,0.0028715133666992188,0.0028715133666992188,0.0,0.0028154850006103516,0.0,0,be10639d-ed39-4756-998d-5c0884bf29b5,20260815,aggregate,benign-plain,0,quad9
1,1,1,1,96,1.0,1.0,1,0,0,0.0,0.0,0.0,-0.0,-0.0,1.0,0.0,159.0,0.0,1.0,0.0,0.0,0.0070188045501708984,0.0070188045501708984,0.0,0.006839752197265625,0.0,0,6b2adae6-2f15-4050-acdc-a0694b896189,20260815,aggregate,benign-plain,0,quad9
1,1,1,1,196,1.0,1.0,1,0,0,0.0,0.0,0.0,-0.0,-0.0,1.0,0.0,7.0,0.0,1.0,0.0,0.0,0.0034432411193847656,0.0034432411193847656,0.0,0.00301361083984375,0.0,0,ad7057d0-0323-411d-9800-581f241d293a,20260815,aggregate,benign-plain,0,google
1,1,1,1,124,1.0,1.0,1,0,0,0.0,0.0,0.0,-0.0,-0.0,1.0,0.0,756.0,0.0,1.0,0.0,0.0,0.003088235855102539,0.003088235855102539,0.0,0.0024557113647460938,0.0,0,8264d9fd-1c83-4bd2-839e-16283768e216,20260815,aggregate,benign-plain,0,quad9
1,1,1,1,190,1.0,1.0,1,0,0,0.0,0.0,0.0,-0.0,-0.0,1.0,0.0,300.0,0.0,1.0,0.0,0.0,0.005064964294433594,0.005064964294433594,0.0,0.004993915557861328,0.0,0,cb288b60-7d5f-4d9e-9f8a-e1b54818b266,20260815,aggregate,benign-plain,0,google
1,1,1,1,102,1.0,1.0,1,0,0,0.0,0.0,0.0,-0.0,-0.0,1.0,0.0,32.0,0.0,1.0,0.0,0.0,0.0028076171875,0.0028076171875,0.0,0.002577066421508789,0.0,0,f83034c7-5b09-46f2-b2cf-3d1df4347fa6,20260815,aggregate,benign-plain,0,google
1,1,1,1,92,1.0,1.0,1,0,0,0.0,0.0,0.0,-0.0,-0.0,1.0,0.0,228.0,0.0,1.0,0.0,0.0,0.00830841064453125,0.00830841064453125,0.0,0.008270025253295898,0.0,0,a7a36d49-1ac7-471d-a2aa-2f9495c238db,20260815,aggregate,benign-plain,0,cloudflare
1,1,1,1,98,1.0,1.0,1,0,0,0.0,0.0,0.0,-0.0,-0.0,1.0,0.0,1133.0,0.0,1.0,0.0,0.0,0.003530740737915039,0.003530740737915039,0.0,0.0032501220703125,0.0,0,5771b33b-ea96-47d3-b4c4-e7463f423b8b,20260815,aggregate,benign-plain,0,quad9
1,1,1,1,112,1.0,1.0,1,0,0,0.0,0.0,0.0,-0.0,-0.0,1.0,0.0,20.0,0.0,1.0,0.0,0.0,0.014958620071411133,0.014958620071411133,0.0,0.014598608016967773,0.0,0,bc7c7df9-8f65-4e88-b075-cda80673d35d,20260815,aggregate,benign-plain,0,cloudflare
1,1,1,1,106,1.0,1.0,1,0,0,0.0,0.0,0.0,-0.0,-0.0,1.0,0.0,58.0,0.0,1.0,0.0,0.0,0.0023834705352783203,0.0023834705352783203,0.0,0.001657247543334961,0.0,0,b2679843-164b-4eef-8e62-ab579179b3bf,20260815,aggregate,benign-plain,0,quad9
1,1,1,1,120,1.0,1.0,1,0,0,0.0,0.0,0.0,-0.0,-0.0,1.0,0.0,31.0,0.0,1.0,0.0,0.0,0.009396791458129883,0.009396791458129883,0.0,0.007581472396850586,0.0,0,e7415199-017b-4f5d-b621-572ec8c658ad,20260815,aggregate,benign-plain,0,cloudflare
1,1,1,1,146,1.0,1.0,1,0,0,0.0,0.0,0.0,-0.0,-0.0,1.0,0.0,60.0,0.0,1.0,0.0,0.0,0.020040035247802734,0.020040035247802734,0.0,0.020006418228149414,0.0,0,f8a56218-1c77-465f-9948-c7c47987134b,20260815,aggregate,benign-plain,0,google
1,1,1,1,110,1.0,1.0,1,0,0,0.0,0.0,0.0,-0.0,-0.0,1.0,0.0,300.0,0.0,1.0,0.0,0.0,0.02570962905883789,0.02570962905883789,0.0,0.025281667709350586,0.0,0,3aa6aa39-05a2-4b21-8ce7-0c3f77a0bd44,20260815,aggregate,benign-plain,0,google
1,1,1,1,98,1.0,1.0,1,0,0,0.0,0.0,0.0,-0.0,-0.0,1.0,0.0,700.0,0.0,1.0,0.0,0.0,0.013448715209960938,0.013448715209960938,0.0,0.012743949890136719,0.0,0,e9dcfd26-5efa-4b32-8512-0808b9bfd8ed,20260815,aggregate,benign-plain,0,cloudflare
1,1,1,1,104,1.0,1.0,1,0,0,0.0,0.0,0.0,-0.0,-0.0,1.0,0.0,300.0,0.0,1.0,0.0,0.0,0.020635604858398438,0.020635604858398438,0.0,0.020411252975463867,0.0,0,7b334b8f-50bf-4401-b950-a585d9cef37f,20260815,aggregate,benign-plain,0,google
1,1,1,1,104,1.0,1.0,1,0,0,0.0,0.0,0.0,-0.0,-0.0,1.0,0.0,10.0,0.0,1.0,0.0,0.0,0.004858970642089844,0.004858970642089844,0.0,0.004766941070556641,0.0,0,21a9e2c5-7ba2-4c47-8b70-75192a724b85,20260815,aggregate,benign-plain,0,google
1,1,1,1,88,1.0,1.0,1,0,0,0.0,0.0,0.0,-0.0,-0.0,1.0,0.0,15.0,0.0,1.0,0.0,0.0,0.023872852325439453,0.023872852325439453,0.0,0.022935152053833008,0.0,0,c890e75c-9609-4f7e-9fbf-8eaabaf1779a,20260815,aggregate,benign-plain,0,cloudflare
1,1,1,1,188,1.0,1.0,1,0,0,0.0,0.0,0.0,-0.0,-0.0,1.0,0.0,300.0,0.0,1.0,0.0,0.0,0.018159866333007812,0.018159866333007812,0.0,0.011522054672241211,0.0,0,e5ef9b22-b784-4d05-afd3-702b4a63c9df,20260815,aggregate,benign-plain,0,quad9
1,1,1,1,135,1.0,1.0,1,0,0,0.0,0.0,0.0,-0.0,-0.0,1.0,0.0,4389.5,0.95899305160041,1.0,0.0,0.0,0.02644062042236328,0.02644062042236328,0.0,0.02638554573059082,0.0,0,37d3fb67-752e-41d9-95ef-6543502a7468,20260815,aggregate,benign-plain,0,quad9
1,1,1,1,124,1.0,1.0,1,0,0,0.0,0.0,0.0,-0.0,-0.0,1.0,0.0,38.0,0.0,1.0,0.0,0.0,0.003452777862548828,0.003452777862548828,0.0,0.003377199172973633,0.0,0,6d75380c-232f-4f24-8a38-f8a91b24d780,20260815,aggregate,benign-plain,0,opendns
1,1,1,1,140,1.0,1.0,1,0,0,0.0,0.0,0.0,-0.0,-0.0,1.0,0.0,21.0,0.0,1.0,0.0,0.0,0.0052623748779296875,0.0052623748779296875,0.0,0.00429987907409668,0.0,0,9a325571-bd15-4223-8e63-dce70fcfed09,20260815,aggregate,benign-plain,0,google
1,1,1,1,110,1.0,1.0,1,0,0,0.0,0.0,0.0,-0.0,-0.0,1.0,0.0,460.0,0.0,1.0,0.0,0.0,0.001539468765258789,0.001539468765258789,0.0,0.0014603137969970703,0.0,0,9106bd01-e8b8-4458-b695-b0a51cbb807f,20260815,aggregate,benign-plain,0,opendns
1,1,1,1,186,1.0,1.0,1,0,0,0.0,0.0,0.0,-0.0,-0.0,1.0,0.0,300.0,0.0,1.0,0.0,0.0,0.006811380386352539,0.006811380386352539,0.0,0.003346681594848633,0.0,0,6938a314-e534-46b1-b104-3896f5c5fff3,20260815,aggregate,benign-plain,0,quad9
1,1,1,1,104,1.0,1.0,1,0,0,0.0,0.0,0.0,-0.0,-0.0,1.0,0.0,20946.0,0.0,1.0,0.0,0.0,0.0040051937103271484,0.0040051937103271484,0.0,0.003963470458984375,0.0,0,73d3c103-e381-4a94-85fc-f5dc655a3cf7,20260815,aggregate,benign-plain,0,opendns
1,1,1,1,118,1.0,1.0,1,0,0,0.0,0.0,0.0,-0.0,-0.0,1.0,0.0,600.0,0.0,1.0,0.0,0.0,0.030088186264038086,0.030088186264038086,0.0,0.030014991760253906,0.0,0,77487319-070b-4ded-907b-022dc6f7f243,20260815,aggregate,benign-plain,0,cloudflare
1,1,1,1,92,1.0,1.0,1,0,0,0.0,0.0,0.0,-0.0,-0.0,1.0,0.0,300.0,0.0,1.0,0.0,0.0,0.005172014236450195,0.005172014236450195,0.0,0.004548549652099609,0.0,0,efec3512-94ad-437b-8a5f-e046e9e07196,20260815,aggregate,benign-plain,0,google
1,1,1,1,118,1.0,1.0,1,0,0,0.0,0.0,0.0,-0.0,-0.0,1.0,0.0,65.0,0.0,1.0,0.0,0.0,0.003763437271118164,0.003763437271118164,0.0,0.0025577545166015625,0.0,0,2a87ff48-05e9-47c1-9510-3b9de7a2b2de,20260815,aggregate,benign-plain,0,google
1,1,1,1,136,1.0,1.0,1,0,0,0.0,0.0,0.0,-0.0,-0.0,1.0,0.0,248.0,0.0,1.0,0.0,0.0,0.0030946731567382812,0.0030946731567382812,0.0,0.003050565719604492,0.0,0,70092c0e-c980-4f54-a271-aa2d2e387425,20260815,aggregate,benign-plain,0,quad9
1,1,1,1,104,1.0,1.0,1,0,0,0.0,0.0,0.0,-0.0,-0.0,1.0,0.0,20169.0,0.0,1.0,0.0,0.0,0.00598454475402832,0.00598454475402832,0.0,0.004706859588623047,0.0,0,e690e435-0ecc-438f-8491-522fd123f576,20260815,aggregate,benign-plain,0,opendns
1,1,1,1,110,1.0,1.0,1,0,0,0.0,0.0,0.0,-0.0,-0.0,1.0,0.0,8.0,0.0,1.0,0.0,0.0,0.0026335716247558594,0.0026335716247558594,0.0,0.002231597900390625,0.0,0,e74e970d-cb67-409d-93f8-a355d8ec02f5,20260815,aggregate,benign-plain,0,quad9
1,1,1,1,92,1.0,1.0,1,0,0,0.0,0.0,0.0,-0.0,-0.0,1.0,0.0,2368.0,0.0,1.0,0.0,0.0,0.003278970718383789,0.003278970718383789,0.0,0.002743244171142578,0.0,0,7a3ce62c-8134-455e-a372-554acf7da75b,20260815,aggregate,benign-plain,0,google
1,1,1,1,146,1.0,1.0,1,0,0,0.0,0.0,0.0,-0.0,-0.0,1.0,0.0,19001.0,0.0,1.0,0.0,0.0,0.0033707618713378906,0.0033707618713378906,0.0,0.0019061565399169922,0.0,0,ace80abe-4971-4e4d-a3c5-cd6cf73b0ecd,20260815,aggregate,benign-plain,0,opendns
1,1,1,1,133,1.0,1.0,1,0,0,0.0,0.0,0.0,-0.0,-0.0,1.0,0.0,10485.5,0.9992370416289161,1.0,0.0,0.0,0.0037887096405029297,0.0037887096405029297,0.0,0.0029222965240478516,0.0,0,a5d30512-78c8-40ef-b9ae-35fc8c862c53,20260815,aggregate,benign-plain,0,quad9
1,1,1,1,142,1.0,1.0,1,0,0,0.0,0.0,0.0,-0.0,-0.0,1.0,0.0,290.0,0.0,1.0,0.0,0.0,0.003407001495361328,0.003407001495361328,0.0,0.0033583641052246094,0.0,0,21d72103-de39-44bb-aa5e-6aac5eec2129,20260815,aggregate,benign-plain,0,google
1,1,1,1,92,1.0,1.0,1,0,0,0.0,0.0,0.0,-0.0,-0.0,1.0,0.0,81.0,0.0,1.0,0.0,0.0,0.0028510093688964844,0.0028510093688964844,0.0,0.001947641372680664,0.0,0,ae4337f3-befc-47b2-98d2-1a5c22d4e782,20260815,aggregate,benign-plain,0,quad9
1,1,1,1,150,1.0,1.0,1,0,0,0.0,0.0,0.0,-0.0,-0.0,1.0,0.0,60.0,0.0,1.0,0.0,0.0,0.015123367309570312,0.015123367309570312,0.0,0.014478683471679688,0.0,0,2139d7f7-55b2-4fde-aec7-2a3b3c35e487,20260815,aggregate,benign-plain,0,cloudflare
1,1,1,1,164,1.0,1.0,1,0,0,0.0,0.0,0.0,-0.0,-0.0,1.0,0.0,5.0,0.0,1.0,0.0,0.0,0.001920938491821289,0.001920938491821289,0.0,0.0018155574798583984,0.0,0,5f2792cf-e617-44b5-bdb1-ee07a30cb749,20260815,aggregate,benign-plain,0,quad9
1,1,1,1,114,1.0,1.0,1,0,0,0.0,0.0,0.0,-0.0,-0.0,1.0,0.0,300.0,0.0,1.0,0.0,0.0,0.0391545295715332,0.0391545295715332,0.0,0.03911590576171875,0.0,0,53a4dfe3-b6be-4824-8f68-082ccb664f0c,20260815,aggregate,benign-plain,0,quad9
1,1,1,1,104,1.0,1.0,1,0,0,0.0,0.0,0.0,-0.0,-0.0,1.0,0.0,256.0,0.0,1.0,0.0,0.0,0.002035856246948242,0.002035856246948242,0.0,0.0015869140625,0.0,0,b2d19a9b-6b1e-49ef-9fe6-5cf80b2b3e50,20260815,aggregate,benign-plain,0,quad9
1,1,1,1,100,1.0,1.0,1,0,0,0.0,0.0,0.0,-0.0,-0.0,1.0,0.0,60.0,0.0,1.0,0.0,0.0,0.014333009719848633,0.014333009719848633,0.0,0.014248847961425781,0.0,0,b0b09b38-a450-4979-a239-d0b5e5cfd38b,20260815,aggregate,benign-plain,0,cloudflare
1,1,1,1,88,1.0,1.0,1,0,0,0.0,0.0,0.0,-0.0,-0.0,1.0,0.0,963.0,0.0,1.0,0.0,0.0,0.0032279491424560547,0.0032279491424560547,0.0,0.003150463104248047,0.0,0,cb51b09c-2a18-4948-a9a2-9755924bb3d7,20260815,aggregate,benign-plain,0,google
1,1,1,1,128,1.0,1.0,1,0,0,0.0,0.0,0.0,-0.0,-0.0,1.0,0.0,300.0,0.0,1.0,0.0,0.0,0.03236675262451172,0.03236675262451172,0.0,0.032221078872680664,0.0,0,688ffc54-a68a-43a6-bb6f-788f18cc7e69,20260815,aggregate,benign-plain,0,google
1,1,1,1,94,1.0,1.0,1,0,0,0.0,0.0,0.0,-0.0,-0.0,1.0,0.0,20.0,0.0,1.0,0.0,0.0,0.0039064884185791016,0.0039064884185791016,0.0,0.0017118453979492188,0.0,0,32aca31c-ca75-4535-a4b6-955006cd089d,20260815,aggregate,benign-plain,0,cloudflare
1,1,1,1,156,1.0,1.0,1,0,0,0.0,0.0,0.0,-0.0,-0.0,1.0,0.0,68.0,0.0,1.0,0.0,0.0,0.0030159950256347656,0.0030159950256347656,0.0,0.0021181106567382812,0.0,0,9edd8edf-62ed-4902-9a8b-781238469b35,20260815,aggregate,benign-plain,0,opendns
1,1,1,1,114,1.0,1.0,1,0,0,0.0,0.0,0.0,-0.0,-0.0,1.0,0.0,300.0,0.0,1.0,0.0,0.0,0.020004749298095703,0.020004749298095703,0.0,0.015766620635986328,0.0,0,3717fbfa-6f43-411d-aedb-b1026bcbae98,20260815,aggregate,benign-plain,0,cloudflare
1,1,1,1,160,1.0,1.0,1,0,0,0.0,0.0,0.0,-0.0,-0.0,1.0,0.0,7676.0,0.0,1.0,0.0,0.0,0.002687692642211914,0.002687692642211914,0.0,0.0026192665100097656,0.0,0,db1f6896-455f-48ab-8089-a1f3d22ac7d1,20260815,aggregate,benign-plain,0,quad9
1,1,1,1,140,1.0,1.0,1,0,0,0.0,0.0,0.0,-0.0,-0.0,1.0,0.0,7.0,0.0,1.0,0.0,0.0,0.006456613540649414,0.006456613540649414,0.0,0.00631403923034668,0.0,0,b2eeecd6-292a-42d4-86a0-f7fac165b095,20260815,aggregate,benign-plain,0,cloudflare
1,1,1,1,142,1.0,1.0,1,0,0,0.0,0.0,0.0,-0.0,-0.0,1.0,0.0,21562.0,0.0,1.0,0.0,0.0,0.0020461082458496094,0.0020461082458496094,0.0,0.0019991397857666016,0.0,0,16e3e904-8166-4df2-95d4-aea0a1cf5efa,20260815,aggregate,benign-plain,0,opendns
1,1,1,1,92,1.0,1.0,1,0,0,0.0,0.0,0.0,-0.0,-0.0,1.0,0.0,60.0,0.0,1.0,0.0,0.0,0.0019054412841796875,0.0019054412841796875,0.0,0.0017619132995605469,0.0,0,2970d6d1-b8cd-42d4-9312-a0b9dfc8d32a,20260815,aggregate,benign-plain,0,opendns
1,1,1,1,110,1.0,1.0,1,0,0,0.0,0.0,0.0,-0.0,-0.0,1.0,0.0,233.0,0.0,1.0,0.0,0.0,0.002347230911254883,0.002347230911254883,0.0,0.0022859573364257812,0.0,0,a910a7da-200d-4ec3-8f04-a7ebec39104c,20260815,aggregate,benign-plain,0,google
1,1,1,1,184,1.0,1.0,1,0,0,0.0,0.0,0.0,-0.0,-0.0,1.0,0.0,300.0,0.0,1.0,0.0,0.0,0.004092216491699219,0.004092216491699219,0.0,0.003222942352294922,0.0,0,3e0cdb0d-4c91-41fc-b9f1-5c2a1e28d18a,20260815,aggregate,benign-plain,0,cloudflare
1,1,1,1,108,1.0,1.0,1,0,0,0.0,0.0,0.0,-0.0,-0.0,1.0,0.0,291.0,0.0,1.0,0.0,0.0,0.003117799758911133,0.003117799758911133,0.0,0.0024878978729248047,0.0,0,ca82e09e-ffd7-4b46-ad16-58fd3149c323,20260815,aggregate,benign-plain,0,google
1,1,1,1,110,1.0,1.0,1,0,0,0.0,0.0,0.0,-0.0,-0.0,1.0,0.0,300.0,0.0,1.0,0.0,0.0,0.013851642608642578,0.013851642608642578,0.0,0.013220787048339844,0.0,0,b470dcb6-d036-49b1-81ec-b08bfd48aeff,20260815,aggregate,benign-plain,0,google
1,1,1,1,140,1.0,1.0,1,0,0,0.0,0.0,0.0,-0.0,-0.0,1.0,0.0,60.0,0.0,1.0,0.0,0.0,0.00164794921875,0.00164794921875,0.0,0.0016040802001953125,0.0,0,4e8afb1f-9864-4100-9ae4-e725cab09da7,20260815,aggregate,benign-plain,0,opendns
1,1,1,1,140,1.0,1.0,1,0,0,0.0,0.0,0.0,-0.0,-0.0,1.0,0.0,300.0,0.0,1.0,0.0,0.0,0.013502836227416992,0.013502836227416992,0.0,0.012990236282348633,0.0,0,aa2eac8c-0d4a-4ac1-a3d7-8c035362fb3f,20260815,aggregate,benign-plain,0,quad9
1,1,1,1,152,1.0,1.0,1,0,0,0.0,0.0,0.0,-0.0,-0.0,1.0,0.0,288.0,0.0,1.0,0.0,0.0,0.002125978469848633,0.002125978469848633,0.0,0.0017969608306884766,0.0,0,2a5b3151-405d-4604-a80b-4434d47dc9c7,20260815,aggregate,benign-plain,0,google
1,1,1,1,102,1.0,1.0,1,0,0,0.0,0.0,0.0,-0.0,-0.0,1.0,0.0,681.0,0.0,1.0,0.0,0.0,0.0031244754791259766,0.0031244754791259766,0.0,0.002733469009399414,0.0,0,d01ad702-d3d2-4680-88ec-fc6b076d2a88,20260815,aggregate,benign-plain,0,cloudflare
1,1,1,1,120,1.0,1.0,1,0,0,0.0,0.0,0.0,-0.0,-0.0,1.0,0.0,300.0,0.0,1.0,0.0,0.0,0.017095327377319336,0.017095327377319336,0.0,0.016098976135253906,0.0,0,9c30bb2e-edc9-460d-b783-e63f170645b9,20260815,aggregate,benign-plain,0,cloudflare
1,1,1,1,154,1.0,1.0,1,0,0,0.0,0.0,0.0,-0.0,-0.0,1.0,0.0,60.0,0.0,1.0,0.0,0.0,0.015982627868652344,0.015982627868652344,0.0,0.015929222106933594,0.0,0,e0e1f7a1-085a-4174-b013-d0adc9086d64,20260815,aggregate,benign-plain,0,cloudflare
1,1,1,1,146,1.0,1.0,1,0,0,0.0,0.0,0.0,-0.0,-0.0,1.0,0.0,300.0,0.0,1.0,0.0,0.0,0.015674591064453125,0.015674591064453125,0.0,0.015539884567260742,0.0,0,f5a71502-d5ca-47f3-99e9-508c6401a47d,20260815,aggregate,benign-plain,0,opendns
1,1,1,1,104,1.0,1.0,1,0,0,0.0,0.0,0.0,-0.0,-0.0,1.0,0.0,300.0,0.0,1.0,0.0,0.0,0.017943382263183594,0.017943382263183594,0.0,0.015044450759887695,0.0,0,6c43d7bc-febe-4cc3-bef1-5563e1ef40c2,20260815,aggregate,benign-plain,0,google
1,1,1,1,108,1.0,1.0,1,0,0,0.0,0.0,0.0,-0.0,-0.0,1.0,0.0,300.0,0.0,1.0,0.0,0.0,0.01408696174621582,0.01408696174621582,0.0,0.013787984848022461,0.0,0,0ce69fcf-2a05-484e-bc40-5a809d9f36a8,20260815,aggregate,benign-plain,0,cloudflare
1,1,1,1,118,1.0,1.0,1,0,0,0.0,0.0,0.0,-0.0,-0.0,1.0,0.0,600.0,0.0,1.0,0.0,0.0,0.21514654159545898,0.21514654159545898,0.0,0.21506762504577637,0.0,0,49270152-76c3-4bcd-b44c-7e4cc5c51b17,20260815,aggregate,benign-plain,0,opendns
1,1,1,1,146,1.0,1.0,1,0,0,0.0,0.0,0.0,-0.0,-0.0,1.0,0.0,21.0,0.0,1.0,0.0,0.0,0.0015873908996582031,0.0015873908996582031,0.0,0.0014736652374267578,0.0,0,c3d10739-3807-47d1-97f1-8fd9042c077b,20260815,aggregate,benign-plain,0,opendns
1,1,1,1,110,1.0,1.0,1,0,0,0.0,0.0,0.0,-0.0,-0.0,1.0,0.0,39.0,0.0,1.0,0.0,0.0,0.001726388931274414,0.001726388931274414,0.0,0.0016472339630126953,0.0,0,793dfe6a-8274-4cb9-bd70-4a9259a0bf54,20260815,aggregate,benign-plain,0,cloudflare
1,1,1,1,96,1.0,1.0,1,0,0,0.0,0.0,0.0,-0.0,-0.0,1.0,0.0,141.0,0.0,1.0,0.0,0.0,0.0021462440490722656,0.0021462440490722656,0.0,0.0020682811737060547,0.0,0,c4123f4d-525f-43a4-93ec-71de23570f26,20260815,aggregate,benign-plain,0,quad9
1,1,1,1,124,1.0,1.0,1,0,0,0.0,0.0,0.0,-0.0,-0.0,1.0,0.0,600.0,0.0,1.0,0.0,0.0,0.0433039665222168,0.0433039665222168,0.0,0.04323410987854004,0.0,0,9e55b8fc-50c8-4a70-844e-3df6e08c9e23,20260815,aggregate,benign-plain,0,cloudflare
1,1,1,1,126,1.0,1.0,1,0,0,0.0,0.0,0.0,-0.0,-0.0,1.0,0.0,300.0,0.0,1.0,0.0,0.0,0.13877248764038086,0.13877248764038086,0.0,0.13866496086120605,0.0,0,1aef3f18-47f3-4402-8c85-58c1eadb942d,20260815,aggregate,benign-plain,0,google
1,1,1,1,102,1.0,1.0,1,0,0,0.0,0.0,0.0,-0.0,-0.0,1.0,0.0,20.0,0.0,1.0,0.0,0.0,0.020451068878173828,0.020451068878173828,0.0,0.02031540870666504,0.0,0,d37ce5dd-b879-4d11-a524-fd2337d6abcd,20260815,aggregate,benign-plain,0,opendns
1,1,1,1,88,1.0,1.0,1,0,0,0.0,0.0,0.0,-0.0,-0.0,1.0,0.0,3327.0,0.0,1.0,0.0,0.0,0.0022902488708496094,0.0022902488708496094,0.0,0.0021822452545166016,0.0,0,d9be959e-c69a-4717-81de-95837c6c2e32,20260815,aggregate,benign-plain,0,google
1,1,1,1,146,1.0,1.0,1,0,0,0.0,0.0,0.0,-0.0,-0.0,1.0,0.0,7.0,0.0,1.0,0.0,0.0,0.0018372535705566406,0.0018372535705566406,0.0,0.0016655921936035156,0.0,0,06fe6b7b-63a4-4492-8d58-c136febe73f6,20260815,aggregate,benign-plain,0,quad9
1,1,1,1,146,1.0,1.0,1,0,0,0.0,0.0,0.0,-0.0,-0.0,1.0,0.0,143.0,0.0,1.0,0.0,0.0,0.0018734931945800781,0.0018734931945800781,0.0,0.001795053482055664,0.0,0,9bc58e65-27cc-473e-a5c9-793b57a927ca,20260815,aggregate,benign-plain,0,cloudflare
1,1,1,1,114,1.0,1.0,1,0,0,0.0,0.0,0.0,-0.0,-0.0,1.0,0.0,53.0,0.0,1.0,0.0,0.0,0.0014960765838623047,0.0014960765838623047,0.0,0.0014286041259765625,0.0,0,5d0a3fe5-3ba5-4b69-8664-38289289b9bb,20260815,aggregate,benign-plain,0,quad9
1,1,1,1,88,1.0,1.0,1,0,0,0.0,0.0,0.0,-0.0,-0.0,1.0,0.0,867.0,0.0,1.0,0.0,0.0,0.0017969608306884766,0.0017969608306884766,0.0,0.0017228126525878906,0.0,0,98685db2-2458-4214-88e4-0cbc0cd7505b,20260815,aggregate,benign-plain,0,google
1,1,1,1,124,1.0,1.0,1,0,0,0.0,0.0,0.0,-0.0,-0.0,1.0,0.0,256.0,0.0,1.0,0.0,0.0,0.0017886161804199219,0.0017886161804199219,0.0,0.00171661376953125,0.0,0,b8051c0a-1152-49b7-a1db-8e16c601f62b,20260815,aggregate,benign-plain,0,cloudflare
1,1,1,1,108,1.0,1.0,1,0,0,0.0,0.0,0.0,-0.0,-0.0,1.0,0.0,60.0,0.0,1.0,0.0,0.0,0.23237133026123047,0.23237133026123047,0.0,0.23231148719787598,0.0,0,79154a9c-6c13-46ee-821b-f84daf72e95d,20260815,aggregate,benign-plain,0,opendns
1,1,1,1,156,1.0,1.0,1,0,0,0.0,0.0,0.0,-0.0,-0.0,1.0,0.0,1421.0,0.0,1.0,0.0,0.0,0.0029189586639404297,0.0029189586639404297,0.0,0.002694845199584961,0.0,0,5e045f86-c8d9-4ec7-a140-e18b61795393,20260815,aggregate,benign-plain,0,quad9
3,3,1,3,244,0.3333333333333333,1.0,1,1,1,1.0,0.0,0.0,-0.0,-0.0,0.3333333333333333,0.0,51.0,0.0,0.3333333333333333,0.0,0.6666666666666666,0.0021982192993164062,0.0023662567138671873,0.06819754458209397,0.0022428035736083984,0.0,0,02cc4045-4aca-4659-85f8-8ce679d7b023,20260815,aggregate,benign-ecs-stable,0,cloudflare
3,3,1,3,508,0.3333333333333333,1.0,1,1,1,1.0,0.0,0.0,-0.0,-0.0,0.3333333333333333,0.0,284.0,0.0,0.3333333333333333,0.0,0.6666666666666666,0.002044518788655599,0.002287769317626953,0.10094222256429927,0.0019123554229736328,0.0,0,34d56956-706f-4fa5-8794-9fa4bb4207e0,20260815,aggregate,benign-ecs-stable,0,quad9
3,3,1,3,554,0.3333333333333333,1.0,1,1,1,1.0,0.0,0.0,-0.0,-0.0,0.3333333333333333,0.0,127.33333333333333,0.8844604133909744,0.3333333333333333,0.0,0.6666666666666666,0.001848777135213216,0.0019855737686157227,0.0694507056259367,0.0018153190612792969,0.0,0,d683d871-79d1-4bb7-973d-7e51974f18de,20260815,aggregate,benign-ecs-stable,0,google
3,3,1,3,256,0.3333333333333333,1.0,1,1,1,1.0,0.0,0.0,-0.0,-0.0,0.3333333333333333,0.0,300.0,0.0,0.3333333333333333,0.0,0.6666666666666666,0.00320283571879069,0.0034038066864013673,0.05522203144317252,0.003316640853881836,0.0,0,6d9dce42-b140-4e22-b955-5b5c5c7bddef,20260815,aggregate,benign-ecs-stable,0,quad9
3,3,1,3,256,0.3333333333333333,1.0,1,1,1,1.0,0.0,0.0,-0.0,-0.0,0.3333333333333333,0.0,60.0,0.0,0.3333333333333333,0.0,0.6666666666666666,0.018027702967325848,0.01828656196594238,0.012038636207604148,0.018023014068603516,0.0,0,0659943f-60bd-4018-985f-68872cf4f259,20260815,aggregate,benign-ecs-stable,0,opendns
3,3,1,3,348,0.3333333333333333,1.0,1,1,1,1.0,0.0,0.0,-0.0,-0.0,0.3333333333333333,0.0,60.0,0.0,0.3333333333333333,0.0,0.6666666666666666,0.033493359883626304,0.03369855880737305,0.005612881345749966,0.033447265625,0.0,0,20db6f57-bee6-42c9-970c-333b8d917723,20260815,aggregate,benign-ecs-stable,0,cloudflare
3,3,1,3,440,0.3333333333333333,1.0,1,1,1,1.0,0.0,0.0,-0.0,-0.0,0.3333333333333333,0.0,9.0,0.0,0.3333333333333333,0.0,0.6666666666666666,0.0019177595774332683,0.0021122217178344725,0.0872140084096296,0.0018286705017089844,0.0,0,0cc485e4-2bfd-49e7-965d-b4851a407847,20260815,aggregate,benign-ecs-stable,0,google
3,3,1,3,361,0.3333333333333333,1.0,1,1,1,1.0,0.0,0.0,-0.0,-0.0,0.3333333333333333,0.0,300.0,0.0,0.3333333333333333,0.0,0.6666666666666666,0.002670129140218099,0.00281221866607666,0.04698181000952065,0.0026094913482666016,0.0,0,d88825c0-e389-4c30-ad97-fa8fbe7bec08,20260815,aggregate,benign-ecs-stable,0,cloudflare
3,3,1,3,392,0.3333333333333333,1.0,1,1,1,1.0,0.0,0.0,-0.0,-0.0,0.3333333333333333,0.0,60.0,0.0,0.3333333333333333,0.0,0.6666666666666666,0.01776734987894694,0.017936325073242186,0.008322990749288292,0.017698287963867188,0.0,0,f086efcc-07b8-43a4-aeda-e0e1180b0a7d,20260815,aggregate,benign-ecs-stable,0,quad9
3,3,1,3,232,0.3333333333333333,1.0,1,1,1,1.0,0.0,0.0,-0.0,-0.0,0.3333333333333333,0.0,60.0,0.0,0.3333333333333333,0.0,0.6666666666666666,0.018344402313232422,0.01862483024597168,0.012681061578130495,0.01860523223876953,0.0,0,13cb4d73-e647-411d-ae71-bcc260f12d2c,20260815,aggregate,benign-ecs-stable,0,cloudflare
3,3,1,3,369,0.3333333333333333,1.0,1,1,1,1.0,0.0,0.0,-0.0,-0.0,0.3333333333333333,0.0,300.0,0.0,0.3333333333333333,0.0,0.6666666666666666,0.0050729115804036455,0.005265069007873535,0.03347292313606028,0.004956722259521484,0.0,0,4d1f17fb-ba1c-47dc-8e92-33315b455c07,20260815,aggregate,benign-ecs-stable,0,google
3,3,1,3,252,0.3333333333333333,1.0,1,1,1,1.0,0.0,0.0,-0.0,-0.0,0.3333333333333333,0.0,7.0,0.0,0.3333333333333333,0.0,0.6666666666666666,0.002547025680541992,0.002687811851501465,0.052862880814982666,0.0025060176849365234,0.0,0,efed26b0-38ee-441e-9bf4-c9647f90b775,20260815,aggregate,benign-ecs-stable,0,opendns
3,3,1,3,232,0.3333333333333333,1.0,1,1,1,1.0,0.0,0.0,-0.0,-0.0,0.3333333333333333,0.0,1800.0,0.0,0.3333333333333333,0.0,0.6666666666666666,0.013162771860758463,0.013408350944519042,0.015994541476973642,0.01317906379699707,0.0,0,21073dfb-6513-4166-a1dd-3461580f3c2b,20260815,aggregate,benign-ecs-stable,0,opendns
3,3,1,3,464,0.3333333333333333,1.0,1,1,1,1.0,0.0,0.0,-0.0,-0.0,0.3333333333333333,0.0,281.0,0.0,0.3333333333333333,0.0,0.6666666666666666,0.0016485850016276042,0.0018993616104125977,0.12911267234761803,0.0017409324645996094,0.0,0,5cd1cf23-37d6-4693-a5d5-0a5864de2e89,20260815,aggregate,benign-ecs-stable,0,cloudflare
3,3,1,3,412,0.3333333333333333,1.0,1,1,1,1.0,0.0,0.0,-0.0,-0.0,0.3333333333333333,0.0,60.0,0.0,0.3333333333333333,0.0,0.6666666666666666,0.030191421508789062,0.03046278953552246,0.007600364094575662,0.030422210693359375,0.0,0,46e893e9-649e-4f3d-9b5e-b4e1e0c1d529,20260815,aggregate,benign-ecs-stable,0,opendns
3,3,1,3,264,0.3333333333333333,1.0,1,1,1,1.0,0.0,0.0,-0.0,-0.0,0.3333333333333333,0.0,300.0,0.0,0.3333333333333333,0.0,0.6666666666666666,0.004138628641764323,0.004339241981506347,0.04149795359136713,0.004159450531005859,0.0,0,b2fcd509-8420-4194-8430-4b313b971188,20260815,aggregate,benign-ecs-stable,0,google
3,3,1,3,296,0.3333333333333333,1.0,1,1,1,1.0,0.0,0.0,-0.0,-0.0,0.3333333333333333,0.0,281.0,0.0,0.3333333333333333,0.0,0.6666666666666666,0.0017034212748209636,0.0019899606704711914,0.14359881540184222,0.001547098159790039,0.0,0,681f7837-b1d2-44b6-9a21-8fec41b964c4,20260815,aggregate,benign-ecs-stable,0,opendns
3,3,1,3,300,0.3333333333333333,1.0,1,1,1,1.0,0.0,0.0,-0.0,-0.0,0.3333333333333333,0.0,20.0,0.0,0.3333333333333333,0.0,0.6666666666666666,0.013091166814168295,0.01338815689086914,0.0196551179206863,0.01316690444946289,0.0,0,8f1d865c-48b6-4942-89e1-7d80759ee8f8,20260815,aggregate,benign-ecs-stable,0,cloudflare
3,3,1,3,256,0.3333333333333333,1.0,1,1,1,1.0,0.0,0.0,-0.0,-0.0,0.3333333333333333,0.0,60.0,0.0,0.3333333333333333,0.0,0.6666666666666666,0.014598766962687174,0.014943265914916992,0.019848980791254234,0.014671564102172852,0.0,0,b005b101-c172-406b-b3c6-7658bff9f28f,20260815,aggregate,benign-ecs-stable,0,cloudflare
3,3,1,3,256,0.3333333333333333,1.0,1,1,1,1.0,0.0,0.0,-0.0,-0.0,0.3333333333333333,0.0,5755.0,0.0,0.3333333333333333,0.0,0.6666666666666666,0.0017094612121582031,0.0018497228622436524,0.07316873952253267,0.001651763916015625,0.0,0,27b6a189-dc5f-4d64-ac65-580e8803d800,20260815,aggregate,benign-ecs-stable,0,opendns
3,3,1,3,228,0.3333333333333333,1.0,1,1,1,1.0,0.0,0.0,-0.0,-0.0,0.3333333333333333,0.0,3.0,0.0,0.3333333333333333,0.0,0.6666666666666666,0.0012505054473876953,0.00142214298248291,0.1158838562122345,0.0013651847839355469,0.0,0,c3e5259c-98ca-479b-a086-ab8a74488bee,20260815,aggregate,benign-ecs-stable,0,cloudflare
3,3,1,3,252,0.3333333333333333,1.0,1,1,1,1.0,0.0,0.0,-0.0,-0.0,0.3333333333333333,0.0,254.0,0.0,0.3333333333333333,0.0,0.6666666666666666,0.0014634132385253906,0.0017057418823242187,0.14081506294310533,0.0015988349914550781,0.0,0,4198882c-872d-4bc9-81c9-4a7a0a50f414,20260815,aggregate,benign-ecs-stable,0,opendns
3,3,1,3,400,0.3333333333333333,1.0,1,1,1,1.0,0.0,0.0,-0.0,-0.0,0.3333333333333333,0.0,60.0,0.0,0.3333333333333333,0.0,0.6666666666666666,0.03182379404703776,0.03203580379486084,0.005955419988736047,0.03155970573425293,0.0,0,312a1da2-f651-43fc-8ca2-aea780a2305e,20260815,aggregate,benign-ecs-stable,0,quad9
3,3,1,3,380,0.3333333333333333,1.0,1,1,1,1.0,0.0,0.0,-0.0,-0.0,0.3333333333333333,0.0,60.0,0.0,0.3333333333333333,0.0,0.6666666666666666,0.031572818756103516,0.03181090354919434,0.006853207349422065,0.031510353088378906,0.0,0,bf3491b1-6f9b-4d19-bce9-c56f04334e12,20260815,aggregate,benign-ecs-stable,0,opendns
3,3,1,3,260,0.3333333333333333,1.0,1,1,1,1.0,0.0,0.0,-0.0,-0.0,0.3333333333333333,0.0,60.0,0.0,0.3333333333333333,0.0,0.6666666666666666,0.0301663875579834,0.03042325973510742,0.007360078277048041,0.03024458885192871,0.0,0,e5c2e0b9-9fba-4848-865d-0b55a8e8cc72,20260815,aggregate,benign-ecs-stable,0,quad9
3,3,1,3,599,0.3333333333333333,1.0,1,1,1,1.0,0.0,0.0,-0.0,-0.0,0.3333333333333333,0.0,300.0,0.0,0.3333333333333333,0.0,0.6666666666666666,0.003182649612426758,0.0034193992614746094,0.06777421559273764,0.003252744674682617,0.0,0,6512d113-c96d-4c64-9ee7-cb1b435dc84f,20260815,aggregate,benign-ecs-stable,0,google
3,3,1,3,384,0.3333333333333333,1.0,1,1,1,1.0,0.0,0.0,-0.0,-0.0,0.3333333333333333,0.0,300.0,0.0,0.3333333333333333,0.0,0.6666666666666666,0.0026779969533284507,0.00287320613861084,0.06923290091891088,0.0026471614837646484,0.0,0,77f00914-2999-4abe-be23-72149def30e8,20260815,aggregate,benign-ecs-stable,0,quad9
3,3,1,3,284,0.3333333333333333,1.0,1,1,1,1.0,0.0,0.0,-0.0,-0.0,0.3333333333333333,0.0,300.0,0.0,0.3333333333333333,0.0,0.6666666666666666,0.0041751861572265625,0.004378318786621094,0.04248893931527886,0.004233598709106445,0.0,0,039b7a46-d47d-4d78-9737-dbcccfe1cb2c,20260815,aggregate,benign-ecs-stable,0,cloudflare
3,3,1,3,396,0.3333333333333333,1.0,1,1,1,1.0,0.0,0.0,-0.0,-0.0,0.3333333333333333,0.0,60.0,0.0,0.3333333333333333,0.0,0.6666666666666666,0.03534571329752604,0.035520505905151364,0.004192408332483114,0.03537130355834961,0.0,0,b2640465-ece2-4a1a-8c49-2af1d8c4548d,20260815,aggregate,benign-ecs-stable,0,google
3,3,1,3,256,0.3333333333333333,1.0,1,1,1,1.0,0.0,0.0,-0.0,-0.0,0.3333333333333333,0.0,300.0,0.0,0.3333333333333333,0.0,0.6666666666666666,0.003056764602661133,0.003343367576599121,0.07904731855417886,0.0031185150146484375,0.0,0,40832c5c-06df-46b3-a6fb-5c0733e740bb,20260815,aggregate,benign-ecs-stable,0,google
3,3,1,3,256,0.3333333333333333,1.0,1,1,1,1.0,0.0,0.0,-0.0,-0.0,0.3333333333333333,0.0,23.0,0.0,0.3333333333333333,0.0,0.6666666666666666,0.0019215742746988933,0.0020708322525024416,0.06888888837383804,0.0018603801727294922,0.0,0,1b866f15-6f4b-4ca6-b1a5-3a56a69f39c4,20260815,aggregate,benign-ecs-stable,0,opendns
3,3,1,3,244,0.3333333333333333,1.0,1,1,1,1.0,0.0,0.0,-0.0,-0.0,0.3333333333333333,0.0,257.0,0.0,0.3333333333333333,0.0,0.6666666666666666,0.001207907994588216,0.00143890380859375,0.17397685318320824,0.0013849735260009766,0.0,0,bb763a26-88cf-4f1f-a40d-6a5db903c899,20260815,aggregate,benign-ecs-stable,0,google
3,3,1,3,554,0.3333333333333333,1.0,1,1,1,1.0,0.0,0.0,-0.0,-0.0,0.3333333333333333,0.0,200.0,0.5138255216186391,0.3333333333333333,0.0,0.6666666666666666,0.001668691635131836,0.0019128799438476562,0.12440886102934066,0.0018486976623535156,0.0,0,0741bdea-f5de-41c5-bf50-8540288d55a1,20260815,aggregate,benign-ecs-stable,0,quad9
3,3,1,3,284,0.3333333333333333,1.0,1,1,1,1.0,0.0,0.0,-0.0,-0.0,0.3333333333333333,0.0,26.0,0.0,0.3333333333333333,0.0,0.6666666666666666,0.0010733604431152344,0.0012924671173095703,0.17746495423273925,0.0011365413665771484,0.0,0,91880558-0bb7-4428-9e5a-5db64cd73e25,20260815,aggregate,benign-ecs-stable,0,google
3,3,1,3,400,0.3333333333333333,1.0,1,1,1,1.0,0.0,0.0,-0.0,-0.0,0.3333333333333333,0.0,60.0,0.0,0.3333333333333333,0.0,0.6666666666666666,0.014766534169514975,0.014938879013061523,0.010391858993843728,0.014899015426635742,0.0,0,e75cee1d-0559-4d6f-ad56-def907e6b8a2,20260815,aggregate,benign-ecs-stable,0,google
3,3,1,3,400,0.3333333333333333,1.0,1,1,1,1.0,0.0,0.0,-0.0,-0.0,0.3333333333333333,0.0,60.0,0.0,0.3333333333333333,0.0,0.6666666666666666,0.044104973475138344,0.044309377670288086,0.0039402782232452705,0.044252872467041016,0.0,0,9d556bf1-ea3f-4d8a-b914-405762396726,20260815,aggregate,benign-ecs-stable,0,google
3,3,1,3,400,0.3333333333333333,1.0,1,1,1,1.0,0.0,0.0,-0.0,-0.0,0.3333333333333333,0.0,60.0,0.0,0.3333333333333333,0.0,0.6666666666666666,0.022622346878051758,0.0228607177734375,0.009411638607744771,0.02268528938293457,0.0,0,2383315d-6490-4d4a-8154-ee90e2005e58,20260815,aggregate,benign-ecs-stable,0,quad9
3,3,1,3,516,0.3333333333333333,1.0,1,1,1,1.0,0.0,0.0,-0.0,-0.0,0.3333333333333333,0.0,300.0,0.0,0.3333333333333333,0.0,0.6666666666666666,0.0027794837951660156,0.0030275821685791016,0.07962503339147405,0.0028464794158935547,0.0,0,671bb9f8-2bd7-4bfb-ad6d-3b57ebf02e17,20260815,aggregate,benign-ecs-stable,0,opendns
3,3,1,3,292,0.3333333333333333,1.0,1,1,1,1.0,0.0,0.0,-0.0,-0.0,0.3333333333333333,0.0,254.0,0.0,0.3333333333333333,0.0,0.6666666666666666,0.0018244584401448567,0.002048087120056152,0.10826279144356336,0.0019807815551757812,0.0,0,0d804f21-a8e8-41d5-89d0-cb187d13ec48,20260815,aggregate,benign-ecs-stable,0,opendns
3,3,1,3,504,0.3333333333333333,1.0,1,1,1,1.0,0.0,0.0,-0.0,-0.0,0.3333333333333333,0.0,300.0,0.0,0.3333333333333333,0.0,0.6666666666666666,0.0021632512410481772,0.00235748291015625,0.08162047214933643,0.002278566360473633,0.0,0,42d41a46-629a-472a-b201-168b9d03c639,20260815,aggregate,benign-ecs-stable,0,cloudflare
3,3,1,3,571,0.3333333333333333,1.0,1,1,1,1.0,0.0,0.0,-0.0,-0.0,0.3333333333333333,0.0,300.0,0.0,0.3333333333333333,0.0,0.6666666666666666,0.004875659942626953,0.005045866966247559,0.03259764458805433,0.004846334457397461,0.0,0,cbe3ba2b-64f8-420b-be2a-0b30c6e8da77,20260815,aggregate,benign-ecs-stable,0,opendns
3,3,1,3,512,0.3333333333333333,1.0,1,1,1,1.0,0.0,0.0,-0.0,-0.0,0.3333333333333333,0.0,300.0,0.0,0.3333333333333333,0.0,0.6666666666666666,0.00491031010945638,0.005986475944519043,0.18143457404140037,0.004523754119873047,0.0,0,5dac62c8-0bb9-454e-ba37-ad547a452166,20260815,aggregate,benign-ecs-stable,0,opendns
1,1,1,1,98,1.0,1.0,0,0,0,0.0,0.0,0.0,-0.0,-0.0,1.0,0.0,655.0,0.0,1.0,0.0,0.0,2.5062668323516846,2.5062668323516846,0.0,0.0,0.0,0,ab6f9b08-f18c-4e8a-9bf7-fc7b99a56170,20260815,aggregate,benign-plain,0,cloudflare
1,1,1,1,102,1.0,1.0,0,0,0,0.0,0.0,0.0,-0.0,-0.0,1.0,0.0,352.0,0.0,1.0,0.0,0.0,2.5038647651672363,2.5038647651672363,0.0,0.0,0.0,0,0cdc3eba-20a6-4a34-9ae5-d65bd229693c,20260815,aggregate,benign-plain,0,opendns
1,1,1,1,90,1.0,1.0,0,0,0,0.0,0.0,0.0,-0.0,-0.0,1.0,0.0,479.0,0.0,1.0,0.0,0.0,2.5068655014038086,2.5068655014038086,0.0,0.0,0.0,0,95a9a1d9-0420-485d-a501-590cd4ee38a1,20260815,aggregate,benign-plain,0,quad9
1,1,1,1,135,1.0,1.0,0,0,0,0.0,0.0,0.0,-0.0,-0.0,1.0,0.0,10776.5,0.9843177283904793,1.0,0.0,0.0,2.503730297088623,2.503730297088623,0.0,0.0,0.0,0,93fd3176-79ba-4b6b-8441-e0fe65520b41,20260815,aggregate,benign-plain,0,google
1,1,1,1,135,1.0,1.0,0,0,0,0.0,0.0,0.0,-0.0,-0.0,1.0,0.0,9745.0,0.9819394561313494,1.0,0.0,0.0,2.505574941635132,2.505574941635132,0.0,0.0,0.0,0,e55cd62c-064e-4011-b3e5-f91bfe9a2b1f,20260815,aggregate,benign-plain,0,opendns
1,1,1,1,126,1.0,1.0,0,0,0,0.0,0.0,0.0,-0.0,-0.0,1.0,0.0,218.0,0.0,1.0,0.0,0.0,2.508342981338501,2.508342981338501,0.0,0.0,0.0,0,6fb5dfbd-8f47-4637-985f-67c990f5f9f9,20260815,aggregate,benign-plain,0,google
1,1,1,1,135,1.0,1.0,0,0,0,0.0,0.0,0.0,-0.0,-0.0,1.0,0.0,4214.0,0.9755576649264357,1.0,0.0,0.0,2.5078721046447754,2.5078721046447754,0.0,0.0,0.0,0,dedc21d3-5c3c-4822-b4e9-a88ac1edcc1f,20260815,aggregate,benign-plain,0,opendns
1,1,1,1,133,1.0,1.0,0,0,0,0.0,0.0,0.0,-0.0,-0.0,1.0,0.0,10348.0,0.9831851565519907,1.0,0.0,0.0,2.507068395614624,2.507068395614624,0.0,0.0,0.0,0,11ae5951-dc64-4c38-91ba-03cfefd58ea0,20260815,aggregate,benign-plain,0,quad9
3,3,1,3,361,0.3333333333333333,1.0,1,1,1,1.0,0.0,0.0,-0.0,-0.0,0.3333333333333333,0.0,252.0,0.0,0.3333333333333333,0.0,0.6666666666666666,0.0031981468200683594,0.005290603637695312,0.5488260402337393,0.004977703094482422,0.0,0,4909c43d-c2a8-4d79-b417-28db291efe13,20260815,aggregate,benign-ecs-stable,0,opendns
3,3,1,3,776,0.3333333333333333,1.0,1,1,1,1.0,0.0,0.0,-0.0,-0.0,0.3333333333333333,0.0,300.0,0.0,0.3333333333333333,0.0,0.6666666666666666,0.0032508373260498047,0.005277967453002929,0.5582498130854044,0.003915309906005859,0.0,0,acf1f164-a246-4412-96c5-8336256ae8bb,20260815,aggregate,benign-ecs-stable,0,cloudflare
3,3,1,3,244,0.3333333333333333,1.0,1,1,1,1.0,0.0,0.0,-0.0,-0.0,0.3333333333333333,0.0,300.0,0.0,0.3333333333333333,0.0,0.6666666666666666,0.0032057762145996094,0.004785418510437012,0.4438312400873448,0.004897117614746094,0.0,0,926c56fe-6807-4145-8482-f5a8c1bca472,20260815,aggregate,benign-ecs-stable,0,cloudflare
3,3,1,3,280,0.3333333333333333,1.0,1,1,1,1.0,0.0,0.0,-0.0,-0.0,0.3333333333333333,0.0,11.0,0.0,0.3333333333333333,0.0,0.6666666666666666,0.0017157395680745442,0.003607511520385742,1.014511813506506,0.0028548240661621094,0.0,0,00aaeb96-4435-4617-8e97-56873de9f567,20260815,aggregate,benign-ecs-stable,0,google
3,3,1,3,252,0.3333333333333333,1.0,1,1,1,1.0,0.0,0.0,-0.0,-0.0,0.3333333333333333,0.0,118.0,0.0,0.3333333333333333,0.0,0.6666666666666666,0.009451468785603842,0.010581135749816895,0.1165611133189422,0.0040438175201416016,0.0,0,68067a92-d8c7-485e-aca9-208e788e0e20,20260815,aggregate,benign-ecs-stable,0,google
1,1,1,1,112,1.0,1.0,0,0,0,0.0,0.0,0.0,-0.0,-0.0,1.0,0.0,120.0,0.0,1.0,0.0,0.0,2.5209436416625977,2.5209436416625977,0.0,0.0,0.0,0,4983d2c2-b072-481d-b120-1acfe1a159fa,20260815,aggregate,benign-plain,0,cloudflare
3,3,1,3,256,0.3333333333333333,1.0,1,1,1,1.0,0.0,0.0,-0.0,-0.0,0.3333333333333333,0.0,250.0,0.0,0.3333333333333333,0.0,0.6666666666666666,0.0019276936848958333,0.0038689136505126952,1.0231207286996897,0.002835988998413086,0.0,0,5bc0621d-090b-4637-96fc-d3eb1e8123e8,20260815,aggregate,benign-ecs-stable,0,cloudflare
1,1,1,1,106,1.0,1.0,0,0,0,0.0,0.0,0.0,-0.0,-0.0,1.0,0.0,30.0,0.0,1.0,0.0,0.0,2.5216526985168457,2.5216526985168457,0.0,0.0,0.0,0,88817ed2-7ccb-4ff2-85df-d214f15d5308,20260815,aggregate,benign-plain,0,cloudflare
3,3,1,3,252,0.3333333333333333,1.0,1,1,1,1.0,0.0,0.0,-0.0,-0.0,0.3333333333333333,0.0,80.0,0.0,0.3333333333333333,0.0,0.6666666666666666,0.001231829325358073,0.002646636962890625,1.0493757601317713,0.0027365684509277344,0.0,0,86b6d02d-976b-449e-9df4-41daec25400c,20260815,aggregate,benign-ecs-stable,0,cloudflare
1,1,1,1,154,1.0,1.0,0,0,0,0.0,0.0,0.0,-0.0,-0.0,1.0,0.0,60.0,0.0,1.0,0.0,0.0,2.522594928741455,2.522594928741455,0.0,0.0,0.0,0,9ad5684f-b0ec-4501-a447-e6bf771e0182,20260815,aggregate,benign-plain,0,opendns
1,1,1,1,128,1.0,1.0,0,0,0,0.0,0.0,0.0,-0.0,-0.0,1.0,0.0,300.0,0.0,1.0,0.0,0.0,2.5196444988250732,2.5196444988250732,0.0,0.0,0.0,0,a9888703-47d7-4462-977a-0ddc3fc94933,20260815,aggregate,benign-plain,0,quad9
1,1,1,1,162,1.0,1.0,0,0,0,0.0,0.0,0.0,-0.0,-0.0,1.0,0.0,260.0,0.0,1.0,0.0,0.0,2.5058367252349854,2.5058367252349854,0.0,0.0,0.0,0,16d8c032-f341-48e0-aec9-904c82789eb8,20260815,aggregate,benign-plain,0,opendns
3,3,1,3,288,0.3333333333333333,1.0,1,1,1,1.0,0.0,0.0,-0.0,-0.0,0.3333333333333333,0.0,96.0,0.0,0.3333333333333333,0.0,0.6666666666666666,-0.00015123685201009115,0.0011612176895141602,0.0,0.0011906623840332031,0.0,0,fff55b24-48b7-4710-b125-082168f7a6be,20260815,aggregate,benign-ecs-stable,0,cloudflare
3,3,1,3,512,0.3333333333333333,1.0,1,1,1,1.0,0.0,0.0,-0.0,-0.0,0.3333333333333333,0.0,300.0,0.0,0.3333333333333333,0.0,0.6666666666666666,0.0015328725179036458,0.0032270669937133787,0.9147045624083809,0.0028154850006103516,0.0,0,1faa97de-cadd-4a97-8d04-347b8e4a2822,20260815,aggregate,benign-ecs-stable,0,cloudflare
3,3,1,3,776,0.3333333333333333,1.0,1,1,1,1.0,0.0,0.0,-0.0,-0.0,0.3333333333333333,0.0,300.0,0.0,0.3333333333333333,0.0,0.6666666666666666,0.0025246143341064453,0.0032431840896606444,0.31495286918882004,0.0021500587463378906,0.0,0,4388a681-e752-4dbc-a4dc-f24e3c6e67cf,20260815,aggregate,benign-ecs-stable,0,cloudflare
3,3,2,3,568,0.6666666666666666,1.0,1,1,1,0.5,0.0,0.0,1.0,1.0,0.3333333333333333,0.0,92.0,0.3381815040457401,0.3333333333333333,0.0,0.3333333333333333,0.002844651540120443,0.0035408735275268555,0.2704618721127242,0.0026006698608398438,0.0,0,414b28e6-cad2-4367-abed-ebedf1b60a52,20260815,aggregate,benign-ecs-stable,0,cloudflare
3,3,1,3,300,0.3333333333333333,1.0,1,1,1,1.0,0.0,0.0,-0.0,-0.0,0.3333333333333333,0.0,300.0,0.0,0.3333333333333333,0.0,0.6666666666666666,0.003157456715901693,0.003953862190246582,0.20881091715248715,0.003997087478637695,0.0,0,2b20c488-b550-4d70-ac3a-038023f64252,20260815,aggregate,benign-ecs-stable,0,cloudflare
3,3,2,3,588,0.6666666666666666,1.0,1,1,1,0.5,0.0,0.0,1.0,1.0,0.3333333333333333,0.0,300.0,0.0,0.3333333333333333,0.0,0.3333333333333333,0.00555109977722168,0.0066843748092651365,0.18588578877440345,0.005576014518737793,0.0,0,0161bf1e-2fad-4f56-837b-42abf19f445c,20260815,aggregate,benign-ecs-stable,0,cloudflare
3,3,1,3,252,0.3333333333333333,1.0,1,1,1,1.0,0.0,0.0,-0.0,-0.0,0.3333333333333333,0.0,118.0,0.0,0.3333333333333333,0.0,0.6666666666666666,0.0021518071492513022,0.0035804748535156247,0.5746519336073679,0.00199127197265625,0.0,0,ef85ac59-3145-4682-aeb3-51818e49ded3,20260815,aggregate,benign-ecs-stable,0,quad9
3,3,1,3,248,0.3333333333333333,1.0,1,1,1,1.0,0.0,0.0,-0.0,-0.0,0.3333333333333333,0.0,60.0,0.0,0.3333333333333333,0.0,0.6666666666666666,0.01292117436726888,0.014773154258728027,0.13709651301652795,0.01476597785949707,0.0,0,bf1d2081-50e7-47cb-8a1d-9fd3a2bf6be5,20260815,aggregate,benign-ecs-stable,0,cloudflare
3,3,1,3,244,0.3333333333333333,1.0,1,1,1,1.0,0.0,0.0,-0.0,-0.0,0.3333333333333333,0.0,247.0,0.0,0.3333333333333333,0.0,0.6666666666666666,0.002657810846964518,0.00318448543548584,0.2017719777963493,0.002443552017211914,0.0,0,5cefc497-a7d0-46ec-aebe-1bb20adb3d1b,20260815,aggregate,benign-ecs-stable,0,cloudflare
3,3,1,3,492,0.3333333333333333,1.0,1,1,1,1.0,0.0,0.0,-0.0,-0.0,0.3333333333333333,0.0,300.0,0.0,0.3333333333333333,0.0,0.6666666666666666,0.0036214987436930337,0.004921650886535644,0.34349970232168886,0.003092527389526367,0.0,0,344a99f5-933b-4972-ba0b-b001ff7bb100,20260815,aggregate,benign-ecs-stable,0,opendns
3,3,1,3,224,0.3333333333333333,1.0,1,1,1,1.0,0.0,0.0,-0.0,-0.0,0.3333333333333333,0.0,250.0,0.0,0.3333333333333333,0.0,0.6666666666666666,0.0012543996175130208,0.0022408485412597655,0.6548849664450677,0.0018994808197021484,0.0,0,8ec7df77-f70e-4fb3-a60d-13410cbb9ae5,20260815,aggregate,benign-ecs-stable,0,quad9
3,3,1,3,268,0.3333333333333333,1.0,1,1,1,1.0,0.0,0.0,-0.0,-0.0,0.3333333333333333,0.0,300.0,0.0,0.3333333333333333,0.0,0.6666666666666666,0.0034678777058919272,0.00412282943725586,0.1780922545949302,0.003770112991333008,0.0,0,829671eb-c785-47e4-b44e-3f8fc75ec89c,20260815,aggregate,benign-ecs-stable,0,quad9
3,3,1,3,240,0.3333333333333333,1.0,1,1,1,1.0,0.0,0.0,-0.0,-0.0,0.3333333333333333,0.0,10.0,0.0,0.3333333333333333,0.0,0.6666666666666666,0.0014195442199707031,0.001867222785949707,0.291798701296411,0.0014998912811279297,0.0,0,b28ce466-90fb-4c7b-9d9e-94e04bf2226c,20260815,aggregate,benign-ecs-stable,0,opendns
3,3,1,3,300,0.3333333333333333,1.0,1,1,1,1.0,0.0,0.0,-0.0,-0.0,0.3333333333333333,0.0,300.0,0.0,0.3333333333333333,0.0,0.6666666666666666,0.004783312479654948,0.005219602584838867,0.07799350900004928,0.0052030086517333984,0.0,0,bb0ff99b-ae9b-45e9-a77c-38ecf8cabd38,20260815,aggregate,benign-ecs-stable,0,quad9
3,3,1,3,232,0.3333333333333333,1.0,1,1,1,1.0,0.0,0.0,-0.0,-0.0,0.3333333333333333,0.0,363.0,0.0,0.3333333333333333,0.0,0.6666666666666666,0.0018935203552246094,0.002228236198425293,0.15038941484899745,0.0021843910217285156,0.0,0,e7c37a32-1085-4615-89ec-d4598353800e,20260815,aggregate,benign-ecs-stable,0,google
3,3,1,3,256,0.3333333333333333,1.0,1,1,1,1.0,0.0,0.0,-0.0,-0.0,0.3333333333333333,0.0,60.0,0.0,0.3333333333333333,0.0,0.6666666666666666,0.03571581840515137,0.03727767467498779,0.044985914859270934,0.03510618209838867,0.0,0,288734cf-8913-4f09-9b6b-edce1d01fc72,20260815,aggregate,benign-ecs-stable,0,opendns
3,3,1,3,300,0.3333333333333333,1.0,1,1,1,1.0,0.0,0.0,-0.0,-0.0,0.3333333333333333,0.0,300.0,0.0,0.3333333333333333,0.0,0.6666666666666666,0.002837101618448893,0.0034735679626464845,0.23120347156268178,0.0027463436126708984,0.0,0,52dc7119-f644-43fd-b14d-3d7a3758bce9,20260815,aggregate,benign-ecs-stable,0,google
3,3,2,3,457,0.6666666666666666,1.0,1,1,1,0.5,0.0,0.0,1.0,1.0,0.3333333333333333,0.0,42.333333333333336,0.5901836126438901,0.3333333333333333,0.0,0.3333333333333333,0.025440454483032227,0.03718574047088623,0.6377011500746139,0.018684029579162598,0.0,0,1c7ed849-a7dc-41a0-b93b-9a810cce80fb,20260815,aggregate,benign-ecs-stable,0,quad9
3,3,1,3,400,0.3333333333333333,1.0,1,1,1,1.0,0.0,0.0,-0.0,-0.0,0.3333333333333333,0.0,60.0,0.0,0.3333333333333333,0.0,0.6666666666666666,0.028987646102905273,0.030852222442626955,0.06457940507668174,0.030034780502319336,0.0,0,ef4f66fd-d586-4303-ba8c-57427503cdf5,20260815,aggregate,benign-ecs-stable,0,cloudflare
3,3,2,3,626,0.6666666666666666,1.0,1,1,1,0.5,0.0,0.0,1.0,1.0,0.3333333333333333,0.0,225.0,0.0,0.3333333333333333,0.0,0.3333333333333333,0.002293109893798828,0.003239607810974121,0.4550526665881723,0.0026390552520751953,0.0,0,d1810c4e-857a-4405-a199-4f93728ea303,20260815,aggregate,benign-ecs-stable,0,google
3,3,1,3,440,0.3333333333333333,1.0,1,1,1,1.0,0.0,0.0,-0.0,-0.0,0.3333333333333333,0.0,60.0,0.0,0.3333333333333333,0.0,0.6666666666666666,0.03410498301188151,0.03569023609161377,0.052536603877083546,0.03483414649963379,0.0,0,448e8369-bd6d-4f00-907a-b69cbe8a8207,20260815,aggregate,benign-ecs-stable,0,google
3,3,1,3,376,0.3333333333333333,1.0,1,1,1,1.0,0.0,0.0,-0.0,-0.0,0.3333333333333333,0.0,60.0,0.0,0.3333333333333333,0.0,0.6666666666666666,0.03556386629740397,0.03759729862213135,0.04921879941884597,0.037021636962890625,0.0,0,93210fca-d04b-4bee-adb4-b49beaaf656b,20260815,aggregate,benign-ecs-stable,0,quad9
3,3,1,3,420,0.3333333333333333,1.0,1,1,1,1.0,0.0,0.0,-0.0,-0.0,0.3333333333333333,0.0,60.0,0.0,0.3333333333333333,0.0,0.6666666666666666,0.031229416529337566,0.03332450389862061,0.08035217571608612,0.032527923583984375,0.0,0,f655350e-3d5e-4057-acf2-aac5a96078f3,20260815,aggregate,benign-ecs-stable,0,cloudflare
3,3,1,3,408,0.3333333333333333,1.0,1,1,1,1.0,0.0,0.0,-0.0,-0.0,0.3333333333333333,0.0,60.0,0.0,0.3333333333333333,0.0,0.6666666666666666,0.017972310384114582,0.0187990665435791,0.046369160694445695,0.017113924026489258,0.0,0,a539fdae-096c-4288-be0a-e5723cc891d9,20260815,aggregate,benign-ecs-stable,0,opendns
3,3,1,3,532,0.3333333333333333,1.0,1,1,1,1.0,0.0,0.0,-0.0,-0.0,0.3333333333333333,0.0,249.0,0.0,0.3333333333333333,0.0,0.6666666666666666,0.003558476765950521,0.004793119430541992,0.36383985161828386,0.0032007694244384766,0.0,0,992d5dfb-b858-423e-a070-9cc334d4617a,20260815,aggregate,benign-ecs-stable,0,quad9
3,3,2,3,308,0.6666666666666666,1.0,1,1,1,0.5,0.0,0.0,1.0,1.0,0.3333333333333333,0.0,300.0,0.0,0.3333333333333333,0.0,0.3333333333333333,0.002323786417643229,0.003890085220336914,0.6651346729504601,0.0032892227172851562,0.0,0,825a10f4-0e52-4819-a107-5ff4ade370b5,20260815,aggregate,benign-ecs-stable,0,quad9
3,3,2,3,442,0.6666666666666666,1.0,1,1,1,0.5,0.0,0.0,1.0,1.0,0.3333333333333333,0.0,26.666666666666668,0.8838834764831844,0.3333333333333333,0.0,0.3333333333333333,0.01331178347269694,0.030786228179931638,1.090266548342003,0.017635822296142578,0.0,0,0d6bddc1-1721-41a4-b889-33a57b1f0f62,20260815,aggregate,benign-ecs-stable,0,quad9
3,3,1,3,252,0.3333333333333333,1.0,1,1,1,1.0,0.0,0.0,-0.0,-0.0,0.3333333333333333,0.0,118.0,0.0,0.3333333333333333,0.0,0.6666666666666666,0.005837758382161458,0.00648341178894043,0.10084555540020579,0.00436091423034668,0.0,0,a50db70f-f3c4-409b-99c8-8ce4f7ccb33d,20260815,aggregate,benign-ecs-stable,0,opendns
3,3,1,3,284,0.3333333333333333,1.0,1,1,1,1.0,0.0,0.0,-0.0,-0.0,0.3333333333333333,0.0,300.0,0.0,0.3333333333333333,0.0,0.6666666666666666,0.005663394927978516,0.006537032127380371,0.13117785734097348,0.0050661563873291016,0.0,0,933f6a61-d43f-4da7-a26e-82621204f6f6,20260815,aggregate,benign-ecs-stable,0,cloudflare
3,3,1,3,331,0.3333333333333333,1.0,1,1,1,1.0,0.0,0.0,-0.0,-0.0,0.3333333333333333,0.0,300.0,0.0,0.3333333333333333,0.0,0.6666666666666666,0.0035900274912516275,0.0057906627655029295,0.5080484404472176,0.0047016143798828125,0.0,0,c64db287-257f-4731-ae6a-6ce12dd3f2f3,20260815,aggregate,benign-ecs-stable,0,quad9
3,3,1,3,260,0.3333333333333333,1.0,1,1,1,1.0,0.0,0.0,-0.0,-0.0,0.3333333333333333,0.0,60.0,0.0,0.3333333333333333,0.0,0.6666666666666666,0.016300280888875324,0.016750645637512208,0.025600245846078663,0.01673603057861328,0.0,0,eaadbb8c-a01b-4fc9-921b-808a95f62970,20260815,aggregate,benign-ecs-stable,0,opendns
3,3,1,3,380,0.3333333333333333,1.0,1,1,1,1.0,0.0,0.0,-0.0,-0.0,0.3333333333333333,0.0,60.0,0.0,0.3333333333333333,0.0,0.6666666666666666,0.029424587885538738,0.03161005973815918,0.06409184528751334,0.03180289268493652,0.0,0,048fb17d-fccf-422b-94db-3078cd470ae9,20260815,aggregate,benign-ecs-stable,0,opendns
3,3,2,3,348,0.6666666666666666,1.0,1,1,1,0.5,0.0,0.0,1.0,1.0,0.3333333333333333,0.0,207.0,0.6353713106313906,0.3333333333333333,0.0,0.3333333333333333,0.0031385421752929688,0.0050394535064697266,0.5073222747527648,0.003180980682373047,0.0,0,46d4d927-39a1-4d97-8b4c-1fd2599452f5,20260815,aggregate,benign-ecs-stable,0,cloudflare
3,3,1,3,412,0.3333333333333333,1.0,1,1,1,1.0,0.0,0.0,-0.0,-0.0,0.3333333333333333,0.0,300.0,0.0,0.3333333333333333,0.0,0.6666666666666666,0.007222731908162435,0.011006855964660644,0.434494864197092,0.008756399154663086,0.0,0,8fbf297e-050d-4e4c-ae16-c10f24d7e61e,20260815,aggregate,benign-ecs-stable,0,opendns
4,4,1,4,720,0.25,1.0,1,4,1,1.0,0.0,0.0,-0.0,-0.0,0.25,0.0,125.33333333333333,0.8985741433918941,0.25,0.0,0.75,0.0006604194641113281,0.002943086624145507,2.6303318836982954,0.0026433467864990234,0.0,0,4cd6e5bd-8e38-4b1c-ac0a-39087c8ea84e,20260815,aggregate,benign-ecs-geo,0,google
3,3,2,3,467,0.6666666666666666,1.0,1,1,1,0.5,0.0,0.0,1.0,1.0,0.3333333333333333,0.0,300.0,0.0,0.3333333333333333,0.0,0.3333333333333333,0.005037943522135417,0.006885004043579101,0.33602093380379633,0.004708409309387207,0.0,0,e93d72d7-84dc-400b-bec4-7af8ca58cda6,20260815,aggregate,benign-ecs-stable,0,opendns
3,3,1,3,252,0.3333333333333333,1.0,1,1,1,1.0,0.0,0.0,-0.0,-0.0,0.3333333333333333,0.0,20.0,0.0,0.3333333333333333,0.0,0.6666666666666666,0.012533823649088541,0.014597392082214356,0.20594098299610486,0.014002084732055664,0.0,0,49fbc51b-cb24-46da-b944-2dd41f4a7721,20260815,aggregate,benign-ecs-stable,0,google
4,4,1,4,679,0.25,1.0,1,4,1,1.0,0.0,0.0,-0.0,-0.0,0.25,0.0,300.0,0.0,0.25,0.0,0.75,0.0033548474311828613,0.006420373916625975,0.6571748653481423,0.006883859634399414,0.0,0,a9823f3b-9bd0-409f-ac03-106e63ce899c,20260815,aggregate,benign-ecs-geo,0,opendns
3,3,1,3,396,0.3333333333333333,1.0,1,1,1,1.0,0.0,0.0,-0.0,-0.0,0.3333333333333333,0.0,60.0,0.0,0.3333333333333333,0.0,0.6666666666666666,0.019995609919230144,0.021065878868103027,0.05111555921384519,0.02060389518737793,0.0,0,57fcd5ae-c8a5-4f36-abb7-22b7b8335165,20260815,aggregate,benign-ecs-stable,0,google
3,3,1,3,400,0.3333333333333333,1.0,1,1,1,1.0,0.0,0.0,-0.0,-0.0,0.3333333333333333,0.0,60.0,0.0,0.3333333333333333,0.0,0.6666666666666666,0.01941061019897461,0.021440720558166503,0.0917358140063642,0.021358013153076172,0.0,0,4a9aac32-da01-444d-a20e-baee0f0ec24c,20260815,aggregate,benign-ecs-stable,0,cloudflare
3,3,1,3,256,0.3333333333333333,1.0,1,1,1,1.0,0.0,0.0,-0.0,-0.0,0.3333333333333333,0.0,60.0,0.0,0.3333333333333333,0.0,0.6666666666666666,0.04078793525695801,0.04183139801025391,0.026070423553397455,0.041376590728759766,0.0,0,61fda7ad-9e10-4a95-a79f-4187d1325826,20260815,aggregate,benign-ecs-stable,0,quad9
4,4,1,4,526,0.25,1.0,1,4,1,1.0,0.0,0.0,-0.0,-0.0,0.25,0.0,60.0,0.0,0.25,0.0,0.75,0.030630171298980713,0.030899238586425782,0.007194110602484217,0.03060436248779297,0.0,0,3dd36d2d-3ba5-406f-a981-0dba9e2afb2f,20260815,aggregate,benign-ecs-geo,0,cloudflare
4,4,1,4,501,0.25,1.0,1,4,1,1.0,0.0,0.0,-0.0,-0.0,0.25,0.0,60.0,0.0,0.25,0.0,0.75,0.015633046627044678,0.015924084186553954,0.016106346297965198,0.015721559524536133,0.0,0,875ba0b4-2f32-4896-8669-1eb67c2fb5e8,20260815,aggregate,benign-ecs-geo,0,opendns
4,4,1,4,309,0.25,1.0,1,4,1,1.0,0.0,0.0,-0.0,-0.0,0.25,0.0,60.0,0.0,0.25,0.0,0.75,0.09623509645462036,0.09932267665863037,0.0260782935739844,0.09960389137268066,0.0,0,e6c34fff-aa40-4a42-bc8c-10177dd46560,20260815,aggregate,benign-ecs-geo,0,cloudflare
4,4,1,4,511,0.25,1.0,1,4,1,1.0,0.0,0.0,-0.0,-0.0,0.25,0.0,60.0,0.0,0.25,0.0,0.75,0.03420257568359375,0.03451695442199707,0.007043794898425301,0.03442096710205078,0.0,0,c2ee7c43-27b5-463b-8ff9-90a8e2a57013,20260815,aggregate,benign-ecs-geo,0,opendns
4,4,1,4,314,0.25,1.0,1,4,1,1.0,0.0,0.0,-0.0,-0.0,0.25,0.0,60.0,0.0,0.25,0.0,0.75,0.019398927688598633,0.01973949670791626,0.01389113209684219,0.019624710083007812,0.0,0,05615848-0888-4cb2-8765-1e27b5b886f5,20260815,aggregate,benign-ecs-geo,0,cloudflare
4,4,1,4,511,0.25,1.0,1,4,1,1.0,0.0,0.0,-0.0,-0.0,0.25,0.0,60.0,0.0,0.25,0.0,0.75,0.04405951499938965,0.04433243274688721,0.005065002941588438,0.044118404388427734,0.0,0,5a7e3b70-1cef-4467-a9dc-8414ce850454,20260815,aggregate,benign-ecs-geo,0,quad9
4,4,1,4,516,0.25,1.0,1,4,1,1.0,0.0,0.0,-0.0,-0.0,0.25,0.0,60.0,0.0,0.25,0.0,0.75,0.031250596046447754,0.03156580924987793,0.007951369529680112,0.031233549118041992,0.0,0,89a972f8-10c5-469f-9025-d2570055f282,20260815,aggregate,benign-ecs-geo,0,cloudflare
4,4,1,4,654,0.25,1.0,1,4,1,1.0,0.0,0.0,-0.0,-0.0,0.25,0.0,300.0,0.0,0.25,0.0,0.75,0.0034943222999572754,0.003737556934356689,0.05614421911309598,0.0035257339477539062,0.0,0,0966501b-8b16-42fa-9607-cb95b12fba41,20260815,aggregate,benign-ecs-geo,0,google
4,4,1,4,566,0.25,1.0,1,4,1,1.0,0.0,0.0,-0.0,-0.0,0.25,0.0,60.0,0.0,0.25,0.0,0.75,0.015881896018981934,0.01618218421936035,0.015074028998953392,0.015940189361572266,0.0,0,8bf1fd81-392c-4db8-b328-e4c4bad0a0db,20260815,aggregate,benign-ecs-geo,0,google
3,3,1,3,288,0.3333333333333333,1.0,0,1,1,1.0,0.0,0.0,-0.0,-0.0,0.3333333333333333,0.0,6.0,0.0,0.3333333333333333,0.0,0.6666666666666666,2.5048251152038574,2.5049813270568846,5.4403860758037045e-05,0.0,0.0,0,ac745f4c-a9ae-4768-8d94-712bf8f68200,20260815,aggregate,benign-ecs-stable,0,cloudflare
4,4,1,4,359,0.25,1.0,1,4,1,1.0,0.0,0.0,-0.0,-0.0,0.25,0.0,300.0,0.0,0.25,0.0,0.75,0.0037813782691955566,0.004033303260803223,0.059968025330315686,0.00383758544921875,0.0,0,cd8aaec2-f0fc-4e71-a8ce-bec3c231320a,20260815,aggregate,benign-ecs-geo,0,opendns
4,4,1,4,473,0.25,1.0,1,4,1,1.0,0.0,0.0,-0.0,-0.0,0.25,0.0,300.0,0.0,0.25,0.0,0.75,0.004709064960479736,0.004992914199829101,0.047608058362965375,0.0049076080322265625,0.0,0,dc5aa081-d1fc-40b5-901a-3eddfc0675a9,20260815,aggregate,benign-ecs-geo,0,cloudflare
4,4,1,4,329,0.25,1.0,1,4,1,1.0,0.0,0.0,-0.0,-0.0,0.25,0.0,1314.0,0.0,0.25,0.0,0.75,0.0009965896606445312,0.0013059377670288086,0.2442753603698057,0.0011944770812988281,0.0,0,21988fb0-5d65-4dc3-9fb2-08811ae5ba60,20260815,aggregate,benign-ecs-geo,0,opendns
4,4,1,4,506,0.25,1.0,1,4,1,1.0,0.0,0.0,-0.0,-0.0,0.25,0.0,60.0,0.0,0.25,0.0,0.75,0.014786183834075928,0.015004754066467285,0.012260592705363716,0.014806509017944336,0.0,0,2569390c-31fe-4dd0-b6cd-3eed1772e851,20260815,aggregate,benign-ecs-geo,0,cloudflare
4,4,1,4,541,0.25,1.0,1,4,1,1.0,0.0,0.0,-0.0,-0.0,0.25,0.0,60.0,0.0,0.25,0.0,0.75,0.03633016347885132,0.03664982318878174,0.006802000832561822,0.03647756576538086,0.0,0,dc2399b7-1ab6-4610-9ab9-64c7c045202a,20260815,aggregate,benign-ecs-geo,0,cloudflare
4,4,1,4,531,0.25,1.0,1,4,1,1.0,0.0,0.0,-0.0,-0.0,0.25,0.0,60.0,0.0,0.25,0.0,0.75,0.030594706535339355,0.030941998958587645,0.00880630485804319,0.030806303024291992,0.0,0,40c473c0-6cd8-4ce5-b98d-56c85a856cc7,20260815,aggregate,benign-ecs-geo,0,quad9
4,4,1,4,526,0.25,1.0,1,4,1,1.0,0.0,0.0,-0.0,-0.0,0.25,0.0,60.0,0.0,0.25,0.0,0.75,0.02256852388381958,0.02284238338470459,0.00906084045463907,0.022774457931518555,0.0,0,4ad61026-dcbb-41d0-877d-2007f5e266fb,20260815,aggregate,benign-ecs-geo,0,cloudflare
4,4,1,4,526,0.25,1.0,1,4,1,1.0,0.0,0.0,-0.0,-0.0,0.25,0.0,60.0,0.0,0.25,0.0,0.75,0.015649259090423584,0.016287672519683837,0.030698974065294593,0.015641450881958008,0.0,0,fdbb28b1-3e44-4d1c-803c-086444bdbf1e,20260815,aggregate,benign-ecs-geo,0,cloudflare
4,4,1,4,531,0.25,1.0,1,4,1,1.0,0.0,0.0,-0.0,-0.0,0.25,0.0,60.0,0.0,0.25,0.0,0.75,0.014248669147491455,0.014631998538970948,0.019935410502617764,0.014506340026855469,0.0,0,7c31f155-19f9-4450-abd4-e86531437d99,20260815,aggregate,benign-ecs-geo,0,opendns
4,4,1,4,516,0.25,1.0,1,4,1,1.0,0.0,0.0,-0.0,-0.0,0.25,0.0,60.0,0.0,0.25,0.0,0.75,0.03500628471374512,0.0353702187538147,0.007909803232398429,0.03516840934753418,0.0,0,30d16ed5-b112-4e42-b26b-f6c768362251,20260815,aggregate,benign-ecs-geo,0,cloudflare
4,4,1,4,383,0.25,1.0,1,4,1,1.0,0.0,0.0,-0.0,-0.0,0.25,0.0,120.0,0.0,0.25,0.0,0.75,0.01382821798324585,0.014257144927978516,0.023178376742936362,0.014158248901367188,0.0,0,a5a8686d-5e15-41b7-8bc9-36d3165cb7de,20260815,aggregate,benign-ecs-geo,0,google
4,4,1,4,566,0.25,1.0,1,4,1,1.0,0.0,0.0,-0.0,-0.0,0.25,0.0,60.0,0.0,0.25,0.0,0.75,0.015723824501037598,0.01601825952529907,0.015773209474217988,0.01570606231689453,0.0,0,ea63aad0-93ba-4900-bcde-d9b7096e872e,20260815,aggregate,benign-ecs-geo,0,cloudflare
4,4,1,4,753,0.25,1.0,1,4,1,1.0,0.0,0.0,-0.0,-0.0,0.25,0.0,300.0,0.0,0.25,0.0,0.75,0.003577113151550293,0.003973102569580078,0.08642905402564716,0.003765106201171875,0.0,0,de261124-4faa-4532-a083-cfb1e5746995,20260815,aggregate,benign-ecs-geo,0,google
4,4,1,4,359,0.25,1.0,1,4,1,1.0,0.0,0.0,-0.0,-0.0,0.25,0.0,15.0,0.0,0.25,0.0,0.75,0.0021747350692749023,0.002550852298736572,0.1407537375247598,0.0022077560424804688,0.0,0,f23a6882-07fd-42f5-accb-9a91771973e7,20260815,aggregate,benign-ecs-geo,0,quad9
4,4,1,4,491,0.25,1.0,1,4,1,1.0,0.0,0.0,-0.0,-0.0,0.25,0.0,60.0,0.0,0.25,0.0,0.75,0.020946621894836426,0.021322262287139893,0.013258467909963162,0.02105236053466797,0.0,0,54a6ccf4-b123-4a2d-82fb-9db2e6378c03,20260815,aggregate,benign-ecs-geo,0,cloudflare
4,4,1,4,669,0.25,1.0,1,4,1,1.0,0.0,0.0,-0.0,-0.0,0.25,0.0,300.0,0.0,0.25,0.0,0.75,0.003059983253479004,0.0034423828125,0.09974976483020852,0.003293275833129883,0.0,0,39180517-659a-4800-9413-fc1b0bf658eb,20260815,aggregate,benign-ecs-geo,0,opendns
4,4,1,4,516,0.25,1.0,1,4,1,1.0,0.0,0.0,-0.0,-0.0,0.25,0.0,41.0,0.0,0.25,0.0,0.75,0.0014945268630981445,0.0017734766006469727,0.1438398335956954,0.0015292167663574219,0.0,0,805795da-eb62-4e4e-bbdb-41e42171ebea,20260815,aggregate,benign-ecs-geo,0,cloudflare
4,4,1,4,674,0.25,1.0,1,4,1,1.0,0.0,0.0,-0.0,-0.0,0.25,0.0,115.0,0.0,0.25,0.0,0.75,0.0018224120140075684,0.0020713090896606443,0.1108128973748613,0.002010345458984375,0.0,0,4b787003-b00c-4142-b3ba-d3520b30402d,20260815,aggregate,benign-ecs-geo,0,opendns
4,4,1,4,679,0.25,1.0,1,4,1,1.0,0.0,0.0,-0.0,-0.0,0.25,0.0,300.0,0.0,0.25,0.0,0.75,0.004075229167938232,0.004511940479278565,0.0829263876180356,0.004492521286010742,0.0,0,95401826-d392-4328-913c-55dd6fe9dbc5,20260815,aggregate,benign-ecs-geo,0,cloudflare
4,4,1,4,289,0.25,1.0,1,4,1,1.0,0.0,0.0,-0.0,-0.0,0.25,0.0,114.0,0.0,0.25,0.0,0.75,0.0015328526496887207,0.0018120408058166504,0.15529250481561122,0.0017626285552978516,0.0,0,0b75efa9-ad36-46be-b2a5-e54f77690a4b,20260815,aggregate,benign-ecs-geo,0,opendns
4,4,1,4,566,0.25,1.0,1,4,1,1.0,0.0,0.0,-0.0,-0.0,0.25,0.0,60.0,0.0,0.25,0.0,0.75,0.04337918758392334,0.04365496635437012,0.005380533541764625,0.0434110164642334,0.0,0,917faa6e-a1f9-4d09-a6d4-8f43475b39e7,20260815,aggregate,benign-ecs-geo,0,cloudflare
4,4,1,4,604,0.25,1.0,1,4,1,1.0,0.0,0.0,-0.0,-0.0,0.25,0.0,278.0,0.0,0.25,0.0,0.75,0.0018036365509033203,0.002135980129241943,0.14274463790861108,0.001987457275390625,0.0,0,de9a45ef-c0fc-4861-87bf-160cd9c8772f,20260815,aggregate,benign-ecs-geo,0,quad9
4,4,1,4,314,0.25,1.0,1,4,1,1.0,0.0,0.0,-0.0,-0.0,0.25,0.0,60.0,0.0,0.25,0.0,0.75,0.016601383686065674,0.016968250274658203,0.017193830614014687,0.016606807708740234,0.0,0,c9728ee2-707f-4394-ab26-ebe16da5eee8,20260815,aggregate,benign-ecs-geo,0,opendns
4,4,1,4,684,0.25,1.0,1,4,1,1.0,0.0,0.0,-0.0,-0.0,0.25,0.0,300.0,0.0,0.25,0.0,0.75,0.0026894211769104004,0.0030148148536682127,0.09776426688603035,0.002711772918701172,0.0,0,50f3dee2-36a4-4fa7-9a16-2865eb7bfaf7,20260815,aggregate,benign-ecs-geo,0,quad9
4,4,1,4,309,0.25,1.0,1,4,1,1.0,0.0,0.0,-0.0,-0.0,0.25,0.0,300.0,0.0,0.25,0.0,0.75,0.0033686161041259766,0.003875887393951416,0.11406355825881745,0.003565073013305664,0.0,0,f36ea40a-28e3-45c9-a1fa-436cb62679d4,20260815,aggregate,benign-ecs-geo,0,opendns
4,4,1,4,720,0.25,1.0,1,4,1,1.0,0.0,0.0,-0.0,-0.0,0.25,0.0,130.0,0.8659912403727689,0.25,0.0,0.75,0.0030559301376342773,0.003356945514678955,0.07671060231014853,0.0031020641326904297,0.0,0,eb4dcc45-689b-4bf4-994a-0d7853307744,20260815,aggregate,benign-ecs-geo,0,google
4,4,1,4,654,0.25,1.0,1,4,1,1.0,0.0,0.0,-0.0,-0.0,0.25,0.0,23.0,0.0,0.25,0.0,0.75,0.0014871954917907715,0.0018097877502441405,0.16718057200804343,0.0016858577728271484,0.0,0,46e9cd0a-abb1-4259-af69-478eb68a2058,20260815,aggregate,benign-ecs-geo,0,google
4,4,1,4,319,0.25,1.0,1,4,1,1.0,0.0,0.0,-0.0,-0.0,0.25,0.0,300.0,0.0,0.25,0.0,0.75,0.0027768611907958984,0.002976655960083008,0.06210311138680921,0.002846240997314453,0.0,0,92440831-8a8b-40a6-90d1-81b1cdb7d4bf,20260815,aggregate,benign-ecs-geo,0,quad9
4,4,1,4,664,0.25,1.0,1,4,1,1.0,0.0,0.0,-0.0,-0.0,0.25,0.0,300.0,0.0,0.25,0.0,0.75,0.002206563949584961,0.0024156570434570312,0.07995137745118278,0.0022704601287841797,0.0,0,884dd230-f796-4564-b824-af932fcb6fa4,20260815,aggregate,benign-ecs-geo,0,google
4,4,1,4,383,0.25,1.0,1,4,1,1.0,0.0,0.0,-0.0,-0.0,0.25,0.0,20.0,0.0,0.25,0.0,0.75,0.01218259334564209,0.012493479251861572,0.018664939566470563,0.012324333190917969,0.0,0,7e0efd23-1d63-4d37-a1f6-a650a1878cc4,20260815,aggregate,benign-ecs-geo,0,quad9
4,4,1,4,324,0.25,1.0,1,4,1,1.0,0.0,0.0,-0.0,-0.0,0.25,0.0,300.0,0.0,0.25,0.0,0.75,0.002880573272705078,0.003197610378265381,0.08121391560848355,0.0029973983764648438,0.0,0,183370f5-754b-42cd-af58-e80eac4186d8,20260815,aggregate,benign-ecs-geo,0,cloudflare
4,4,1,4,349,0.25,1.0,1,4,1,1.0,0.0,0.0,-0.0,-0.0,0.25,0.0,300.0,0.0,0.25,0.0,0.75,0.003231048583984375,0.0035779833793640136,0.08247831831125423,0.0032308101654052734,0.0,0,20667658-b19e-4084-ab65-998c7e4b555d,20260815,aggregate,benign-ecs-geo,0,google
4,4,1,4,664,0.25,1.0,1,4,1,1.0,0.0,0.0,-0.0,-0.0,0.25,0.0,87.0,0.0,0.25,0.0,0.75,0.0013619065284729004,0.0017606973648071288,0.21226315031946388,0.0017211437225341797,0.0,0,372eac2a-09ef-465a-ae45-6e23208a27d3,20260815,aggregate,benign-ecs-geo,0,quad9
4,4,1,4,506,0.25,1.0,1,4,1,1.0,0.0,0.0,-0.0,-0.0,0.25,0.0,60.0,0.0,0.25,0.0,0.75,0.03495126962661743,0.03515167236328125,0.00480017680608496,0.0349888801574707,0.0,0,5d442f78-c111-4f26-a91e-435d5cf37742,20260815,aggregate,benign-ecs-geo,0,cloudflare
4,4,1,4,309,0.25,1.0,1,4,1,1.0,0.0,0.0,-0.0,-0.0,0.25,0.0,33.0,0.0,0.25,0.0,0.75,0.0014006495475769043,0.0016447067260742187,0.13229179879121541,0.0015039443969726562,0.0,0,528074fa-fb41-45a5-9232-1c32c1ad40b4,20260815,aggregate,benign-ecs-geo,0,cloudflare
4,4,1,4,324,0.25,1.0,1,4,1,1.0,0.0,0.0,-0.0,-0.0,0.25,0.0,60.0,0.0,0.25,0.0,0.75,0.019214391708374023,0.01942514181137085,0.009239614519986504,0.019099712371826172,0.0,0,e829d9f0-f506-4ac5-8c13-d79de1981a9b,20260815,aggregate,benign-ecs-geo,0,opendns
4,4,1,4,369,0.25,1.0,1,4,1,1.0,0.0,0.0,-0.0,-0.0,0.25,0.0,251.0,0.0,0.25,0.0,0.75,0.0015285611152648926,0.0018091082572937011,0.13572031641257834,0.0017392635345458984,0.0,0,2213f329-4576-4d65-8a16-b2b091489d40,20260815,aggregate,benign-ecs-geo,0,cloudflare
4,4,1,4,526,0.25,1.0,1,4,1,1.0,0.0,0.0,-0.0,-0.0,0.25,0.0,60.0,0.0,0.25,0.0,0.75,0.04802405834197998,0.04833333492279053,0.004930037806710084,0.04782390594482422,0.0,0,930cd70f-bea3-4e58-b164-7c15c7fff85e,20260815,aggregate,benign-ecs-geo,0,opendns
4,4,1,4,294,0.25,1.0,1,4,1,1.0,0.0,0.0,-0.0,-0.0,0.25,0.0,60.0,0.0,0.25,0.0,0.75,0.029336988925933838,0.029548501968383788,0.005746214655594852,0.02943873405456543,0.0,0,276a2a88-d70a-4ca7-ace8-11d51c7763dd,20260815,aggregate,benign-ecs-geo,0,google
4,4,1,4,383,0.25,1.0,1,4,1,1.0,0.0,0.0,-0.0,-0.0,0.25,0.0,8.0,0.0,0.25,0.0,0.75,0.015278398990631104,0.015513885021209716,0.012609106542949607,0.015302896499633789,0.0,0,a81b75e0-5d44-491b-b919-415664867772,20260815,aggregate,benign-ecs-geo,0,cloudflare
4,4,1,4,506,0.25,1.0,1,4,1,1.0,0.0,0.0,-0.0,-0.0,0.25,0.0,60.0,0.0,0.25,0.0,0.75,0.04319816827774048,0.04364722967147827,0.007632773513618193,0.043303489685058594,0.0,0,839c14cc-4b87-484a-a782-03f8aee92e30,20260815,aggregate,benign-ecs-geo,0,opendns
4,4,1,4,536,0.25,1.0,1,4,1,1.0,0.0,0.0,-0.0,-0.0,0.25,0.0,60.0,0.0,0.25,0.0,0.75,0.0354803204536438,0.035708487033843994,0.004989557050123592,0.03564310073852539,0.0,0,fd231ea8-5e2c-4ad3-ac07-909544e20f70,20260815,aggregate,benign-ecs-geo,0,quad9
4,4,1,4,506,0.25,1.0,1,4,1,1.0,0.0,0.0,-0.0,-0.0,0.25,0.0,60.0,0.0,0.25,0.0,0.75,0.03683561086654663,0.0371129035949707,0.006084297481981229,0.03688645362854004,0.0,0,785e0eba-845d-42b4-87d5-526b96a407d9,20260815,aggregate,benign-ecs-geo,0,quad9
4,4,1,4,383,0.25,1.0,1,4,1,1.0,0.0,0.0,-0.0,-0.0,0.25,0.0,10.0,0.0,0.25,0.0,0.75,0.013116419315338135,0.013359498977661134,0.014475224811144867,0.013124942779541016,0.0,0,7c452014-d4be-49b0-8dca-0ec00c78cc8e,20260815,aggregate,benign-ecs-geo,0,google
4,4,1,4,541,0.25,1.0,1,4,1,1.0,0.0,0.0,-0.0,-0.0,0.25,0.0,60.0,0.0,0.25,0.0,0.75,0.03665107488632202,0.03692969083786011,0.005758902352543819,0.03663229942321777,0.0,0,82bc0a94-9613-4f5b-819b-fab72cb83d69,20260815,aggregate,benign-ecs-geo,0,quad9
4,4,1,4,309,0.25,1.0,1,4,1,1.0,0.0,0.0,-0.0,-0.0,0.25,0.0,300.0,0.0,0.25,0.0,0.75,0.0038208961486816406,0.004065394401550293,0.05104157989376756,0.00393986701965332,0.0,0,0667ef76-f4bc-4f8d-b133-ebeeb6b4d5e0,20260815,aggregate,benign-ecs-geo,0,google
4,4,1,4,423,0.25,1.0,1,4,1,1.0,0.0,0.0,-0.0,-0.0,0.25,0.0,300.0,0.0,0.25,0.0,0.75,0.0031951069831848145,0.0034621596336364747,0.06504034115155574,0.0033349990844726562,0.0,0,f0877f58-da11-4f73-8bcf-19fc1b98eb0c,20260815,aggregate,benign-ecs-geo,0,google
4,4,1,4,1334,0.25,1.0,1,4,1,1.0,0.0,0.0,-0.0,-0.0,0.25,0.0,300.0,0.0,0.25,0.0,0.75,0.0027573108673095703,0.0031536102294921872,0.10674435634807868,0.002922534942626953,0.0,0,d14d79c7-2647-4011-b7f7-3df97f193ac0,20260815,aggregate,benign-ecs-geo,0,quad9
4,4,1,4,526,0.25,1.0,1,4,1,1.0,0.0,0.0,-0.0,-0.0,0.25,0.0,60.0,0.0,0.25,0.0,0.75,0.015060603618621826,0.015291988849639893,0.013073806797758394,0.01509857177734375,0.0,0,7165c365-aafc-4f98-8e9a-0c8547531fba,20260815,aggregate,benign-ecs-geo,0,opendns
4,4,1,4,339,0.25,1.0,1,4,1,1.0,0.0,0.0,-0.0,-0.0,0.25,0.0,300.0,0.0,0.25,0.0,0.75,0.0029706358909606934,0.0032547950744628907,0.0754867221272396,0.003133535385131836,0.0,0,b78c8d42-4261-4591-8bf3-c7f10e5c5ba0,20260815,aggregate,benign-ecs-geo,0,opendns
4,4,1,4,423,0.25,1.0,1,4,1,1.0,0.0,0.0,-0.0,-0.0,0.25,0.0,300.0,0.0,0.25,0.0,0.75,0.0031971335411071777,0.0036034584045410156,0.09380407385221486,0.0032835006713867188,0.0,0,77e60e8e-6fa2-48c3-a423-ab0a52d54766,20260815,aggregate,benign-ecs-geo,0,google
4,4,1,4,654,0.25,1.0,1,4,1,1.0,0.0,0.0,-0.0,-0.0,0.25,0.0,23.0,0.0,0.25,0.0,0.75,0.001695871353149414,0.001950705051422119,0.13782305662710417,0.001775503158569336,0.0,0,d3bb6f87-5e56-4639-a98f-29924e0c8532,20260815,aggregate,benign-ecs-geo,0,cloudflare
4,4,1,4,329,0.25,1.0,1,4,1,1.0,0.0,0.0,-0.0,-0.0,0.25,0.0,14.0,0.0,0.25,0.0,0.75,0.0015661120414733887,0.0018205881118774413,0.13323827811069533,0.0016322135925292969,0.0,0,e36b3bf7-2925-45fa-8d5e-3fdd3ab52448,20260815,aggregate,benign-ecs-geo,0,google
4,4,1,4,309,0.25,1.0,1,4,1,1.0,0.0,0.0,-0.0,-0.0,0.25,0.0,111.0,0.0,0.25,0.0,0.75,0.0012832283973693848,0.00157243013381958,0.16734159431721407,0.0014333724975585938,0.0,0,bc633c7a-7ce8-48e2-808c-23f3643a1c7a,20260815,aggregate,benign-ecs-geo,0,google
4,4,1,4,354,0.25,1.0,1,4,1,1.0,0.0,0.0,-0.0,-0.0,0.25,0.0,14.0,0.0,0.25,0.0,0.75,0.010681748390197754,0.012414515018463133,0.11587559562282128,0.012772560119628906,0.0,0,960ee857-6bcf-4b20-9b4a-1c313bbad1e5,20260815,aggregate,benign-ecs-geo,0,google
4,4,1,4,294,0.25,1.0,1,4,1,1.0,0.0,0.0,-0.0,-0.0,0.25,0.0,1071.0,0.0,0.25,0.0,0.75,0.0017666816711425781,0.002151238918304443,0.167532948392545,0.0019364356994628906,0.0,0,97b3200c-fa6b-4fe4-b1e7-f33f8cc20c78,20260815,aggregate,benign-ecs-geo,0,google
4,4,1,4,566,0.25,1.0,1,4,1,1.0,0.0,0.0,-0.0,-0.0,0.25,0.0,60.0,0.0,0.25,0.0,0.75,0.015321016311645508,0.015531957149505615,0.01117627781449465,0.015367984771728516,0.0,0,a386021e-c688-4552-bb10-b72b2398b747,20260815,aggregate,benign-ecs-geo,0,cloudflare
4,4,1,4,689,0.25,1.0,1,4,1,1.0,0.0,0.0,-0.0,-0.0,0.25,0.0,300.0,0.0,0.25,0.0,0.75,0.007536411285400391,0.007823145389556885,0.028458193776096596,0.007762432098388672,0.0,0,d139906a-696c-4d6d-aaea-657d08e48955,20260815,aggregate,benign-ecs-geo,0,quad9
4,4,1,4,664,0.25,1.0,1,4,1,1.0,0.0,0.0,-0.0,-0.0,0.25,0.0,300.0,0.0,0.25,0.0,0.75,0.0027280449867248535,0.003158247470855713,0.11728197726756386,0.002732515335083008,0.0,0,598836f0-39ac-4cd0-bb49-9b22235f5a02,20260815,aggregate,benign-ecs-geo,0,google
4,4,1,4,659,0.25,1.0,1,4,1,1.0,0.0,0.0,-0.0,-0.0,0.25,0.0,250.0,0.0,0.25,0.0,0.75,0.001344919204711914,0.0017186999320983885,0.20265633191501464,0.001577615737915039,0.0,0,1ee312c3-6ccc-4f7f-8bf2-177b1f1190df,20260815,aggregate,benign-ecs-geo,0,google
4,4,1,4,289,0.25,1.0,1,4,1,1.0,0.0,0.0,-0.0,-0.0,0.25,0.0,60.0,0.0,0.25,0.0,0.75,0.032257795333862305,0.032488811016082766,0.0058886790678407555,0.03227663040161133,0.0,0,5e0d30d8-b479-4f42-b814-7fa7c137b3be,20260815,aggregate,benign-ecs-geo,0,google
4,4,1,4,506,0.25,1.0,1,4,1,1.0,0.0,0.0,-0.0,-0.0,0.25,0.0,37.0,0.0,0.25,0.0,0.75,0.0014363527297973633,0.0017999410629272459,0.1940949310441264,0.001667022705078125,0.0,0,32785760-a13e-4f1c-8e37-67323f51f653,20260815,aggregate,benign-ecs-geo,0,quad9
4,4,1,4,309,0.25,1.0,1,4,1,1.0,0.0,0.0,-0.0,-0.0,0.25,0.0,300.0,0.0,0.25,0.0,0.75,0.0031295418739318848,0.0034930229187011717,0.08857119970013438,0.00311279296875,0.0,0,7792bfc5-5711-45b7-9781-69727930788d,20260815,aggregate,benign-ecs-geo,0,opendns
4,4,1,4,526,0.25,1.0,1,4,1,1.0,0.0,0.0,-0.0,-0.0,0.25,0.0,60.0,0.0,0.25,0.0,0.75,0.0428580641746521,0.04313513040542603,0.004903549464467819,0.043090105056762695,0.0,0,8d36d87a-cfd3-4ac5-b0c1-6e70462b82c0,20260815,aggregate,benign-ecs-geo,0,quad9
4,4,1,4,531,0.25,1.0,1,4,1,1.0,0.0,0.0,-0.0,-0.0,0.25,0.0,60.0,0.0,0.25,0.0,0.75,0.01674407720565796,0.017010176181793214,0.013823788732273927,0.016788005828857422,0.0,0,0ee4981e-dd06-4e57-9f79-7ae55701e10a,20260815,aggregate,benign-ecs-geo,0,google
4,4,1,4,369,0.25,1.0,1,4,1,1.0,0.0,0.0,-0.0,-0.0,0.25,0.0,300.0,0.0,0.25,0.0,0.75,0.003554821014404297,0.003836965560913086,0.06220453897076831,0.003709554672241211,0.0,0,75dee901-530e-48b1-9ad1-b0c0bd6c80b5,20260815,aggregate,benign-ecs-geo,0,google
4,4,1,4,309,0.25,1.0,1,4,1,1.0,0.0,0.0,-0.0,-0.0,0.25,0.0,300.0,0.0,0.25,0.0,0.75,0.0035496950149536133,0.003932070732116699,0.08257156923561634,0.0035545825958251953,0.0,0,ae66f303-6db4-4f10-b1d2-0635723c0943,20260815,aggregate,benign-ecs-geo,0,google
4,4,4,4,438,1.0,1.0,4,0,0,0.0,0.0,0.0,1.0,1.0,1.0,0.75,191.85714285714286,0.8938402262685616,0.25,0.0,0.0,0.016175150871276855,0.04169371128082274,1.1282138292377881,0.01592952013015747,0.0,0,b0ecd7f7-9418-494d-8a81-de00f75da50e,20260815,aggregate,benign-burst,0,opendns
4,4,4,4,592,1.0,1.0,4,0,0,0.0,0.0,0.0,1.0,1.0,1.0,0.75,156.125,0.7461415463745128,0.25,0.0,0.0,0.013229310512542725,0.03828169107437132,1.3529855784496831,0.012933969497680664,0.0,0,ef7f4caf-dd87-4af7-84d7-9a1ab7a76712,20260815,aggregate,benign-burst,0,cloudflare
4,4,4,4,452,1.0,1.0,4,0,0,0.0,0.0,0.0,1.0,1.0,1.0,0.75,63.875,1.4274168993673153,0.25,0.0,0.0,0.0051795244216918945,0.011944878101348873,0.9348248926371079,0.00499492883682251,0.0,0,be4885b2-b98d-46ba-969e-e266839f62df,20260815,aggregate,benign-burst,0,cloudflare
4,4,4,4,432,1.0,1.0,4,0,0,0.0,0.0,0.0,1.0,1.0,1.0,0.75,435.1666666666667,1.7996399724702898,0.25,0.0,0.0,0.0021152496337890625,0.0029443025588989256,0.3139094834489404,0.002047717571258545,0.0,0,c766f6ba-fa7d-492a-a95f-2c744c9bbfd6,20260815,aggregate,benign-burst,0,quad9
4,4,4,4,492,1.0,1.0,4,0,0,0.0,0.0,0.0,1.0,1.0,1.0,0.75,1215.090909090909,1.28835965550279,0.25,0.0,0.0,0.001962602138519287,0.0023253798484802247,0.16289495933072143,0.0018793344497680664,0.0,0,5b866023-5015-49be-b3de-060014001896,20260815,aggregate,benign-burst,0,opendns
4,4,4,4,556,1.0,1.0,4,0,0,0.0,0.0,0.0,1.0,1.0,1.0,0.75,858.9333333333333,1.5509023084480913,0.25,0.0,0.0,0.012482523918151855,0.02797768115997314,0.9323587638166803,0.012245118618011475,0.0,0,3d84805a-65c4-40db-8f3f-ba28d7f8ec33,20260815,aggregate,benign-burst,0,opendns
4,4,4,4,540,1.0,1.0,4,0,0,0.0,0.0,0.0,1.0,1.0,1.0,0.75,399.53846153846155,1.7119960770465916,0.25,0.0,0.0,0.002361595630645752,0.002839207649230957,0.15462850434560127,0.0021154284477233887,0.0,0,219332f8-4d56-41f3-acaa-ee26428be778,20260815,aggregate,benign-burst,0,opendns
4,4,4,4,414,1.0,1.0,4,0,0,0.0,0.0,0.0,1.0,1.0,1.0,0.75,243.14285714285714,0.7902081075992482,0.25,0.0,0.0,0.004989504814147949,0.012452948093414302,1.0685296087975458,0.0048212409019470215,0.0,0,7ad37111-6e6e-4285-aac5-15061c096f29,20260815,aggregate,benign-burst,0,quad9
4,4,1,4,324,0.25,1.0,0,4,1,1.0,0.0,0.0,-0.0,-0.0,0.25,0.0,6522.0,0.0,0.25,0.0,0.75,2.502189815044403,2.505173087120056,0.0008802917002246518,0.0,0.0,0,ef9c881c-49bf-46ea-a394-9b52c189bb5e,20260815,aggregate,benign-ecs-geo,0,cloudflare
3,3,2,3,293,0.6666666666666666,1.0,1,1,1,0.5,0.0,0.0,1.0,1.0,0.3333333333333333,0.0,300.0,0.0,0.3333333333333333,0.0,0.3333333333333333,0.8372865517934164,2.257155704498291,1.4105094331849,0.0042493343353271484,0.0,0,fab1592d-c86f-4c18-9ca8-933437a02ab2,20260815,aggregate,benign-ecs-stable,0,quad9
4,4,2,4,580,0.5,1.0,1,4,2,1.0,0.0,0.0,1.0,1.0,0.5,0.25,298.5263157894737,0.020943924407499998,0.25,0.0,0.5,0.6275370121002197,2.1304126620292654,1.7279395880775976,0.0027246475219726562,0.0,0,632a23d3-48f8-4743-98c3-7a4bfd70e55f,20260815,aggregate,benign-ecs-geo,0,opendns
4,4,1,4,364,0.25,1.0,0,4,1,1.0,0.0,0.0,-0.0,-0.0,0.25,0.0,300.0,0.0,0.25,0.0,0.75,2.504126250743866,2.506778347492218,0.0007632740586401515,0.0,0.0,0,214a9d0e-4155-47d0-b6fa-10b50bb7a70c,20260815,aggregate,benign-ecs-geo,0,opendns
4,4,1,4,516,0.25,1.0,0,4,1,1.0,0.0,0.0,-0.0,-0.0,0.25,0.0,60.0,0.0,0.25,0.0,0.75,2.5162436962127686,2.518674349784851,0.0006905755796033799,0.0,0.0,0,2b5aeb5c-780d-464c-8051-6ec4f61e09b3,20260815,aggregate,benign-ecs-geo,0,cloudflare
4,4,4,4,472,1.0,1.0,3,0,0,0.0,0.0,0.0,1.0,1.0,1.0,0.75,4171.0,1.3151234043299758,0.25,0.0,0.0,0.005957961082458496,0.011869430541992184,0.7145657497154317,0.005304932594299316,0.0,0,d957b4e5-001d-430c-b18b-5efe33a9794f,20260815,aggregate,benign-burst,0,cloudflare
4,4,4,4,404,1.0,1.0,4,0,0,0.0,0.0,0.0,1.0,1.0,1.0,0.75,785.2,1.7925814100741022,0.25,0.0,0.0,0.005917668342590332,0.012869405746459957,0.8426717679115213,0.0052912235260009766,0.0,0,bd7c1c8e-39ac-403b-86c0-28b530271094,20260815,aggregate,benign-burst,0,opendns
4,4,1,4,359,0.25,1.0,0,4,1,1.0,0.0,0.0,-0.0,-0.0,0.25,0.0,300.0,0.0,0.25,0.0,0.75,2.5149239897727966,2.5160109281539915,0.00033077244555119155,0.0,0.0,0,46df05d8-3710-4185-9195-dd7c2830331e,20260815,aggregate,benign-ecs-geo,0,google
4,4,1,4,516,0.25,1.0,0,4,1,1.0,0.0,0.0,-0.0,-0.0,0.25,0.0,60.0,0.0,0.25,0.0,0.75,2.530953347682953,2.5343698859214783,0.0009764933912689785,0.0,0.0,0,cbde07ad-57ea-426d-a462-ead778ebde93,20260815,aggregate,benign-ecs-geo,0,google
4,4,1,4,329,0.25,1.0,0,4,1,1.0,0.0,0.0,-0.0,-0.0,0.25,0.0,13.0,0.0,0.25,0.0,0.75,2.504824221134186,2.505266547203064,0.0001576603554152596,0.0,0.0,0,760897f0-bd23-4920-889e-5628b8f21361,20260815,aggregate,benign-ecs-geo,0,quad9
4,4,1,4,383,0.25,1.0,0,4,1,1.0,0.0,0.0,-0.0,-0.0,0.25,0.0,120.0,0.0,0.25,0.0,0.75,2.5158225893974304,2.5160734057426453,7.846985163922852e-05,0.0,0.0,0,a9667c7c-bb6c-4539-a4ce-9045bda19832,20260815,aggregate,benign-ecs-geo,0,quad9
4,4,4,4,504,1.0,1.0,4,0,0,0.0,0.0,0.0,1.0,1.0,1.0,0.75,261.9166666666667,0.20720366617250657,0.25,0.0,0.0,0.005027413368225098,0.012887573242187495,1.127753919005315,0.0048410892486572266,0.0,0,6c55f75a-e06d-4703-bdcf-08e3b671b59e,20260815,aggregate,benign-burst,0,quad9
4,4,4,4,460,1.0,1.0,1,0,0,0.0,0.0,0.0,1.0,1.0,1.0,0.75,387.875,1.7444755728665338,0.25,0.0,0.0,1.8831197619438171,2.518476903438568,0.576708448856086,0.0019562244415283203,0.0,0,38cf52fa-aa44-4f80-b245-e2d5df99a021,20260815,aggregate,benign-burst,0,google
4,4,4,4,510,1.0,1.0,4,0,0,0.0,0.0,0.0,1.0,1.0,1.0,0.75,474.54545454545456,1.7357542056182542,0.25,0.0,0.0,0.0024905800819396973,0.0028485774993896483,0.152759790261579,0.0021866559982299805,0.0,0,e9c62894-8b01-49c6-b13d-92014b6fb2e7,20260815,aggregate,benign-burst,0,quad9
4,4,4,4,446,1.0,1.0,4,0,0,0.0,0.0,0.0,1.0,1.0,1.0,0.75,515.125,2.2814213135370625,0.25,0.0,0.0,0.005013525485992432,0.01205947399139404,1.0079258128947715,0.004819095134735107,0.0,0,d707989e-0f0e-4ff0-8125-2a408fb972d8,20260815,aggregate,benign-burst,0,opendns
4,4,4,4,534,1.0,1.0,4,0,0,0.0,0.0,0.0,1.0,1.0,1.0,0.75,5628.5,1.140982693936794,0.25,0.0,0.0,0.006264328956604004,0.017174267768859858,1.2486091703097695,0.006054699420928955,0.0,0,29d76983-96b1-41d4-887b-7f2b08cbec0a,20260815,aggregate,benign-burst,0,cloudflare
4,4,4,4,482,1.0,1.0,4,0,0,0.0,0.0,0.0,1.0,1.0,1.0,0.75,73.4,0.8863379509033484,0.25,0.0,0.0,0.0024983882904052734,0.0028888583183288574,0.1641824701695139,0.0022359490394592285,0.0,0,0bbd63e3-68b2-4333-8b1c-a87369de3cd2,20260815,aggregate,benign-burst,0,quad9
4,4,4,4,458,1.0,1.0,4,0,0,0.0,0.0,0.0,1.0,1.0,1.0,0.75,93.875,0.6625848814635785,0.25,0.0,0.0,0.009925782680511475,0.029213809967041003,1.4006864500559184,0.009765803813934326,0.0,0,42e2d3e7-4708-4719-87b7-468a0038803d,20260815,aggregate,benign-burst,0,cloudflare
4,4,4,4,488,1.0,1.0,4,0,0,0.0,0.0,0.0,1.0,1.0,1.0,0.75,733.2,1.7055388482898306,0.25,0.0,0.0,0.05683237314224243,0.18815561532974234,1.667462182727347,0.05667144060134888,0.0,0,1a03523d-a5a1-4549-8754-ce74f689d09b,20260815,aggregate,benign-burst,0,cloudflare
4,4,4,4,486,1.0,1.0,4,0,0,0.0,0.0,0.0,1.0,1.0,1.0,0.75,26.2,0.7125863224497687,0.25,0.0,0.0,0.004998266696929932,0.01243517398834228,1.0698150996462055,0.004859983921051025,0.0,0,b24d133f-bc49-4e38-8c49-eda198bb375a,20260815,aggregate,benign-burst,0,cloudflare
4,4,1,1,241,0.25,1.0,0,4,1,1.0,0.0,0.0,-0.0,-0.0,0.5,0.25,250.0,0.0,0.5,0.0,0.75,5.003226935863495,5.0104016900062565,0.0010311529898046473,0.0,0.0,3,e2002142-4efa-481c-8ada-19a5e69c6b25,20260815,aggregate,benign-ecs-geo,0,google
4,4,4,4,512,1.0,1.0,1,0,0,0.0,0.0,0.0,1.0,1.0,1.0,0.75,880.8333333333334,1.027984594472762,0.25,0.0,0.0,1.879965603351593,2.506719243526459,0.5767760098737427,0.0018007755279541016,0.0,0,5efedaaa-f732-4648-99c0-6280d9ede005,20260815,aggregate,benign-burst,0,google
4,4,4,4,444,1.0,1.0,1,0,0,0.0,0.0,0.0,1.0,1.0,1.0,0.75,66.25,0.8020532568615957,0.25,0.0,0.0,1.8854129314422607,2.516071355342865,0.5731427061616946,0.0136566162109375,0.0,0,95fbf0e5-58a6-427f-bb31-aede298ebd51,20260815,aggregate,benign-burst,0,cloudflare
4,4,1,1,166,0.25,1.0,0,4,1,1.0,0.0,0.0,-0.0,-0.0,0.5,0.25,60.0,0.0,0.5,0.0,0.75,5.00606632232666,5.020302128791809,0.0020517071246279055,0.0,0.0,3,7668a44b-601a-4598-b9f0-091ddef7a8d9,20260815,aggregate,benign-ecs-geo,0,opendns
4,4,1,1,158,0.25,1.0,0,4,1,1.0,0.0,0.0,-0.0,-0.0,0.5,0.25,60.0,0.0,0.5,0.0,0.75,5.006238698959351,5.020859801769257,0.002107670732410255,0.0,0.0,3,b84ea313-3966-4a4b-b0e0-f880131907f5,20260815,aggregate,benign-ecs-geo,0,google
4,4,4,4,546,1.0,1.0,4,0,0,0.0,0.0,0.0,1.0,1.0,1.0,0.75,507.0,2.1745814482727246,0.25,0.0,0.0,0.0048542022705078125,0.012523818016052242,1.1360228003253066,0.004618942737579346,0.0,0,9bd6da89-6579-4259-b7bc-994ab00d56af,20260815,aggregate,benign-burst,0,google
4,4,4,4,424,1.0,1.0,3,0,0,0.0,0.0,0.0,1.0,1.0,1.0,0.75,3678.0,1.7480789410710467,0.25,0.0,0.0,0.008870422840118408,0.01563568115234375,0.7136545135870815,0.008214592933654785,0.0,0,db19f48f-5fcd-48a7-a3c7-6a87576a383b,20260815,aggregate,benign-burst,0,cloudflare
4,4,4,4,414,1.0,1.0,0,0,0,0.0,0.0,0.0,1.0,1.0,1.0,0.75,102.0,0.790802407705495,0.25,0.0,0.0,2.5093148946762085,2.519675874710083,0.002937694062001263,0.0,0.0,0,d7e0931d-c05b-476c-9c98-ba06bb3c27f0,20260815,aggregate,benign-burst,0,opendns
4,4,4,4,535,1.0,1.0,3,0,0,0.0,0.0,0.0,1.0,1.0,1.0,0.75,291.0,0.7198397444389878,0.25,0.0,0.0,0.007926344871520996,0.013828468322753905,0.6652355096770652,0.007509291172027588,0.0,0,f84b7599-155a-4c81-800b-bd66cb16309a,20260815,aggregate,benign-burst,0,google
4,4,4,4,470,1.0,1.0,0,0,0,0.0,0.0,0.0,1.0,1.0,1.0,0.75,45.6,0.32023551467143524,0.25,0.0,0.0,2.509777247905731,2.5202990889549257,0.0030179467730031308,0.0,0.0,0,98f42116-27c1-40b8-bc25-323e84c126b2,20260815,aggregate,benign-burst,0,cloudflare
4,4,4,4,390,1.0,1.0,4,0,0,0.0,0.0,0.0,1.0,1.0,1.0,0.75,283.1666666666667,0.8904685955369369,0.25,0.0,0.0,0.006362736225128174,0.012963521480560299,0.7373199583656773,0.0059476494789123535,0.0,0,6a732e07-5102-4210-8b4b-4f17d8cefae9,20260815,aggregate,benign-burst,0,quad9
4,4,4,4,544,1.0,1.0,0,0,0,0.0,0.0,0.0,1.0,1.0,1.0,0.75,282.42857142857144,0.22432109604555928,0.25,0.0,0.0,2.5145023465156555,2.525326931476593,0.003306448691699718,0.0,0.0,0,174b190f-9081-41c4-ae40-ccad9365f1bd,20260815,aggregate,benign-burst,0,quad9
4,4,4,4,418,1.0,1.0,3,0,0,0.0,0.0,0.0,1.0,1.0,1.0,0.75,1741.6666666666667,1.3557861641126843,0.25,0.0,0.0,0.001975536346435547,0.0026622414588928223,0.28318887719469976,0.0018551349639892578,0.0,0,4ad87201-b21a-4083-afe7-01a6dba4ad89,20260815,aggregate,benign-burst,0,opendns
4,4,4,4,519,1.0,1.0,4,0,0,0.0,0.0,0.0,1.0,1.0,1.0,0.75,1729.3333333333333,3.200810186518916,0.25,0.0,0.0,0.022352993488311768,0.03680472373962402,0.6026822046601141,0.02157491445541382,0.0,0,ad9055e3-8d64-4fef-9566-3f21505f5b8b,20260815,aggregate,benign-burst,0,quad9
4,4,1,1,150,0.25,1.0,0,4,1,1.0,0.0,0.0,-0.0,-0.0,0.5,0.25,60.0,0.0,0.5,0.0,0.75,5.013957619667053,5.046903693675995,0.004738304423243675,0.0,0.0,3,c0dd05ac-b06c-4dff-85bf-93ded31d2c98,20260815,aggregate,benign-ecs-geo,0,opendns
4,4,4,4,472,1.0,1.0,1,0,0,0.0,0.0,0.0,1.0,1.0,1.0,0.75,31.77777777777778,0.3565747911603346,0.25,0.0,0.0,1.8825247287750244,2.5156168937683105,0.5767550039634477,0.0018796920776367188,0.0,0,76aa4714-1f05-4c79-8c07-2f8ac1713fa1,20260815,aggregate,benign-burst,0,google
4,4,4,4,472,1.0,1.0,3,0,0,0.0,0.0,0.0,1.0,1.0,1.0,0.75,206.55555555555554,0.5226829686122493,0.25,0.0,0.0,0.008139550685882568,0.020868039131164542,1.11587247767931,0.007603347301483154,0.0,0,e319305f-888e-47e6-b3c7-91b441b29b26,20260815,aggregate,benign-burst,0,quad9
4,4,4,4,510,1.0,1.0,3,0,0,0.0,0.0,0.0,1.0,1.0,1.0,0.75,1393.0,2.813626100958696,0.25,0.0,0.0,0.0057073235511779785,0.01414200067520141,1.0573629510130467,0.005305588245391846,0.0,0,1c059dc1-7d19-4fcb-9344-d2c8561543df,20260815,aggregate,benign-burst,0,google
4,4,4,4,634,1.0,1.0,4,0,0,0.0,0.0,0.0,1.0,1.0,1.0,0.75,23.176470588235293,0.9280320716366652,0.25,0.0,0.0,0.006258964538574219,0.013928008079528804,0.8768399521269439,0.005687117576599121,0.0,0,62522dc2-90dd-46df-b981-7c6165cce197,20260815,aggregate,benign-burst,0,cloudflare
4,4,4,4,506,1.0,1.0,3,0,0,0.0,0.0,0.0,1.0,1.0,1.0,0.75,161.75,0.7322451294854202,0.25,0.0,0.0,0.006550014019012451,0.01794557571411132,1.248402872756013,0.006227374076843262,0.0,0,2ff4f43b-93cb-46de-a901-5ca57ef25562,20260815,aggregate,benign-burst,0,cloudflare
4,4,4,4,507,1.0,1.0,4,0,0,0.0,0.0,0.0,1.0,1.0,1.0,0.75,683.6363636363636,1.8090117324412256,0.25,0.0,0.0,0.006718695163726807,0.01668716669082641,1.0686563762462133,0.006414294242858887,0.0,0,d31ace1b-c05f-491e-b159-ac3a6c806101,20260815,aggregate,benign-burst,0,cloudflare
4,4,4,4,524,1.0,1.0,3,0,0,0.0,0.0,0.0,1.0,1.0,1.0,0.75,113.83333333333333,0.542370320409706,0.25,0.0,0.0,0.010718882083892822,0.030293917655944812,1.316350482882059,0.009805619716644287,0.0,0,0982cf72-2e01-4b49-9346-3d49e14299dc,20260815,aggregate,benign-burst,0,quad9
4,4,4,4,518,1.0,1.0,2,0,0,0.0,0.0,0.0,1.0,1.0,1.0,0.75,244.0,1.0202586035039491,0.25,0.0,0.0,0.01340550184249878,0.03761055469512938,1.2923482655548153,0.01295405626296997,0.0,0,eb69904c-f996-4b2b-898a-67f76fcf45eb,20260815,aggregate,benign-burst,0,quad9
4,4,4,4,517,1.0,1.0,4,0,0,0.0,0.0,0.0,1.0,1.0,1.0,0.75,316.09090909090907,0.5315225462132579,0.25,0.0,0.0,0.011960446834564209,0.0337888479232788,1.3091222449995008,0.011821210384368896,0.0,0,bda69d17-58d7-4b76-9820-f8f4b6bfbda9,20260815,aggregate,benign-burst,0,cloudflare
4,4,4,4,604,1.0,1.0,0,0,0,0.0,0.0,0.0,1.0,1.0,1.0,0.75,382.55555555555554,0.6154149060334427,0.25,0.0,0.0,2.5456153750419617,2.632143664360046,0.024277055048021728,0.0,0.0,0,6c497a29-2b89-434d-ab6b-b0c7acf37cd5,20260815,aggregate,benign-burst,0,opendns
4,4,4,4,496,1.0,1.0,4,0,0,0.0,0.0,0.0,1.0,1.0,1.0,0.75,1119.9,1.7700478999513711,0.25,0.0,0.0,0.002065300941467285,0.0024713993072509764,0.162253956935001,0.001778244972229004,0.0,0,3b1deb3f-4de0-46e0-bb48-ea14aaea1df5,20260815,aggregate,benign-burst,0,google
4,4,4,4,667,1.0,1.0,1,0,0,0.0,0.0,0.0,1.0,1.0,1.0,0.75,236.1,0.37525587437220526,0.25,0.0,0.0,1.8793238997459412,2.505499482154846,0.5765909756857175,0.0021097660064697266,0.0,0,a2d775a7-20da-407a-ad1c-895b211dbcfb,20260815,aggregate,benign-burst,0,quad9
4,4,4,4,468,1.0,1.0,0,0,0,0.0,0.0,0.0,1.0,1.0,1.0,0.75,315.4,0.45476111667419594,0.25,0.0,0.0,2.5059348344802856,2.5084981441497805,0.0007311833029599942,0.0,0.0,0,39449eac-cd09-472a-8bdd-5aa7f4c93669,20260815,aggregate,benign-burst,0,quad9
4,4,4,4,651,1.0,1.0,0,0,0,0.0,0.0,0.0,1.0,1.0,1.0,0.75,216.0,0.5656616804389032,0.25,0.0,0.0,2.5075003504753113,2.5138202548027038,0.0018034848963434924,0.0,0.0,0,6196e071-497b-4bf3-bd1e-c864f74ef8b6,20260815,aggregate,benign-burst,0,cloudflare
4,4,4,4,476,1.0,1.0,0,0,0,0.0,0.0,0.0,1.0,1.0,1.0,0.75,146.9090909090909,0.633130746723628,0.25,0.0,0.0,2.509134590625763,2.5119175791740416,0.0007928945204755773,0.0,0.0,0,b7ee29b2-452d-4a74-834f-23204b5468e3,20260815,aggregate,benign-burst,0,quad9
4,4,4,4,402,1.0,1.0,2,0,0,0.0,0.0,0.0,1.0,1.0,1.0,0.75,2621.4,0.8073419138988638,0.25,0.0,0.0,1.2583658695220947,2.51879997253418,0.9978442068369406,0.0025408267974853516,0.0,0,f4cc7da9-58d5-47e2-89b6-6ec63be89be7,20260815,aggregate,benign-burst,0,cloudflare
4,4,4,4,572,1.0,1.0,0,0,0,0.0,0.0,0.0,1.0,1.0,1.0,0.75,422.73333333333335,1.6268901451539455,0.25,0.0,0.0,2.509454905986786,2.515017068386078,0.001577565320072476,0.0,0.0,0,bf85a78d-b584-4f93-bf86-01cfbcf83d93,20260815,aggregate,benign-burst,0,google
4,4,4,4,420,1.0,1.0,0,0,0,0.0,0.0,0.0,1.0,1.0,1.0,0.75,3708.5,2.1076524052163452,0.25,0.0,0.0,2.5108537673950195,2.5169047594070433,0.0017587104010456753,0.0,0.0,0,6a590443-5653-4582-9c87-3d883362803f,20260815,aggregate,benign-burst,0,quad9
4,4,4,4,452,1.0,1.0,4,0,0,0.0,0.0,0.0,1.0,1.0,1.0,0.75,354.875,0.4988973776468844,0.25,0.0,0.0,0.005448698997497559,0.012122726440429684,0.8791859326718354,0.005401909351348877,0.0,0,52ee5279-1321-45e2-8a8e-cd0733d7d050,20260815,aggregate,benign-burst,0,opendns
4,4,4,4,543,1.0,1.0,3,0,0,0.0,0.0,0.0,1.0,1.0,1.0,0.75,212.25,0.5216369938829368,0.25,0.0,0.0,0.00974947214126587,0.014541566371917725,0.4880235350329434,0.009472012519836426,0.0,0,7b059a32-0cb6-4940-ad7c-aee71766b3c1,20260815,aggregate,benign-burst,0,google
4,4,4,4,779,1.0,1.0,4,0,0,0.0,0.0,0.0,1.0,1.0,1.0,0.75,545.6296296296297,1.3336217544591638,0.25,0.0,0.0,0.0031204819679260254,0.003937339782714843,0.2428132606594646,0.0027864575386047363,0.0,0,11a9f1e3-5dae-49da-88fe-07a2783b9eda,20260815,aggregate,benign-burst,0,opendns
4,4,4,4,496,1.0,1.0,0,0,0,0.0,0.0,0.0,1.0,1.0,1.0,0.75,210.66666666666666,1.3912160487198497,0.25,0.0,0.0,2.5111383199691772,2.5167227029800414,0.0016035839165692012,0.0,0.0,0,4b27df86-0f94-4b38-b36b-dd394fac066f,20260815,aggregate,benign-burst,0,quad9
4,4,4,4,476,1.0,1.0,3,0,0,0.0,0.0,0.0,1.0,1.0,1.0,0.75,228.22222222222223,0.4534519759250511,0.25,0.0,0.0,0.010050714015960693,0.015389108657836914,0.5260591779812895,0.00850898027420044,0.0,0,ac12f031-b960-44dd-b6b5-c5fa0acc0c9a,20260815,aggregate,benign-burst,0,opendns
4,4,4,4,440,1.0,1.0,0,0,0,0.0,0.0,0.0,1.0,1.0,1.0,0.75,227.14285714285714,0.5071577379515325,0.25,0.0,0.0,2.5164723992347717,2.5198684215545653,0.0019264782138912822,0.0,0.0,0,da4b5bc3-c989-445c-895e-f982d3e30b77,20260815,aggregate,benign-burst,0,google
4,4,4,4,478,1.0,1.0,4,0,0,0.0,0.0,0.0,1.0,1.0,1.0,0.75,139.7,0.7100342443375299,0.25,0.0,0.0,0.0026959776878356934,0.0034234046936035155,0.19932262881361834,0.002622067928314209,0.0,0,f02e288a-49e2-4c1e-85cd-1746678e70b6,20260815,aggregate,benign-burst,0,google
4,4,4,4,541,1.0,1.0,1,0,0,0.0,0.0,0.0,1.0,1.0,1.0,0.75,2360.0,2.3450173410802475,0.25,0.0,0.0,1.8838443756103516,2.518473410606384,0.5766521337259407,0.0020673274993896484,0.0,0,cea9ddeb-3705-4eb3-a69a-fcd01c0b79c2,20260815,aggregate,benign-burst,0,cloudflare
4,4,4,4,440,1.0,1.0,3,0,0,0.0,0.0,0.0,1.0,1.0,1.0,0.75,322.5,1.6592450587583865,0.25,0.0,0.0,0.013147592544555664,0.026911807060241696,0.8163193429906426,0.012229382991790771,0.0,0,7a64f0ae-c89a-4dab-bcab-2901185893d1,20260815,aggregate,benign-burst,0,quad9
4,4,4,4,473,1.0,1.0,3,0,0,0.0,0.0,0.0,1.0,1.0,1.0,0.75,104.25,1.1265445856461926,0.25,0.0,0.0,0.0028725266456604004,0.0039051055908203122,0.25938780697797376,0.002396225929260254,0.0,0,b1a5d95a-6103-45f2-abe3-c511ded0e4e4,20260815,aggregate,benign-burst,0,google
4,4,4,4,578,1.0,1.0,3,0,0,0.0,0.0,0.0,1.0,1.0,1.0,0.75,183.45454545454547,0.5142427051817707,0.25,0.0,0.0,0.011414051055908203,0.021226274967193603,0.7980050380559215,0.010902345180511475,0.0,0,39d5b31d-03d3-426b-a37d-3eccd78e534a,20260815,aggregate,benign-burst,0,quad9
4,4,4,4,464,1.0,1.0,4,0,0,0.0,0.0,0.0,1.0,1.0,1.0,0.75,147.5,1.81153062518283,0.25,0.0,0.0,0.01029980182647705,0.027566027641296377,1.204832391245204,0.009860455989837646,0.0,0,47aab392-183a-45ec-b5b0-843548c643e7,20260815,aggregate,benign-burst,0,google
4,4,4,4,462,1.0,1.0,0,0,0,0.0,0.0,0.0,1.0,1.0,1.0,0.75,891.3333333333334,2.671411934944803,0.25,0.0,0.0,2.5108875036239624,2.519297194480896,0.002617065307518557,0.0,0.0,0,533aee43-6922-48b2-a8ce-05fd29691788,20260815,aggregate,benign-burst,0,cloudflare
4,4,4,4,488,1.0,1.0,4,0,0,0.0,0.0,0.0,1.0,1.0,1.0,0.75,280.4,0.4534105021650675,0.25,0.0,0.0,0.009781599044799805,0.026620984077453603,1.239675885747345,0.009365379810333252,0.0,0,1245b53b-50c7-4ebf-a8bb-c1f4f31099d1,20260815,aggregate,benign-burst,0,opendns
4,4,4,4,535,1.0,1.0,4,0,0,0.0,0.0,0.0,1.0,1.0,1.0,0.75,1371.1666666666667,2.36782039542194,0.25,0.0,0.0,0.009681224822998047,0.019642102718353267,0.7376249381581238,0.008590102195739746,0.0,0,caf5b3a7-45a9-4d0a-8f8a-83757c4fa432,20260815,aggregate,benign-burst,0,quad9
4,4,4,4,488,1.0,1.0,4,0,0,0.0,0.0,0.0,1.0,1.0,1.0,0.75,247.5,0.42618602404240397,0.25,0.0,0.0,0.014497935771942139,0.01992843151092529,0.46460996888240536,0.01306772232055664,0.0,0,6583e362-95df-4118-8989-909745038831,20260815,aggregate,benign-burst,0,cloudflare
4,4,4,4,486,1.0,1.0,3,0,0,0.0,0.0,0.0,1.0,1.0,1.0,0.75,4800.090909090909,1.5312148552375158,0.25,0.0,0.0,0.00974816083908081,0.02202847003936767,0.8982076963363598,0.008991539478302002,0.0,0,1724ade0-a0d4-4269-b7a3-90b33d5c2658,20260815,aggregate,benign-burst,0,opendns
4,4,4,4,536,1.0,1.0,2,0,0,0.0,0.0,0.0,1.0,1.0,1.0,0.75,1244.5,1.4266828867148094,0.25,0.0,0.0,0.0064217448234558105,0.012957143783569334,0.7271006111091148,0.005927860736846924,0.0,0,a32b3025-5da7-4aae-a7ec-fa2fbc61a932,20260815,aggregate,benign-burst,0,google
4,4,4,4,508,1.0,1.0,1,0,0,0.0,0.0,0.0,1.0,1.0,1.0,0.75,175.16666666666666,0.7127181281633217,0.25,0.0,0.0,1.9127658009529114,2.6204256415367126,0.5775602517433646,0.001512289047241211,0.0,0,516467a3-921f-4059-80fa-5953a4dc4aee,20260815,aggregate,benign-burst,0,opendns
4,4,4,4,420,1.0,1.0,4,0,0,0.0,0.0,0.0,1.0,1.0,1.0,0.75,224.75,0.5159456062387241,0.25,0.0,0.0,0.003234267234802246,0.004684484004974365,0.3399448528779117,0.0027715563774108887,0.0,0,dbb06e57-f4c6-4ea4-8521-6812d937af39,20260815,aggregate,benign-burst,0,quad9
4,4,4,4,588,1.0,1.0,3,0,0,0.0,0.0,0.0,1.0,1.0,1.0,0.75,1794.0,2.944114885885183,0.25,0.0,0.0,0.629085123538971,2.1315614938735954,1.723584594385791,0.002891381581624349,0.0,0,fbc9d236-7ba6-4863-abe4-2c373d2a2b6d,20260815,aggregate,benign-burst,0,cloudflare
4,4,4,4,587,1.0,1.0,2,0,0,0.0,0.0,0.0,1.0,1.0,1.0,0.75,136.46666666666667,0.7256707770135523,0.25,0.0,0.0,0.6332471966743469,2.1335934758186332,1.7083912360574118,0.007872184117635092,0.0,0,20d8cf4e-3783-4fdd-be89-13cca1ec9ac2,20260815,aggregate,benign-burst,0,quad9
4,4,4,4,420,1.0,1.0,0,0,0,0.0,0.0,0.0,1.0,1.0,1.0,0.75,198.28571428571428,0.9302639860399722,0.25,0.0,0.0,2.5063986778259277,2.5072291135787963,0.0003258786609128475,0.0,0.0,0,cef53b55-e2ff-405c-9fea-a0813fcbbef6,20260815,aggregate,benign-burst,0,opendns
4,4,4,4,475,1.0,1.0,1,0,0,0.0,0.0,0.0,1.0,1.0,1.0,0.75,3419.0,2.1944866263460656,0.25,0.0,0.0,1.8819120526313782,2.5099605321884155,0.5757611938901549,0.005121469497680664,0.0,0,45b6e5c0-9062-4dda-bde5-d5eed6418930,20260815,aggregate,benign-burst,0,cloudflare
4,4,4,4,464,1.0,1.0,0,0,0,0.0,0.0,0.0,1.0,1.0,1.0,0.75,197.4,0.5272979538614535,0.25,0.0,0.0,2.508819341659546,2.5126248478889464,0.0011279415753651838,0.0,0.0,0,7e75a930-2fe7-4e21-9edf-d1b0afd7fdd5,20260815,aggregate,benign-burst,0,cloudflare
4,4,4,4,476,1.0,1.0,3,0,0,0.0,0.0,0.0,1.0,1.0,1.0,0.75,13266.4,0.5158576022662547,0.25,0.0,0.0,0.0066356658935546875,0.013110387325286861,0.712353593728498,0.0059032440185546875,0.0,0,4f101c4e-5779-407b-bdd6-84ccb4f56c66,20260815,aggregate,benign-burst,0,google
4,4,4,4,400,1.0,1.0,3,0,0,0.0,0.0,0.0,1.0,1.0,1.0,0.75,222.5,0.4132530706579174,0.25,0.0,0.0,0.008681952953338623,0.01867022514343261,0.8202806465345145,0.007004439830780029,0.0,0,12b065d2-297b-46d6-8dd3-f1ad32db380b,20260815,aggregate,benign-burst,0,opendns
4,4,4,4,541,1.0,1.0,0,0,0,0.0,0.0,0.0,1.0,1.0,1.0,0.75,2604.2727272727275,2.0929329283759865,0.25,0.0,0.0,2.510489284992218,2.5128439903259276,0.0009951272275320138,0.0,0.0,0,8e7d6e3a-9da6-4fb8-9834-fac8157d3943,20260815,aggregate,benign-burst,0,google
4,4,4,4,470,1.0,1.0,0,0,0,0.0,0.0,0.0,1.0,1.0,1.0,0.75,1228.4,1.6635189052162176,0.25,0.0,0.0,2.5113725066184998,2.520377814769745,0.002590692636952021,0.0,0.0,0,88983728-525c-4475-8410-f4c4ccefc469,20260815,aggregate,benign-burst,0,quad9
4,4,4,4,455,1.0,1.0,0,0,0,0.0,0.0,0.0,1.0,1.0,1.0,0.75,2697.5714285714284,1.8071468362106484,0.25,0.0,0.0,2.51298588514328,2.5196444749832154,0.0019011780724316372,0.0,0.0,0,5dcaa4f5-d2a6-46dc-856f-30361957ce75,20260815,aggregate,benign-burst,0,quad9
4,4,4,4,512,1.0,1.0,0,0,0,0.0,0.0,0.0,1.0,1.0,1.0,0.75,943.1666666666666,0.9991355945127737,0.25,0.0,0.0,2.510929822921753,2.5178895354270936,0.0019931398828877556,0.0,0.0,0,50523f88-780b-46ad-b238-4696950d35de,20260815,aggregate,benign-burst,0,google
4,4,4,4,532,1.0,1.0,4,0,0,0.0,0.0,0.0,1.0,1.0,1.0,0.75,428.8333333333333,1.2727683532219158,0.25,0.0,0.0,0.007605493068695068,0.012224066257476804,0.43581187595728715,0.007514774799346924,0.0,0,63fa8682-d109-420b-8894-b3c6c908e33b,20260815,aggregate,benign-burst,0,cloudflare
4,4,4,4,458,1.0,1.0,3,0,0,0.0,0.0,0.0,1.0,1.0,1.0,0.75,776.0,2.3216204580366724,0.25,0.0,0.0,0.004991292953491211,0.009616720676422117,0.6828110182252932,0.004444122314453125,0.0,0,0fbfea05-8658-47fe-8bed-52fbad65f850,20260815,aggregate,benign-burst,0,google
4,4,4,4,554,1.0,1.0,3,0,0,0.0,0.0,0.0,1.0,1.0,1.0,0.75,402.42857142857144,0.6770163113710846,0.25,0.0,0.0,0.006112158298492432,0.012407910823822019,0.7373748077176377,0.005544483661651611,0.0,0,5fe7bae9-106c-40ab-b283-5932690b7af3,20260815,aggregate,benign-burst,0,quad9
1,1,1,1,206,1.0,1.0,1,1,1,1.0,0.0,0.0,-0.0,-0.0,1.0,0.0,285.0,0.0,1.0,0.0,0.0,0.002938985824584961,0.002938985824584961,0.0,0.0025446414947509766,0.0,0,4f047a8a-b74a-4d02-900c-3d8c783c7955,20260815,aggregate,adverse-ecs-omit,1,local-adverse-authority
4,4,4,4,506,1.0,1.0,0,0,0,0.0,0.0,0.0,1.0,1.0,1.0,0.75,628.3333333333334,0.9904259230582103,0.25,0.0,0.0,2.514188289642334,2.5274984359741213,0.0038009846691425438,0.0,0.0,0,f1164c64-6418-4999-a8f7-5c3104b25125,20260815,aggregate,benign-burst,0,cloudflare
4,4,4,4,481,1.0,1.0,4,0,0,0.0,0.0,0.0,1.0,1.0,1.0,0.75,3099.75,1.775631189761431,0.25,0.0,0.0,0.005017399787902832,0.0071567296981811515,0.3356158376233002,0.0045961737632751465,0.0,0,115bbb11-11cd-4eda-9bc9-05ba207bd19f,20260815,aggregate,benign-burst,0,quad9
4,4,4,4,517,1.0,1.0,3,0,0,0.0,0.0,0.0,1.0,1.0,1.0,0.75,1987.8181818181818,3.069228074367605,0.25,0.0,0.0,0.01018214225769043,0.01632043123245239,0.560732964863203,0.009199917316436768,0.0,0,b9078931-fe9e-4fa0-94c4-dfd065dac6a3,20260815,aggregate,benign-burst,0,quad9
1,1,1,1,151,1.0,1.0,1,1,1,1.0,1.0,0.0,-0.0,-0.0,1.0,0.0,296.0,0.0,1.0,0.0,0.0,0.0045130252838134766,0.0045130252838134766,0.0,0.004401683807373047,0.0,0,77f9b338-269b-4001-99cd-27c79d2ecf48,20260815,aggregate,adverse-ecs-omit,1,local-adverse-authority
1,1,1,1,115,1.0,1.0,1,1,1,1.0,1.0,0.0,-0.0,-0.0,1.0,0.0,92.0,0.0,1.0,0.0,0.0,0.003025531768798828,0.003025531768798828,0.0,0.002748250961303711,0.0,0,39efbeca-cedb-4a18-a0c5-ebde10211cc4,20260815,aggregate,adverse-ecs-omit,1,local-adverse-authority
1,1,1,1,117,1.0,1.0,1,1,1,1.0,1.0,0.0,-0.0,-0.0,1.0,0.0,19085.0,0.0,1.0,0.0,0.0,0.004040956497192383,0.004040956497192383,0.0,0.0034384727478027344,0.0,0,4729419b-4bcf-42f1-ad98-952d0bd136c4,20260815,aggregate,adverse-ecs-omit,1,local-adverse-authority
1,1,1,1,126,1.0,1.0,1,1,1,1.0,0.0,0.0,-0.0,-0.0,1.0,0.0,3326.0,0.0,1.0,0.0,0.0,0.0020525455474853516,0.0020525455474853516,0.0,0.0018901824951171875,0.0,0,8dc3ad22-1bc3-4537-b8a7-3557e0ba2cb8,20260815,aggregate,adverse-ecs-omit,1,local-adverse-authority
1,1,1,1,103,1.0,1.0,1,1,1,1.0,1.0,0.0,-0.0,-0.0,1.0,0.0,28.0,0.0,1.0,0.0,0.0,0.004835605621337891,0.004835605621337891,0.0,0.0046803951263427734,0.0,0,69e75be1-fa6d-424d-92a5-b685818d2ef4,20260815,aggregate,adverse-ecs-omit,1,local-adverse-authority
4,4,4,4,540,1.0,1.0,0,0,0,0.0,0.0,0.0,1.0,1.0,1.0,0.75,235.92307692307693,1.3307963484648384,0.25,0.0,0.0,2.5215108394622803,2.544559419155121,0.006724847749655307,0.0,0.0,0,be63a240-2dad-4926-9da5-822d21044b04,20260815,aggregate,benign-burst,0,opendns
1,1,1,1,115,1.0,1.0,1,1,1,1.0,1.0,0.0,-0.0,-0.0,1.0,0.0,19083.0,0.0,1.0,0.0,0.0,0.0037560462951660156,0.0037560462951660156,0.0,0.003035306930541992,0.0,0,5dfa08d2-2804-4df7-888d-5f0ded99d125,20260815,aggregate,adverse-ecs-omit,1,local-adverse-authority
1,1,1,1,153,1.0,1.0,1,1,1,1.0,1.0,0.0,-0.0,-0.0,1.0,0.0,276.0,0.0,1.0,0.0,0.0,0.002697467803955078,0.002697467803955078,0.0,0.002579212188720703,0.0,0,3ac38005-4a57-49d0-9dfc-c0f946852c9f,20260815,aggregate,adverse-ecs-omit,1,local-adverse-authority
1,1,1,1,109,1.0,1.0,1,1,1,1.0,1.0,0.0,-0.0,-0.0,1.0,0.0,766.0,0.0,1.0,0.0,0.0,0.020299196243286133,0.020299196243286133,0.0,0.0193328857421875,0.0,0,aa070854-94db-4cce-8430-b89f29f69c8e,20260815,aggregate,adverse-ecs-omit,1,local-adverse-authority
4,4,4,4,445,1.0,1.0,3,0,0,0.0,0.0,0.0,1.0,1.0,1.0,0.75,3122.4285714285716,2.360817381270802,0.25,0.0,0.0,0.010808765888214111,0.027832138538360585,1.1276113740090812,0.010138750076293945,0.0,0,f7c88700-37ab-46ee-a9fe-ad7baf5b4d6a,20260815,aggregate,benign-burst,0,google
1,1,1,1,133,1.0,1.0,1,1,1,1.0,1.0,0.0,-0.0,-0.0,1.0,0.0,300.0,0.0,1.0,0.0,0.0,0.003302335739135742,0.003302335739135742,0.0,0.0029065608978271484,0.0,0,aa715495-3fb8-49c3-9007-ef6ba7f00682,20260815,aggregate,adverse-ecs-omit,1,local-adverse-authority
1,1,1,1,128,1.0,1.0,1,1,1,1.0,0.0,0.0,-0.0,-0.0,1.0,0.0,259.0,0.0,1.0,0.0,0.0,0.02093029022216797,0.02093029022216797,0.0,0.02079486846923828,0.0,0,74ffd851-a0d3-48a2-ad08-e1f506c2b242,20260815,aggregate,adverse-ecs-omit,1,local-adverse-authority
1,1,1,1,164,1.0,1.0,1,1,1,1.0,0.0,0.0,-0.0,-0.0,1.0,0.0,284.0,0.0,1.0,0.0,0.0,0.0029251575469970703,0.0029251575469970703,0.0,0.002644777297973633,0.0,0,d6e8f033-926b-4267-b368-b86f41e400c6,20260815,aggregate,adverse-ecs-omit,1,local-adverse-authority
1,1,1,1,97,1.0,1.0,1,1,1,1.0,1.0,0.0,-0.0,-0.0,1.0,0.0,343.0,0.0,1.0,0.0,0.0,0.019260168075561523,0.019260168075561523,0.0,0.018703460693359375,0.0,0,4a938147-11b9-41ae-af03-c34da231f013,20260815,aggregate,adverse-ecs-omit,1,local-adverse-authority
1,1,1,1,195,1.0,1.0,1,1,1,1.0,1.0,0.0,-0.0,-0.0,1.0,0.0,19.0,0.0,1.0,0.0,0.0,0.002838611602783203,0.002838611602783203,0.0,0.002749204635620117,0.0,0,fdb8cf2e-a9a0-491f-b937-ada9a7d5c7d8,20260815,aggregate,adverse-ecs-omit,1,local-adverse-authority
1,1,1,1,107,1.0,1.0,1,1,1,1.0,1.0,0.0,-0.0,-0.0,1.0,0.0,60.0,0.0,1.0,0.0,0.0,0.02054452896118164,0.02054452896118164,0.0,0.020423412322998047,0.0,0,2ccef366-e6bc-4e88-8d67-8f5d30c84557,20260815,aggregate,adverse-ecs-omit,1,local-adverse-authority
1,1,1,1,101,1.0,1.0,1,1,1,1.0,1.0,0.0,-0.0,-0.0,1.0,0.0,469.0,0.0,1.0,0.0,0.0,0.0028219223022460938,0.0028219223022460938,0.0,0.0026938915252685547,0.0,0,56b98744-951b-43f3-9bce-abdaa71716a4,20260815,aggregate,adverse-ecs-omit,1,local-adverse-authority
4,4,4,4,230,1.0,1.0,4,0,0,0.0,0.0,0.0,1.0,1.0,0.5,0.25,20.0,0.0,0.5,0.0,0.0,5.644563555717468,7.506576633453369,0.5712972532558093,5.64438009262085,0.0,3,348bf6f4-d015-472f-9d5e-29613af329cf,20260815,aggregate,benign-burst,0,google
1,1,1,1,99,1.0,1.0,1,1,1,1.0,1.0,0.0,-0.0,-0.0,1.0,0.0,877.0,0.0,1.0,0.0,0.0,0.0065724849700927734,0.0065724849700927734,0.0,0.00555419921875,0.0,0,9275826e-0ca4-4845-a673-0b15957ae66c,20260815,aggregate,adverse-ecs-omit,1,local-adverse-authority
4,4,4,4,158,1.0,1.0,4,0,0,0.0,0.0,0.0,1.0,1.0,0.25,0.0,0.0,0.0,0.25,0.0,0.0,7.507669627666473,7.508310389518738,7.602381523378856e-05,7.507492363452911,0.0,4,f08816b0-fb61-42bc-a263-91687bf3e4b2,20260815,aggregate,benign-burst,0,cloudflare
1,1,1,1,153,1.0,1.0,1,1,1,1.0,1.0,0.0,-0.0,-0.0,1.0,0.0,60.0,0.0,1.0,0.0,0.0,0.014205455780029297,0.014205455780029297,0.0,0.012900829315185547,0.0,0,32a02cc0-aff1-43cd-8d66-133aa03c8446,20260815,aggregate,adverse-ecs-omit,1,local-adverse-authority
1,1,1,1,110,1.0,1.0,1,1,1,1.0,0.0,0.0,-0.0,-0.0,1.0,0.0,13.0,0.0,1.0,0.0,0.0,0.0017809867858886719,0.0017809867858886719,0.0,0.0016367435455322266,0.0,0,a1d682b7-0a40-4951-a0bf-a4810606a4b3,20260815,aggregate,adverse-ecs-omit,1,local-adverse-authority
1,1,1,1,155,1.0,1.0,1,1,1,1.0,1.0,0.0,-0.0,-0.0,1.0,0.0,60.0,0.0,1.0,0.0,0.0,0.007524728775024414,0.007524728775024414,0.0,0.004859209060668945,0.0,0,f59c3f54-d234-4bf3-8c94-d31eb78baf72,20260815,aggregate,adverse-ecs-omit,1,local-adverse-authority
1,1,1,1,127,1.0,1.0,1,1,1,1.0,1.0,0.0,-0.0,-0.0,1.0,0.0,235.0,0.0,1.0,0.0,0.0,0.016153812408447266,0.016153812408447266,0.0,0.015413045883178711,0.0,0,221b3f2c-c8ac-41a8-82e2-e30d73aa96a1,20260815,aggregate,adverse-ecs-omit,1,local-adverse-authority
1,1,1,1,111,1.0,1.0,1,1,1,1.0,1.0,0.0,-0.0,-0.0,1.0,0.0,58.0,0.0,1.0,0.0,0.0,0.0021543502807617188,0.0021543502807617188,0.0,0.002089977264404297,0.0,0,a23d42dd-5ca3-406d-b493-0844e328fdeb,20260815,aggregate,adverse-ecs-omit,1,local-adverse-authority
1,1,1,1,156,1.0,1.0,1,1,1,1.0,0.0,0.0,-0.0,-0.0,1.0,0.0,83.0,0.0,1.0,0.0,0.0,0.0029823780059814453,0.0029823780059814453,0.0,0.0021820068359375,0.0,0,db3e7db3-e21e-4ec8-a71e-f1e873fc794e,20260815,aggregate,adverse-ecs-omit,1,local-adverse-authority
1,1,1,1,107,1.0,1.0,1,1,1,1.0,1.0,0.0,-0.0,-0.0,1.0,0.0,198.0,0.0,1.0,0.0,0.0,0.024491310119628906,0.024491310119628906,0.0,0.02332925796508789,0.0,0,7b153051-a9ed-4548-86f4-9babb3f8ca23,20260815,aggregate,adverse-ecs-omit,1,local-adverse-authority
1,1,1,1,168,1.0,1.0,1,1,1,1.0,0.0,0.0,-0.0,-0.0,1.0,0.0,30.0,0.0,1.0,0.0,0.0,0.033928871154785156,0.033928871154785156,0.0,0.03382158279418945,0.0,0,0800d6eb-900f-40e1-bd67-5552ecb1ab90,20260815,aggregate,adverse-ecs-omit,1,local-adverse-authority
1,1,1,1,127,1.0,1.0,1,1,1,1.0,1.0,0.0,-0.0,-0.0,1.0,0.0,123.0,0.0,1.0,0.0,0.0,0.002729177474975586,0.002729177474975586,0.0,0.0020172595977783203,0.0,0,501b03ab-c482-47b6-897f-d7c5e96339f8,20260815,aggregate,adverse-ecs-omit,1,local-adverse-authority
1,1,1,1,115,1.0,1.0,1,1,1,1.0,1.0,0.0,-0.0,-0.0,1.0,0.0,52.0,0.0,1.0,0.0,0.0,0.01738882064819336,0.01738882064819336,0.0,0.01700878143310547,0.0,0,60d1f586-9015-4444-a283-2920ee87da76,20260815,aggregate,adverse-ecs-omit,1,local-adverse-authority
1,1,1,1,124,1.0,1.0,1,1,1,1.0,0.0,0.0,-0.0,-0.0,1.0,0.0,180.0,0.0,1.0,0.0,0.0,0.014779806137084961,0.014779806137084961,0.0,0.014533758163452148,0.0,0,1922a39e-306a-40f8-b062-1f825dd8df59,20260815,aggregate,adverse-ecs-omit,1,local-adverse-authority
1,1,1,1,158,1.0,1.0,1,1,1,1.0,0.0,0.0,-0.0,-0.0,1.0,0.0,23.0,0.0,1.0,0.0,0.0,0.021046876907348633,0.021046876907348633,0.0,0.02075648307800293,0.0,0,ba2782d5-ffe1-44f6-b724-a7562c1f9d4e,20260815,aggregate,adverse-ecs-omit,1,local-adverse-authority
1,1,1,1,126,1.0,1.0,1,1,1,1.0,0.0,0.0,-0.0,-0.0,1.0,0.0,194.0,0.0,1.0,0.0,0.0,0.01790165901184082,0.01790165901184082,0.0,0.017635583877563477,0.0,0,58c9c797-df9c-42ee-9e3d-9d67454d31b0,20260815,aggregate,adverse-ecs-omit,1,local-adverse-authority
1,1,1,1,151,1.0,1.0,1,1,1,1.0,1.0,0.0,-0.0,-0.0,1.0,0.0,40.0,0.0,1.0,0.0,0.0,0.027545928955078125,0.027545928955078125,0.0,0.02535080909729004,0.0,0,7e0424c1-e5f1-40ce-b8b3-d1fe098a9a0c,20260815,aggregate,adverse-ecs-omit,1,local-adverse-authority
1,1,1,1,147,1.0,1.0,1,1,1,1.0,1.0,0.0,-0.0,-0.0,1.0,0.0,1105.0,0.0,1.0,0.0,0.0,0.03349471092224121,0.03349471092224121,0.0,0.03279900550842285,0.0,0,4bbc488e-c429-401a-8584-080244f16407,20260815,aggregate,adverse-ecs-omit,1,local-adverse-authority
1,1,1,1,203,1.0,1.0,1,1,1,1.0,1.0,0.0,-0.0,-0.0,1.0,0.0,237.0,0.0,1.0,0.0,0.0,0.029510021209716797,0.029510021209716797,0.0,0.02889728546142578,0.0,0,878e8a8b-882d-47c4-a357-2c356219cee8,20260815,aggregate,adverse-ecs-omit,1,local-adverse-authority
1,1,1,1,151,1.0,1.0,1,1,1,1.0,1.0,0.0,-0.0,-0.0,1.0,0.0,60.0,0.0,1.0,0.0,0.0,0.005842685699462891,0.005842685699462891,0.0,0.0057337284088134766,0.0,0,6188d437-50c3-4ac3-b647-b7fdbcf50093,20260815,aggregate,adverse-ecs-omit,1,local-adverse-authority
1,1,1,1,107,1.0,1.0,1,1,1,1.0,1.0,0.0,-0.0,-0.0,1.0,0.0,20.0,0.0,1.0,0.0,0.0,0.02474045753479004,0.02474045753479004,0.0,0.024600982666015625,0.0,0,816d13e1-566e-4b29-b112-63579e9f8e62,20260815,aggregate,adverse-ecs-omit,1,local-adverse-authority
1,1,1,1,172,1.0,1.0,1,1,1,1.0,0.0,0.0,-0.0,-0.0,1.0,0.0,60.0,0.0,1.0,0.0,0.0,0.0027310848236083984,0.0027310848236083984,0.0,0.0025703907012939453,0.0,0,af8e9fb7-8dc0-41ad-bc3f-ff2cdcdf62ae,20260815,aggregate,adverse-ecs-omit,1,local-adverse-authority
1,1,1,1,117,1.0,1.0,1,1,1,1.0,1.0,0.0,-0.0,-0.0,1.0,0.0,300.0,0.0,1.0,0.0,0.0,0.0016219615936279297,0.0016219615936279297,0.0,0.0015175342559814453,0.0,0,1573acf2-ea84-423f-b64e-92db24d2d844,20260815,aggregate,adverse-ecs-omit,1,local-adverse-authority
1,1,1,1,128,1.0,1.0,1,1,1,1.0,0.0,0.0,-0.0,-0.0,1.0,0.0,240.0,0.0,1.0,0.0,0.0,0.0020313262939453125,0.0020313262939453125,0.0,0.0019383430480957031,0.0,0,a4b60726-bc0c-4610-a61c-567c6ff6fccb,20260815,aggregate,adverse-ecs-omit,1,local-adverse-authority
4,4,4,4,444,1.0,1.0,3,0,0,0.0,0.0,0.0,1.0,1.0,1.0,0.75,107.66666666666667,0.9731020029633407,0.25,0.0,0.0,0.6366437077522278,2.140565109252929,1.704008876443699,0.010196447372436523,0.0,0,c9e1edbf-c702-4161-a61e-b024b7e4ff44,20260815,aggregate,benign-burst,0,google
1,1,1,1,225,1.0,1.0,1,1,1,1.0,1.0,0.0,-0.0,-0.0,1.0,0.0,237.0,0.0,1.0,0.0,0.0,0.013730764389038086,0.013730764389038086,0.0,0.013514041900634766,0.0,0,2fafa245-0830-4e77-b8e1-007a1ce6dc41,20260815,aggregate,adverse-ecs-omit,1,local-adverse-authority
1,1,1,1,107,1.0,1.0,1,1,1,1.0,1.0,0.0,-0.0,-0.0,1.0,0.0,292.0,0.0,1.0,0.0,0.0,0.037071943283081055,0.037071943283081055,0.0,0.03694963455200195,0.0,0,02c9ee13-fd67-4af9-be7c-f6a2bb508d96,20260815,aggregate,adverse-ecs-omit,1,local-adverse-authority
1,1,1,1,161,1.0,1.0,1,1,1,1.0,1.0,0.0,-0.0,-0.0,1.0,0.0,60.0,0.0,1.0,0.0,0.0,0.03143572807312012,0.03143572807312012,0.0,0.031169891357421875,0.0,0,fbfefe0a-faa1-491f-8dc2-fc5f7c93b0ba,20260815,aggregate,adverse-ecs-omit,1,local-adverse-authority
1,1,1,1,107,1.0,1.0,1,1,1,1.0,1.0,0.0,-0.0,-0.0,1.0,0.0,230.0,0.0,1.0,0.0,0.0,0.002831697463989258,0.002831697463989258,0.0,0.002633333206176758,0.0,0,752b738a-e63a-40c2-ad5e-81136499d2d4,20260815,aggregate,adverse-ecs-omit,1,local-adverse-authority
1,1,1,1,134,1.0,1.0,1,1,1,1.0,0.0,0.0,-0.0,-0.0,1.0,0.0,300.0,0.0,1.0,0.0,0.0,0.002164602279663086,0.002164602279663086,0.0,0.002008676528930664,0.0,0,01fd8054-40b0-4b6a-8002-72374a622e7e,20260815,aggregate,adverse-ecs-omit,1,local-adverse-authority
1,1,1,1,127,1.0,1.0,1,1,1,1.0,1.0,0.0,-0.0,-0.0,1.0,0.0,300.0,0.0,1.0,0.0,0.0,0.0028672218322753906,0.0028672218322753906,0.0,0.0026950836181640625,0.0,0,e9f6d7b0-132f-4cd1-a48c-e75361b96bab,20260815,aggregate,adverse-ecs-omit,1,local-adverse-authority
1,1,1,1,178,1.0,1.0,1,1,1,1.0,0.0,0.0,-0.0,-0.0,1.0,0.0,300.0,0.0,1.0,0.0,0.0,0.002926349639892578,0.002926349639892578,0.0,0.002727031707763672,0.0,0,6687602d-cb24-492c-ac96-d9bff5e43b7d,20260815,aggregate,adverse-ecs-omit,1,local-adverse-authority
1,1,1,1,155,1.0,1.0,1,1,1,1.0,1.0,0.0,-0.0,-0.0,1.0,0.0,60.0,0.0,1.0,0.0,0.0,0.01695728302001953,0.01695728302001953,0.0,0.016796350479125977,0.0,0,4a7136eb-723e-4c5d-9134-1432599917f9,20260815,aggregate,adverse-ecs-omit,1,local-adverse-authority
1,1,1,1,113,1.0,1.0,1,1,1,1.0,1.0,0.0,-0.0,-0.0,1.0,0.0,71.0,0.0,1.0,0.0,0.0,0.001951456069946289,0.001951456069946289,0.0,0.0017154216766357422,0.0,0,28e9948e-80bf-437a-9ae1-4d9ebbe15843,20260815,aggregate,adverse-ecs-omit,1,local-adverse-authority
1,1,1,1,153,1.0,1.0,1,1,1,1.0,1.0,0.0,-0.0,-0.0,1.0,0.0,22.0,0.0,1.0,0.0,0.0,0.002033710479736328,0.002033710479736328,0.0,0.0019502639770507812,0.0,0,620b955c-eba0-456e-ae27-7d76d909645c,20260815,aggregate,adverse-ecs-omit,1,local-adverse-authority
1,1,1,1,162,1.0,1.0,1,1,1,1.0,0.0,0.0,-0.0,-0.0,1.0,0.0,300.0,0.0,1.0,0.0,0.0,0.002529621124267578,0.002529621124267578,0.0,0.002340078353881836,0.0,0,90263522-76de-4930-b1cc-3acc7ecb3894,20260815,aggregate,adverse-ecs-omit,1,local-adverse-authority
1,1,1,1,114,1.0,1.0,1,1,1,1.0,0.0,0.0,-0.0,-0.0,1.0,0.0,300.0,0.0,1.0,0.0,0.0,0.018096208572387695,0.018096208572387695,0.0,0.017875194549560547,0.0,0,eae35fce-dd46-444e-a916-51782daddf1d,20260815,aggregate,adverse-ecs-omit,1,local-adverse-authority
1,1,1,1,117,1.0,1.0,1,1,1,1.0,1.0,0.0,-0.0,-0.0,1.0,0.0,19278.0,0.0,1.0,0.0,0.0,0.03189587593078613,0.03189587593078613,0.0,0.031763553619384766,0.0,0,3ba9e0e9-880f-43ce-8208-63a30c50147f,20260815,aggregate,adverse-ecs-omit,1,local-adverse-authority
1,1,1,1,126,1.0,1.0,1,1,1,1.0,0.0,0.0,-0.0,-0.0,1.0,0.0,10983.0,0.0,1.0,0.0,0.0,0.0026192665100097656,0.0026192665100097656,0.0,0.0024864673614501953,0.0,0,97c17fc1-65f9-49a1-8a61-bb9e2bb60b2e,20260815,aggregate,adverse-ecs-omit,1,local-adverse-authority
1,1,1,1,139,1.0,1.0,1,1,1,1.0,1.0,0.0,-0.0,-0.0,1.0,0.0,21.0,0.0,1.0,0.0,0.0,0.0039119720458984375,0.0039119720458984375,0.0,0.0038068294525146484,0.0,0,7b89f967-06ae-4bb1-a226-1a43cdc0d386,20260815,aggregate,adverse-ecs-omit,1,local-adverse-authority
1,1,1,1,109,1.0,1.0,1,1,1,1.0,1.0,0.0,-0.0,-0.0,1.0,0.0,59.0,0.0,1.0,0.0,0.0,0.004576683044433594,0.004576683044433594,0.0,0.004442453384399414,0.0,0,833f79aa-1be2-438c-82fd-adf08c1edc9a,20260815,aggregate,adverse-ecs-omit,1,local-adverse-authority
1,1,1,1,201,1.0,1.0,1,1,1,1.0,1.0,0.0,-0.0,-0.0,1.0,0.0,234.0,0.0,1.0,0.0,0.0,0.001878499984741211,0.001878499984741211,0.0,0.0017578601837158203,0.0,0,1cac3521-acdd-4d9a-a79a-cea5691e61be,20260815,aggregate,adverse-ecs-omit,1,local-adverse-authority
1,1,1,1,107,1.0,1.0,1,1,1,1.0,1.0,0.0,-0.0,-0.0,1.0,0.0,18.0,0.0,1.0,0.0,0.0,0.002349376678466797,0.002349376678466797,0.0,0.0022177696228027344,0.0,0,91c88b59-fd16-43a4-9357-e7ece8cd8c54,20260815,aggregate,adverse-ecs-omit,1,local-adverse-authority
1,1,1,1,115,1.0,1.0,1,1,1,1.0,1.0,0.0,-0.0,-0.0,1.0,0.0,120.0,0.0,1.0,0.0,0.0,0.003081083297729492,0.003081083297729492,0.0,0.0029158592224121094,0.0,0,6e30a916-d87e-4d3c-b3cd-a6cc8d2482d8,20260815,aggregate,adverse-ecs-omit,1,local-adverse-authority
1,1,1,1,107,1.0,1.0,1,1,1,1.0,1.0,0.0,-0.0,-0.0,1.0,0.0,3559.0,0.0,1.0,0.0,0.0,0.03448677062988281,0.03448677062988281,0.0,0.03437495231628418,0.0,0,6e957e99-abbb-49c3-9c9b-7ae75f456c7f,20260815,aggregate,adverse-ecs-omit,1,local-adverse-authority
1,1,1,1,105,1.0,1.0,1,1,1,1.0,1.0,0.0,-0.0,-0.0,1.0,0.0,45.0,0.0,1.0,0.0,0.0,0.010607481002807617,0.010607481002807617,0.0,0.010489463806152344,0.0,0,fa109b34-25e3-496d-ba21-a530796bfa20,20260815,aggregate,adverse-ecs-omit,1,local-adverse-authority
1,1,1,1,103,1.0,1.0,1,1,1,1.0,1.0,0.0,-0.0,-0.0,1.0,0.0,252.0,0.0,1.0,0.0,0.0,0.014128684997558594,0.014128684997558594,0.0,0.01399993896484375,0.0,0,68c199a5-3252-4730-a386-5baacab03e9e,20260815,aggregate,adverse-ecs-omit,1,local-adverse-authority
1,1,1,1,93,1.0,1.0,1,1,1,1.0,1.0,0.0,-0.0,-0.0,1.0,0.0,197.0,0.0,1.0,0.0,0.0,0.039373159408569336,0.039373159408569336,0.0,0.039258480072021484,0.0,0,6fdc669b-61b7-4457-8a8f-c8c5677abe24,20260815,aggregate,adverse-ecs-omit,1,local-adverse-authority
1,1,1,1,109,1.0,1.0,1,1,1,1.0,1.0,0.0,-0.0,-0.0,1.0,0.0,506.0,0.0,1.0,0.0,0.0,0.003712177276611328,0.003712177276611328,0.0,0.0034830570220947266,0.0,0,a92f26c8-f2d3-4c64-8fb8-07ee8380f232,20260815,aggregate,adverse-ecs-omit,1,local-adverse-authority
1,1,1,1,103,1.0,1.0,1,1,1,1.0,1.0,0.0,-0.0,-0.0,1.0,0.0,300.0,0.0,1.0,0.0,0.0,0.014323234558105469,0.014323234558105469,0.0,0.014167308807373047,0.0,0,8a366556-b1bc-41c0-9985-6fec31089f66,20260815,aggregate,adverse-ecs-omit,1,local-adverse-authority
1,1,1,1,128,1.0,1.0,1,1,1,1.0,0.0,0.0,-0.0,-0.0,1.0,0.0,21246.0,0.0,1.0,0.0,0.0,0.014774799346923828,0.014774799346923828,0.0,0.014639616012573242,0.0,0,16518739-176e-4252-9f67-e2b41a775cc2,20260815,aggregate,adverse-ecs-omit,1,local-adverse-authority
1,1,1,1,119,1.0,1.0,1,1,1,1.0,1.0,0.0,-0.0,-0.0,1.0,0.0,300.0,0.0,1.0,0.0,0.0,0.0321502685546875,0.0321502685546875,0.0,0.031931400299072266,0.0,0,08d17fe0-cc9d-4ca3-94e7-9cf1f595d1e1,20260815,aggregate,adverse-ecs-omit,1,local-adverse-authority
1,1,1,1,122,1.0,1.0,1,1,1,1.0,0.0,0.0,-0.0,-0.0,1.0,0.0,600.0,0.0,1.0,0.0,0.0,0.0024847984313964844,0.0024847984313964844,0.0,0.002341747283935547,0.0,0,f0502e16-668c-4794-8088-9b23232aae67,20260815,aggregate,adverse-ecs-omit,1,local-adverse-authority
1,1,1,1,95,1.0,1.0,1,1,1,1.0,1.0,0.0,-0.0,-0.0,1.0,0.0,104.0,0.0,1.0,0.0,0.0,0.014322042465209961,0.014322042465209961,0.0,0.014171600341796875,0.0,0,1e430a0a-baae-4e86-9294-7de8771f0c9c,20260815,aggregate,adverse-ecs-omit,1,local-adverse-authority
1,1,1,1,143,1.0,1.0,1,1,1,1.0,1.0,0.0,-0.0,-0.0,1.0,0.0,37.0,0.0,1.0,0.0,0.0,0.003970146179199219,0.003970146179199219,0.0,0.0038595199584960938,0.0,0,fa135899-e0bc-4c0e-8ac2-97838fd39be3,20260815,aggregate,adverse-ecs-omit,1,local-adverse-authority
1,1,1,1,144,1.0,1.0,1,1,1,1.0,0.0,0.0,-0.0,-0.0,1.0,0.0,114.0,0.0,1.0,0.0,0.0,0.0023658275604248047,0.0023658275604248047,0.0,0.0022630691528320312,0.0,0,18a417ac-5015-44ce-ae8f-cee409147877,20260815,aggregate,adverse-ecs-omit,1,local-adverse-authority
1,1,1,1,107,1.0,1.0,1,1,1,1.0,1.0,0.0,-0.0,-0.0,1.0,0.0,56.0,0.0,1.0,0.0,0.0,0.002832651138305664,0.002832651138305664,0.0,0.0027430057525634766,0.0,0,750c2a06-7ba1-432c-8822-68a47ec2ec7c,20260815,aggregate,adverse-ecs-omit,1,local-adverse-authority
1,1,1,1,107,1.0,1.0,1,1,1,1.0,1.0,0.0,-0.0,-0.0,1.0,0.0,16.0,0.0,1.0,0.0,0.0,0.001959562301635742,0.001959562301635742,0.0,0.0017888545989990234,0.0,0,f080ca6f-8c80-47ee-8041-0e6a1971fe6d,20260815,aggregate,adverse-ecs-omit,1,local-adverse-authority
1,1,1,1,143,1.0,1.0,1,1,1,1.0,1.0,0.0,-0.0,-0.0,1.0,0.0,89.0,0.0,1.0,0.0,0.0,0.01752758026123047,0.01752758026123047,0.0,0.017418384552001953,0.0,0,3175098d-ca7e-492d-9ba9-69a67f43ca21,20260815,aggregate,adverse-ecs-omit,1,local-adverse-authority
1,1,1,1,177,1.0,1.0,1,1,1,1.0,1.0,0.0,-0.0,-0.0,1.0,0.0,253.0,0.0,1.0,0.0,0.0,0.02226734161376953,0.02226734161376953,0.0,0.02212834358215332,0.0,0,ca4fcccc-43c1-4b08-b038-dd1662cd7b94,20260815,aggregate,adverse-ecs-omit,1,local-adverse-authority
1,1,1,1,141,1.0,1.0,1,1,1,1.0,1.0,0.0,-0.0,-0.0,1.0,0.0,30.0,0.0,1.0,0.0,0.0,0.003207683563232422,0.003207683563232422,0.0,0.0030655860900878906,0.0,0,275fb122-3cb0-4ef0-a54d-c92dfb336258,20260815,aggregate,adverse-ecs-omit,1,local-adverse-authority
1,1,1,1,107,1.0,1.0,1,1,1,1.0,1.0,0.0,-0.0,-0.0,1.0,0.0,124.0,0.0,1.0,0.0,0.0,0.014768362045288086,0.014768362045288086,0.0,0.014628171920776367,0.0,0,af3f9413-e74a-40da-bb51-bc3f2019681f,20260815,aggregate,adverse-ecs-omit,1,local-adverse-authority
1,1,1,1,146,1.0,1.0,1,1,1,1.0,0.0,0.0,-0.0,-0.0,1.0,0.0,600.0,0.0,1.0,0.0,0.0,0.0021822452545166016,0.0021822452545166016,0.0,0.002015352249145508,0.0,0,64504a4d-6b08-44f3-9192-f145ca82f70c,20260815,aggregate,adverse-ecs-omit,1,local-adverse-authority
1,1,1,1,127,1.0,1.0,1,1,1,1.0,1.0,0.0,-0.0,-0.0,1.0,0.0,653.0,0.0,1.0,0.0,0.0,0.022841453552246094,0.022841453552246094,0.0,0.022732257843017578,0.0,0,0587b068-6b3e-465f-8950-921cfbe1c861,20260815,aggregate,adverse-ecs-omit,1,local-adverse-authority
1,1,1,1,138,1.0,1.0,1,1,1,1.0,0.0,1.0,-0.0,-0.0,1.0,0.0,28.0,0.0,1.0,0.0,0.0,0.001863241195678711,0.001863241195678711,0.0,0.0017354488372802734,0.0,0,f93f47fa-6331-46b6-ac6a-ea18161bb707,20260815,aggregate,adverse-ecs-mismatch,1,local-adverse-authority
1,1,1,1,138,1.0,1.0,1,1,1,1.0,0.0,0.0,-0.0,-0.0,1.0,0.0,20223.0,0.0,1.0,0.0,0.0,0.0026853084564208984,0.0026853084564208984,0.0,0.0025835037231445312,0.0,0,121257ad-22dc-4403-aa24-ab0f06806c76,20260815,aggregate,adverse-ecs-mismatch,1,local-adverse-authority
1,1,1,1,108,1.0,1.0,1,1,1,1.0,0.0,0.0,-0.0,-0.0,1.0,0.0,824.0,0.0,1.0,0.0,0.0,0.004612445831298828,0.004612445831298828,0.0,0.004497528076171875,0.0,0,ba2e17d8-5805-4172-af48-d8b22485289e,20260815,aggregate,adverse-ecs-mismatch,1,local-adverse-authority
1,1,1,1,104,1.0,1.0,1,1,1,1.0,0.0,1.0,-0.0,-0.0,1.0,0.0,197.0,0.0,1.0,0.0,0.0,0.013762950897216797,0.013762950897216797,0.0,0.013585090637207031,0.0,0,bb2eb2c9-1c2d-4123-87c2-6a0ee0225961,20260815,aggregate,adverse-ecs-mismatch,1,local-adverse-authority
1,1,1,1,164,1.0,1.0,1,1,1,1.0,0.0,1.0,-0.0,-0.0,1.0,0.0,3022.0,0.0,1.0,0.0,0.0,0.0025243759155273438,0.0025243759155273438,0.0,0.0024297237396240234,0.0,0,1325d49a-1840-4669-80cf-5ebcbd9ca65e,20260815,aggregate,adverse-ecs-mismatch,1,local-adverse-authority
1,1,1,1,144,1.0,1.0,1,1,1,1.0,0.0,1.0,-0.0,-0.0,1.0,0.0,29.0,0.0,1.0,0.0,0.0,0.0023643970489501953,0.0023643970489501953,0.0,0.002141237258911133,0.0,0,67cd045b-3a6e-42a1-82a6-be8fe290ef1b,20260815,aggregate,adverse-ecs-mismatch,1,local-adverse-authority
1,1,1,1,112,1.0,1.0,1,1,1,1.0,0.0,1.0,-0.0,-0.0,1.0,0.0,58.0,0.0,1.0,0.0,0.0,0.0026242733001708984,0.0026242733001708984,0.0,0.002485513687133789,0.0,0,cc5e9f25-0758-468f-ba3f-4a0f9fea40f4,20260815,aggregate,adverse-ecs-mismatch,1,local-adverse-authority
1,1,1,1,144,1.0,1.0,1,1,1,1.0,0.0,0.0,-0.0,-0.0,1.0,0.0,300.0,0.0,1.0,0.0,0.0,0.0027513504028320312,0.0027513504028320312,0.0,0.002539396286010742,0.0,0,80770fbb-81aa-4364-a603-66ba3cb32fa0,20260815,aggregate,adverse-ecs-mismatch,1,local-adverse-authority
1,1,1,1,114,1.0,1.0,1,1,1,1.0,0.0,1.0,-0.0,-0.0,1.0,0.0,16266.0,0.0,1.0,0.0,0.0,0.0025534629821777344,0.0025534629821777344,0.0,0.0024566650390625,0.0,0,58528a4b-510c-4d28-8b16-5623c892f6d9,20260815,aggregate,adverse-ecs-mismatch,1,local-adverse-authority
1,1,1,1,168,1.0,1.0,1,1,1,1.0,0.0,0.0,-0.0,-0.0,1.0,0.0,60.0,0.0,1.0,0.0,0.0,0.03568744659423828,0.03568744659423828,0.0,0.03553915023803711,0.0,0,a2565a9c-c40b-42c4-acc9-f46a0fe9f40a,20260815,aggregate,adverse-ecs-mismatch,1,local-adverse-authority
1,1,1,1,110,1.0,1.0,1,1,1,1.0,0.0,0.0,-0.0,-0.0,1.0,0.0,2223.0,0.0,1.0,0.0,0.0,0.03880596160888672,0.03880596160888672,0.0,0.03868412971496582,0.0,0,daabf8c5-88a8-40a8-8ae6-e5835cfc2665,20260815,aggregate,adverse-ecs-mismatch,1,local-adverse-authority
1,1,1,1,122,1.0,1.0,1,1,1,1.0,0.0,0.0,-0.0,-0.0,1.0,0.0,20.0,0.0,1.0,0.0,0.0,0.01510310173034668,0.01510310173034668,0.0,0.01487112045288086,0.0,0,a5e830e1-1f23-4502-ba34-152ef31618f8,20260815,aggregate,adverse-ecs-mismatch,1,local-adverse-authority
1,1,1,1,168,1.0,1.0,1,1,1,1.0,0.0,1.0,-0.0,-0.0,1.0,0.0,60.0,0.0,1.0,0.0,0.0,0.0026328563690185547,0.0026328563690185547,0.0,0.0024330615997314453,0.0,0,599abc43-262b-40d7-9006-9b7afe6f45cd,20260815,aggregate,adverse-ecs-mismatch,1,local-adverse-authority
1,1,1,1,116,1.0,1.0,1,1,1,1.0,0.0,0.0,-0.0,-0.0,1.0,0.0,300.0,0.0,1.0,0.0,0.0,0.0021066665649414062,0.0021066665649414062,0.0,0.0019826889038085938,0.0,0,f38bb0b9-058b-4603-959b-2388a48b9847,20260815,aggregate,adverse-ecs-mismatch,1,local-adverse-authority
1,1,1,1,136,1.0,1.0,1,1,1,1.0,0.0,0.0,-0.0,-0.0,1.0,0.0,300.0,0.0,1.0,0.0,0.0,0.0044994354248046875,0.0044994354248046875,0.0,0.00437617301940918,0.0,0,3df0b766-e1b2-4a58-8580-822118b40f52,20260815,aggregate,adverse-ecs-mismatch,1,local-adverse-authority
1,1,1,1,120,1.0,1.0,1,1,1,1.0,0.0,1.0,-0.0,-0.0,1.0,0.0,300.0,0.0,1.0,0.0,0.0,0.0018987655639648438,0.0018987655639648438,0.0,0.0017287731170654297,0.0,0,3d3cd2e4-c637-42cc-a90b-9d720ddeb702,20260815,aggregate,adverse-ecs-mismatch,1,local-adverse-authority
1,1,1,1,220,1.0,1.0,1,1,1,1.0,0.0,1.0,-0.0,-0.0,1.0,0.0,118.0,0.0,1.0,0.0,0.0,0.04442548751831055,0.04442548751831055,0.0,0.044275522232055664,0.0,0,98e67863-a1a0-47f8-b121-ea50827b638d,20260815,aggregate,adverse-ecs-mismatch,1,local-adverse-authority
1,1,1,1,146,1.0,1.0,1,1,1,1.0,0.0,1.0,-0.0,-0.0,1.0,0.0,717.0,0.0,1.0,0.0,0.0,0.0020651817321777344,0.0020651817321777344,0.0,0.0018815994262695312,0.0,0,4d7b59d2-cddc-4a11-891c-ebb99880fd12,20260815,aggregate,adverse-ecs-mismatch,1,local-adverse-authority
1,1,1,1,108,1.0,1.0,1,1,1,1.0,0.0,0.0,-0.0,-0.0,1.0,0.0,299.0,0.0,1.0,0.0,0.0,0.0032024383544921875,0.0032024383544921875,0.0,0.0030679702758789062,0.0,0,2ef78f82-71d0-4685-8d36-462b71f2fa0f,20260815,aggregate,adverse-ecs-mismatch,1,local-adverse-authority
1,1,1,1,158,1.0,1.0,1,1,1,1.0,0.0,1.0,-0.0,-0.0,1.0,0.0,261.0,0.0,1.0,0.0,0.0,0.006054878234863281,0.006054878234863281,0.0,0.00591278076171875,0.0,0,390ef810-a925-4477-8291-295f1e407b3c,20260815,aggregate,adverse-ecs-mismatch,1,local-adverse-authority
1,1,1,1,188,1.0,1.0,1,1,1,1.0,0.0,1.0,-0.0,-0.0,1.0,0.0,60.0,0.0,1.0,0.0,0.0,0.0023250579833984375,0.0023250579833984375,0.0,0.002166271209716797,0.0,0,c8c68380-9452-475b-be10-44dd9cca2d57,20260815,aggregate,adverse-ecs-mismatch,1,local-adverse-authority
1,1,1,1,122,1.0,1.0,1,1,1,1.0,0.0,0.0,-0.0,-0.0,1.0,0.0,60.0,0.0,1.0,0.0,0.0,0.008507490158081055,0.008507490158081055,0.0,0.008339405059814453,0.0,0,c4befc87-f098-4d54-9888-3fe62c8e11a7,20260815,aggregate,adverse-ecs-mismatch,1,local-adverse-authority
1,1,1,1,114,1.0,1.0,1,1,1,1.0,0.0,0.0,-0.0,-0.0,1.0,0.0,300.0,0.0,1.0,0.0,0.0,0.016762971878051758,0.016762971878051758,0.0,0.016591787338256836,0.0,0,c2bce9a2-1d53-4e4c-a38e-8f9ddb5e0f3d,20260815,aggregate,adverse-ecs-mismatch,1,local-adverse-authority
1,1,1,1,126,1.0,1.0,1,1,1,1.0,0.0,0.0,-0.0,-0.0,1.0,0.0,20.0,0.0,1.0,0.0,0.0,0.042357444763183594,0.042357444763183594,0.0,0.042139291763305664,0.0,0,e513126d-e42d-4732-8230-4d820df8a6ca,20260815,aggregate,adverse-ecs-mismatch,1,local-adverse-authority
1,1,1,1,120,1.0,1.0,1,1,1,1.0,0.0,1.0,-0.0,-0.0,1.0,0.0,300.0,0.0,1.0,0.0,0.0,0.0029871463775634766,0.0029871463775634766,0.0,0.002813100814819336,0.0,0,ae5b8876-83e1-441f-a593-fb0002042b32,20260815,aggregate,adverse-ecs-mismatch,1,local-adverse-authority
1,1,1,1,132,1.0,1.0,1,1,1,1.0,0.0,0.0,-0.0,-0.0,1.0,0.0,300.0,0.0,1.0,0.0,0.0,0.0062024593353271484,0.0062024593353271484,0.0,0.006036043167114258,0.0,0,347e047c-cfb0-4ec1-9e57-f3c496a6f377,20260815,aggregate,adverse-ecs-mismatch,1,local-adverse-authority
1,1,1,1,128,1.0,1.0,1,1,1,1.0,0.0,1.0,-0.0,-0.0,1.0,0.0,20.0,0.0,1.0,0.0,0.0,0.0032045841217041016,0.0032045841217041016,0.0,0.003061532974243164,0.0,0,4ed80afc-8d5d-4f0c-9f6b-5eb95898e8fb,20260815,aggregate,adverse-ecs-mismatch,1,local-adverse-authority
1,1,1,1,164,1.0,1.0,1,1,1,1.0,0.0,1.0,-0.0,-0.0,1.0,0.0,873.0,0.0,1.0,0.0,0.0,0.015041589736938477,0.015041589736938477,0.0,0.014901399612426758,0.0,0,5c518279-4c34-4cbf-b8c7-b87633abfc3c,20260815,aggregate,adverse-ecs-mismatch,1,local-adverse-authority
1,1,1,1,184,1.0,1.0,1,1,1,1.0,0.0,0.0,-0.0,-0.0,1.0,0.0,300.0,0.0,1.0,0.0,0.0,0.0024900436401367188,0.0024900436401367188,0.0,0.0022399425506591797,0.0,0,fd6597fe-ee39-47ae-b259-b90bbb7f7794,20260815,aggregate,adverse-ecs-mismatch,1,local-adverse-authority
1,1,1,1,122,1.0,1.0,1,1,1,1.0,0.0,1.0,-0.0,-0.0,1.0,0.0,313.0,0.0,1.0,0.0,0.0,0.008242607116699219,0.008242607116699219,0.0,0.008101463317871094,0.0,0,046be360-e735-4afb-b696-5947c8702fea,20260815,aggregate,adverse-ecs-mismatch,1,local-adverse-authority
1,1,1,1,210,1.0,1.0,1,1,1,1.0,0.0,0.0,-0.0,-0.0,1.0,0.0,300.0,0.0,1.0,0.0,0.0,0.003467082977294922,0.003467082977294922,0.0,0.003350496292114258,0.0,0,d423a33b-7537-46ff-8a50-3fed4856fac0,20260815,aggregate,adverse-ecs-mismatch,1,local-adverse-authority
1,1,1,1,144,1.0,1.0,1,1,1,1.0,0.0,1.0,-0.0,-0.0,1.0,0.0,5.0,0.0,1.0,0.0,0.0,0.014003276824951172,0.014003276824951172,0.0,0.013841629028320312,0.0,0,3ed13730-8d97-48e0-b58a-612c58ce8389,20260815,aggregate,adverse-ecs-mismatch,1,local-adverse-authority
1,1,1,1,134,1.0,1.0,1,1,1,1.0,0.0,0.0,-0.0,-0.0,1.0,0.0,20.0,0.0,1.0,0.0,0.0,0.002354145050048828,0.002354145050048828,0.0,0.0021505355834960938,0.0,0,77d4ef3e-f3fd-422d-89f0-b28734291061,20260815,aggregate,adverse-ecs-mismatch,1,local-adverse-authority
1,1,1,1,130,1.0,1.0,1,1,1,1.0,0.0,0.0,-0.0,-0.0,1.0,0.0,300.0,0.0,1.0,0.0,0.0,0.01490163803100586,0.01490163803100586,0.0,0.014741182327270508,0.0,0,3404bb1f-ce1a-4d88-8fee-a813a1533249,20260815,aggregate,adverse-ecs-mismatch,1,local-adverse-authority
1,1,1,1,138,1.0,1.0,1,1,1,1.0,0.0,1.0,-0.0,-0.0,1.0,0.0,121.0,0.0,1.0,0.0,0.0,0.0036554336547851562,0.0036554336547851562,0.0,0.0034949779510498047,0.0,0,7e085d50-f0b1-4142-9234-b791549372bb,20260815,aggregate,adverse-ecs-mismatch,1,local-adverse-authority
1,1,1,1,164,1.0,1.0,1,1,1,1.0,0.0,1.0,-0.0,-0.0,1.0,0.0,274.0,0.0,1.0,0.0,0.0,0.007519960403442383,0.007519960403442383,0.0,0.007379293441772461,0.0,0,26332342-005e-4b29-9497-56cd416caa77,20260815,aggregate,adverse-ecs-mismatch,1,local-adverse-authority
1,1,1,1,115,1.0,1.0,1,1,1,1.0,1.0,0.0,-0.0,-0.0,1.0,0.0,300.0,0.0,1.0,0.0,0.0,0.002582073211669922,0.002582073211669922,0.0,0.0024237632751464844,0.0,0,6dec1c20-3879-4197-82ee-36e56d0957eb,20260815,aggregate,adverse-ecs-omit,1,local-adverse-authority
1,1,1,1,126,1.0,1.0,1,1,1,1.0,0.0,1.0,-0.0,-0.0,1.0,0.0,20.0,0.0,1.0,0.0,0.0,0.004160881042480469,0.004160881042480469,0.0,0.004053592681884766,0.0,0,67428d23-d955-4dcc-a74f-b3bd0ca48769,20260815,aggregate,adverse-ecs-mismatch,1,local-adverse-authority
1,1,1,1,112,1.0,1.0,1,1,1,1.0,0.0,0.0,-0.0,-0.0,1.0,0.0,300.0,0.0,1.0,0.0,0.0,0.003679513931274414,0.003679513931274414,0.0,0.003419160842895508,0.0,0,94a9736a-c58f-404c-8691-c6992179224e,20260815,aggregate,adverse-ecs-omit,1,local-adverse-authority
1,1,1,1,107,1.0,1.0,1,1,1,1.0,1.0,0.0,-0.0,-0.0,1.0,0.0,300.0,0.0,1.0,0.0,0.0,0.004276752471923828,0.004276752471923828,0.0,0.004114389419555664,0.0,0,f810dc20-84ee-4983-8785-767abcf61994,20260815,aggregate,adverse-ecs-omit,1,local-adverse-authority
1,1,1,1,117,1.0,1.0,1,1,1,1.0,1.0,0.0,-0.0,-0.0,1.0,0.0,300.0,0.0,1.0,0.0,0.0,0.003389120101928711,0.003389120101928711,0.0,0.0032896995544433594,0.0,0,72de7e1c-a6d1-44cd-95cc-5d814a93dd8c,20260815,aggregate,adverse-ecs-omit,1,local-adverse-authority
1,1,1,1,111,1.0,1.0,1,1,1,1.0,1.0,0.0,-0.0,-0.0,1.0,0.0,300.0,0.0,1.0,0.0,0.0,0.0030989646911621094,0.0030989646911621094,0.0,0.0025224685668945312,0.0,0,c5db9c2b-ddda-48ad-b05e-cb129a8cf857,20260815,aggregate,adverse-ecs-omit,1,local-adverse-authority
1,1,1,1,134,1.0,1.0,1,1,1,1.0,0.0,0.0,-0.0,-0.0,1.0,0.0,300.0,0.0,1.0,0.0,0.0,0.0033142566680908203,0.0033142566680908203,0.0,0.0030226707458496094,0.0,0,fc45f1d2-45fc-41c7-ba2f-8c10055c551f,20260815,aggregate,adverse-ecs-omit,1,local-adverse-authority
1,1,1,1,144,1.0,1.0,1,1,1,1.0,0.0,0.0,-0.0,-0.0,1.0,0.0,14.0,0.0,1.0,0.0,0.0,0.001810312271118164,0.001810312271118164,0.0,0.001550912857055664,0.0,0,ee964142-6c1b-43b9-98b0-5b4d44e6600a,20260815,aggregate,adverse-ecs-mismatch,1,local-adverse-authority
1,1,1,1,116,1.0,1.0,1,1,1,1.0,0.0,0.0,-0.0,-0.0,1.0,0.0,191.0,0.0,1.0,0.0,0.0,0.0035457611083984375,0.0035457611083984375,0.0,0.0030350685119628906,0.0,0,99d941c4-f513-42f7-9195-b7562ebe6437,20260815,aggregate,adverse-ecs-mismatch,1,local-adverse-authority
1,1,1,1,168,1.0,1.0,1,1,1,1.0,0.0,0.0,-0.0,-0.0,1.0,0.0,9.0,0.0,1.0,0.0,0.0,0.0040912628173828125,0.0040912628173828125,0.0,0.0037767887115478516,0.0,0,fb3928c8-d385-4657-b277-27b9da7d7604,20260815,aggregate,adverse-ecs-mismatch,1,local-adverse-authority
1,1,1,1,104,1.0,1.0,1,1,1,1.0,0.0,0.0,-0.0,-0.0,1.0,0.0,142.0,0.0,1.0,0.0,0.0,0.002543926239013672,0.002543926239013672,0.0,0.002446413040161133,0.0,0,5dfcc14b-f04c-445c-ac39-16a9eade7fa6,20260815,aggregate,adverse-ecs-mismatch,1,local-adverse-authority
1,1,1,1,158,1.0,1.0,1,1,1,1.0,0.0,1.0,-0.0,-0.0,1.0,0.0,300.0,0.0,1.0,0.0,0.0,0.0032501220703125,0.0032501220703125,0.0,0.0028307437896728516,0.0,0,d1675c1d-b9fb-4d46-95e3-07a90f6fc196,20260815,aggregate,adverse-ecs-mismatch,1,local-adverse-authority
1,1,1,1,107,1.0,1.0,1,1,1,1.0,1.0,0.0,-0.0,-0.0,1.0,0.0,300.0,0.0,1.0,0.0,0.0,0.018131256103515625,0.018131256103515625,0.0,0.01701664924621582,0.0,0,82c00d0e-cc9f-49fb-90a4-911a891606af,20260815,aggregate,adverse-ecs-omit,1,local-adverse-authority
1,1,1,1,110,1.0,1.0,1,1,1,1.0,0.0,0.0,-0.0,-0.0,1.0,0.0,2222.0,0.0,1.0,0.0,0.0,0.0030782222747802734,0.0030782222747802734,0.0,0.00228118896484375,0.0,0,7db78a78-1aeb-4289-8ed4-fc0ea6d5070b,20260815,aggregate,adverse-ecs-mismatch,1,local-adverse-authority
1,1,1,1,103,1.0,1.0,1,1,1,1.0,1.0,0.0,-0.0,-0.0,1.0,0.0,300.0,0.0,1.0,0.0,0.0,0.003773212432861328,0.003773212432861328,0.0,0.0032913684844970703,0.0,0,6ed2c16b-be12-4fc3-81bb-2742de1f6fea,20260815,aggregate,adverse-ecs-omit,1,local-adverse-authority
1,1,1,1,162,1.0,1.0,1,1,1,1.0,0.0,0.0,-0.0,-0.0,1.0,0.0,79.0,0.0,1.0,0.0,0.0,0.016560077667236328,0.016560077667236328,0.0,0.01570296287536621,0.0,0,47b480bc-1679-42b2-8594-5c3ecd916c12,20260815,aggregate,adverse-ecs-mismatch,1,local-adverse-authority
1,1,1,1,121,1.0,1.0,1,1,1,1.0,1.0,0.0,-0.0,-0.0,1.0,0.0,300.0,0.0,1.0,0.0,0.0,0.0028159618377685547,0.0028159618377685547,0.0,0.0027289390563964844,0.0,0,059eb539-c837-451d-9e6c-b8e3999263cb,20260815,aggregate,adverse-ecs-omit,1,local-adverse-authority
1,1,1,1,168,1.0,1.0,1,1,1,1.0,0.0,1.0,-0.0,-0.0,1.0,0.0,226.0,0.0,1.0,0.0,0.0,0.006724357604980469,0.006724357604980469,0.0,0.006072044372558594,0.0,0,3da1fa74-b179-449d-92ec-779f3fdffe52,20260815,aggregate,adverse-ecs-mismatch,1,local-adverse-authority
1,1,1,1,103,1.0,1.0,1,1,1,1.0,1.0,0.0,-0.0,-0.0,1.0,0.0,300.0,0.0,1.0,0.0,0.0,0.0024137496948242188,0.0024137496948242188,0.0,0.0021991729736328125,0.0,0,35865e2a-d597-46d4-883f-d7f957ca07a0,20260815,aggregate,adverse-ecs-omit,1,local-adverse-authority
1,1,1,1,120,1.0,1.0,1,1,1,1.0,0.0,0.0,-0.0,-0.0,1.0,0.0,600.0,0.0,1.0,0.0,0.0,0.003395557403564453,0.003395557403564453,0.0,0.0032727718353271484,0.0,0,7d58f5f6-3401-440f-b8a9-d7dfa01bf2e1,20260815,aggregate,adverse-ecs-mismatch,1,local-adverse-authority
1,1,1,1,126,1.0,1.0,1,1,1,1.0,0.0,0.0,-0.0,-0.0,1.0,0.0,300.0,0.0,1.0,0.0,0.0,0.006478071212768555,0.006478071212768555,0.0,0.00622105598449707,0.0,0,7b5c898c-6cd1-4160-8ba7-a533c388c6e2,20260815,aggregate,adverse-ecs-mismatch,1,local-adverse-authority
1,1,1,1,138,1.0,1.0,1,1,1,1.0,0.0,0.0,-0.0,-0.0,1.0,0.0,3350.0,0.0,1.0,0.0,0.0,0.01856064796447754,0.01856064796447754,0.0,0.01840662956237793,0.0,0,da213ec6-c1e5-4a87-9ac5-fcb58e45caa8,20260815,aggregate,adverse-ecs-mismatch,1,local-adverse-authority
1,1,1,1,117,1.0,1.0,1,1,1,1.0,1.0,0.0,-0.0,-0.0,1.0,0.0,300.0,0.0,1.0,0.0,0.0,0.02173328399658203,0.02173328399658203,0.0,0.020247220993041992,0.0,0,36df64f3-7617-4809-af4f-90f73320a69a,20260815,aggregate,adverse-ecs-omit,1,local-adverse-authority
1,1,1,1,162,1.0,1.0,1,1,1,1.0,0.0,1.0,-0.0,-0.0,1.0,0.0,300.0,0.0,1.0,0.0,0.0,0.005019187927246094,0.005019187927246094,0.0,0.0032491683959960938,0.0,0,31cd561e-fa50-4164-91c8-3177d26657f5,20260815,aggregate,adverse-ecs-mismatch,1,local-adverse-authority
1,1,1,1,128,1.0,1.0,1,1,1,1.0,0.0,0.0,-0.0,-0.0,1.0,0.0,1963.0,0.0,1.0,0.0,0.0,0.01042628288269043,0.01042628288269043,0.0,0.00709080696105957,0.0,0,0eb90764-8576-4ff2-8a3c-16399c64051c,20260815,aggregate,adverse-ecs-mismatch,1,local-adverse-authority
1,1,1,1,124,1.0,1.0,1,1,1,1.0,0.0,1.0,-0.0,-0.0,1.0,0.0,20.0,0.0,1.0,0.0,0.0,0.006127119064331055,0.006127119064331055,0.0,0.004965782165527344,0.0,0,bba6e147-90ae-458a-b57f-57db4784d82a,20260815,aggregate,adverse-ecs-mismatch,1,local-adverse-authority
1,1,1,1,138,1.0,1.0,1,1,1,1.0,0.0,0.0,-0.0,-0.0,1.0,0.0,20146.0,0.0,1.0,0.0,0.0,0.002618551254272461,0.002618551254272461,0.0,0.0024204254150390625,0.0,0,c14a82a1-9a84-415f-8c6e-4f4ece2f79d3,20260815,aggregate,adverse-ecs-mismatch,1,local-adverse-authority
1,1,1,1,156,1.0,1.0,1,1,1,1.0,0.0,1.0,-0.0,-0.0,1.0,0.0,300.0,0.0,1.0,0.0,0.0,0.005480527877807617,0.005480527877807617,0.0,0.005161762237548828,0.0,0,7d6170d8-f5d1-4358-81fe-14bfc2cc8fba,20260815,aggregate,adverse-ecs-mismatch,1,local-adverse-authority
1,1,1,1,174,1.0,1.0,1,1,1,1.0,0.0,1.0,-0.0,-0.0,1.0,0.0,60.0,0.0,1.0,0.0,0.0,0.003979682922363281,0.003979682922363281,0.0,0.003873109817504883,0.0,0,11e2434c-54fd-4967-bb44-c08b3a9d7f33,20260815,aggregate,adverse-ecs-mismatch,1,local-adverse-authority
1,1,1,1,156,1.0,1.0,1,1,1,1.0,0.0,1.0,-0.0,-0.0,1.0,0.0,300.0,0.0,1.0,0.0,0.0,0.0048618316650390625,0.0048618316650390625,0.0,0.003139495849609375,0.0,0,c8ca4c7e-b113-47b5-818b-a6e587c815c0,20260815,aggregate,adverse-ecs-mismatch,1,local-adverse-authority
1,1,1,1,168,1.0,1.0,1,1,1,1.0,0.0,1.0,-0.0,-0.0,1.0,0.0,300.0,0.0,1.0,0.0,0.0,0.0028738975524902344,0.0028738975524902344,0.0,0.0028061866760253906,0.0,0,acbed942-1aac-4ff9-8d0f-11812598fd98,20260815,aggregate,adverse-ecs-mismatch,1,local-adverse-authority
1,1,1,1,158,1.0,1.0,1,1,1,1.0,0.0,0.0,-0.0,-0.0,1.0,0.0,300.0,0.0,1.0,0.0,0.0,0.014508485794067383,0.014508485794067383,0.0,0.012891054153442383,0.0,0,a7e430c3-f698-44e6-9b0d-d428d80e0623,20260815,aggregate,adverse-ecs-mismatch,1,local-adverse-authority
1,1,1,1,114,1.0,1.0,1,1,1,1.0,0.0,0.0,-0.0,-0.0,1.0,0.0,300.0,0.0,1.0,0.0,0.0,0.0032622814178466797,0.0032622814178466797,0.0,0.0032112598419189453,0.0,0,b85c697a-20d1-4446-92b0-4d70287d014a,20260815,aggregate,adverse-ecs-omit,1,local-adverse-authority
1,1,1,1,114,1.0,1.0,1,1,1,1.0,0.0,0.0,-0.0,-0.0,1.0,0.0,260.0,0.0,1.0,0.0,0.0,0.01238107681274414,0.01238107681274414,0.0,0.01228022575378418,0.0,0,fb8880d7-a618-467c-aa21-91bd654f7a7e,20260815,aggregate,adverse-ecs-mismatch,1,local-adverse-authority
1,1,1,1,188,1.0,1.0,1,1,1,1.0,0.0,0.0,-0.0,-0.0,1.0,0.0,33.0,0.0,1.0,0.0,0.0,0.04766488075256348,0.04766488075256348,0.0,0.047399282455444336,0.0,0,d9193190-c7ef-4ddf-9929-a704dffabcdd,20260815,aggregate,adverse-ecs-mismatch,1,local-adverse-authority
1,1,1,1,124,1.0,1.0,1,1,1,1.0,0.0,1.0,-0.0,-0.0,1.0,0.0,10253.0,0.0,1.0,0.0,0.0,0.0028848648071289062,0.0028848648071289062,0.0,0.002777099609375,0.0,0,23a349fa-f649-46f0-a534-417a90487a52,20260815,aggregate,adverse-ecs-mismatch,1,local-adverse-authority
1,1,1,1,114,1.0,1.0,1,1,1,1.0,0.0,1.0,-0.0,-0.0,1.0,0.0,300.0,0.0,1.0,0.0,0.0,0.037741661071777344,0.037741661071777344,0.0,0.03759121894836426,0.0,0,bc569d31-6593-4b3b-9317-58190d4a0d1b,20260815,aggregate,adverse-ecs-mismatch,1,local-adverse-authority
1,1,1,1,115,1.0,1.0,1,1,1,1.0,1.0,0.0,-0.0,-0.0,1.0,0.0,300.0,0.0,1.0,0.0,0.0,0.06874251365661621,0.06874251365661621,0.0,0.06866288185119629,0.0,0,1129fba2-9969-44c4-aa12-5e3dbc0638b1,20260815,aggregate,adverse-ecs-omit,1,local-adverse-authority
1,1,1,1,138,1.0,1.0,1,1,1,1.0,0.0,0.0,-0.0,-0.0,1.0,0.0,53.0,0.0,1.0,0.0,0.0,0.020949602127075195,0.020949602127075195,0.0,0.02077007293701172,0.0,0,bd9140c9-c15d-4449-82d9-c490e76b8323,20260815,aggregate,adverse-ecs-mismatch,1,local-adverse-authority
1,1,1,1,122,1.0,1.0,1,1,1,1.0,0.0,0.0,-0.0,-0.0,1.0,0.0,3600.0,0.0,1.0,0.0,0.0,0.0025358200073242188,0.0025358200073242188,0.0,0.002327442169189453,0.0,0,7a15c936-b3a6-4f5f-baa0-a3e0819ed178,20260815,aggregate,adverse-ecs-mismatch,1,local-adverse-authority
1,1,1,1,188,1.0,1.0,1,1,1,1.0,0.0,1.0,-0.0,-0.0,1.0,0.0,60.0,0.0,1.0,0.0,0.0,0.011887311935424805,0.011887311935424805,0.0,0.011731624603271484,0.0,0,a9d7ebad-a6f5-4ee5-add1-72ce0de66d19,20260815,aggregate,adverse-ecs-mismatch,1,local-adverse-authority
1,1,1,1,164,1.0,1.0,1,1,1,1.0,0.0,0.0,-0.0,-0.0,1.0,0.0,260.0,0.0,1.0,0.0,0.0,0.0022020339965820312,0.0022020339965820312,0.0,0.002082347869873047,0.0,0,de6552a3-d550-4fb5-a277-581ab61f3e57,20260815,aggregate,adverse-ecs-mismatch,1,local-adverse-authority
1,1,1,1,126,1.0,1.0,1,1,1,1.0,0.0,1.0,-0.0,-0.0,1.0,0.0,300.0,0.0,1.0,0.0,0.0,0.001622915267944336,0.001622915267944336,0.0,0.0014595985412597656,0.0,0,7c0ebe54-87da-45d3-9fbb-51f162794922,20260815,aggregate,adverse-ecs-mismatch,1,local-adverse-authority
1,1,1,1,144,1.0,1.0,1,1,1,1.0,0.0,0.0,-0.0,-0.0,1.0,0.0,5.0,0.0,1.0,0.0,0.0,0.016716957092285156,0.016716957092285156,0.0,0.016595125198364258,0.0,0,225314dc-0d7b-4467-a59b-8e43e996c1db,20260815,aggregate,adverse-ecs-mismatch,1,local-adverse-authority
1,1,1,1,136,1.0,1.0,1,1,1,1.0,0.0,1.0,-0.0,-0.0,1.0,0.0,1.0,0.0,1.0,0.0,0.0,0.0018818378448486328,0.0018818378448486328,0.0,0.0017178058624267578,0.0,0,718f35f7-f949-45b6-a089-10f05e884336,20260815,aggregate,adverse-ecs-mismatch,1,local-adverse-authority
1,1,1,1,108,1.0,1.0,1,1,1,1.0,0.0,0.0,-0.0,-0.0,1.0,0.0,4.0,0.0,1.0,0.0,0.0,0.0028057098388671875,0.0028057098388671875,0.0,0.0026903152465820312,0.0,0,b3aa75a7-2467-4a63-9901-53718b56fa29,20260815,aggregate,adverse-ecs-mismatch,1,local-adverse-authority
1,1,1,1,156,1.0,1.0,1,1,1,1.0,0.0,1.0,-0.0,-0.0,1.0,0.0,60.0,0.0,1.0,0.0,0.0,0.0028018951416015625,0.0028018951416015625,0.0,0.0027153491973876953,0.0,0,43aa6259-7073-4d88-bf5a-ed331831d080,20260815,aggregate,adverse-ecs-mismatch,1,local-adverse-authority
1,1,1,1,172,1.0,1.0,1,1,1,1.0,0.0,1.0,-0.0,-0.0,1.0,0.0,60.0,0.0,1.0,0.0,0.0,0.013776540756225586,0.013776540756225586,0.0,0.013585090637207031,0.0,0,95c8c155-f36c-44ae-9a87-764e8ac9aa52,20260815,aggregate,adverse-ecs-mismatch,1,local-adverse-authority
1,1,1,1,124,1.0,1.0,1,1,1,1.0,0.0,1.0,-0.0,-0.0,1.0,0.0,14333.0,0.0,1.0,0.0,0.0,0.0024390220642089844,0.0024390220642089844,0.0,0.002135038375854492,0.0,0,4fd864a4-b883-4947-bec7-05a5625c8ca9,20260815,aggregate,adverse-ecs-mismatch,1,local-adverse-authority
1,1,1,1,106,1.0,1.0,1,1,1,1.0,0.0,0.0,-0.0,-0.0,1.0,0.0,278.0,0.0,1.0,0.0,0.0,0.004290103912353516,0.004290103912353516,0.0,0.0041882991790771484,0.0,0,859e094a-ae54-4917-b3b5-a1654a2387e9,20260815,aggregate,adverse-ecs-mismatch,1,local-adverse-authority
1,1,1,1,124,1.0,1.0,1,1,1,1.0,0.0,0.0,-0.0,-0.0,1.0,0.0,53.0,0.0,1.0,0.0,0.0,0.0015113353729248047,0.0015113353729248047,0.0,0.0014231204986572266,0.0,0,663dc79b-fd6c-4a6c-bb06-ee9fca3c274c,20260815,aggregate,adverse-ecs-mismatch,1,local-adverse-authority
1,1,1,1,138,1.0,1.0,1,1,1,1.0,0.0,0.0,-0.0,-0.0,1.0,0.0,20220.0,0.0,1.0,0.0,0.0,0.0034356117248535156,0.0034356117248535156,0.0,0.003311634063720703,0.0,0,e3cf890d-46b2-4205-92c2-4c61ae174d95,20260815,aggregate,adverse-ecs-mismatch,1,local-adverse-authority
1,1,1,1,128,1.0,1.0,1,1,1,1.0,0.0,0.0,-0.0,-0.0,1.0,0.0,14772.0,0.0,1.0,0.0,0.0,0.003643035888671875,0.003643035888671875,0.0,0.0034821033477783203,0.0,0,9f7ff9d5-2cd2-42fa-8ed1-51a953f546c7,20260815,aggregate,adverse-ecs-mismatch,1,local-adverse-authority
1,1,1,1,174,1.0,1.0,1,1,1,1.0,0.0,1.0,-0.0,-0.0,1.0,0.0,3312.0,0.0,1.0,0.0,0.0,0.01755046844482422,0.01755046844482422,0.0,0.01745748519897461,0.0,0,b6827d35-a40f-476f-a585-d2d7c4289d91,20260815,aggregate,adverse-ecs-mismatch,1,local-adverse-authority
6,6,1,6,961,0.16666666666666666,1.0,1,6,1,1.0,0.0,0.0,-0.0,-0.0,0.16666666666666666,0.0,300.0,0.0,0.16666666666666666,0.0,0.8333333333333334,0.012176076571146647,0.01251310110092163,0.02129122132425874,0.012211322784423828,0.0,0,8a21d44c-fa7b-49fc-a562-96076d495465,20260815,aggregate,adverse-conflict,1,local-adverse-authority
6,12,1,12,1143,0.16666666666666666,2.0,1,6,1,1.0,0.0,0.0,-0.0,-0.0,0.16666666666666666,0.5,40.0,0.0,0.08333333333333333,0.0,0.8333333333333334,0.014964818954467773,0.015371835231781006,0.020027639448950925,0.014754056930541992,5.888938903808594e-05,0,6110bff3-c890-4b59-adef-4ec3bad46e74,20260815,aggregate,adverse-conflict,1,local-adverse-authority
6,6,1,6,584,0.16666666666666666,1.0,1,6,1,1.0,0.0,0.0,-0.0,-0.0,0.16666666666666666,0.0,88.0,0.0,0.16666666666666666,0.0,0.8333333333333334,0.0023722251256306968,0.0028148293495178223,0.14570541782325921,0.002241373062133789,0.0,0,29b6a435-ec0a-4eaa-93c3-a6edcdec9875,20260815,aggregate,adverse-conflict,1,local-adverse-authority
6,12,1,12,1348,0.16666666666666666,2.0,1,6,1,1.0,0.0,0.0,-0.0,-0.0,0.16666666666666666,0.5,880.0,0.0,0.08333333333333333,0.0,0.8333333333333334,0.017911553382873535,0.018294882774353028,0.015392074795845492,0.01776123046875,0.00010347366333007812,0,343f965a-d3e7-4286-9245-db17e84b1bb7,20260815,aggregate,adverse-conflict,1,local-adverse-authority
6,12,1,12,907,0.16666666666666666,2.0,1,6,1,1.0,0.0,0.0,-0.0,-0.0,0.16666666666666666,0.5,859.0,0.0,0.08333333333333333,0.0,0.8333333333333334,0.030254006385803223,0.03070664405822754,0.010896663164922668,0.03020453453063965,5.7220458984375e-05,0,e617318a-d32c-4566-99e1-afe8f3c64bdb,20260815,aggregate,adverse-conflict,1,local-adverse-authority
6,6,1,6,584,0.16666666666666666,1.0,1,6,1,1.0,0.0,0.0,-0.0,-0.0,0.16666666666666666,0.0,17348.0,0.0,0.16666666666666666,0.0,0.8333333333333334,0.0013869603474934895,0.0018053054809570312,0.19917182177701576,0.0018031597137451172,0.0,0,5f87d09c-0b6c-4817-8eab-7d9631b9789e,20260815,aggregate,adverse-conflict,1,local-adverse-authority
6,12,1,12,925,0.16666666666666666,2.0,1,6,1,1.0,0.0,0.0,-0.0,-0.0,0.16666666666666666,0.5,245.0,0.0,0.08333333333333333,0.0,0.8333333333333334,0.01578354835510254,0.016360008716583253,0.025501997418681602,0.01573657989501953,5.555152893066406e-05,0,9f34c5e5-8950-4615-b71d-e3de535e2575,20260815,aggregate,adverse-conflict,1,local-adverse-authority
6,12,1,12,1195,0.16666666666666666,2.0,1,6,1,1.0,0.0,0.0,-0.0,-0.0,0.16666666666666666,0.5,1863.0,0.0,0.08333333333333333,0.0,0.8333333333333334,0.005286852518717448,0.005710005760192871,0.05535343848018774,0.0052454471588134766,5.0067901611328125e-05,0,fbe37ee1-b106-487c-9af2-d544d08f132d,20260815,aggregate,adverse-conflict,1,local-adverse-authority
1,1,1,1,128,1.0,1.0,1,1,1,1.0,0.0,1.0,-0.0,-0.0,1.0,0.0,300.0,0.0,1.0,0.0,0.0,0.0032689571380615234,0.0032689571380615234,0.0,0.0031092166900634766,0.0,0,bd16c305-7929-45a0-add5-18dfa6d911d3,20260815,aggregate,adverse-ecs-mismatch,1,local-adverse-authority
1,1,1,1,128,1.0,1.0,1,1,1,1.0,0.0,1.0,-0.0,-0.0,1.0,0.0,300.0,0.0,1.0,0.0,0.0,0.0017158985137939453,0.0017158985137939453,0.0,0.0012545585632324219,0.0,0,c0ad07bc-eb80-453a-b950-b383da197ecb,20260815,aggregate,adverse-ecs-mismatch,1,local-adverse-authority
1,1,1,1,110,1.0,1.0,1,1,1,1.0,0.0,1.0,-0.0,-0.0,1.0,0.0,300.0,0.0,1.0,0.0,0.0,0.006131887435913086,0.006131887435913086,0.0,0.0049512386322021484,0.0,0,2fa18e27-b962-4985-b510-e0b6d3cdb0d1,20260815,aggregate,adverse-ecs-mismatch,1,local-adverse-authority
1,1,1,1,122,1.0,1.0,1,1,1,1.0,0.0,1.0,-0.0,-0.0,1.0,0.0,300.0,0.0,1.0,0.0,0.0,0.004637956619262695,0.004637956619262695,0.0,0.003805398941040039,0.0,0,dda1b592-81f3-4022-aa00-964ce12bb583,20260815,aggregate,adverse-ecs-mismatch,1,local-adverse-authority
1,1,1,1,114,1.0,1.0,1,1,1,1.0,0.0,1.0,-0.0,-0.0,1.0,0.0,300.0,0.0,1.0,0.0,0.0,0.005984783172607422,0.005984783172607422,0.0,0.005032777786254883,0.0,0,fd2cb22e-ce58-4218-88eb-fc63d3e8d2fe,20260815,aggregate,adverse-ecs-mismatch,1,local-adverse-authority
6,12,1,12,977,0.16666666666666666,2.0,1,6,1,1.0,0.0,0.0,-0.0,-0.0,0.16666666666666666,0.5,66.0,0.0,0.08333333333333333,0.0,0.8333333333333334,0.005879720052083333,0.008988308906555175,0.2626750927698488,0.007721900939941406,8.249282836914062e-05,0,212ea6db-c11d-42bf-bb72-3edb675c57ab,20260815,aggregate,adverse-conflict,1,local-adverse-authority
6,12,1,12,1169,0.16666666666666666,2.0,1,6,1,1.0,0.0,0.0,-0.0,-0.0,0.16666666666666666,0.5,12.0,0.0,0.08333333333333333,0.0,0.8333333333333334,0.010038375854492188,0.011224639415740967,0.0807407413835269,0.010622978210449219,4.267692565917969e-05,0,c643011e-0596-4365-8282-f58e5709ef73,20260815,aggregate,adverse-conflict,1,local-adverse-authority
1,1,1,1,120,1.0,1.0,1,1,1,1.0,0.0,0.0,-0.0,-0.0,1.0,0.0,300.0,0.0,1.0,0.0,0.0,0.016286373138427734,0.016286373138427734,0.0,0.01614546775817871,0.0,0,c2babd80-6267-47dc-ab80-4afedd3079cb,20260815,aggregate,adverse-ecs-mismatch,1,local-adverse-authority
1,1,1,1,114,1.0,1.0,1,1,1,1.0,0.0,0.0,-0.0,-0.0,1.0,0.0,300.0,0.0,1.0,0.0,0.0,0.0061075687408447266,0.0061075687408447266,0.0,0.005541563034057617,0.0,0,7d3c12f7-dcc9-4600-a2d8-3d6ff66ad522,20260815,aggregate,adverse-ecs-mismatch,1,local-adverse-authority
1,1,1,1,136,1.0,1.0,1,1,1,1.0,0.0,1.0,-0.0,-0.0,1.0,0.0,300.0,0.0,1.0,0.0,0.0,0.016866207122802734,0.016866207122802734,0.0,0.015699148178100586,0.0,0,2001e493-6d2d-419e-ac90-1c281f2a62f3,20260815,aggregate,adverse-ecs-mismatch,1,local-adverse-authority
6,6,1,6,748,0.16666666666666666,1.0,1,6,1,1.0,0.0,0.0,-0.0,-0.0,0.16666666666666666,0.0,278.0,0.0,0.16666666666666666,0.0,0.8333333333333334,0.014091571172078451,0.01528322696685791,0.06003612688491691,0.015179157257080078,0.0,0,a0251deb-e333-47e2-9fb6-35cbf1ea88c4,20260815,aggregate,adverse-conflict,1,local-adverse-authority
6,12,1,12,907,0.16666666666666666,2.0,1,6,1,1.0,0.0,0.0,-0.0,-0.0,0.16666666666666666,0.5,4942.0,0.0,0.08333333333333333,0.0,0.8333333333333334,0.004969596862792969,0.006784498691558838,0.29223761455541714,0.0062634944915771484,2.5033950805664062e-05,0,af042166-014c-4916-9054-7a38665f6159,20260815,aggregate,adverse-conflict,1,local-adverse-authority
1,1,1,1,116,1.0,1.0,1,1,1,1.0,0.0,1.0,-0.0,-0.0,1.0,0.0,300.0,0.0,1.0,0.0,0.0,0.008931159973144531,0.008931159973144531,0.0,0.007873296737670898,0.0,0,860ce974-9b63-4649-b317-777bc3c7a932,20260815,aggregate,adverse-ecs-mismatch,1,local-adverse-authority
6,12,1,12,842,0.16666666666666666,2.0,1,6,1,1.0,0.0,0.0,-0.0,-0.0,0.16666666666666666,0.5,14378.0,0.0,0.08333333333333333,0.0,0.8333333333333334,0.007608652114868164,0.008454716205596924,0.070783010673839,0.007566690444946289,0.0005242824554443359,0,868deed2-cba8-415f-9bb2-f4d21620a34a,20260815,aggregate,adverse-conflict,1,local-adverse-authority
6,12,1,12,816,0.16666666666666666,2.0,1,6,1,1.0,0.0,0.0,-0.0,-0.0,0.16666666666666666,0.5,56.0,0.0,0.08333333333333333,0.0,0.8333333333333334,0.009045998255411783,0.011178743839263915,0.11825839858017724,0.010555744171142578,0.0005886554718017578,0,511d42dd-c383-46b5-a050-f952934b0a57,20260815,aggregate,adverse-conflict,1,local-adverse-authority
6,6,1,6,488,0.16666666666666666,1.0,1,6,1,1.0,0.0,0.0,-0.0,-0.0,0.16666666666666666,0.0,20358.0,0.0,0.16666666666666666,0.0,0.8333333333333334,0.01682468255360921,0.01718217134475708,0.015818014581493133,0.01675891876220703,0.0,0,172df3b9-123b-477b-a595-6e967d91ab50,20260815,aggregate,adverse-conflict,1,local-adverse-authority
6,6,1,6,453,0.16666666666666666,1.0,1,6,1,1.0,0.0,0.0,-0.0,-0.0,0.16666666666666666,0.0,150.0,0.0,0.16666666666666666,0.0,0.8333333333333334,0.004366676012674968,0.006771504878997803,0.38004845363770956,0.006754159927368164,0.0,0,7dc572ba-9283-4c17-a53e-8254d528d995,20260815,aggregate,adverse-conflict,1,local-adverse-authority
6,12,1,12,1091,0.16666666666666666,2.0,1,6,1,1.0,0.0,0.0,-0.0,-0.0,0.16666666666666666,0.5,60.0,0.0,0.08333333333333333,0.0,0.8333333333333334,0.010455648104349772,0.011738836765289307,0.07882946403398226,0.010251045227050781,5.841255187988281e-05,0,64f02bac-5d9f-4ca1-abae-d5ebfaf9ce6c,20260815,aggregate,adverse-conflict,1,local-adverse-authority
1,1,1,1,126,1.0,1.0,1,1,1,1.0,0.0,1.0,-0.0,-0.0,1.0,0.0,300.0,0.0,1.0,0.0,0.0,0.0315244197845459,0.0315244197845459,0.0,0.031180381774902344,0.0,0,8cbbfbe9-3fed-474e-9e60-ac892238f773,20260815,aggregate,adverse-ecs-mismatch,1,local-adverse-authority
6,12,1,12,1566,0.16666666666666666,2.0,1,6,1,1.0,0.0,0.0,-0.0,-0.0,0.16666666666666666,0.5,83.0,0.0,0.08333333333333333,0.0,0.8333333333333334,0.0076974232991536455,0.010799431800842285,0.2180271193054266,0.00712895393371582,0.0005002021789550781,0,163bf070-c02b-403a-84e6-140ce4404340,20260815,aggregate,adverse-conflict,1,local-adverse-authority
1,1,1,1,122,1.0,1.0,1,1,1,1.0,0.0,0.0,-0.0,-0.0,1.0,0.0,300.0,0.0,1.0,0.0,0.0,0.0058557987213134766,0.0058557987213134766,0.0,0.004178524017333984,0.0,0,6a3c9fca-b03a-430f-816d-f579d5e46326,20260815,aggregate,adverse-ecs-mismatch,1,local-adverse-authority
6,12,1,12,1130,0.16666666666666666,2.0,1,6,1,1.0,0.0,0.0,-0.0,-0.0,0.16666666666666666,0.5,38.0,0.0,0.08333333333333333,0.0,0.8333333333333334,0.004558126131693522,0.005936574935913086,0.2112091228372508,0.0046808719635009766,0.00040149688720703125,0,836dd8d1-864d-465f-a59f-8de8a702a547,20260815,aggregate,adverse-conflict,1,local-adverse-authority
1,1,1,1,114,1.0,1.0,1,1,1,1.0,0.0,0.0,-0.0,-0.0,1.0,0.0,300.0,0.0,1.0,0.0,0.0,0.03791189193725586,0.03791189193725586,0.0,0.03734564781188965,0.0,0,2c2526ee-415e-4a44-80a5-6b106b593b09,20260815,aggregate,adverse-ecs-mismatch,1,local-adverse-authority
6,12,1,12,2438,0.16666666666666666,2.0,1,6,1,1.0,0.0,0.0,-0.0,-0.0,0.16666666666666666,0.5,27.0,0.0,0.08333333333333333,0.0,0.8333333333333334,0.028397440910339355,0.029784536361694335,0.032795629111617576,0.027674198150634766,0.001392364501953125,0,4c4a578e-b566-4906-9003-359cb7abddc4,20260815,aggregate,adverse-conflict,1,local-adverse-authority
6,6,1,6,467,0.16666666666666666,1.0,1,6,1,1.0,0.0,0.0,-0.0,-0.0,0.16666666666666666,0.0,62.0,0.0,0.16666666666666666,0.0,0.8333333333333334,0.009667118390401205,0.011699914932250977,0.16140505475224537,0.00837850570678711,0.0,0,6c953bd4-443f-4ef5-ab57-e25e3f7e2df0,20260815,aggregate,adverse-conflict,1,local-adverse-authority
6,12,1,12,886,0.16666666666666666,2.0,1,6,1,1.0,0.0,0.0,-0.0,-0.0,0.16666666666666666,0.5,300.0,0.0,0.08333333333333333,0.0,0.8333333333333334,0.018991589546203613,0.02037886381149292,0.05633484991972706,0.018889904022216797,5.888938903808594e-05,0,d63d5715-a839-4e0b-a28a-fdeee4e2c73d,20260815,aggregate,adverse-conflict,1,local-adverse-authority
6,12,1,12,1234,0.16666666666666666,2.0,1,6,1,1.0,0.0,0.0,-0.0,-0.0,0.16666666666666666,0.5,60.0,0.0,0.08333333333333333,0.0,0.8333333333333334,0.007577260335286458,0.008606827259063721,0.11619420621466502,0.007810354232788086,6.127357482910156e-05,0,5e723f74-0714-4486-8726-ec3cd15959d9,20260815,aggregate,adverse-conflict,1,local-adverse-authority
6,12,1,12,1195,0.16666666666666666,2.0,1,6,1,1.0,0.0,0.0,-0.0,-0.0,0.16666666666666666,0.5,300.0,0.0,0.08333333333333333,0.0,0.8333333333333334,0.027112563451131184,0.02806229591369629,0.02499280660491087,0.02741694450378418,9.1552734375e-05,0,f5003cea-5bfc-4fb3-8235-09fb6308d2be,20260815,aggregate,adverse-conflict,1,local-adverse-authority
6,12,1,12,899,0.16666666666666666,2.0,1,6,1,1.0,0.0,0.0,-0.0,-0.0,0.16666666666666666,0.5,300.0,0.0,0.08333333333333333,0.0,0.8333333333333334,0.009025851885477701,0.013355720043182372,0.3352600792355464,0.00854635238647461,0.001580953598022461,0,2ed8e669-5cbd-4aa8-bc47-1088c1c5c6aa,20260815,aggregate,adverse-conflict,1,local-adverse-authority
6,12,1,12,790,0.16666666666666666,2.0,1,6,1,1.0,0.0,0.0,-0.0,-0.0,0.16666666666666666,0.5,349.0,0.0,0.08333333333333333,0.0,0.8333333333333334,0.02038915952046712,0.02126399278640747,0.0535282170115798,0.01987433433532715,5.173683166503906e-05,0,945a1b84-3c1d-40c7-a199-6bb3dea3acc0,20260815,aggregate,adverse-conflict,1,local-adverse-authority
6,12,1,12,829,0.16666666666666666,2.0,1,6,1,1.0,0.0,0.0,-0.0,-0.0,0.16666666666666666,0.5,300.0,0.0,0.08333333333333333,0.0,0.8333333333333334,0.01981361707051595,0.022465646266937256,0.09918528394151921,0.02206563949584961,4.649162292480469e-05,0,2e1f687f-e5e2-4a9b-845a-3105104fcd20,20260815,aggregate,adverse-conflict,1,local-adverse-authority
6,12,1,12,899,0.16666666666666666,2.0,1,6,1,1.0,0.0,0.0,-0.0,-0.0,0.16666666666666666,0.5,1924.0,0.0,0.08333333333333333,0.0,0.8333333333333334,0.010983546574910482,0.013207495212554932,0.13888987019014265,0.011344671249389648,0.0009214878082275391,0,7cd89236-8ec0-475d-95e7-cef63069afce,20260815,aggregate,adverse-conflict,1,local-adverse-authority
6,6,1,6,989,0.16666666666666666,1.0,1,6,1,1.0,0.0,0.0,-0.0,-0.0,0.16666666666666666,0.0,246.0,0.0,0.16666666666666666,0.0,0.8333333333333334,0.005074103673299153,0.009419560432434082,0.720056544672442,0.00793910026550293,0.0,0,f3c81d5a-3a9d-47c4-99f0-cb9b75b51099,20260815,aggregate,adverse-conflict,1,local-adverse-authority
6,12,1,12,1182,0.16666666666666666,2.0,1,6,1,1.0,0.0,0.0,-0.0,-0.0,0.16666666666666666,0.5,60.0,0.0,0.08333333333333333,0.0,0.8333333333333334,0.013076225916544596,0.01675128936767578,0.2258997950985934,0.012782573699951172,4.76837158203125e-05,0,c3050741-ffe0-45dc-954e-0200b675b5d9,20260815,aggregate,adverse-conflict,1,local-adverse-authority
6,6,1,6,741,0.16666666666666666,1.0,1,6,1,1.0,0.0,0.0,-0.0,-0.0,0.16666666666666666,0.0,72.0,0.0,0.16666666666666666,0.0,0.8333333333333334,0.004946986834208171,0.008469820022583008,0.5620969096948861,0.008158206939697266,0.0,0,60d978a8-abe7-4d5d-a52f-cc6e6d1ad1d2,20260815,aggregate,adverse-conflict,1,local-adverse-authority
6,12,1,12,1221,0.16666666666666666,2.0,1,6,1,1.0,0.0,0.0,-0.0,-0.0,0.16666666666666666,0.5,60.0,0.0,0.08333333333333333,0.0,0.8333333333333334,0.02119322617848714,0.02520625591278076,0.13584500851349995,0.024309635162353516,8.249282836914062e-05,0,b7848ef7-268d-4972-b1ee-89f0b61e756a,20260815,aggregate,adverse-conflict,1,local-adverse-authority
6,12,1,12,829,0.16666666666666666,2.0,1,6,1,1.0,0.0,0.0,-0.0,-0.0,0.16666666666666666,0.5,15.0,0.0,0.08333333333333333,0.0,0.8333333333333334,0.028439680735270183,0.030607724189758302,0.05721054602505795,0.027892351150512695,3.7670135498046875e-05,0,3e9608c7-7d67-42ff-b526-8ece23645032,20260815,aggregate,adverse-conflict,1,local-adverse-authority
6,12,1,12,995,0.16666666666666666,2.0,1,6,1,1.0,0.0,0.0,-0.0,-0.0,0.16666666666666666,0.5,55.0,0.0,0.08333333333333333,0.0,0.8333333333333334,0.014604965845743815,0.01804159879684448,0.16299186156870732,0.016757488250732422,7.414817810058594e-05,0,2b140d84-c904-453b-b62b-1794337090c7,20260815,aggregate,adverse-conflict,1,local-adverse-authority
6,12,1,12,1478,0.16666666666666666,2.0,1,6,1,1.0,0.0,0.0,-0.0,-0.0,0.16666666666666666,0.5,72.0,0.0,0.08333333333333333,0.0,0.8333333333333334,0.012389898300170898,0.017848050594329833,0.26689908115684885,0.014417409896850586,0.0020568370819091797,0,e076c61a-e5b1-408e-975a-05e3b0fe22e9,20260815,aggregate,adverse-conflict,1,local-adverse-authority
6,12,2,12,1044,0.3333333333333333,2.0,1,6,2,1.0,0.0,0.0,1.0,1.0,0.25,0.5,300.0,0.0,0.08333333333333333,0.0,0.6666666666666666,0.006066183249155681,0.011283540725708007,0.5411476281114819,0.008803844451904297,0.0006448030471801758,0,ad3f6de2-d0c9-4d20-b4e2-aabdbb3487bc,20260815,aggregate,adverse-conflict,1,local-adverse-authority
6,12,1,12,990,0.16666666666666666,2.0,1,6,1,1.0,0.0,0.0,-0.0,-0.0,0.16666666666666666,0.5,300.0,0.0,0.08333333333333333,0.0,0.8333333333333334,0.0067452192306518555,0.013829386234283448,0.7591736787496529,0.010908842086791992,5.173683166503906e-05,0,58581640-a4c0-43a8-89c0-6864aaada8f9,20260815,aggregate,adverse-conflict,1,local-adverse-authority
6,10,2,10,760,0.3333333333333333,1.6666666666666667,1,6,2,1.0,0.0,0.0,1.0,1.0,0.2,0.4,38.0,0.0,0.1,0.0,0.6666666666666666,0.007881903648376464,0.01032954454421997,0.2808855706474649,0.008581161499023438,8.463859558105469e-05,0,8d0ccb6f-e746-4b9a-97d1-5d5a27bc721d,20260815,aggregate,adverse-conflict,1,local-adverse-authority
6,6,1,6,727,0.16666666666666666,1.0,1,6,1,1.0,0.0,0.0,-0.0,-0.0,0.16666666666666666,0.0,271.0,0.0,0.16666666666666666,0.0,0.8333333333333334,0.017091115315755207,0.0208473801612854,0.2108200087478361,0.0162200927734375,0.0,0,e9ffeefc-b70b-4aad-818b-c11bd3794f65,20260815,aggregate,adverse-conflict,1,local-adverse-authority
6,12,1,12,1182,0.16666666666666666,2.0,1,6,1,1.0,0.0,0.0,-0.0,-0.0,0.16666666666666666,0.5,10.0,0.0,0.08333333333333333,0.0,0.8333333333333334,0.0033693710962931314,0.004052376747131348,0.11454330168922439,0.0034074783325195312,3.8623809814453125e-05,0,1c394594-5abd-4e1b-a8ca-885e01588f20,20260815,aggregate,adverse-conflict,1,local-adverse-authority
6,12,1,12,1016,0.16666666666666666,2.0,1,6,1,1.0,0.0,0.0,-0.0,-0.0,0.16666666666666666,0.5,17327.0,0.0,0.08333333333333333,0.0,0.8333333333333334,0.008796970049540201,0.0106889009475708,0.13787708920282546,0.008065938949584961,0.0005507469177246094,0,ec445142-7c46-4651-bb56-3628ae9bab99,20260815,aggregate,adverse-conflict,1,local-adverse-authority
6,12,1,12,829,0.16666666666666666,2.0,1,6,1,1.0,0.0,0.0,-0.0,-0.0,0.16666666666666666,0.5,15.0,0.0,0.08333333333333333,0.0,0.8333333333333334,0.030946532885233562,0.03480055332183838,0.10695156740183795,0.026409626007080078,3.7670135498046875e-05,0,af8f566d-4f1c-43dd-829a-510acdf0ac94,20260815,aggregate,adverse-conflict,1,local-adverse-authority
6,12,1,12,855,0.16666666666666666,2.0,1,6,1,1.0,0.0,0.0,-0.0,-0.0,0.16666666666666666,0.5,16.0,0.0,0.08333333333333333,0.0,0.8333333333333334,0.004465500513712565,0.005054283142089844,0.07068101070197683,0.004685640335083008,8.0108642578125e-05,0,a066f9e5-0ce2-4eb9-9b65-b2153bb4c30e,20260815,aggregate,adverse-conflict,1,local-adverse-authority
6,12,1,12,1078,0.16666666666666666,2.0,1,6,1,1.0,0.0,0.0,-0.0,-0.0,0.16666666666666666,0.5,30.0,0.0,0.08333333333333333,0.0,0.8333333333333334,0.049165685971577965,0.055766963958740236,0.08158396816330812,0.05377483367919922,6.866455078125e-05,0,abce9b57-5d2b-4177-9af8-a0207ab0e684,20260815,aggregate,adverse-conflict,1,local-adverse-authority
6,12,1,12,938,0.16666666666666666,2.0,1,6,1,1.0,0.0,0.0,-0.0,-0.0,0.16666666666666666,0.5,300.0,0.0,0.08333333333333333,0.0,0.8333333333333334,0.01767706871032715,0.01811814308166504,0.01721075066164255,0.01787567138671875,7.62939453125e-05,0,6881f56a-8221-47e3-8331-2b8c5c561cea,20260815,aggregate,adverse-conflict,1,local-adverse-authority
6,12,1,12,1055,0.16666666666666666,2.0,1,6,1,1.0,0.0,0.0,-0.0,-0.0,0.16666666666666666,0.5,3439.0,0.0,0.08333333333333333,0.0,0.8333333333333334,0.03411519527435303,0.03749061822891235,0.06148673504385816,0.03349184989929199,4.982948303222656e-05,0,c27fb9c9-bd63-468c-874f-25925e4c180f,20260815,aggregate,adverse-conflict,1,local-adverse-authority
6,12,1,12,907,0.16666666666666666,2.0,1,6,1,1.0,0.0,0.0,-0.0,-0.0,0.16666666666666666,0.5,96.0,0.0,0.08333333333333333,0.0,0.8333333333333334,0.035981059074401855,0.03931835889816284,0.06264137812313554,0.037107229232788086,3.0279159545898438e-05,0,35b4f10c-b744-485c-ae1d-786c70d3e828,20260815,aggregate,adverse-conflict,1,local-adverse-authority
6,12,1,12,1034,0.16666666666666666,2.0,1,6,1,1.0,0.0,0.0,-0.0,-0.0,0.16666666666666666,0.5,88.0,0.0,0.08333333333333333,0.0,0.8333333333333334,0.008070429166158041,0.009197878837585449,0.09668028148217231,0.008241891860961914,3.9577484130859375e-05,0,a78cc1f7-47bc-441b-b3f4-c49d00e88a2e,20260815,aggregate,adverse-conflict,1,local-adverse-authority
6,12,1,12,1130,0.16666666666666666,2.0,1,6,1,1.0,0.0,0.0,-0.0,-0.0,0.16666666666666666,0.5,1739.0,0.0,0.08333333333333333,0.0,0.8333333333333334,0.0038116772969563804,0.004890704154968261,0.20987849295503347,0.004776954650878906,5.6743621826171875e-05,0,c0d06c0d-33ba-4aad-b7a0-50f22b11ede0,20260815,aggregate,adverse-conflict,1,local-adverse-authority
6,12,1,12,1143,0.16666666666666666,2.0,1,6,1,1.0,0.0,0.0,-0.0,-0.0,0.16666666666666666,0.5,221.0,0.0,0.08333333333333333,0.0,0.8333333333333334,0.030583659807840984,0.03152749538421631,0.017270196960824692,0.030852556228637695,5.7697296142578125e-05,0,a23364b8-4d57-4daf-8d20-29c5c2b7f048,20260815,aggregate,adverse-conflict,1,local-adverse-authority
6,12,1,12,868,0.16666666666666666,2.0,1,6,1,1.0,0.0,0.0,-0.0,-0.0,0.16666666666666666,0.5,641.0,0.0,0.08333333333333333,0.0,0.8333333333333334,0.006713350613911946,0.007962429523468017,0.14299153186776234,0.007532596588134766,3.170967102050781e-05,0,cbc2d032-7df8-4631-becb-9491fb112e6d,20260815,aggregate,adverse-conflict,1,local-adverse-authority
6,6,1,6,1509,0.16666666666666666,1.0,1,6,1,1.0,0.0,0.0,-0.0,-0.0,0.16666666666666666,0.0,291.0,0.0,0.16666666666666666,0.0,0.8333333333333334,0.02022095521291097,0.021161913871765137,0.03490990645173334,0.020701885223388672,0.0,0,b86c0ac9-2806-47b0-a312-ed0079397522,20260815,aggregate,adverse-conflict,1,local-adverse-authority
6,12,1,12,816,0.16666666666666666,2.0,1,6,1,1.0,0.0,0.0,-0.0,-0.0,0.16666666666666666,0.5,57.0,0.0,0.08333333333333333,0.0,0.8333333333333334,0.01735075314839681,0.01771690845489502,0.013907636977118604,0.017493724822998047,3.2901763916015625e-05,0,ad83203c-6236-4ab1-bc36-4d61d183f867,20260815,aggregate,adverse-conflict,1,local-adverse-authority
6,12,1,12,842,0.16666666666666666,2.0,1,6,1,1.0,0.0,0.0,-0.0,-0.0,0.16666666666666666,0.5,12967.0,0.0,0.08333333333333333,0.0,0.8333333333333334,0.0568611224492391,0.059141242504119874,0.02318722995055957,0.05673813819885254,0.0001914501190185547,0,7149048c-ac23-4013-a176-2c5a37e915c4,20260815,aggregate,adverse-conflict,1,local-adverse-authority
6,12,1,12,1117,0.16666666666666666,2.0,1,6,1,1.0,0.0,0.0,-0.0,-0.0,0.16666666666666666,0.5,35.0,0.0,0.08333333333333333,0.0,0.8333333333333334,0.0625536839167277,0.06518341302871704,0.030538147337358195,0.06458020210266113,4.506111145019531e-05,0,bed8bf6b-764b-4237-84f7-3ded83088eb4,20260815,aggregate,adverse-conflict,1,local-adverse-authority
6,6,1,6,481,0.16666666666666666,1.0,1,6,1,1.0,0.0,0.0,-0.0,-0.0,0.16666666666666666,0.0,4080.0,0.0,0.16666666666666666,0.0,0.8333333333333334,0.004759629567464192,0.005672276020050049,0.143720358504391,0.005408525466918945,0.0,0,96e9fe40-e080-4c51-a504-2e7b70b94515,20260815,aggregate,adverse-conflict,1,local-adverse-authority
6,12,1,12,790,0.16666666666666666,2.0,1,6,1,1.0,0.0,0.0,-0.0,-0.0,0.16666666666666666,0.5,30.0,0.0,0.08333333333333333,0.0,0.8333333333333334,0.005031108856201172,0.0066899538040161135,0.1790217134494604,0.005747556686401367,6.341934204101562e-05,0,7f341fd7-1cb2-41fb-8e0d-a55188e3e687,20260815,aggregate,adverse-conflict,1,local-adverse-authority
6,12,1,12,1195,0.16666666666666666,2.0,1,6,1,1.0,0.0,0.0,-0.0,-0.0,0.16666666666666666,0.5,13821.0,0.0,0.08333333333333333,0.0,0.8333333333333334,0.006914655367533366,0.008462500572204589,0.15194456328370717,0.006800174713134766,0.0003895759582519531,0,797ddce2-5eeb-4da1-add4-569b1e68370f,20260815,aggregate,adverse-conflict,1,local-adverse-authority
6,12,1,12,894,0.16666666666666666,2.0,1,6,1,1.0,0.0,0.0,-0.0,-0.0,0.16666666666666666,0.5,67.0,0.0,0.08333333333333333,0.0,0.8333333333333334,0.01790018876393636,0.019548845291137696,0.07515772061033577,0.01782965660095215,8.20159912109375e-05,0,66a16402-a513-4f72-9eb1-70b8e3f1342c,20260815,aggregate,adverse-conflict,1,local-adverse-authority
6,6,1,6,488,0.16666666666666666,1.0,1,6,1,1.0,0.0,0.0,-0.0,-0.0,0.16666666666666666,0.0,19602.0,0.0,0.16666666666666666,0.0,0.8333333333333334,0.0046255191167195635,0.006113588809967041,0.25526352429153726,0.004830121994018555,0.0,0,bb178054-d2e4-41ee-89f2-e76f90953d29,20260815,aggregate,adverse-conflict,1,local-adverse-authority
6,12,1,12,1143,0.16666666666666666,2.0,1,6,1,1.0,0.0,0.0,-0.0,-0.0,0.16666666666666666,0.5,60.0,0.0,0.08333333333333333,0.0,0.8333333333333334,0.024544040362040203,0.025549542903900147,0.031174139431235436,0.025052309036254883,0.0003528594970703125,0,f9e65fd9-1def-44aa-addd-c6ee815d6582,20260815,aggregate,adverse-conflict,1,local-adverse-authority
6,6,1,6,584,0.16666666666666666,1.0,1,6,1,1.0,0.0,0.0,-0.0,-0.0,0.16666666666666666,0.0,141.0,0.0,0.16666666666666666,0.0,0.8333333333333334,0.004311283429463704,0.005780518054962158,0.29645907810192096,0.0044362545013427734,0.0,0,87355a3a-ae48-4dfd-ad26-3d40f92ad21c,20260815,aggregate,adverse-conflict,1,local-adverse-authority
6,12,1,12,803,0.16666666666666666,2.0,1,6,1,1.0,0.0,0.0,-0.0,-0.0,0.16666666666666666,0.5,17770.0,0.0,0.08333333333333333,0.0,0.8333333333333334,0.03706916173299154,0.03759431838989258,0.008896891958224355,0.03704524040222168,0.0004203319549560547,0,237507f2-9695-42cb-a08a-c6a21b19310a,20260815,aggregate,adverse-conflict,1,local-adverse-authority
6,6,1,6,460,0.16666666666666666,1.0,1,6,1,1.0,0.0,0.0,-0.0,-0.0,0.16666666666666666,0.0,516.0,0.0,0.16666666666666666,0.0,0.8333333333333334,0.004014849662780762,0.006298542022705078,0.5093160564035124,0.004717350006103516,0.0,0,0b64165f-97e8-47e8-a466-92e82127d349,20260815,aggregate,adverse-conflict,1,local-adverse-authority
6,12,1,12,1387,0.16666666666666666,2.0,1,6,1,1.0,0.0,0.0,-0.0,-0.0,0.16666666666666666,0.5,300.0,0.0,0.08333333333333333,0.0,0.8333333333333334,0.008229454358418783,0.011354804039001465,0.2517566135092135,0.00963902473449707,6.437301635742188e-05,0,ad9dd9a2-58af-444c-ba80-9e29066f6782,20260815,aggregate,adverse-conflict,1,local-adverse-authority
6,12,1,12,816,0.16666666666666666,2.0,1,6,1,1.0,0.0,0.0,-0.0,-0.0,0.16666666666666666,0.5,521.0,0.0,0.08333333333333333,0.0,0.8333333333333334,0.038226922353108726,0.039666604995727536,0.02608314758092047,0.03703045845031738,7.2479248046875e-05,0,8938fb79-af6a-4404-bd65-1b3c64080761,20260815,aggregate,adverse-conflict,1,local-adverse-authority
6,12,1,12,894,0.16666666666666666,2.0,1,6,1,1.0,0.0,0.0,-0.0,-0.0,0.16666666666666666,0.5,2752.0,0.0,0.08333333333333333,0.0,0.8333333333333334,0.00691378116607666,0.007436537742614746,0.05160975061591321,0.007181406021118164,0.00019502639770507812,0,a8e0df56-96e8-48a0-9ace-bb8129adef30,20260815,aggregate,adverse-conflict,1,local-adverse-authority
6,12,1,12,1143,0.16666666666666666,2.0,1,6,1,1.0,0.0,0.0,-0.0,-0.0,0.16666666666666666,0.5,59.0,0.0,0.08333333333333333,0.0,0.8333333333333334,0.0106201171875,0.011605298519134522,0.05807688521003699,0.011198282241821289,5.412101745605469e-05,0,ade4b24e-adee-4be5-982e-37afc7fc16d7,20260815,aggregate,adverse-conflict,1,local-adverse-authority
6,12,1,12,868,0.16666666666666666,2.0,1,6,1,1.0,0.0,0.0,-0.0,-0.0,0.16666666666666666,0.5,22.0,0.0,0.08333333333333333,0.0,0.8333333333333334,0.03172119458516439,0.03361867666244507,0.04541238678569182,0.03303337097167969,0.0003840923309326172,0,c1c1e6db-e7bb-4e5c-ba0a-ffa6bfdd9e90,20260815,aggregate,adverse-conflict,1,local-adverse-authority
6,12,1,12,1047,0.16666666666666666,2.0,1,6,1,1.0,0.0,0.0,-0.0,-0.0,0.16666666666666666,0.5,300.0,0.0,0.08333333333333333,0.0,0.8333333333333334,0.0055617888768513995,0.006901943683624267,0.1356815766300984,0.005661487579345703,5.555152893066406e-05,0,e2b02258-9a16-4c50-81ca-3df036599d46,20260815,aggregate,adverse-conflict,1,local-adverse-authority
6,12,1,12,951,0.16666666666666666,2.0,1,6,1,1.0,0.0,0.0,-0.0,-0.0,0.16666666666666666,0.5,18.0,0.0,0.08333333333333333,0.0,0.8333333333333334,0.006973544756571452,0.00815662145614624,0.14006809327467887,0.007653474807739258,9.131431579589844e-05,0,f78bc3ea-1883-4039-899f-3c94f5a537e4,20260815,aggregate,adverse-conflict,1,local-adverse-authority
6,6,1,6,652,0.16666666666666666,1.0,1,6,1,1.0,0.0,0.0,-0.0,-0.0,0.16666666666666666,0.0,39.0,0.0,0.16666666666666666,0.0,0.8333333333333334,0.004555424054463704,0.004915714263916016,0.06096153402581344,0.004569292068481445,0.0,0,74ee18d2-99ec-4dc7-af68-f803173301d1,20260815,aggregate,adverse-conflict,1,local-adverse-authority
6,12,1,12,1112,0.16666666666666666,2.0,1,6,1,1.0,0.0,0.0,-0.0,-0.0,0.16666666666666666,0.5,293.0,0.0,0.08333333333333333,0.0,0.8333333333333334,0.022294481595357258,0.022762346267700195,0.015228812347331026,0.022145986557006836,3.719329833984375e-05,0,d72d6f25-821a-4ebb-9131-f57569ad67c6,20260815,aggregate,adverse-conflict,1,local-adverse-authority
6,12,1,12,938,0.16666666666666666,2.0,1,6,1,1.0,0.0,0.0,-0.0,-0.0,0.16666666666666666,0.5,20.0,0.0,0.08333333333333333,0.0,0.8333333333333334,0.023452003796895344,0.024664795398712157,0.034350960725554415,0.023456573486328125,0.0013189315795898438,0,943ac6d1-ff3c-41a6-ab14-9df29e023e1c,20260815,aggregate,adverse-conflict,1,local-adverse-authority
6,12,1,12,920,0.16666666666666666,2.0,1,6,1,1.0,0.0,0.0,-0.0,-0.0,0.16666666666666666,0.5,20.0,0.0,0.08333333333333333,0.0,0.8333333333333334,0.02611255645751953,0.02713935375213623,0.02520608097038146,0.026228666305541992,3.9577484130859375e-05,0,60f3341c-b6c3-4774-a1ff-62fa5bc56d1e,20260815,aggregate,adverse-conflict,1,local-adverse-authority
6,12,1,12,1335,0.16666666666666666,2.0,1,6,1,1.0,0.0,0.0,-0.0,-0.0,0.16666666666666666,0.5,18348.0,0.0,0.08333333333333333,0.0,0.8333333333333334,0.04440693060557047,0.04620349407196045,0.030910160243726816,0.045334577560424805,7.390975952148438e-05,0,fed0b615-8fb8-4059-9ed4-6b4452f3e4b7,20260815,aggregate,adverse-conflict,1,local-adverse-authority
6,6,1,6,975,0.16666666666666666,1.0,1,6,1,1.0,0.0,0.0,-0.0,-0.0,0.16666666666666666,0.0,300.0,0.0,0.16666666666666666,0.0,0.8333333333333334,0.00952005386352539,0.011056005954742432,0.12644372235214196,0.010904788970947266,0.0,0,83827a98-19af-4984-b469-139309a33fcb,20260815,aggregate,adverse-conflict,1,local-adverse-authority
6,6,1,6,439,0.16666666666666666,1.0,1,6,1,1.0,0.0,0.0,-0.0,-0.0,0.16666666666666666,0.0,20915.0,0.0,0.16666666666666666,0.0,0.8333333333333334,0.009767413139343262,0.01177072525024414,0.1591499863091771,0.009003162384033203,0.0,0,990e7722-d739-425b-87b3-02ed530e2a87,20260815,aggregate,adverse-conflict,1,local-adverse-authority
6,12,1,12,803,0.16666666666666666,2.0,1,6,1,1.0,0.0,0.0,-0.0,-0.0,0.16666666666666666,0.5,60.0,0.0,0.08333333333333333,0.0,0.8333333333333334,0.014365156491597494,0.016160261631011964,0.11250989892931582,0.014588117599487305,8.797645568847656e-05,0,a411becb-4b69-4e48-ba49-f718402dab95,20260815,aggregate,adverse-conflict,1,local-adverse-authority
6,12,1,12,990,0.16666666666666666,2.0,1,6,1,1.0,0.0,0.0,-0.0,-0.0,0.16666666666666666,0.5,276.0,0.0,0.08333333333333333,0.0,0.8333333333333334,0.015000383059183756,0.016563916206359865,0.08607295517735308,0.015490055084228516,5.6743621826171875e-05,0,f9db20e9-cc60-49dc-a252-6ecda1fccc28,20260815,aggregate,adverse-conflict,1,local-adverse-authority
6,12,1,12,842,0.16666666666666666,2.0,1,6,1,1.0,0.0,0.0,-0.0,-0.0,0.16666666666666666,0.5,563.0,0.0,0.08333333333333333,0.0,0.8333333333333334,0.0363921324412028,0.036930549144744876,0.008677178806239102,0.03681325912475586,8.845329284667969e-05,0,38b020f4-1b81-41ab-bc4e-b7c01ba02bed,20260815,aggregate,adverse-conflict,1,local-adverse-authority
6,6,1,6,453,0.16666666666666666,1.0,1,6,1,1.0,0.0,0.0,-0.0,-0.0,0.16666666666666666,0.0,30.0,0.0,0.16666666666666666,0.0,0.8333333333333334,0.00345611572265625,0.007591605186462402,0.7537620025121096,0.008030176162719727,0.0,0,68dbd2af-b64e-401e-adac-e4a26d487346,20260815,aggregate,adverse-conflict,1,local-adverse-authority
6,12,1,12,1195,0.16666666666666666,2.0,1,6,1,1.0,0.0,0.0,-0.0,-0.0,0.16666666666666666,0.5,271.0,0.0,0.08333333333333333,0.0,0.8333333333333334,0.009448806444803873,0.013108503818511962,0.2482219962394539,0.009980916976928711,0.003378152847290039,0,beec671e-e75b-4afc-a3d9-57bd4b3f9f21,20260815,aggregate,adverse-conflict,1,local-adverse-authority
6,6,1,6,453,0.16666666666666666,1.0,1,6,1,1.0,0.0,0.0,-0.0,-0.0,0.16666666666666666,0.0,84.0,0.0,0.16666666666666666,0.0,0.8333333333333334,0.004288077354431152,0.007410228252410889,0.6249917307542334,0.006491661071777344,0.0,0,62a0e184-be6a-4837-b2f7-a50017aed53b,20260815,aggregate,adverse-conflict,1,local-adverse-authority
6,12,1,12,928,0.16666666666666666,2.0,1,6,1,1.0,1.0,0.0,-0.0,-0.0,0.16666666666666666,0.5,50.0,0.0,0.08333333333333333,0.0,0.8333333333333334,0.007187565167744954,0.012014162540435792,0.49163808583067814,0.009176015853881836,4.029273986816406e-05,0,468a0a34-75c3-4f0e-ab27-24ae1fadc854,20260815,aggregate,adverse-ecs-fanout,1,local-adverse-authority
6,6,1,6,453,0.16666666666666666,1.0,1,6,1,1.0,0.0,0.0,-0.0,-0.0,0.16666666666666666,0.0,5057.0,0.0,0.16666666666666666,0.0,0.8333333333333334,0.0034761428833007812,0.004762709140777588,0.2656073869823881,0.0034127235412597656,0.0,0,a7932aa3-9bbf-429d-a308-ca8f2c4acb89,20260815,aggregate,adverse-ecs-fanout,1,local-adverse-authority
6,12,1,12,925,0.16666666666666666,2.0,1,6,1,1.0,0.0,0.0,-0.0,-0.0,0.16666666666666666,0.5,37.0,0.0,0.08333333333333333,0.0,0.8333333333333334,0.1634130080540975,0.16680277585983277,0.01549731540854212,0.16535496711730957,0.0006768703460693359,0,41fafefa-b0bd-441c-8436-42368f062ef4,20260815,aggregate,adverse-conflict,1,local-adverse-authority
6,12,1,12,842,0.16666666666666666,2.0,1,6,1,1.0,0.0,0.0,-0.0,-0.0,0.16666666666666666,0.5,85.0,0.0,0.08333333333333333,0.0,0.8333333333333334,0.01653897762298584,0.020065939426422118,0.14088112787721424,0.01876688003540039,0.0007812976837158203,0,1bf31df2-93f4-4fc2-ac70-24f17390a445,20260815,aggregate,adverse-conflict,1,local-adverse-authority
6,6,1,6,823,0.16666666666666666,1.0,1,6,1,1.0,0.0,0.0,-0.0,-0.0,0.16666666666666666,0.0,1593.0,0.0,0.16666666666666666,0.0,0.8333333333333334,0.017786542574564617,0.020546793937683105,0.11474569909815098,0.01837754249572754,0.0,0,59ba1bf2-7765-4482-805a-85d53be5b701,20260815,aggregate,adverse-ecs-fanout,1,local-adverse-authority
6,12,1,12,801,0.16666666666666666,2.0,1,6,1,1.0,1.0,0.0,-0.0,-0.0,0.16666666666666666,0.5,19206.0,0.0,0.08333333333333333,0.0,0.8333333333333334,0.007278879483540853,0.007721948623657227,0.03324344967473984,0.007536172866821289,7.534027099609375e-05,0,99ad894f-785b-4e15-99f7-632ea39ae9f1,20260815,aggregate,adverse-ecs-fanout,1,local-adverse-authority
6,12,1,12,871,0.16666666666666666,2.0,1,6,1,1.0,1.0,0.0,-0.0,-0.0,0.16666666666666666,0.5,60.0,0.0,0.08333333333333333,0.0,0.8333333333333334,0.005447189013163249,0.005890679359436035,0.04904171566859846,0.005515575408935547,3.1948089599609375e-05,0,869e3c41-76a0-4a69-800d-243354e049bf,20260815,aggregate,adverse-ecs-fanout,1,local-adverse-authority
6,12,1,12,998,0.16666666666666666,2.0,1,6,1,1.0,1.0,0.0,-0.0,-0.0,0.16666666666666666,0.5,14351.0,0.0,0.08333333333333333,0.0,0.8333333333333334,0.019850611686706543,0.022964334487915038,0.08201836446052285,0.020264863967895508,6.008148193359375e-05,0,6424567b-4de9-4a6a-b2ab-a206aac94a1d,20260815,aggregate,adverse-ecs-fanout,1,local-adverse-authority
6,6,1,6,996,0.16666666666666666,1.0,1,6,1,1.0,0.0,0.0,-0.0,-0.0,0.16666666666666666,0.0,228.0,0.0,0.16666666666666666,0.0,0.8333333333333334,0.0017591317494710286,0.0021806955337524414,0.1913787410822786,0.0017533302307128906,0.0,0,191c7a47-fc1d-4f8e-ada7-12d8b843f9f5,20260815,aggregate,adverse-ecs-fanout,1,local-adverse-authority
6,12,1,12,1255,0.16666666666666666,2.0,1,6,1,1.0,1.0,0.0,-0.0,-0.0,0.16666666666666666,0.5,300.0,0.0,0.08333333333333333,0.0,0.8333333333333334,0.036049207051595054,0.03728621006011963,0.023482245284652575,0.03614091873168945,0.00018739700317382812,0,909407cc-333f-4383-bbfb-c4ec3153b5ca,20260815,aggregate,adverse-ecs-fanout,1,local-adverse-authority
6,9,2,9,705,0.3333333333333333,1.5,1,6,2,1.0,0.0,0.0,1.0,1.0,0.2222222222222222,0.33333333333333337,41.0,0.0,0.1111111111111111,0.0,0.6666666666666666,0.04002457194858127,0.060410165786743165,0.6741851818329847,0.03127026557922363,7.534027099609375e-05,0,b92f6bfc-2cce-4de0-b63a-ce4e45bdb2c6,20260815,aggregate,adverse-conflict,1,local-adverse-authority
6,12,1,12,920,0.16666666666666666,2.0,1,6,1,1.0,0.0,0.0,-0.0,-0.0,0.16666666666666666,0.5,19917.0,0.0,0.08333333333333333,0.0,0.8333333333333334,0.21631169319152832,0.21872198581695557,0.006524048575449853,0.2169637680053711,6.437301635742188e-05,0,8dbb8cd6-98e0-4c06-9097-20811b5e8fae,20260815,aggregate,adverse-conflict,1,local-adverse-authority
6,12,1,12,793,0.16666666666666666,2.0,1,6,1,1.0,1.0,0.0,-0.0,-0.0,0.16666666666666666,0.5,26.0,0.0,0.08333333333333333,0.0,0.8333333333333334,0.004557609558105469,0.005049717426300049,0.06786335004771883,0.00472569465637207,4.506111145019531e-05,0,6299e0e8-bfc4-4f7b-862b-897ffff01587,20260815,aggregate,adverse-ecs-fanout,1,local-adverse-authority
1,1,1,1,114,1.0,1.0,1,1,1,1.0,0.0,1.0,-0.0,-0.0,1.0,0.0,300.0,0.0,1.0,0.0,0.0,0.03766369819641113,0.03766369819641113,0.0,0.037581682205200195,0.0,0,3f42d923-2f6f-4efd-b5f9-c3f1f0f97ca4,20260815,aggregate,adverse-ecs-mismatch,1,local-adverse-authority
6,12,1,12,842,0.16666666666666666,2.0,1,6,1,1.0,0.0,0.0,-0.0,-0.0,0.16666666666666666,0.5,600.0,0.0,0.08333333333333333,0.0,0.8333333333333334,0.004041711489359538,0.004501020908355713,0.07251273266055425,0.004225254058837891,3.743171691894531e-05,0,0fd2c733-bec0-4975-b2b4-40a45aa06612,20260815,aggregate,adverse-conflict,1,local-adverse-authority
6,12,1,12,889,0.16666666666666666,2.0,1,6,1,1.0,1.0,0.0,-0.0,-0.0,0.16666666666666666,0.5,520.0,0.0,0.08333333333333333,0.0,0.8333333333333334,0.07923845450083415,0.07965753078460694,0.0033809284781073784,0.07940030097961426,4.3392181396484375e-05,0,e483a85c-4712-4467-82cf-da5db8bec94f,20260815,aggregate,adverse-ecs-fanout,1,local-adverse-authority
6,12,1,12,1159,0.16666666666666666,2.0,1,6,1,1.0,1.0,0.0,-0.0,-0.0,0.16666666666666666,0.5,300.0,0.0,0.08333333333333333,0.0,0.8333333333333334,0.0035609006881713867,0.003948771953582763,0.06865358795266509,0.0037078857421875,3.886222839355469e-05,0,9ef333db-4473-4539-b845-db48d9ea2e78,20260815,aggregate,adverse-ecs-fanout,1,local-adverse-authority
6,12,1,12,788,0.16666666666666666,2.0,1,6,1,1.0,1.0,0.0,-0.0,-0.0,0.16666666666666666,0.5,9177.0,0.0,0.08333333333333333,0.0,0.8333333333333334,0.0035163164138793945,0.004037714004516602,0.08800493425886387,0.003899097442626953,2.6702880859375e-05,0,670b6d95-9f2c-4e7e-9e4b-5a7ed6bdfa55,20260815,aggregate,adverse-ecs-fanout,1,local-adverse-authority
6,12,1,12,1076,0.16666666666666666,2.0,1,6,1,1.0,1.0,0.0,-0.0,-0.0,0.16666666666666666,0.5,60.0,0.0,0.08333333333333333,0.0,0.8333333333333334,0.029556830724080402,0.02995201349258423,0.009979872898528173,0.029366254806518555,5.078315734863281e-05,0,3b81a73b-82e7-432e-8e7c-9d236f5904d0,20260815,aggregate,adverse-ecs-fanout,1,local-adverse-authority
6,6,1,6,439,0.16666666666666666,1.0,1,6,1,1.0,0.0,0.0,-0.0,-0.0,0.16666666666666666,0.0,288.0,0.0,0.16666666666666666,0.0,0.8333333333333334,0.021606604258219402,0.022058546543121338,0.015321769328485044,0.021757841110229492,0.0,0,99b6d0a7-9022-4740-a2ed-f7d9e1af52a1,20260815,aggregate,adverse-ecs-fanout,1,local-adverse-authority
6,12,1,12,767,0.16666666666666666,2.0,1,6,1,1.0,1.0,0.0,-0.0,-0.0,0.16666666666666666,0.5,8.0,0.0,0.08333333333333333,0.0,0.8333333333333334,0.006493369738260905,0.0069409370422363285,0.03773114308448021,0.006710529327392578,5.53131103515625e-05,0,d9c37c8d-17b3-47ef-8469-23878448319d,20260815,aggregate,adverse-ecs-fanout,1,local-adverse-authority
6,12,1,12,1107,0.16666666666666666,2.0,1,6,1,1.0,1.0,0.0,-0.0,-0.0,0.16666666666666666,0.5,255.0,0.0,0.08333333333333333,0.0,0.8333333333333334,0.0423880418141683,0.042923259735107425,0.008123739683018645,0.042597293853759766,4.673004150390625e-05,0,75451de0-1c9b-4aa6-b392-29620751b339,20260815,aggregate,adverse-ecs-fanout,1,local-adverse-authority
6,12,1,12,806,0.16666666666666666,2.0,1,6,1,1.0,1.0,0.0,-0.0,-0.0,0.16666666666666666,0.5,115.0,0.0,0.08333333333333333,0.0,0.8333333333333334,0.01888553301493327,0.01931157112121582,0.016533202805026827,0.018644332885742188,5.435943603515625e-05,0,2ec0862d-f4e3-4258-818b-d60579819162,20260815,aggregate,adverse-ecs-fanout,1,local-adverse-authority
6,6,1,6,659,0.16666666666666666,1.0,1,6,1,1.0,0.0,0.0,-0.0,-0.0,0.16666666666666666,0.0,300.0,0.0,0.16666666666666666,0.0,0.8333333333333334,0.0035479466120402017,0.004015862941741943,0.09158515181833642,0.0037674903869628906,0.0,0,24a3827f-2bbe-44a8-bbb0-43411cd85fc5,20260815,aggregate,adverse-ecs-fanout,1,local-adverse-authority
6,12,1,12,788,0.16666666666666666,2.0,1,6,1,1.0,1.0,0.0,-0.0,-0.0,0.16666666666666666,0.5,18783.0,0.0,0.08333333333333333,0.0,0.8333333333333334,0.004043142000834147,0.004831194877624512,0.13210694138840973,0.004392862319946289,4.0531158447265625e-05,0,b9e411ac-e9e3-404b-9de4-32a4d58c806b,20260815,aggregate,adverse-ecs-fanout,1,local-adverse-authority
6,12,1,12,1307,0.16666666666666666,2.0,1,6,1,1.0,1.0,0.0,-0.0,-0.0,0.16666666666666666,0.5,300.0,0.0,0.08333333333333333,0.0,0.8333333333333334,0.005290309588114421,0.0056686878204345705,0.04530742525759357,0.0053670406341552734,6.103515625e-05,0,f73534c6-9cfc-4efe-8a9c-7c9d6f9618f0,20260815,aggregate,adverse-ecs-fanout,1,local-adverse-authority
6,12,1,12,855,0.16666666666666666,2.0,1,6,1,1.0,0.0,0.0,-0.0,-0.0,0.16666666666666666,0.5,300.0,0.0,0.08333333333333333,0.0,0.8333333333333334,0.017397522926330566,0.01827460527420044,0.04050964286013959,0.018059730529785156,4.887580871582031e-05,0,ad6926f5-ec28-4cbf-b9dc-ee8d50a7c917,20260815,aggregate,adverse-conflict,1,local-adverse-authority
6,12,1,12,998,0.16666666666666666,2.0,1,6,1,1.0,1.0,0.0,-0.0,-0.0,0.16666666666666666,0.5,60.0,0.0,0.08333333333333333,0.0,0.8333333333333334,0.005591193834940593,0.00603410005569458,0.055658575078001635,0.005571126937866211,5.078315734863281e-05,0,cdfcd18d-f808-49e0-8087-c1e04e990158,20260815,aggregate,adverse-ecs-fanout,1,local-adverse-authority
6,12,1,12,1779,0.16666666666666666,2.0,1,6,1,1.0,1.0,0.0,-0.0,-0.0,0.16666666666666666,0.5,300.0,0.0,0.08333333333333333,0.0,0.8333333333333334,0.005208055178324382,0.005691432952880859,0.062069752367616714,0.005152702331542969,6.866455078125e-05,0,e4171eb5-b355-4589-b920-34e60b713273,20260815,aggregate,adverse-ecs-fanout,1,local-adverse-authority
6,6,1,6,481,0.16666666666666666,1.0,1,6,1,1.0,0.0,0.0,-0.0,-0.0,0.16666666666666666,0.0,15174.0,0.0,0.16666666666666666,0.0,0.8333333333333334,0.007069547971089681,0.007631778717041016,0.05505028988432719,0.007356882095336914,0.0,0,5a08b8ea-b7e9-48a5-a5b3-5471d67c8df7,20260815,aggregate,adverse-ecs-fanout,1,local-adverse-authority
6,6,1,6,467,0.16666666666666666,1.0,1,6,1,1.0,0.0,0.0,-0.0,-0.0,0.16666666666666666,0.0,2180.0,0.0,0.16666666666666666,0.0,0.8333333333333334,0.01502819856007894,0.015472590923309326,0.0203197763694061,0.015478849411010742,0.0,0,a7f6bf40-aa54-4f78-80b1-66a49018c0ee,20260815,aggregate,adverse-ecs-fanout,1,local-adverse-authority
6,6,1,6,989,0.16666666666666666,1.0,1,6,1,1.0,0.0,0.0,-0.0,-0.0,0.16666666666666666,0.0,43.0,0.0,0.16666666666666666,0.0,0.8333333333333334,0.0043708086013793945,0.004818618297576904,0.07494748999179719,0.004594326019287109,0.0,0,851273da-ae15-46cf-a6e4-ebb2a9fe82d8,20260815,aggregate,adverse-ecs-fanout,1,local-adverse-authority
6,12,1,12,845,0.16666666666666666,2.0,1,6,1,1.0,1.0,0.0,-0.0,-0.0,0.16666666666666666,0.5,300.0,0.0,0.08333333333333333,0.0,0.8333333333333334,0.004858175913492839,0.00548166036605835,0.08034175910945078,0.005090951919555664,4.172325134277344e-05,0,7c6ad2a1-4829-48cd-b2cb-44e546701601,20260815,aggregate,adverse-ecs-fanout,1,local-adverse-authority
6,12,1,12,1154,0.16666666666666666,2.0,1,6,1,1.0,1.0,0.0,-0.0,-0.0,0.16666666666666666,0.5,60.0,0.0,0.08333333333333333,0.0,0.8333333333333334,0.015726804733276367,0.01643248796463013,0.0293583021810759,0.015928030014038086,6.031990051269531e-05,0,69153844-a2ea-42cb-99fb-45ebdb1cc062,20260815,aggregate,adverse-ecs-fanout,1,local-adverse-authority
6,12,1,12,858,0.16666666666666666,2.0,1,6,1,1.0,1.0,0.0,-0.0,-0.0,0.16666666666666666,0.5,313.0,0.0,0.08333333333333333,0.0,0.8333333333333334,0.036971489588419594,0.03747915029525757,0.009052891270996063,0.03715705871582031,5.030632019042969e-05,0,90b11d2f-03f5-4fb5-b059-002993014e05,20260815,aggregate,adverse-ecs-fanout,1,local-adverse-authority
6,12,1,12,793,0.16666666666666666,2.0,1,6,1,1.0,1.0,0.0,-0.0,-0.0,0.16666666666666666,0.5,93.0,0.0,0.08333333333333333,0.0,0.8333333333333334,0.025414466857910156,0.025954794883728028,0.013428404622206593,0.0255277156829834,5.5789947509765625e-05,0,fe3e6e4c-0dcb-40b6-a68b-9ca02a27feba,20260815,aggregate,adverse-ecs-fanout,1,local-adverse-authority
6,6,1,6,570,0.16666666666666666,1.0,1,6,1,1.0,0.0,0.0,-0.0,-0.0,0.16666666666666666,0.0,34.0,0.0,0.16666666666666666,0.0,0.8333333333333334,0.003408153851826986,0.0038483738899230957,0.1011318774577201,0.003391265869140625,0.0,0,7e31bb53-bce2-4b92-9a51-2fa62a0212ef,20260815,aggregate,adverse-ecs-fanout,1,local-adverse-authority
6,12,1,12,946,0.16666666666666666,2.0,1,6,1,1.0,1.0,0.0,-0.0,-0.0,0.16666666666666666,0.5,24.0,0.0,0.08333333333333333,0.0,0.8333333333333334,0.030392130215962727,0.030922913551330568,0.012358675306073668,0.030335187911987305,7.581710815429688e-05,0,17ad7dd6-cae6-47e6-b0c2-f1eecc0a3aa8,20260815,aggregate,adverse-ecs-fanout,1,local-adverse-authority
6,12,1,12,762,0.16666666666666666,2.0,1,6,1,1.0,1.0,0.0,-0.0,-0.0,0.16666666666666666,0.5,1521.0,0.0,0.08333333333333333,0.0,0.8333333333333334,0.03855017820994059,0.03917803764343262,0.01076924094036927,0.03883099555969238,5.91278076171875e-05,0,5ca49c2c-4b9c-4f9c-8036-cf8c71d6e56a,20260815,aggregate,adverse-ecs-fanout,1,local-adverse-authority
6,6,1,6,645,0.16666666666666666,1.0,1,6,1,1.0,0.0,0.0,-0.0,-0.0,0.16666666666666666,0.0,227.0,0.0,0.16666666666666666,0.0,0.8333333333333334,0.0031205415725708008,0.0036160945892333984,0.1138738967884884,0.0032563209533691406,0.0,0,b382d337-14ee-40e2-835e-8ab20119db39,20260815,aggregate,adverse-ecs-fanout,1,local-adverse-authority
6,12,1,12,793,0.16666666666666666,2.0,1,6,1,1.0,1.0,0.0,-0.0,-0.0,0.16666666666666666,0.5,19.0,0.0,0.08333333333333333,0.0,0.8333333333333334,0.005034287770589192,0.005596315860748291,0.07596093077617952,0.005324840545654297,4.220008850097656e-05,0,c85db6a1-d703-4169-8f22-1eb213c8f067,20260815,aggregate,adverse-ecs-fanout,1,local-adverse-authority
6,12,1,12,998,0.16666666666666666,2.0,1,6,1,1.0,1.0,0.0,-0.0,-0.0,0.16666666666666666,0.5,60.0,0.0,0.08333333333333333,0.0,0.8333333333333334,0.014126817385355631,0.01473463773727417,0.026325097272650443,0.014512300491333008,5.698204040527344e-05,0,ca6acef2-e4ce-4ed2-ad74-ec06467f4113,20260815,aggregate,adverse-ecs-fanout,1,local-adverse-authority
6,6,1,6,488,0.16666666666666666,1.0,1,6,1,1.0,0.0,0.0,-0.0,-0.0,0.16666666666666666,0.0,18408.0,0.0,0.16666666666666666,0.0,0.8333333333333334,0.004282395044962565,0.0050661563873291016,0.13528724549399446,0.0046231746673583984,0.0,0,a7acd87d-2b56-4315-96ba-990cf4af8226,20260815,aggregate,adverse-ecs-fanout,1,local-adverse-authority
6,6,1,6,535,0.16666666666666666,1.0,1,6,1,1.0,0.0,0.0,-0.0,-0.0,0.16666666666666666,0.0,274.0,0.0,0.16666666666666666,0.0,0.8333333333333334,0.131363312403361,0.13182467222213745,0.002560244039586575,0.13160109519958496,0.0,0,2d347450-5685-4118-92b8-391a5e51f720,20260815,aggregate,adverse-ecs-fanout,1,local-adverse-authority
6,12,1,12,749,0.16666666666666666,2.0,1,6,1,1.0,1.0,0.0,-0.0,-0.0,0.16666666666666666,0.5,180.0,0.0,0.08333333333333333,0.0,0.8333333333333334,0.0065803925196329755,0.007008612155914307,0.04420075277025876,0.006505489349365234,3.933906555175781e-05,0,16c721cd-3e7b-4535-8be8-63e9a0ca546c,20260815,aggregate,adverse-ecs-fanout,1,local-adverse-authority
6,12,1,12,889,0.16666666666666666,2.0,1,6,1,1.0,1.0,0.0,-0.0,-0.0,0.16666666666666666,0.5,480.0,0.0,0.08333333333333333,0.0,0.8333333333333334,0.025437672932942707,0.025823771953582764,0.009873689786926106,0.025542020797729492,5.602836608886719e-05,0,4acd05e5-3f46-4c2a-b824-e6a2830c260d,20260815,aggregate,adverse-ecs-fanout,1,local-adverse-authority
6,6,1,6,638,0.16666666666666666,1.0,1,6,1,1.0,0.0,0.0,-0.0,-0.0,0.16666666666666666,0.0,91.0,0.0,0.16666666666666666,0.0,0.8333333333333334,0.0015505552291870117,0.00209808349609375,0.2478120099355834,0.0021076202392578125,0.0,0,1e949159-9195-4acd-9d9c-c4368b34d443,20260815,aggregate,adverse-ecs-fanout,1,local-adverse-authority
6,12,1,12,697,0.16666666666666666,2.0,1,6,1,1.0,1.0,0.0,-0.0,-0.0,0.16666666666666666,0.5,61.0,0.0,0.08333333333333333,0.0,0.8333333333333334,0.0032303730646769204,0.0036828041076660155,0.08867697556810729,0.003439664840698242,2.956390380859375e-05,0,94d43c37-adb3-4bd3-95f1-5ea6c6f24f71,20260815,aggregate,adverse-ecs-fanout,1,local-adverse-authority
6,12,1,12,767,0.16666666666666666,2.0,1,6,1,1.0,1.0,0.0,-0.0,-0.0,0.16666666666666666,0.5,300.0,0.0,0.08333333333333333,0.0,0.8333333333333334,0.005780180295308431,0.006262648105621338,0.06303087338223214,0.005437612533569336,4.792213439941406e-05,0,105ab36a-87a3-4d64-98df-4490403118af,20260815,aggregate,adverse-ecs-fanout,1,local-adverse-authority
6,12,1,12,793,0.16666666666666666,2.0,1,6,1,1.0,1.0,0.0,-0.0,-0.0,0.16666666666666666,0.5,25.0,0.0,0.08333333333333333,0.0,0.8333333333333334,0.045072038968404136,0.04561934471130371,0.009048584037461213,0.0450901985168457,7.43865966796875e-05,0,2825f44d-92c7-4d2d-ad66-506e54dded42,20260815,aggregate,adverse-ecs-fanout,1,local-adverse-authority
6,6,1,6,570,0.16666666666666666,1.0,1,6,1,1.0,0.0,0.0,-0.0,-0.0,0.16666666666666666,0.0,299.0,0.0,0.16666666666666666,0.0,0.8333333333333334,0.02204906940460205,0.022555947303771973,0.017396897765853896,0.021993398666381836,0.0,0,723aaadc-c31d-4f23-b843-82e5910e68ba,20260815,aggregate,adverse-ecs-fanout,1,local-adverse-authority
6,12,1,12,928,0.16666666666666666,2.0,1,6,1,1.0,1.0,0.0,-0.0,-0.0,0.16666666666666666,0.5,4.0,0.0,0.08333333333333333,0.0,0.8333333333333334,0.035797675450642906,0.03626120090484619,0.008106108871582786,0.03598475456237793,5.4836273193359375e-05,0,2184e1c2-1355-45ee-8e47-50cce1b079d2,20260815,aggregate,adverse-ecs-fanout,1,local-adverse-authority
6,12,1,12,806,0.16666666666666666,2.0,1,6,1,1.0,1.0,0.0,-0.0,-0.0,0.16666666666666666,0.5,245.0,0.0,0.08333333333333333,0.0,0.8333333333333334,0.005420207977294922,0.005906331539154053,0.058259065220462675,0.005609035491943359,6.937980651855469e-05,0,77558b28-17a6-455a-8a7b-94cf5017f6b4,20260815,aggregate,adverse-ecs-fanout,1,local-adverse-authority
6,12,1,12,736,0.16666666666666666,2.0,1,6,1,1.0,1.0,0.0,-0.0,-0.0,0.16666666666666666,0.5,2760.0,0.0,0.08333333333333333,0.0,0.8333333333333334,0.004410902659098308,0.004968965053558349,0.07582831879468782,0.004776954650878906,3.886222839355469e-05,0,ddcaee83-93e2-4495-ad56-e2d5b14062b4,20260815,aggregate,adverse-ecs-fanout,1,local-adverse-authority
6,12,1,12,819,0.16666666666666666,2.0,1,6,1,1.0,1.0,0.0,-0.0,-0.0,0.16666666666666666,0.5,20.0,0.0,0.08333333333333333,0.0,0.8333333333333334,0.004428307215372722,0.004936802387237549,0.07440300339237878,0.004554271697998047,4.315376281738281e-05,0,8ad46794-562a-4818-bc44-74d00dcfe3ae,20260815,aggregate,adverse-ecs-fanout,1,local-adverse-authority
6,12,1,12,1779,0.16666666666666666,2.0,1,6,1,1.0,1.0,0.0,-0.0,-0.0,0.16666666666666666,0.5,280.0,0.0,0.08333333333333333,0.0,0.8333333333333334,0.03471597035725912,0.035185706615447995,0.008761937574221152,0.03476691246032715,0.00012373924255371094,0,85c028ca-6f8a-4d67-bec4-e339cf101c4a,20260815,aggregate,adverse-ecs-fanout,1,local-adverse-authority
6,6,1,6,762,0.16666666666666666,1.0,1,6,1,1.0,0.0,0.0,-0.0,-0.0,0.16666666666666666,0.0,60.0,0.0,0.16666666666666666,0.0,0.8333333333333334,0.036374688148498535,0.036762773990631104,0.00785683948168631,0.0363469123840332,0.0,0,90c6c568-af97-4cd9-a8a1-70f4e2096d5c,20260815,aggregate,adverse-ecs-fanout,1,local-adverse-authority
6,6,1,6,556,0.16666666666666666,1.0,1,6,1,1.0,0.0,0.0,-0.0,-0.0,0.16666666666666666,0.0,300.0,0.0,0.16666666666666666,0.0,0.8333333333333334,0.012504975001017252,0.013030707836151123,0.030737984045382374,0.012691020965576172,0.0,0,2a780207-9eb6-42f7-90e5-43c632aee33e,20260815,aggregate,adverse-ecs-fanout,1,local-adverse-authority
6,6,1,6,617,0.16666666666666666,1.0,1,6,1,1.0,0.0,0.0,-0.0,-0.0,0.16666666666666666,0.0,53.0,0.0,0.16666666666666666,0.0,0.8333333333333334,0.0014657179514567058,0.0019153356552124023,0.21686445307107496,0.001821756362915039,0.0,0,7cb9ef1e-7898-47ff-aa98-ed34b8c0688e,20260815,aggregate,adverse-ecs-fanout,1,local-adverse-authority
6,12,1,12,998,0.16666666666666666,2.0,1,6,1,1.0,1.0,0.0,-0.0,-0.0,0.16666666666666666,0.5,2118.0,0.0,0.08333333333333333,0.0,0.8333333333333334,0.00950010617574056,0.009973835945129395,0.035487547321169786,0.009528636932373047,4.6253204345703125e-05,0,ae7d50c9-1ecc-432f-9887-4216631169cf,20260815,aggregate,adverse-ecs-fanout,1,local-adverse-authority
6,12,1,12,658,0.16666666666666666,2.0,1,6,1,1.0,1.0,0.0,-0.0,-0.0,0.16666666666666666,0.5,20.0,0.0,0.08333333333333333,0.0,0.8333333333333334,0.00670015811920166,0.007218217849731446,0.05268583898675479,0.00674748420715332,6.008148193359375e-05,0,1f13d573-a98e-4b98-b53d-6faa4084f870,20260815,aggregate,adverse-ecs-fanout,1,local-adverse-authority
6,12,1,12,1024,0.16666666666666666,2.0,1,6,1,1.0,1.0,0.0,-0.0,-0.0,0.16666666666666666,0.5,6.0,0.0,0.08333333333333333,0.0,0.8333333333333334,0.003709554672241211,0.004147660732269287,0.08695977138677523,0.0037224292755126953,3.790855407714844e-05,0,5202619f-57e7-4e3d-a9f3-db74d343f412,20260815,aggregate,adverse-ecs-fanout,1,local-adverse-authority
6,12,1,12,723,0.16666666666666666,2.0,1,6,1,1.0,1.0,0.0,-0.0,-0.0,0.16666666666666666,0.5,229.0,0.0,0.08333333333333333,0.0,0.8333333333333334,0.07565800348917644,0.0760805368423462,0.00409543411373417,0.07540464401245117,6.246566772460938e-05,0,8a7ace9d-f864-4499-a3f5-8204dcf2ca94,20260815,aggregate,adverse-ecs-fanout,1,local-adverse-authority
6,12,1,12,845,0.16666666666666666,2.0,1,6,1,1.0,1.0,0.0,-0.0,-0.0,0.16666666666666666,0.5,278.0,0.0,0.08333333333333333,0.0,0.8333333333333334,0.004637281099955241,0.00516049861907959,0.0784618492612523,0.004576683044433594,4.9114227294921875e-05,0,7ad3a558-0371-4617-b00c-38c2ae2eff70,20260815,aggregate,adverse-ecs-fanout,1,local-adverse-authority
6,6,1,6,940,0.16666666666666666,1.0,1,6,1,1.0,0.0,0.0,-0.0,-0.0,0.16666666666666666,0.0,530.0,0.0,0.16666666666666666,0.0,0.8333333333333334,0.014802376429239908,0.015168726444244385,0.016994239339773,0.014983415603637695,0.0,0,026a9a6e-b6c3-465b-a4ab-53273d795e08,20260815,aggregate,adverse-ecs-fanout,1,local-adverse-authority
6,12,1,12,941,0.16666666666666666,2.0,1,6,1,1.0,1.0,0.0,-0.0,-0.0,0.16666666666666666,0.5,54.0,0.0,0.08333333333333333,0.0,0.8333333333333334,0.0047357479731241865,0.0051789522171020504,0.06879226094422478,0.004702329635620117,4.2438507080078125e-05,0,e18a0db1-8fce-4a0f-b96f-b23b4c4f7b05,20260815,aggregate,adverse-ecs-fanout,1,local-adverse-authority
6,12,1,12,723,0.16666666666666666,2.0,1,6,1,1.0,1.0,0.0,-0.0,-0.0,0.16666666666666666,0.5,300.0,0.0,0.08333333333333333,0.0,0.8333333333333334,0.007493336995442708,0.007979333400726318,0.041897510231232823,0.0076982975006103516,4.172325134277344e-05,0,5972fd68-1a12-4565-b70e-736ac60dc001,20260815,aggregate,adverse-ecs-fanout,1,local-adverse-authority
6,12,1,12,985,0.16666666666666666,2.0,1,6,1,1.0,1.0,0.0,-0.0,-0.0,0.16666666666666666,0.5,31.0,0.0,0.08333333333333333,0.0,0.8333333333333334,0.009097099304199219,0.00954873561859131,0.03247691715806538,0.009399652481079102,5.1021575927734375e-05,0,bcd3107b-25e1-41f8-b209-688a5789a5de,20260815,aggregate,adverse-ecs-fanout,1,local-adverse-authority
6,6,1,6,762,0.16666666666666666,1.0,1,6,1,1.0,0.0,0.0,-0.0,-0.0,0.16666666666666666,0.0,60.0,0.0,0.16666666666666666,0.0,0.8333333333333334,0.0024401346842447915,0.00279998779296875,0.10865125642714415,0.0024073123931884766,0.0,0,af3d821c-8622-41e9-adea-cce46a4eb971,20260815,aggregate,adverse-ecs-fanout,1,local-adverse-authority
6,6,1,6,631,0.16666666666666666,1.0,1,6,1,1.0,0.0,0.0,-0.0,-0.0,0.16666666666666666,0.0,518.0,0.0,0.16666666666666666,0.0,0.8333333333333334,0.004835049311319987,0.005212306976318359,0.06567138198105583,0.004613399505615234,0.0,0,b67de7e1-a61f-487d-b684-e8bdce5e5c11,20260815,aggregate,adverse-ecs-fanout,1,local-adverse-authority
6,12,1,12,819,0.16666666666666666,2.0,1,6,1,1.0,1.0,0.0,-0.0,-0.0,0.16666666666666666,0.5,300.0,0.0,0.08333333333333333,0.0,0.8333333333333334,0.07733925183614095,0.07783272266387939,0.003943252946720972,0.0775144100189209,5.1975250244140625e-05,0,1c19dc4b-014b-421e-a709-ba772d926ed2,20260815,aggregate,adverse-ecs-fanout,1,local-adverse-authority
6,12,1,12,723,0.16666666666666666,2.0,1,6,1,1.0,1.0,0.0,-0.0,-0.0,0.16666666666666666,0.5,346.0,0.0,0.08333333333333333,0.0,0.8333333333333334,0.05073654651641846,0.05122741460800171,0.006043553965572217,0.050911903381347656,4.839897155761719e-05,0,a49ea4d4-053c-4886-8d8d-b7a8282b53d8,20260815,aggregate,adverse-ecs-fanout,1,local-adverse-authority
6,12,1,12,697,0.16666666666666666,2.0,1,6,1,1.0,1.0,0.0,-0.0,-0.0,0.16666666666666666,0.5,33.0,0.0,0.08333333333333333,0.0,0.8333333333333334,0.01672406991322835,0.017099416255950926,0.014200727763087648,0.01677680015563965,8.749961853027344e-05,0,8ad56a61-089c-4d91-a5fe-48d24d324ca1,20260815,aggregate,adverse-ecs-fanout,1,local-adverse-authority
6,12,1,12,1268,0.16666666666666666,2.0,1,6,1,1.0,1.0,0.0,-0.0,-0.0,0.16666666666666666,0.5,300.0,0.0,0.08333333333333333,0.0,0.8333333333333334,0.00606838862101237,0.006622433662414551,0.061299739096852324,0.0059604644775390625,6.437301635742188e-05,0,8b65bb7b-bd80-41fa-9629-812b7d5ed707,20260815,aggregate,adverse-ecs-fanout,1,local-adverse-authority
6,12,1,12,710,0.16666666666666666,2.0,1,6,1,1.0,1.0,0.0,-0.0,-0.0,0.16666666666666666,0.5,300.0,0.0,0.08333333333333333,0.0,0.8333333333333334,0.00562131404876709,0.0061018109321594235,0.059294211394904386,0.00568079948425293,3.647804260253906e-05,0,2428e780-5962-40b9-ae1c-c85727fab00b,20260815,aggregate,adverse-ecs-fanout,1,local-adverse-authority
6,6,1,6,453,0.16666666666666666,1.0,1,6,1,1.0,0.0,0.0,-0.0,-0.0,0.16666666666666666,0.0,1944.0,0.0,0.16666666666666666,0.0,0.8333333333333334,0.0032792886098225913,0.003630518913269043,0.081054815322195,0.003251791000366211,0.0,0,e143b022-045c-4e49-9ba0-2ec027382a4b,20260815,aggregate,adverse-ecs-fanout,1,local-adverse-authority
6,12,1,12,819,0.16666666666666666,2.0,1,6,1,1.0,1.0,0.0,-0.0,-0.0,0.16666666666666666,0.5,120.0,0.0,0.08333333333333333,0.0,0.8333333333333334,0.005210439364115397,0.005772745609283448,0.06990977355295681,0.005392789840698242,4.696846008300781e-05,0,37b32361-a434-4b5f-8b24-36fb39acc7b2,20260815,aggregate,adverse-ecs-fanout,1,local-adverse-authority
6,12,1,12,671,0.16666666666666666,2.0,1,6,1,1.0,1.0,0.0,-0.0,-0.0,0.16666666666666666,0.5,616.0,0.0,0.08333333333333333,0.0,0.8333333333333334,0.0056773026784261065,0.006107509136199951,0.0488805371932331,0.005844593048095703,4.172325134277344e-05,0,f281c2a5-13ec-4496-861e-8fa28592d137,20260815,aggregate,adverse-ecs-fanout,1,local-adverse-authority
6,6,1,6,439,0.16666666666666666,1.0,1,6,1,1.0,0.0,0.0,-0.0,-0.0,0.16666666666666666,0.0,600.0,0.0,0.16666666666666666,0.0,0.8333333333333334,0.050847252209981285,0.05128812789916992,0.006057734672388111,0.05103254318237305,0.0,0,4ffc8e59-7690-4997-a468-9257c5eca67b,20260815,aggregate,adverse-ecs-fanout,1,local-adverse-authority
6,6,1,6,481,0.16666666666666666,1.0,1,6,1,1.0,0.0,0.0,-0.0,-0.0,0.16666666666666666,0.0,4078.0,0.0,0.16666666666666666,0.0,0.8333333333333334,0.01015301545461019,0.015445888042449951,0.6886849871551147,0.015112638473510742,0.0,0,2182296a-2a42-4447-8160-182ab746d723,20260815,aggregate,adverse-ecs-fanout,1,local-adverse-authority
6,12,1,12,723,0.16666666666666666,2.0,1,6,1,1.0,1.0,0.0,-0.0,-0.0,0.16666666666666666,0.5,300.0,0.0,0.08333333333333333,0.0,0.8333333333333334,0.00413664182027181,0.00468069314956665,0.09298824310031455,0.0041980743408203125,4.410743713378906e-05,0,e94ac3fd-7dfc-45c5-9d77-b3d9169ae919,20260815,aggregate,adverse-ecs-fanout,1,local-adverse-authority
6,12,1,12,736,0.16666666666666666,2.0,1,6,1,1.0,1.0,0.0,-0.0,-0.0,0.16666666666666666,0.5,300.0,0.0,0.08333333333333333,0.0,0.8333333333333334,0.0033872524897257486,0.0053590178489685055,0.3128255366748394,0.0036306381225585938,7.700920104980469e-05,0,1468ef8a-fd0b-4df3-b847-116a38ae09f1,20260815,aggregate,adverse-ecs-fanout,1,local-adverse-authority
6,12,1,12,762,0.16666666666666666,2.0,1,6,1,1.0,1.0,0.0,-0.0,-0.0,0.16666666666666666,0.5,300.0,0.0,0.08333333333333333,0.0,0.8333333333333334,0.004473368326822917,0.005716538429260254,0.1769641867624372,0.004895210266113281,2.4318695068359375e-05,0,6b5eb990-a0f4-45be-8a86-f79a69dc28c3,20260815,aggregate,adverse-ecs-fanout,1,local-adverse-authority
6,12,1,12,749,0.16666666666666666,2.0,1,6,1,1.0,1.0,0.0,-0.0,-0.0,0.16666666666666666,0.5,300.0,0.0,0.08333333333333333,0.0,0.8333333333333334,0.003942012786865234,0.0053273200988769535,0.2055419984799863,0.004244565963745117,3.147125244140625e-05,0,4b0a2b66-8410-4e21-b0d9-49d07baf7502,20260815,aggregate,adverse-ecs-fanout,1,local-adverse-authority
6,6,1,6,989,0.16666666666666666,1.0,1,6,1,1.0,0.0,0.0,-0.0,-0.0,0.16666666666666666,0.0,300.0,0.0,0.16666666666666666,0.0,0.8333333333333334,0.0027342637379964194,0.0037169456481933594,0.2957876837348428,0.0029714107513427734,0.0,0,8bd3934f-4e02-47ba-af4a-a22ff828de53,20260815,aggregate,adverse-ecs-fanout,1,local-adverse-authority
1,1,1,1,178,1.0,1.0,1,0,0,0.0,0.0,0.0,-0.0,-0.0,1.0,0.0,408.0,0.0,1.0,0.0,0.0,0.0022211074829101562,0.0022211074829101562,0.0,0.0021228790283203125,0.0,0,5da284f6-a28d-4faf-95a4-aaa4a460b820,20260815,ecs-keyed,benign-plain,0,google
6,12,1,12,723,0.16666666666666666,2.0,1,6,1,1.0,1.0,0.0,-0.0,-0.0,0.16666666666666666,0.5,300.0,0.0,0.08333333333333333,0.0,0.8333333333333334,0.0069128672281901045,0.007798326015472412,0.10114446158388994,0.006810665130615234,0.00012373924255371094,0,1a121039-2dbb-4a0d-b4b5-b48c294009b6,20260815,aggregate,adverse-ecs-fanout,1,local-adverse-authority
1,1,1,1,161,1.0,1.0,1,0,0,0.0,0.0,0.0,-0.0,-0.0,1.0,0.0,11.666666666666666,0.04040610178208843,1.0,0.0,0.0,0.0022101402282714844,0.0022101402282714844,0.0,0.0016393661499023438,0.0,0,81fc464e-8f07-4700-99d4-bcd008602c8b,20260815,ecs-keyed,benign-plain,0,quad9
1,1,1,1,140,1.0,1.0,1,0,0,0.0,0.0,0.0,-0.0,-0.0,1.0,0.0,290.0,0.0,1.0,0.0,0.0,0.0024344921112060547,0.0024344921112060547,0.0,0.002145528793334961,0.0,0,4937f90b-dfa0-4eac-b526-9ffa5ff966ed,20260815,ecs-keyed,benign-plain,0,cloudflare
1,1,1,1,88,1.0,1.0,1,0,0,0.0,0.0,0.0,-0.0,-0.0,1.0,0.0,2915.0,0.0,1.0,0.0,0.0,0.0021321773529052734,0.0021321773529052734,0.0,0.001775979995727539,0.0,0,39706e61-fd4a-4a91-98ab-7d385dd51dae,20260815,ecs-keyed,benign-plain,0,google
1,1,1,1,114,1.0,1.0,1,0,0,0.0,0.0,0.0,-0.0,-0.0,1.0,0.0,46.0,0.0,1.0,0.0,0.0,0.0015459060668945312,0.0015459060668945312,0.0,0.0012636184692382812,0.0,0,dd1ca82c-369a-4ecf-a762-86e60e83ab2b,20260815,ecs-keyed,benign-plain,0,opendns
6,12,1,12,1076,0.16666666666666666,2.0,1,6,1,1.0,1.0,0.0,-0.0,-0.0,0.16666666666666666,0.5,60.0,0.0,0.08333333333333333,0.0,0.8333333333333334,0.0057877302169799805,0.007569575309753418,0.20546292490169446,0.0072650909423828125,3.7670135498046875e-05,0,7c6ffcb9-89fd-48bc-bdf5-f4b380676e01,20260815,aggregate,adverse-ecs-fanout,1,local-adverse-authority
1,1,1,1,133,1.0,1.0,1,0,0,0.0,0.0,0.0,-0.0,-0.0,1.0,0.0,7676.0,0.9766805627931214,1.0,0.0,0.0,0.0020799636840820312,0.0020799636840820312,0.0,0.0019631385803222656,0.0,0,84552ea0-cf99-4855-8ce6-05b066583357,20260815,ecs-keyed,benign-plain,0,google
1,1,1,1,88,1.0,1.0,1,0,0,0.0,0.0,0.0,-0.0,-0.0,1.0,0.0,35.0,0.0,1.0,0.0,0.0,0.0020186901092529297,0.0020186901092529297,0.0,0.0018458366394042969,0.0,0,0aac3b3d-3db0-44f9-9c15-8854dba46d92,20260815,ecs-keyed,benign-plain,0,google
1,1,1,1,94,1.0,1.0,1,0,0,0.0,0.0,0.0,-0.0,-0.0,1.0,0.0,8.0,0.0,1.0,0.0,0.0,0.0030465126037597656,0.0030465126037597656,0.0,0.002663850784301758,0.0,0,ed6fe7b7-9ea3-4915-a886-e272ca128e50,20260815,ecs-keyed,benign-plain,0,google
1,1,1,1,140,1.0,1.0,1,0,0,0.0,0.0,0.0,-0.0,-0.0,1.0,0.0,22.0,0.0,1.0,0.0,0.0,0.0017960071563720703,0.0017960071563720703,0.0,0.0015263557434082031,0.0,0,7b2465b5-d14c-4080-9227-7b533fb48b3c,20260815,ecs-keyed,benign-plain,0,google
1,1,1,1,122,1.0,1.0,1,0,0,0.0,0.0,0.0,-0.0,-0.0,1.0,0.0,806.0,0.0,1.0,0.0,0.0,0.0020139217376708984,0.0020139217376708984,0.0,0.0018572807312011719,0.0,0,f2cecb45-764a-4a47-bac1-e159c821a488,20260815,ecs-keyed,benign-plain,0,opendns
1,1,1,1,168,1.0,1.0,1,0,0,0.0,0.0,0.0,-0.0,-0.0,1.0,0.0,300.0,0.0,1.0,0.0,0.0,0.015460014343261719,0.015460014343261719,0.0,0.01427602767944336,0.0,0,acc19b46-128b-4a35-9014-b6ca97972f21,20260815,ecs-keyed,benign-plain,0,cloudflare
1,1,1,1,116,1.0,1.0,1,0,0,0.0,0.0,0.0,-0.0,-0.0,1.0,0.0,18496.0,0.0,1.0,0.0,0.0,0.002770662307739258,0.002770662307739258,0.0,0.0027256011962890625,0.0,0,2c82f5ef-1af5-4d0c-96c1-cfbb1aad40cf,20260815,ecs-keyed,benign-plain,0,opendns
6,12,1,12,697,0.16666666666666666,2.0,1,6,1,1.0,1.0,0.0,-0.0,-0.0,0.16666666666666666,0.5,300.0,0.0,0.08333333333333333,0.0,0.8333333333333334,0.01825102170308431,0.01936814785003662,0.0400135705488966,0.0184328556060791,0.0010666847229003906,0,d2eb5bfa-5759-4549-8063-feb49dd001d5,20260815,aggregate,adverse-ecs-fanout,1,local-adverse-authority
1,1,1,1,205,1.0,1.0,1,0,0,0.0,0.0,0.0,-0.0,-0.0,1.0,0.0,300.0,0.0,1.0,0.0,0.0,0.0045855045318603516,0.0045855045318603516,0.0,0.004038095474243164,0.0,0,d7ca4533-59c4-4210-9df8-30559e707279,20260815,ecs-keyed,benign-plain,0,quad9
1,1,1,1,96,1.0,1.0,1,0,0,0.0,0.0,0.0,-0.0,-0.0,1.0,0.0,48.0,0.0,1.0,0.0,0.0,0.0030128955841064453,0.0030128955841064453,0.0,0.0029549598693847656,0.0,0,8ee8e786-a56f-4d65-a6c9-95d775daa7d4,20260815,ecs-keyed,benign-plain,0,cloudflare
6,12,1,12,1011,0.16666666666666666,2.0,1,6,1,1.0,1.0,0.0,-0.0,-0.0,0.16666666666666666,0.5,60.0,0.0,0.08333333333333333,0.0,0.8333333333333334,0.009062925974527994,0.010917794704437257,0.1427104661070883,0.008106708526611328,0.0002048015594482422,0,f54a0670-992f-4126-a85a-83e051d878d3,20260815,aggregate,adverse-ecs-fanout,1,local-adverse-authority
1,1,1,1,152,1.0,1.0,1,0,0,0.0,0.0,0.0,-0.0,-0.0,1.0,0.0,31.0,0.0,1.0,0.0,0.0,0.003204345703125,0.003204345703125,0.0,0.0022978782653808594,0.0,0,f7185dc5-ddf6-4031-a4b0-23c78028d989,20260815,ecs-keyed,benign-plain,0,google
1,1,1,1,116,1.0,1.0,1,0,0,0.0,0.0,0.0,-0.0,-0.0,1.0,0.0,300.0,0.0,1.0,0.0,0.0,0.007750511169433594,0.007750511169433594,0.0,0.005379915237426758,0.0,0,ac50234e-2791-43d8-91f9-217a533d0fae,20260815,ecs-keyed,benign-plain,0,google
6,6,1,6,495,0.16666666666666666,1.0,1,6,1,1.0,0.0,0.0,-0.0,-0.0,0.16666666666666666,0.0,300.0,0.0,0.16666666666666666,0.0,0.8333333333333334,0.021438876787821453,0.023040175437927246,0.04760912678001792,0.022196292877197266,0.0,0,f4e046d4-ada8-4f43-81a3-0dcf75ede44f,20260815,aggregate,adverse-ecs-fanout,1,local-adverse-authority
1,1,1,1,110,1.0,1.0,1,0,0,0.0,0.0,0.0,-0.0,-0.0,1.0,0.0,226.0,0.0,1.0,0.0,0.0,0.0037779808044433594,0.0037779808044433594,0.0,0.002385854721069336,0.0,0,4664d695-adb7-4bd0-99f9-3d4e493aeadb,20260815,ecs-keyed,benign-plain,0,google
1,1,1,1,86,1.0,1.0,1,0,0,0.0,0.0,0.0,-0.0,-0.0,1.0,0.0,347.0,0.0,1.0,0.0,0.0,0.0023016929626464844,0.0023016929626464844,0.0,0.0022330284118652344,0.0,0,6b239789-bc63-4a0e-99a7-e7174d4847bf,20260815,ecs-keyed,benign-plain,0,cloudflare
1,1,1,1,190,1.0,1.0,1,0,0,0.0,0.0,0.0,-0.0,-0.0,1.0,0.0,57.0,0.0,1.0,0.0,0.0,0.003240823745727539,0.003240823745727539,0.0,0.002321958541870117,0.0,0,88f7885e-d21a-4cea-a210-e80746a4e698,20260815,ecs-keyed,benign-plain,0,quad9
1,1,1,1,98,1.0,1.0,1,0,0,0.0,0.0,0.0,-0.0,-0.0,1.0,0.0,390.0,0.0,1.0,0.0,0.0,0.002083301544189453,0.002083301544189453,0.0,0.0016124248504638672,0.0,0,2daa84db-8646-4fbc-96ad-61248d6e93aa,20260815,ecs-keyed,benign-plain,0,google
6,12,1,12,723,0.16666666666666666,2.0,1,6,1,1.0,1.0,0.0,-0.0,-0.0,0.16666666666666666,0.5,300.0,0.0,0.08333333333333333,0.0,0.8333333333333334,0.04070568084716797,0.04186559915542602,0.02250963683529667,0.04028439521789551,0.0004105567932128906,0,952520a6-d33b-4ffb-ad86-4093179f5c04,20260815,aggregate,adverse-ecs-fanout,1,local-adverse-authority
1,1,1,1,135,1.0,1.0,1,0,0,0.0,0.0,0.0,-0.0,-0.0,1.0,0.0,82.0,0.0,1.0,0.0,0.0,0.0013561248779296875,0.0013561248779296875,0.0,0.0013315677642822266,0.0,0,18081d9a-db0b-46de-8299-bc4a00f110de,20260815,ecs-keyed,benign-plain,0,cloudflare
1,1,1,1,112,1.0,1.0,1,0,0,0.0,0.0,0.0,-0.0,-0.0,1.0,0.0,269.0,0.0,1.0,0.0,0.0,0.003787517547607422,0.003787517547607422,0.0,0.003753662109375,0.0,0,a84197fe-9c2e-47e3-a860-5bc944352f70,20260815,ecs-keyed,benign-plain,0,opendns
1,1,1,1,112,1.0,1.0,1,0,0,0.0,0.0,0.0,-0.0,-0.0,1.0,0.0,20.0,0.0,1.0,0.0,0.0,0.013970375061035156,0.013970375061035156,0.0,0.012375354766845703,0.0,0,5790fcfc-0f1e-4d4b-be74-821d48923c0b,20260815,ecs-keyed,benign-plain,0,quad9
1,1,1,1,122,1.0,1.0,1,0,0,0.0,0.0,0.0,-0.0,-0.0,1.0,0.0,300.0,0.0,1.0,0.0,0.0,0.016317367553710938,0.016317367553710938,0.0,0.01621413230895996,0.0,0,d591b6b9-cbe2-431d-aed8-a1573fc09369,20260815,ecs-keyed,benign-plain,0,google
6,12,1,12,788,0.16666666666666666,2.0,1,6,1,1.0,1.0,0.0,-0.0,-0.0,0.16666666666666666,0.5,300.0,0.0,0.08333333333333333,0.0,0.8333333333333334,0.008925676345825195,0.01202172040939331,0.26144870935149145,0.008135557174682617,0.001346588134765625,0,b44cff08-399a-42cc-ab79-bca5304c2f07,20260815,aggregate,adverse-ecs-fanout,1,local-adverse-authority
1,1,1,1,96,1.0,1.0,1,0,0,0.0,0.0,0.0,-0.0,-0.0,1.0,0.0,69.0,0.0,1.0,0.0,0.0,0.00299072265625,0.00299072265625,0.0,0.0025713443756103516,0.0,0,0fe27373-f924-4839-be56-22d30c61516c,20260815,ecs-keyed,benign-plain,0,cloudflare
1,1,1,1,110,1.0,1.0,1,0,0,0.0,0.0,0.0,-0.0,-0.0,1.0,0.0,285.0,0.0,1.0,0.0,0.0,0.00322723388671875,0.00322723388671875,0.0,0.0027408599853515625,0.0,0,80a8003d-eeef-47f0-8356-f4b083bf509c,20260815,ecs-keyed,benign-plain,0,google
1,1,1,1,96,1.0,1.0,1,0,0,0.0,0.0,0.0,-0.0,-0.0,1.0,0.0,20.0,0.0,1.0,0.0,0.0,0.024131298065185547,0.024131298065185547,0.0,0.02236771583557129,0.0,0,e830bc01-2122-4581-adbd-160b2a8b3e3d,20260815,ecs-keyed,benign-plain,0,google
1,1,1,1,94,1.0,1.0,1,0,0,0.0,0.0,0.0,-0.0,-0.0,1.0,0.0,13.0,0.0,1.0,0.0,0.0,0.0026502609252929688,0.0026502609252929688,0.0,0.0013556480407714844,0.0,0,a6f3fc9e-c0e8-4ebd-aefa-18573355b030,20260815,ecs-keyed,benign-plain,0,quad9
1,1,1,1,134,1.0,1.0,1,0,0,0.0,0.0,0.0,-0.0,-0.0,1.0,0.0,23.0,0.0,1.0,0.0,0.0,0.003309965133666992,0.003309965133666992,0.0,0.0014331340789794922,0.0,0,f57b56c5-d878-4211-a62c-403018bd7ec9,20260815,ecs-keyed,benign-plain,0,cloudflare
1,1,1,1,118,1.0,1.0,1,0,0,0.0,0.0,0.0,-0.0,-0.0,1.0,0.0,20.0,0.0,1.0,0.0,0.0,0.013125896453857422,0.013125896453857422,0.0,0.013100862503051758,0.0,0,7cc16374-8ea9-4d97-adca-212ca490c6cb,20260815,ecs-keyed,benign-plain,0,opendns
6,12,1,12,775,0.16666666666666666,2.0,1,6,1,1.0,1.0,0.0,-0.0,-0.0,0.16666666666666666,0.5,300.0,0.0,0.08333333333333333,0.0,0.8333333333333334,0.03167867660522461,0.03515714406967163,0.07032888444880743,0.03275442123413086,3.695487976074219e-05,0,71f2e61a-2204-4aed-9348-db7f9dfbe7ed,20260815,aggregate,adverse-ecs-fanout,1,local-adverse-authority
1,1,1,1,158,1.0,1.0,1,0,0,0.0,0.0,0.0,-0.0,-0.0,1.0,0.0,60.0,0.0,1.0,0.0,0.0,0.016706466674804688,0.016706466674804688,0.0,0.014547586441040039,0.0,0,518b813f-0321-4c44-93ee-0844f2c765de,20260815,ecs-keyed,benign-plain,0,opendns
1,1,1,1,92,1.0,1.0,1,0,0,0.0,0.0,0.0,-0.0,-0.0,1.0,0.0,44.0,0.0,1.0,0.0,0.0,0.0020699501037597656,0.0020699501037597656,0.0,0.0020127296447753906,0.0,0,a6a32f8c-c24e-4fa7-9813-2d4cfb9f59f7,20260815,ecs-keyed,benign-plain,0,opendns
1,1,1,1,108,1.0,1.0,1,0,0,0.0,0.0,0.0,-0.0,-0.0,1.0,0.0,300.0,0.0,1.0,0.0,0.0,0.026673078536987305,0.026673078536987305,0.0,0.026612043380737305,0.0,0,7a9b26c8-7fc1-4a71-a38e-038e3d4ed4bd,20260815,ecs-keyed,benign-plain,0,google
1,1,1,1,142,1.0,1.0,1,0,0,0.0,0.0,0.0,-0.0,-0.0,1.0,0.0,60.0,0.0,1.0,0.0,0.0,0.03496670722961426,0.03496670722961426,0.0,0.034931182861328125,0.0,0,719e39e0-c5f4-46ce-9255-cd19fd155af4,20260815,ecs-keyed,benign-plain,0,opendns
6,9,2,9,735,0.3333333333333333,1.5,1,6,2,1.0,0.5,0.0,1.0,1.0,0.2222222222222222,0.33333333333333337,20.0,0.0,0.1111111111111111,0.0,0.6666666666666666,0.060239818361070424,0.09015216827392578,0.6773366843336541,0.04555404186248779,0.00010633468627929688,0,1358ef3c-0c0e-4593-97d9-1c72d5436d22,20260815,aggregate,adverse-ecs-fanout,1,local-adverse-authority
1,1,1,1,86,1.0,1.0,1,0,0,0.0,0.0,0.0,-0.0,-0.0,1.0,0.0,294.0,0.0,1.0,0.0,0.0,0.0023245811462402344,0.0023245811462402344,0.0,0.0021715164184570312,0.0,0,8e83b13c-8c3d-45e3-8716-38d8ed0ca0cd,20260815,ecs-keyed,benign-plain,0,quad9
1,1,1,1,128,1.0,1.0,1,0,0,0.0,0.0,0.0,-0.0,-0.0,1.0,0.0,281.0,0.0,1.0,0.0,0.0,0.0017430782318115234,0.0017430782318115234,0.0,0.0016326904296875,0.0,0,30673b30-b85e-47bc-9da7-6a06338afa5a,20260815,ecs-keyed,benign-plain,0,quad9
1,1,1,1,110,1.0,1.0,1,0,0,0.0,0.0,0.0,-0.0,-0.0,1.0,0.0,300.0,0.0,1.0,0.0,0.0,0.03347206115722656,0.03347206115722656,0.0,0.03337812423706055,0.0,0,5b6b2682-98c8-4dc7-89e5-5ea438abe035,20260815,ecs-keyed,benign-plain,0,quad9
6,12,1,12,762,0.16666666666666666,2.0,1,6,1,1.0,1.0,0.0,-0.0,-0.0,0.16666666666666666,0.5,300.0,0.0,0.08333333333333333,0.0,0.8333333333333334,0.004569888114929199,0.0051909804344177244,0.0909506640255353,0.004603147506713867,3.314018249511719e-05,0,0e42fcae-8cc3-44b3-9285-78b8422acaae,20260815,aggregate,adverse-ecs-fanout,1,local-adverse-authority
1,1,1,1,146,1.0,1.0,1,0,0,0.0,0.0,0.0,-0.0,-0.0,1.0,0.0,228.0,0.0,1.0,0.0,0.0,0.0019943714141845703,0.0019943714141845703,0.0,0.001661062240600586,0.0,0,76da8583-3415-4ad2-ad45-0592df2b8489,20260815,ecs-keyed,benign-plain,0,quad9
6,12,1,12,723,0.16666666666666666,2.0,1,6,1,1.0,1.0,0.0,-0.0,-0.0,0.16666666666666666,0.5,300.0,0.0,0.08333333333333333,0.0,0.8333333333333334,0.004479209582010905,0.006376516819000244,0.2601911849158136,0.00618433952331543,5.459785461425781e-05,0,ea87707f-2878-420c-986e-90f45713ea91,20260815,aggregate,adverse-ecs-fanout,1,local-adverse-authority
1,1,1,1,190,1.0,1.0,1,0,0,0.0,0.0,0.0,-0.0,-0.0,1.0,0.0,281.0,0.0,1.0,0.0,0.0,0.002002239227294922,0.002002239227294922,0.0,0.0018873214721679688,0.0,0,caf088e1-818f-43c9-897e-cb82699f8b7a,20260815,ecs-keyed,benign-plain,0,google
1,1,1,1,144,1.0,1.0,1,0,0,0.0,0.0,0.0,-0.0,-0.0,1.0,0.0,60.0,0.0,1.0,0.0,0.0,0.0363922119140625,0.0363922119140625,0.0,0.036283254623413086,0.0,0,8e0db5d6-e3e0-40b6-83af-479c3c9675ce,20260815,ecs-keyed,benign-plain,0,quad9
6,12,1,12,788,0.16666666666666666,2.0,1,6,1,1.0,1.0,0.0,-0.0,-0.0,0.16666666666666666,0.5,300.0,0.0,0.08333333333333333,0.0,0.8333333333333334,0.006629427274068196,0.007264578342437744,0.06668975667460175,0.006636619567871094,6.985664367675781e-05,0,dcde5fc4-e016-441f-a388-8489dd5710c5,20260815,aggregate,adverse-ecs-fanout,1,local-adverse-authority
1,1,1,1,102,1.0,1.0,1,0,0,0.0,0.0,0.0,-0.0,-0.0,1.0,0.0,134.0,0.0,1.0,0.0,0.0,0.002839803695678711,0.002839803695678711,0.0,0.002554655075073242,0.0,0,dc2e8a68-db18-42f5-9c7f-de078a8a3550,20260815,ecs-keyed,benign-plain,0,opendns
1,1,1,1,116,1.0,1.0,1,0,0,0.0,0.0,0.0,-0.0,-0.0,1.0,0.0,12.0,0.0,1.0,0.0,0.0,0.001954317092895508,0.001954317092895508,0.0,0.001867532730102539,0.0,0,0a3a0e62-d046-4067-b2a5-10f44c7a7b84,20260815,ecs-keyed,benign-plain,0,cloudflare
1,1,1,1,142,1.0,1.0,1,0,0,0.0,0.0,0.0,-0.0,-0.0,1.0,0.0,300.0,0.0,1.0,0.0,0.0,0.014208555221557617,0.014208555221557617,0.0,0.01413273811340332,0.0,0,aa9c27e6-89c8-4887-985b-6f3547ce0ec5,20260815,ecs-keyed,benign-plain,0,opendns
1,1,1,1,133,1.0,1.0,1,0,0,0.0,0.0,0.0,-0.0,-0.0,1.0,0.0,8844.5,0.979648369042908,1.0,0.0,0.0,0.031720638275146484,0.031720638275146484,0.0,0.0316157341003418,0.0,0,7eb1d8cb-9052-43bf-beb6-1f1b660086e5,20260815,ecs-keyed,benign-plain,0,google
1,1,1,1,184,1.0,1.0,1,0,0,0.0,0.0,0.0,-0.0,-0.0,1.0,0.0,300.0,0.0,1.0,0.0,0.0,0.007288217544555664,0.007288217544555664,0.0,0.004347562789916992,0.0,0,307a250d-d484-41e4-9d98-b75b7859280b,20260815,ecs-keyed,benign-plain,0,google
1,1,1,1,116,1.0,1.0,1,0,0,0.0,0.0,0.0,-0.0,-0.0,1.0,0.0,20215.0,0.0,1.0,0.0,0.0,0.001768350601196289,0.001768350601196289,0.0,0.0016777515411376953,0.0,0,8405b5e6-85d4-4933-88c3-e218b712abe5,20260815,ecs-keyed,benign-plain,0,opendns
1,1,1,1,88,1.0,1.0,1,0,0,0.0,0.0,0.0,-0.0,-0.0,1.0,0.0,12.0,0.0,1.0,0.0,0.0,0.0017910003662109375,0.0017910003662109375,0.0,0.0017330646514892578,0.0,0,77aa4c05-eaac-4743-a848-cc9c03a5603a,20260815,ecs-keyed,benign-plain,0,cloudflare
1,1,1,1,124,1.0,1.0,0,0,0,0.0,0.0,0.0,-0.0,-0.0,1.0,0.0,679.0,0.0,1.0,0.0,0.0,2.505434274673462,2.505434274673462,0.0,0.0,0.0,0,fd0c56da-0838-4cd8-bac5-894d986c5b54,20260815,ecs-keyed,benign-plain,0,cloudflare
1,1,1,1,82,1.0,1.0,0,0,0,0.0,0.0,0.0,-0.0,-0.0,1.0,0.0,189.0,0.0,1.0,0.0,0.0,2.5041182041168213,2.5041182041168213,0.0,0.0,0.0,0,9242a4d7-43a2-43b7-b661-40604c512b3f,20260815,ecs-keyed,benign-plain,0,cloudflare
1,1,1,1,96,1.0,1.0,0,0,0,0.0,0.0,0.0,-0.0,-0.0,1.0,0.0,86.0,0.0,1.0,0.0,0.0,2.5056984424591064,2.5056984424591064,0.0,0.0,0.0,0,6e487ace-5960-4645-ac59-fa349dfb8d8a,20260815,ecs-keyed,benign-plain,0,google
1,1,1,1,108,1.0,1.0,0,0,0,0.0,0.0,0.0,-0.0,-0.0,1.0,0.0,42.0,0.0,1.0,0.0,0.0,2.505837917327881,2.505837917327881,0.0,0.0,0.0,0,c2323c4c-374a-4663-b420-ceb91e80d500,20260815,ecs-keyed,benign-plain,0,google
1,1,1,1,134,1.0,1.0,1,0,0,0.0,0.0,0.0,-0.0,-0.0,1.0,0.0,6.0,0.0,1.0,0.0,0.0,0.0017805099487304688,0.0017805099487304688,0.0,0.0014331340789794922,0.0,0,adf5a19a-63e8-4cac-918f-ee092db8e0dd,20260815,ecs-keyed,benign-plain,0,google
1,1,1,1,98,1.0,1.0,0,0,0,0.0,0.0,0.0,-0.0,-0.0,1.0,0.0,300.0,0.0,1.0,0.0,0.0,2.5068507194519043,2.5068507194519043,0.0,0.0,0.0,0,66058586-fc0d-476f-9ac4-3641cc814a6c,20260815,ecs-keyed,benign-plain,0,quad9
1,1,1,1,102,1.0,1.0,1,0,0,0.0,0.0,0.0,-0.0,-0.0,1.0,0.0,575.0,0.0,1.0,0.0,0.0,0.0024063587188720703,0.0024063587188720703,0.0,0.0016512870788574219,0.0,0,e26e5791-151a-44ec-918c-f5c4ebf91a8e,20260815,ecs-keyed,benign-plain,0,opendns
1,1,1,1,102,1.0,1.0,1,0,0,0.0,0.0,0.0,-0.0,-0.0,1.0,0.0,279.0,0.0,1.0,0.0,0.0,0.0023903846740722656,0.0023903846740722656,0.0,0.002256631851196289,0.0,0,73f6fe89-8985-4679-abb3-d31cafe6ec2b,20260815,ecs-keyed,benign-plain,0,cloudflare
1,1,1,1,214,1.0,1.0,1,0,0,0.0,0.0,0.0,-0.0,-0.0,1.0,0.0,2.0,0.0,1.0,0.0,0.0,0.0024640560150146484,0.0024640560150146484,0.0,0.002137899398803711,0.0,0,eb927daa-7722-43a6-987a-7978b91fba4f,20260815,ecs-keyed,benign-plain,0,cloudflare
1,1,1,1,154,1.0,1.0,1,0,0,0.0,0.0,0.0,-0.0,-0.0,1.0,0.0,55.0,0.0,1.0,0.0,0.0,0.0026657581329345703,0.0026657581329345703,0.0,0.0018253326416015625,0.0,0,d9bc4c97-a177-4cce-b366-e8ee100d6409,20260815,ecs-keyed,benign-plain,0,opendns
1,1,1,1,196,1.0,1.0,1,0,0,0.0,0.0,0.0,-0.0,-0.0,1.0,0.0,54.0,0.0,1.0,0.0,0.0,0.0023543834686279297,0.0023543834686279297,0.0,0.00193023681640625,0.0,0,9ba3795b-bf6f-46e2-aab8-1f174548e113,20260815,ecs-keyed,benign-plain,0,google
1,1,1,1,158,1.0,1.0,0,0,0,0.0,0.0,0.0,-0.0,-0.0,1.0,0.0,246.0,0.0,1.0,0.0,0.0,2.5071678161621094,2.5071678161621094,0.0,0.0,0.0,0,60ee1af5-bf97-4275-8fb3-b46d602c0796,20260815,ecs-keyed,benign-plain,0,cloudflare
1,1,1,1,100,1.0,1.0,1,0,0,0.0,0.0,0.0,-0.0,-0.0,1.0,0.0,1967.0,0.0,1.0,0.0,0.0,0.0026810169219970703,0.0026810169219970703,0.0,0.0021665096282958984,0.0,0,5a1d93d4-fd35-497f-9417-410dc92f0013,20260815,ecs-keyed,benign-plain,0,quad9
1,1,1,1,224,1.0,1.0,1,0,0,0.0,0.0,0.0,-0.0,-0.0,1.0,0.0,194.0,0.0,1.0,0.0,0.0,0.003069162368774414,0.003069162368774414,0.0,0.0019311904907226562,0.0,0,f889293b-4b8c-40bd-9650-ba1e1e03009a,20260815,ecs-keyed,benign-plain,0,cloudflare
1,1,1,1,116,1.0,1.0,1,0,0,0.0,0.0,0.0,-0.0,-0.0,1.0,0.0,645.0,0.0,1.0,0.0,0.0,0.002113819122314453,0.002113819122314453,0.0,0.001657247543334961,0.0,0,e63ce108-125c-473c-8f4c-6a64bb73558d,20260815,ecs-keyed,benign-plain,0,quad9
1,1,1,1,182,1.0,1.0,0,0,0,0.0,0.0,0.0,-0.0,-0.0,1.0,0.0,66.0,0.0,1.0,0.0,0.0,2.503485679626465,2.503485679626465,0.0,0.0,0.0,0,c7977000-775d-407e-a790-196b26d4b46a,20260815,ecs-keyed,benign-plain,0,quad9
1,1,1,1,98,1.0,1.0,1,0,0,0.0,0.0,0.0,-0.0,-0.0,1.0,0.0,757.0,0.0,1.0,0.0,0.0,0.002026081085205078,0.002026081085205078,0.0,0.0018029212951660156,0.0,0,434054b4-51fc-4d7e-b9c9-0eee1df8722f,20260815,ecs-keyed,benign-plain,0,quad9
1,1,1,1,92,1.0,1.0,1,0,0,0.0,0.0,0.0,-0.0,-0.0,1.0,0.0,300.0,0.0,1.0,0.0,0.0,0.003309488296508789,0.003309488296508789,0.0,0.0031621456146240234,0.0,0,067d382f-9e77-413c-854d-4209156c3efc,20260815,ecs-keyed,benign-plain,0,opendns
1,1,1,1,94,1.0,1.0,1,0,0,0.0,0.0,0.0,-0.0,-0.0,1.0,0.0,2758.0,0.0,1.0,0.0,0.0,0.0018990039825439453,0.0018990039825439453,0.0,0.0017368793487548828,0.0,0,02f7f1e5-68a4-4cb2-9099-fe155b30bae3,20260815,ecs-keyed,benign-plain,0,quad9
1,1,1,1,142,1.0,1.0,0,0,0,0.0,0.0,0.0,-0.0,-0.0,1.0,0.0,35.0,0.0,1.0,0.0,0.0,2.5030934810638428,2.5030934810638428,0.0,0.0,0.0,0,99c9ad2a-ce08-4acc-a273-8b237ef318a4,20260815,ecs-keyed,benign-plain,0,quad9
1,1,1,1,102,1.0,1.0,1,0,0,0.0,0.0,0.0,-0.0,-0.0,1.0,0.0,527.0,0.0,1.0,0.0,0.0,0.0022287368774414062,0.0022287368774414062,0.0,0.002044677734375,0.0,0,62d6d0db-269a-42e2-b09f-0e4fe9d11866,20260815,ecs-keyed,benign-plain,0,quad9
1,1,1,1,88,1.0,1.0,1,0,0,0.0,0.0,0.0,-0.0,-0.0,1.0,0.0,267.0,0.0,1.0,0.0,0.0,0.0019049644470214844,0.0019049644470214844,0.0,0.001443624496459961,0.0,0,3be9b88d-f0ca-4461-9c9c-fc4a84b8223b,20260815,ecs-keyed,benign-plain,0,cloudflare
1,1,1,1,135,1.0,1.0,1,0,0,0.0,0.0,0.0,-0.0,-0.0,1.0,0.0,79.0,0.0,1.0,0.0,0.0,0.0017423629760742188,0.0017423629760742188,0.0,0.0016541481018066406,0.0,0,20ab8f0a-0550-431e-9616-647b0c4b33de,20260815,ecs-keyed,benign-plain,0,quad9
1,1,1,1,150,1.0,1.0,1,0,0,0.0,0.0,0.0,-0.0,-0.0,1.0,0.0,57.0,0.0,1.0,0.0,0.0,0.0020856857299804688,0.0020856857299804688,0.0,0.002051115036010742,0.0,0,6b73fc5d-512b-4dc6-9933-8d61dd7db5e6,20260815,ecs-keyed,benign-plain,0,quad9
1,1,1,1,96,1.0,1.0,1,0,0,0.0,0.0,0.0,-0.0,-0.0,1.0,0.0,79.0,0.0,1.0,0.0,0.0,0.001695871353149414,0.001695871353149414,0.0,0.001619577407836914,0.0,0,896985e8-99a2-4505-b8e2-46e30ac6fc59,20260815,ecs-keyed,benign-plain,0,google
1,1,1,1,104,1.0,1.0,1,0,0,0.0,0.0,0.0,-0.0,-0.0,1.0,0.0,206.0,0.0,1.0,0.0,0.0,0.0015876293182373047,0.0015876293182373047,0.0,0.0014379024505615234,0.0,0,96fc0e19-751b-418a-af5c-9aa5fc75cdd9,20260815,ecs-keyed,benign-plain,0,cloudflare
1,1,1,1,94,1.0,1.0,1,0,0,0.0,0.0,0.0,-0.0,-0.0,1.0,0.0,1287.0,0.0,1.0,0.0,0.0,0.0018575191497802734,0.0018575191497802734,0.0,0.001775503158569336,0.0,0,df300d94-32d9-4f74-9ce6-ffb23237139a,20260815,ecs-keyed,benign-plain,0,google
1,1,1,1,134,1.0,1.0,0,0,0,0.0,0.0,0.0,-0.0,-0.0,1.0,0.0,300.0,0.0,1.0,0.0,0.0,2.5060648918151855,2.5060648918151855,0.0,0.0,0.0,0,e355a98d-01ce-4de7-bb09-8fd759a99ebc,20260815,ecs-keyed,benign-plain,0,cloudflare
1,1,1,1,100,1.0,1.0,0,0,0,0.0,0.0,0.0,-0.0,-0.0,1.0,0.0,300.0,0.0,1.0,0.0,0.0,2.503535270690918,2.503535270690918,0.0,0.0,0.0,0,a7de3300-922c-4ede-b247-cb8b256036d4,20260815,ecs-keyed,benign-plain,0,google
1,1,1,1,98,1.0,1.0,1,0,0,0.0,0.0,0.0,-0.0,-0.0,1.0,0.0,2198.0,0.0,1.0,0.0,0.0,0.002702951431274414,0.002702951431274414,0.0,0.0026285648345947266,0.0,0,ae9549f9-99ea-441d-9dd1-c65d9304697c,20260815,ecs-keyed,benign-plain,0,google
1,1,1,1,128,1.0,1.0,1,0,0,0.0,0.0,0.0,-0.0,-0.0,1.0,0.0,300.0,0.0,1.0,0.0,0.0,0.021802902221679688,0.021802902221679688,0.0,0.021356582641601562,0.0,0,85e9f6f2-a8a1-4766-8418-26d3a06efeb5,20260815,ecs-keyed,benign-plain,0,cloudflare
1,1,1,1,102,1.0,1.0,1,0,0,0.0,0.0,0.0,-0.0,-0.0,1.0,0.0,20.0,0.0,1.0,0.0,0.0,0.01902031898498535,0.01902031898498535,0.0,0.018811464309692383,0.0,0,5afc073d-e54b-4ceb-8c3d-511f44080342,20260815,ecs-keyed,benign-plain,0,cloudflare
1,1,1,1,124,1.0,1.0,1,0,0,0.0,0.0,0.0,-0.0,-0.0,1.0,0.0,515.0,0.0,1.0,0.0,0.0,0.003711223602294922,0.003711223602294922,0.0,0.0027093887329101562,0.0,0,763be03c-9772-4d94-a5d2-24a471ced7f4,20260815,ecs-keyed,benign-plain,0,quad9
1,1,1,1,102,1.0,1.0,1,0,0,0.0,0.0,0.0,-0.0,-0.0,1.0,0.0,20.0,0.0,1.0,0.0,0.0,0.013617992401123047,0.013617992401123047,0.0,0.013542890548706055,0.0,0,592641df-060a-4e31-b376-9589db0fbb5f,20260815,ecs-keyed,benign-plain,0,cloudflare
1,1,1,1,184,1.0,1.0,1,0,0,0.0,0.0,0.0,-0.0,-0.0,1.0,0.0,300.0,0.0,1.0,0.0,0.0,0.0048487186431884766,0.0048487186431884766,0.0,0.0034978389739990234,0.0,0,97f3580c-2843-4a13-8e06-2f802c97b745,20260815,ecs-keyed,benign-plain,0,google
3,3,1,3,244,0.3333333333333333,1.0,1,1,1,1.0,0.0,0.0,-0.0,-0.0,0.3333333333333333,0.0,300.0,0.0,0.3333333333333333,0.0,0.6666666666666666,0.0032525062561035156,0.00406942367553711,0.3020853607375149,0.0034456253051757812,0.0,0,a4b230d2-db75-4c0e-aca4-ab99b884a04f,20260815,ecs-keyed,benign-ecs-stable,0,quad9
3,3,1,3,369,0.3333333333333333,1.0,1,1,1,1.0,0.0,0.0,-0.0,-0.0,0.3333333333333333,0.0,300.0,0.0,0.3333333333333333,0.0,0.6666666666666666,0.005825996398925781,0.006282353401184082,0.06689069888981718,0.00619196891784668,0.0,0,6a929ef2-f10a-421b-8599-9b8d8c6cef48,20260815,ecs-keyed,benign-ecs-stable,0,google
3,3,1,3,347,0.3333333333333333,1.0,1,1,1,1.0,0.0,0.0,-0.0,-0.0,0.3333333333333333,0.0,255.0,0.0,0.3333333333333333,0.0,0.6666666666666666,0.0025040308634440103,0.0027745962142944336,0.1122107544597002,0.002537250518798828,0.0,0,bd29460a-b326-402b-854c-dd75a6036518,20260815,ecs-keyed,benign-ecs-stable,0,google
3,3,1,3,256,0.3333333333333333,1.0,1,1,1,1.0,0.0,0.0,-0.0,-0.0,0.3333333333333333,0.0,300.0,0.0,0.3333333333333333,0.0,0.6666666666666666,0.0035849412282307944,0.004023694992065429,0.11282260491541447,0.003377199172973633,0.0,0,820181d0-ccc6-402c-831c-31320f834f70,20260815,ecs-keyed,benign-ecs-stable,0,quad9
1,1,1,1,106,1.0,1.0,1,0,0,0.0,0.0,0.0,-0.0,-0.0,1.0,0.0,30.0,0.0,1.0,0.0,0.0,0.014567852020263672,0.014567852020263672,0.0,0.014403104782104492,0.0,0,a0a07f9c-589a-4613-98c3-644d4129603d,20260815,ecs-keyed,benign-plain,0,quad9
1,1,1,1,146,1.0,1.0,1,0,0,0.0,0.0,0.0,-0.0,-0.0,1.0,0.0,60.0,0.0,1.0,0.0,0.0,0.031378984451293945,0.031378984451293945,0.0,0.03061223030090332,0.0,0,2de3e26a-e245-4702-b8ef-ecd6bff3c269,20260815,ecs-keyed,benign-plain,0,google
3,3,1,3,268,0.3333333333333333,1.0,1,1,1,1.0,0.0,0.0,-0.0,-0.0,0.3333333333333333,0.0,300.0,0.0,0.3333333333333333,0.0,0.6666666666666666,0.002232631047566732,0.0026573419570922853,0.20183043457604471,0.002583026885986328,0.0,0,6ef6b802-f3e1-4a0b-ab97-831f7623490e,20260815,ecs-keyed,benign-ecs-stable,0,quad9
1,1,1,1,92,1.0,1.0,1,0,0,0.0,0.0,0.0,-0.0,-0.0,1.0,0.0,300.0,0.0,1.0,0.0,0.0,0.03006434440612793,0.03006434440612793,0.0,0.029919862747192383,0.0,0,bfe7329c-b962-46fd-8bb7-7a50d2baeee2,20260815,ecs-keyed,benign-plain,0,google
3,3,1,3,260,0.3333333333333333,1.0,1,1,1,1.0,0.0,0.0,-0.0,-0.0,0.3333333333333333,0.0,1296.0,0.0,0.3333333333333333,0.0,0.6666666666666666,0.002380530039469401,0.0027250051498413086,0.12251829732221814,0.002521514892578125,0.0,0,782dd94e-82c0-41a5-98ae-1ae7ae287857,20260815,ecs-keyed,benign-ecs-stable,0,cloudflare
3,3,1,3,331,0.3333333333333333,1.0,1,1,1,1.0,0.0,0.0,-0.0,-0.0,0.3333333333333333,0.0,300.0,0.0,0.3333333333333333,0.0,0.6666666666666666,0.004227797190348308,0.0050060033798217775,0.21378194258731817,0.004973173141479492,0.0,0,f2efe689-008d-42fe-bb4c-b5e15b5abd96,20260815,ecs-keyed,benign-ecs-stable,0,google
3,3,1,3,272,0.3333333333333333,1.0,1,1,1,1.0,0.0,0.0,-0.0,-0.0,0.3333333333333333,0.0,30.0,0.0,0.3333333333333333,0.0,0.6666666666666666,0.003039121627807617,0.003498673439025879,0.1500727981254715,0.0034742355346679688,0.0,0,9e53127a-0079-479f-8267-c93e19b0d2b5,20260815,ecs-keyed,benign-ecs-stable,0,cloudflare
3,3,1,3,508,0.3333333333333333,1.0,1,1,1,1.0,0.0,0.0,-0.0,-0.0,0.3333333333333333,0.0,300.0,0.0,0.3333333333333333,0.0,0.6666666666666666,0.001931905746459961,0.0034554481506347654,0.7158836448224956,0.0035550594329833984,0.0,0,008c6f46-a29c-4d53-bf40-61c1b9febfb4,20260815,ecs-keyed,benign-ecs-stable,0,google
3,3,1,3,244,0.3333333333333333,1.0,1,1,1,1.0,0.0,0.0,-0.0,-0.0,0.3333333333333333,0.0,300.0,0.0,0.3333333333333333,0.0,0.6666666666666666,0.0029373963673909507,0.0033472776412963867,0.12286970679889345,0.003326892852783203,0.0,0,e10adacf-e1ea-425c-a8db-8fa42f94e249,20260815,ecs-keyed,benign-ecs-stable,0,quad9
3,3,1,3,346,0.3333333333333333,1.0,1,1,1,1.0,0.0,0.0,-0.0,-0.0,0.3333333333333333,0.0,27.0,0.0,0.3333333333333333,0.0,0.6666666666666666,0.0013410250345865886,0.0021936655044555663,0.5719779934817196,0.0018188953399658203,0.0,0,5fc0d517-4b7b-4329-886a-695b4850476d,20260815,ecs-keyed,benign-ecs-stable,0,quad9
3,3,1,3,579,0.3333333333333333,1.0,1,1,1,1.0,0.0,0.0,-0.0,-0.0,0.3333333333333333,0.0,300.0,0.0,0.3333333333333333,0.0,0.6666666666666666,0.004725853602091472,0.005294013023376465,0.1191846465383679,0.004811525344848633,0.0,0,35752e98-1a6c-4e03-b44b-ead6f64d9c29,20260815,ecs-keyed,benign-ecs-stable,0,google
3,3,1,3,520,0.3333333333333333,1.0,1,1,1,1.0,0.0,0.0,-0.0,-0.0,0.3333333333333333,0.0,93.0,0.0,0.3333333333333333,0.0,0.6666666666666666,0.0026672681172688804,0.0032157659530639648,0.21980529345210878,0.0028238296508789062,0.0,0,8a249bf2-8ea3-4dff-8568-a424ffe6f67b,20260815,ecs-keyed,benign-ecs-stable,0,opendns
3,3,1,3,232,0.3333333333333333,1.0,1,1,1,1.0,0.0,0.0,-0.0,-0.0,0.3333333333333333,0.0,1429.0,0.0,0.3333333333333333,0.0,0.6666666666666666,0.002136786778767904,0.0031519174575805665,0.46213333986329763,0.002707242965698242,0.0,0,4c34c75e-b987-4d3c-9cb7-98a2ff5cdf3d,20260815,ecs-keyed,benign-ecs-stable,0,cloudflare
1,1,1,1,146,1.0,1.0,1,0,0,0.0,0.0,0.0,-0.0,-0.0,1.0,0.0,60.0,0.0,1.0,0.0,0.0,0.03937244415283203,0.03937244415283203,0.0,0.039200782775878906,0.0,0,f59f97c8-dc46-4ecc-ad9d-14a8bf4ba960,20260815,ecs-keyed,benign-plain,0,google
3,3,1,3,244,0.3333333333333333,1.0,1,1,1,1.0,0.0,0.0,-0.0,-0.0,0.3333333333333333,0.0,73.0,0.0,0.3333333333333333,0.0,0.6666666666666666,0.0022667249043782554,0.003042125701904297,0.3159693105398477,0.0023369789123535156,0.0,0,ccb8c7bf-e593-4da4-a6b2-ffc020371068,20260815,ecs-keyed,benign-ecs-stable,0,quad9
3,3,1,3,412,0.3333333333333333,1.0,1,1,1,1.0,0.0,0.0,-0.0,-0.0,0.3333333333333333,0.0,60.0,0.0,0.3333333333333333,0.0,0.6666666666666666,0.016483545303344727,0.017352890968322755,0.05650914115066969,0.017330408096313477,0.0,0,53d61709-54d7-4fd7-be4f-555ca9276a0b,20260815,ecs-keyed,benign-ecs-stable,0,google
3,3,1,3,260,0.3333333333333333,1.0,1,1,1,1.0,0.0,0.0,-0.0,-0.0,0.3333333333333333,0.0,300.0,0.0,0.3333333333333333,0.0,0.6666666666666666,0.0028662681579589844,0.0037794113159179688,0.3240277020382872,0.0037522315979003906,0.0,0,1ec62e63-4a74-45e6-b5c9-a50c9c0e0738,20260815,ecs-keyed,benign-ecs-stable,0,opendns
3,3,1,3,508,0.3333333333333333,1.0,1,1,1,1.0,0.0,0.0,-0.0,-0.0,0.3333333333333333,0.0,300.0,0.0,0.3333333333333333,0.0,0.6666666666666666,0.004867951075236003,0.007192397117614746,0.3990746922868144,0.0065348148345947266,0.0,0,5bc4d6dd-d391-4400-b594-857410c52057,20260815,ecs-keyed,benign-ecs-stable,0,quad9
3,3,1,3,256,0.3333333333333333,1.0,1,1,1,1.0,0.0,0.0,-0.0,-0.0,0.3333333333333333,0.0,668.0,0.0,0.3333333333333333,0.0,0.6666666666666666,0.00253907839457194,0.003038477897644043,0.17014887088764508,0.0019023418426513672,0.0,0,ac14a4e8-6fbc-48ed-b82f-66a2befa57a8,20260815,ecs-keyed,benign-ecs-stable,0,cloudflare
3,3,1,3,244,0.3333333333333333,1.0,1,1,1,1.0,0.0,0.0,-0.0,-0.0,0.3333333333333333,0.0,300.0,0.0,0.3333333333333333,0.0,0.6666666666666666,0.003233830134073893,0.004366517066955566,0.31826525129514793,0.0035653114318847656,0.0,0,809918b8-2664-4b8f-a777-b9b570f5e264,20260815,ecs-keyed,benign-ecs-stable,0,cloudflare
3,3,1,3,252,0.3333333333333333,1.0,1,1,1,1.0,0.0,0.0,-0.0,-0.0,0.3333333333333333,0.0,17.0,0.0,0.3333333333333333,0.0,0.6666666666666666,0.0012941360473632812,0.0019625425338745117,0.5444262078284682,0.0018987655639648438,0.0,0,cfaf2a61-2aad-44e1-9711-1d9596d69f5d,20260815,ecs-keyed,benign-ecs-stable,0,quad9
3,3,1,3,412,0.3333333333333333,1.0,1,1,1,1.0,0.0,0.0,-0.0,-0.0,0.3333333333333333,0.0,60.0,0.0,0.3333333333333333,0.0,0.6666666666666666,0.0355074405670166,0.03594272136688233,0.010379796622786605,0.03585648536682129,0.0,0,99263e66-3cfd-4173-a1dc-52178a9706f3,20260815,ecs-keyed,benign-ecs-stable,0,opendns
3,3,1,3,440,0.3333333333333333,1.0,1,1,1,1.0,0.0,0.0,-0.0,-0.0,0.3333333333333333,0.0,60.0,0.0,0.3333333333333333,0.0,0.6666666666666666,0.03563531239827474,0.03600695133209229,0.009486282073444754,0.035684823989868164,0.0,0,fb3b0b5f-fdde-4521-9d90-76f746da5889,20260815,ecs-keyed,benign-ecs-stable,0,cloudflare
3,3,1,3,260,0.3333333333333333,1.0,1,1,1,1.0,0.0,0.0,-0.0,-0.0,0.3333333333333333,0.0,168.0,0.0,0.3333333333333333,0.0,0.6666666666666666,0.001367330551147461,0.0016946077346801757,0.25449645008589633,0.0016410350799560547,0.0,0,b1d26db3-4d4d-47bb-8ac5-93f8db92f5b3,20260815,ecs-keyed,benign-ecs-stable,0,cloudflare
3,3,1,3,492,0.3333333333333333,1.0,1,1,1,1.0,0.0,0.0,-0.0,-0.0,0.3333333333333333,0.0,300.0,0.0,0.3333333333333333,0.0,0.6666666666666666,0.0027368863423665366,0.003002357482910156,0.0905214607403752,0.002627134323120117,0.0,0,26271d30-ae5f-4d08-a86e-29d41607fa08,20260815,ecs-keyed,benign-ecs-stable,0,opendns
3,3,1,3,524,0.3333333333333333,1.0,1,1,1,1.0,0.0,0.0,-0.0,-0.0,0.3333333333333333,0.0,300.0,0.0,0.3333333333333333,0.0,0.6666666666666666,0.0024358431498209634,0.0026036739349365235,0.06520500692713886,0.0024099349975585938,0.0,0,58f6e0c1-47ee-4904-92a3-2f362b0d9c46,20260815,ecs-keyed,benign-ecs-stable,0,cloudflare
3,3,1,3,300,0.3333333333333333,1.0,1,1,1,1.0,0.0,0.0,-0.0,-0.0,0.3333333333333333,0.0,120.0,0.0,0.3333333333333333,0.0,0.6666666666666666,0.013085444768269857,0.013686108589172363,0.04332343779411995,0.013677120208740234,0.0,0,39ba9a3b-2634-49b8-9481-31ad11ae2bc3,20260815,ecs-keyed,benign-ecs-stable,0,cloudflare
3,3,1,3,396,0.3333333333333333,1.0,1,1,1,1.0,0.0,0.0,-0.0,-0.0,0.3333333333333333,0.0,60.0,0.0,0.3333333333333333,0.0,0.6666666666666666,0.03625917434692383,0.03739750385284424,0.033136643026694904,0.036281585693359375,0.0,0,b051eab6-5972-4f12-8a86-3755adf3bac2,20260815,ecs-keyed,benign-ecs-stable,0,google
3,3,1,3,412,0.3333333333333333,1.0,1,1,1,1.0,0.0,0.0,-0.0,-0.0,0.3333333333333333,0.0,281.0,0.0,0.3333333333333333,0.0,0.6666666666666666,0.0015740394592285156,0.00242307186126709,0.6673744972160274,0.0023741722106933594,0.0,0,65b569c3-ca24-4ba4-9561-546519e96679,20260815,ecs-keyed,benign-ecs-stable,0,opendns
3,3,1,3,412,0.3333333333333333,1.0,1,1,1,1.0,0.0,0.0,-0.0,-0.0,0.3333333333333333,0.0,60.0,0.0,0.3333333333333333,0.0,0.6666666666666666,0.015253225962320963,0.01584930419921875,0.03623181421524075,0.01488637924194336,0.0,0,ff8609da-bff9-41c0-ba3a-c8943bfc966b,20260815,ecs-keyed,benign-ecs-stable,0,quad9
3,3,1,3,288,0.3333333333333333,1.0,1,1,1,1.0,0.0,0.0,-0.0,-0.0,0.3333333333333333,0.0,300.0,0.0,0.3333333333333333,0.0,0.6666666666666666,0.0031531651814778647,0.004052019119262696,0.3247704941721907,0.0039768218994140625,0.0,0,883305b8-47e9-4324-991c-ba3e378344fb,20260815,ecs-keyed,benign-ecs-stable,0,google
3,3,1,3,380,0.3333333333333333,1.0,1,1,1,1.0,0.0,0.0,-0.0,-0.0,0.3333333333333333,0.0,60.0,0.0,0.3333333333333333,0.0,0.6666666666666666,0.015891313552856445,0.016388773918151855,0.026013986234855603,0.016391992568969727,0.0,0,88882ff9-ce7e-404c-8f26-d8a847b255cf,20260815,ecs-keyed,benign-ecs-stable,0,cloudflare
3,3,1,3,300,0.3333333333333333,1.0,1,1,1,1.0,0.0,0.0,-0.0,-0.0,0.3333333333333333,0.0,120.0,0.0,0.3333333333333333,0.0,0.6666666666666666,0.014753897984822592,0.015355896949768067,0.03391959934286939,0.014068365097045898,0.0,0,e2f80e25-8010-46d6-bf33-c7d56066d4fd,20260815,ecs-keyed,benign-ecs-stable,0,google
3,3,1,3,260,0.3333333333333333,1.0,1,1,1,1.0,0.0,0.0,-0.0,-0.0,0.3333333333333333,0.0,1967.0,0.0,0.3333333333333333,0.0,0.6666666666666666,0.0009330113728841146,0.0014713048934936522,0.47943194799582345,0.0014467239379882812,0.0,0,fd4b3cbc-156a-439d-9fbb-67da34fa8fa9,20260815,ecs-keyed,benign-ecs-stable,0,cloudflare
3,3,1,3,376,0.3333333333333333,1.0,1,1,1,1.0,0.0,0.0,-0.0,-0.0,0.3333333333333333,0.0,60.0,0.0,0.3333333333333333,0.0,0.6666666666666666,0.03051026662190755,0.03169503211975098,0.038308276931901794,0.03169989585876465,0.0,0,046adc78-1e56-4593-81cf-66f73ada0406,20260815,ecs-keyed,benign-ecs-stable,0,quad9
3,3,1,3,599,0.3333333333333333,1.0,1,1,1,1.0,0.0,0.0,-0.0,-0.0,0.3333333333333333,0.0,300.0,0.0,0.3333333333333333,0.0,0.6666666666666666,0.004055102666219075,0.0046585798263549805,0.13986284770417298,0.0038809776306152344,0.0,0,0f008645-181f-47c0-82e1-e19c156df462,20260815,ecs-keyed,benign-ecs-stable,0,google
3,3,1,3,400,0.3333333333333333,1.0,1,1,1,1.0,0.0,0.0,-0.0,-0.0,0.3333333333333333,0.0,60.0,0.0,0.3333333333333333,0.0,0.6666666666666666,0.030562321345011394,0.031230354309082033,0.023209524312857867,0.030201435089111328,0.0,0,1ef824f2-ae0d-4c68-86f4-2b8d4057cc85,20260815,ecs-keyed,benign-ecs-stable,0,google
3,3,1,3,244,0.3333333333333333,1.0,1,1,1,1.0,0.0,0.0,-0.0,-0.0,0.3333333333333333,0.0,1.0,0.0,0.3333333333333333,0.0,0.6666666666666666,0.0024486382802327475,0.0028075218200683595,0.12615514488770238,0.002540111541748047,0.0,0,f04be685-401c-4bfc-9763-38b7154fd1d0,20260815,ecs-keyed,benign-ecs-stable,0,cloudflare
3,3,1,3,524,0.3333333333333333,1.0,1,1,1,1.0,0.0,0.0,-0.0,-0.0,0.3333333333333333,0.0,300.0,0.0,0.3333333333333333,0.0,0.6666666666666666,0.002815405527750651,0.003104710578918457,0.09226401332937176,0.002768993377685547,0.0,0,9b86ad53-dfa8-4969-bd7b-f4f113087d59,20260815,ecs-keyed,benign-ecs-stable,0,google
3,3,1,3,260,0.3333333333333333,1.0,1,1,1,1.0,0.0,0.0,-0.0,-0.0,0.3333333333333333,0.0,3273.0,0.0,0.3333333333333333,0.0,0.6666666666666666,0.0012943744659423828,0.001579880714416504,0.19410778753591326,0.0013585090637207031,0.0,0,0bd7d55a-5fa6-4728-ac73-39cd29366b13,20260815,ecs-keyed,benign-ecs-stable,0,quad9
3,3,1,3,256,0.3333333333333333,1.0,1,1,1,1.0,0.0,0.0,-0.0,-0.0,0.3333333333333333,0.0,300.0,0.0,0.3333333333333333,0.0,0.6666666666666666,0.0024171670277913413,0.0030141115188598634,0.27284309980633026,0.0028035640716552734,0.0,0,430581a7-e976-4361-8183-214f8e4c3c18,20260815,ecs-keyed,benign-ecs-stable,0,cloudflare
3,3,1,3,412,0.3333333333333333,1.0,1,1,1,1.0,0.0,0.0,-0.0,-0.0,0.3333333333333333,0.0,60.0,0.0,0.3333333333333333,0.0,0.6666666666666666,0.030668020248413086,0.03202202320098877,0.05125083952160123,0.03171825408935547,0.0,0,c52e9f22-fee8-4fe3-af95-b17b889b341c,20260815,ecs-keyed,benign-ecs-stable,0,cloudflare
3,3,1,3,424,0.3333333333333333,1.0,1,1,1,1.0,0.0,0.0,-0.0,-0.0,0.3333333333333333,0.0,60.0,0.0,0.3333333333333333,0.0,0.6666666666666666,0.015288035074869791,0.015786123275756837,0.032048252894357705,0.015728235244750977,0.0,0,8c283ff7-f96f-4ae4-b341-d8a071c98245,20260815,ecs-keyed,benign-ecs-stable,0,opendns
3,3,1,3,244,0.3333333333333333,1.0,1,1,1,1.0,0.0,0.0,-0.0,-0.0,0.3333333333333333,0.0,300.0,0.0,0.3333333333333333,0.0,0.6666666666666666,0.0047299861907958984,0.0054713964462280275,0.15908713099262414,0.0050470829010009766,0.0,0,5085affc-27ac-4385-8cc8-00e793b0e933,20260815,ecs-keyed,benign-ecs-stable,0,google
3,3,1,3,244,0.3333333333333333,1.0,1,1,1,1.0,0.0,0.0,-0.0,-0.0,0.3333333333333333,0.0,300.0,0.0,0.3333333333333333,0.0,0.6666666666666666,0.003043492635091146,0.0042266845703125,0.364842391443768,0.0031082630157470703,0.0,0,02f71c31-788e-49cb-ac79-07cd63d1de5b,20260815,ecs-keyed,benign-ecs-stable,0,opendns
3,3,1,3,400,0.3333333333333333,1.0,1,1,1,1.0,0.0,0.0,-0.0,-0.0,0.3333333333333333,0.0,60.0,0.0,0.3333333333333333,0.0,0.6666666666666666,0.014252106348673502,0.014898157119750977,0.03756694997566153,0.014532089233398438,0.0,0,bf718648-2cb5-413c-b692-64237a9c24ee,20260815,ecs-keyed,benign-ecs-stable,0,cloudflare
3,3,1,3,412,0.3333333333333333,1.0,1,1,1,1.0,0.0,0.0,-0.0,-0.0,0.3333333333333333,0.0,60.0,0.0,0.3333333333333333,0.0,0.6666666666666666,0.013793150583902994,0.015036344528198242,0.07541627616745934,0.015134096145629883,0.0,0,2218b9d3-8f01-4f46-b064-3b0d8ba382f5,20260815,ecs-keyed,benign-ecs-stable,0,opendns
3,3,1,3,420,0.3333333333333333,1.0,1,1,1,1.0,0.0,0.0,-0.0,-0.0,0.3333333333333333,0.0,60.0,0.0,0.3333333333333333,0.0,0.6666666666666666,0.014642953872680664,0.014970541000366211,0.021033395237061263,0.01441502571105957,0.0,0,87698983-37f3-45ec-95e2-1f5f6ce92d0f,20260815,ecs-keyed,benign-ecs-stable,0,quad9
3,3,1,3,420,0.3333333333333333,1.0,1,1,1,1.0,0.0,0.0,-0.0,-0.0,0.3333333333333333,0.0,60.0,0.0,0.3333333333333333,0.0,0.6666666666666666,0.030664602915445965,0.03161177635192871,0.026219200739030595,0.03111100196838379,0.0,0,f6dc86fb-2fc6-49f0-b523-3bbac7491ef6,20260815,ecs-keyed,benign-ecs-stable,0,google
3,3,1,3,244,0.3333333333333333,1.0,1,1,1,1.0,0.0,0.0,-0.0,-0.0,0.3333333333333333,0.0,101.0,0.0,0.3333333333333333,0.0,0.6666666666666666,0.0019123554229736328,0.002191781997680664,0.12281371755167436,0.0019767284393310547,0.0,0,39881299-25ce-4bf8-bd36-e848b98d7380,20260815,ecs-keyed,benign-ecs-stable,0,cloudflare
3,3,1,3,300,0.3333333333333333,1.0,1,1,1,1.0,0.0,0.0,-0.0,-0.0,0.3333333333333333,0.0,18.0,0.0,0.3333333333333333,0.0,0.6666666666666666,0.012157360712687174,0.012420558929443359,0.01806860744528595,0.012361764907836914,0.0,0,5e4b9867-c80a-4c25-b03e-75a977699314,20260815,ecs-keyed,benign-ecs-stable,0,cloudflare
3,3,1,3,412,0.3333333333333333,1.0,1,1,1,1.0,0.0,0.0,-0.0,-0.0,0.3333333333333333,0.0,60.0,0.0,0.3333333333333333,0.0,0.6666666666666666,0.030796130498250324,0.0312241792678833,0.011826275487855604,0.03099679946899414,0.0,0,28946875-1b73-4810-8eb0-26db3bc8b6de,20260815,ecs-keyed,benign-ecs-stable,0,quad9
3,3,1,3,300,0.3333333333333333,1.0,1,1,1,1.0,0.0,0.0,-0.0,-0.0,0.3333333333333333,0.0,20.0,0.0,0.3333333333333333,0.0,0.6666666666666666,0.020687103271484375,0.02111861705780029,0.021405576198592003,0.02054595947265625,0.0,0,805f1950-311f-4c65-8323-4597c60899f2,20260815,ecs-keyed,benign-ecs-stable,0,google
3,3,1,3,396,0.3333333333333333,1.0,1,1,1,1.0,0.0,0.0,-0.0,-0.0,0.3333333333333333,0.0,60.0,0.0,0.3333333333333333,0.0,0.6666666666666666,0.017269690831502277,0.017583274841308595,0.018487491933067566,0.017531394958496094,0.0,0,d2bdf62d-4639-401f-aba4-74b500947009,20260815,ecs-keyed,benign-ecs-stable,0,google
3,3,1,3,412,0.3333333333333333,1.0,1,1,1,1.0,0.0,0.0,-0.0,-0.0,0.3333333333333333,0.0,60.0,0.0,0.3333333333333333,0.0,0.6666666666666666,0.03680753707885742,0.03780629634857178,0.022514717920261235,0.03687882423400879,0.0,0,a75cb516-3f34-45c6-8832-9eff2d024c27,20260815,ecs-keyed,benign-ecs-stable,0,cloudflare
3,3,1,3,244,0.3333333333333333,1.0,1,1,1,1.0,0.0,0.0,-0.0,-0.0,0.3333333333333333,0.0,300.0,0.0,0.3333333333333333,0.0,0.6666666666666666,0.0036388238271077475,0.0043413639068603516,0.17235785227953884,0.004113197326660156,0.0,0,11428247-cf31-429a-abb8-411c659603d4,20260815,ecs-keyed,benign-ecs-stable,0,cloudflare
3,3,1,3,228,0.3333333333333333,1.0,1,1,1,1.0,0.0,0.0,-0.0,-0.0,0.3333333333333333,0.0,60.0,0.0,0.3333333333333333,0.0,0.6666666666666666,0.04120993614196777,0.042408871650695804,0.027178154485545215,0.042098045349121094,0.0,0,72f1668c-bc5b-4a61-b8ac-88066b0acaa2,20260815,ecs-keyed,benign-ecs-stable,0,cloudflare
1,1,1,1,134,1.0,1.0,0,0,0,0.0,0.0,0.0,-0.0,-0.0,1.0,0.0,300.0,0.0,1.0,0.0,0.0,2.5051276683807373,2.5051276683807373,0.0,0.0,0.0,0,8213e544-c5e3-44e9-aa0d-4b0fb790ec0c,20260815,ecs-keyed,benign-plain,0,google
3,3,1,3,412,0.3333333333333333,1.0,1,1,1,1.0,0.0,0.0,-0.0,-0.0,0.3333333333333333,0.0,60.0,0.0,0.3333333333333333,0.0,0.6666666666666666,0.014668941497802734,0.015120697021484376,0.03324653806669154,0.014802217483520508,0.0,0,640e063f-981d-4218-a0ff-19919c961a5f,20260815,ecs-keyed,benign-ecs-stable,0,cloudflare
3,3,1,3,516,0.3333333333333333,1.0,1,1,1,1.0,0.0,0.0,-0.0,-0.0,0.3333333333333333,0.0,300.0,0.0,0.3333333333333333,0.0,0.6666666666666666,0.0031356016794840493,0.00359804630279541,0.12978035144362016,0.0031943321228027344,0.0,0,56c67e6f-4170-422f-b1a3-65656b10a866,20260815,ecs-keyed,benign-ecs-stable,0,opendns
3,3,1,3,420,0.3333333333333333,1.0,1,1,1,1.0,0.0,0.0,-0.0,-0.0,0.3333333333333333,0.0,60.0,0.0,0.3333333333333333,0.0,0.6666666666666666,0.01625792185465495,0.016601371765136718,0.018669026636557343,0.016285419464111328,0.0,0,c0167b5a-7f23-44cb-954a-c012eee29be5,20260815,ecs-keyed,benign-ecs-stable,0,opendns
3,3,1,3,392,0.3333333333333333,1.0,1,1,1,1.0,0.0,0.0,-0.0,-0.0,0.3333333333333333,0.0,60.0,0.0,0.3333333333333333,0.0,0.6666666666666666,0.03186178207397461,0.03227775096893311,0.014649198766086042,0.03094315528869629,0.0,0,745aa335-0c9f-426b-b535-45448de33c01,20260815,ecs-keyed,benign-ecs-stable,0,opendns
3,3,1,3,256,0.3333333333333333,1.0,1,1,1,1.0,0.0,0.0,-0.0,-0.0,0.3333333333333333,0.0,60.0,0.0,0.3333333333333333,0.0,0.6666666666666666,0.018053452173868816,0.01874861717224121,0.03423224435831242,0.017655611038208008,0.0,0,df08f455-cc61-46a6-a73a-4cc6d4f0d0d7,20260815,ecs-keyed,benign-ecs-stable,0,quad9
3,3,1,3,408,0.3333333333333333,1.0,1,1,1,1.0,0.0,0.0,-0.0,-0.0,0.3333333333333333,0.0,60.0,0.0,0.3333333333333333,0.0,0.6666666666666666,0.015015522638956705,0.015704798698425292,0.04191833586285225,0.014939308166503906,0.0,0,749a0d38-d9ee-4600-8ec7-8716090f1bfd,20260815,ecs-keyed,benign-ecs-stable,0,opendns
3,3,1,3,440,0.3333333333333333,1.0,1,1,1,1.0,0.0,0.0,-0.0,-0.0,0.3333333333333333,0.0,60.0,0.0,0.3333333333333333,0.0,0.6666666666666666,0.017653862635294598,0.018446898460388182,0.05146131412710601,0.01751708984375,0.0,0,0b3e130b-41b6-41d3-bfa6-8efdfad47dbb,20260815,ecs-keyed,benign-ecs-stable,0,cloudflare
3,3,1,3,260,0.3333333333333333,1.0,1,1,1,1.0,0.0,0.0,-0.0,-0.0,0.3333333333333333,0.0,60.0,0.0,0.3333333333333333,0.0,0.6666666666666666,0.022037585576375324,0.022163128852844237,0.005120159670594587,0.02194976806640625,0.0,0,b7ba3135-500d-4c22-91b6-9cbf06c20cca,20260815,ecs-keyed,benign-ecs-stable,0,cloudflare
3,3,1,3,284,0.3333333333333333,1.0,1,1,1,1.0,0.0,0.0,-0.0,-0.0,0.3333333333333333,0.0,300.0,0.0,0.3333333333333333,0.0,0.6666666666666666,0.0035715103149414062,0.003799843788146973,0.058021421764442735,0.0035164356231689453,0.0,0,960e66b0-896b-44da-a9a4-e2cb51db76ce,20260815,ecs-keyed,benign-ecs-stable,0,cloudflare
3,3,1,3,376,0.3333333333333333,1.0,1,1,1,1.0,0.0,0.0,-0.0,-0.0,0.3333333333333333,0.0,60.0,0.0,0.3333333333333333,0.0,0.6666666666666666,0.035292625427246094,0.03602170944213867,0.023746235034697673,0.035758256912231445,0.0,0,5901f2d0-eea5-4133-9dd3-2ed605dbcd61,20260815,ecs-keyed,benign-ecs-stable,0,cloudflare
1,1,1,1,194,1.0,1.0,0,0,0,0.0,0.0,0.0,-0.0,-0.0,1.0,0.0,31.0,0.0,1.0,0.0,0.0,2.5053675174713135,2.5053675174713135,0.0,0.0,0.0,0,d872adb7-5ef4-4ccd-9e1c-c20ec28d2969,20260815,ecs-keyed,benign-plain,0,cloudflare
3,3,1,3,400,0.3333333333333333,1.0,1,1,1,1.0,0.0,0.0,-0.0,-0.0,0.3333333333333333,0.0,60.0,0.0,0.3333333333333333,0.0,0.6666666666666666,0.03561274210611979,0.03596975803375244,0.00848688337454689,0.035704851150512695,0.0,0,02ed0fa5-b780-43ec-a86b-ef1b60f63e3b,20260815,ecs-keyed,benign-ecs-stable,0,cloudflare
3,3,1,3,440,0.3333333333333333,1.0,1,1,1,1.0,0.0,0.0,-0.0,-0.0,0.3333333333333333,0.0,60.0,0.0,0.3333333333333333,0.0,0.6666666666666666,0.002273718516031901,0.0026663541793823242,0.14450336119344856,0.002339601516723633,0.0,0,ac85e3d9-2166-4a92-8191-1b96dfb78784,20260815,ecs-keyed,benign-ecs-stable,0,cloudflare
3,3,1,3,508,0.3333333333333333,1.0,1,1,1,1.0,0.0,0.0,-0.0,-0.0,0.3333333333333333,0.0,300.0,0.0,0.3333333333333333,0.0,0.6666666666666666,0.0037239392598470054,0.003939604759216309,0.04880412717804776,0.0036084651947021484,0.0,0,5220f702-c93b-42d4-b0ba-b344e7ef1363,20260815,ecs-keyed,benign-ecs-stable,0,opendns
3,3,1,3,579,0.3333333333333333,1.0,1,1,1,1.0,0.0,0.0,-0.0,-0.0,0.3333333333333333,0.0,300.0,0.0,0.3333333333333333,0.0,0.6666666666666666,0.0023266474405924478,0.0025871753692626952,0.09563206285483812,0.002335786819458008,0.0,0,a9f13b9c-923c-4141-b33b-7bac2a664927,20260815,ecs-keyed,benign-ecs-stable,0,google
3,3,1,3,284,0.3333333333333333,1.0,1,1,1,1.0,0.0,0.0,-0.0,-0.0,0.3333333333333333,0.0,300.0,0.0,0.3333333333333333,0.0,0.6666666666666666,0.004050811131795247,0.004222464561462402,0.03725960423937039,0.0039675235748291016,0.0,0,74642f5e-6b02-47cc-9cab-f0568d30cea5,20260815,ecs-keyed,benign-ecs-stable,0,google
3,3,1,3,384,0.3333333333333333,1.0,1,1,1,1.0,0.0,0.0,-0.0,-0.0,0.3333333333333333,0.0,300.0,0.0,0.3333333333333333,0.0,0.6666666666666666,0.007324377695719401,0.007571578025817871,0.02885822713723459,0.007371664047241211,0.0,0,e7e0883f-9b9b-4a58-bff4-b3f3de3cbec2,20260815,ecs-keyed,benign-ecs-stable,0,google
3,3,1,3,276,0.3333333333333333,1.0,1,1,1,1.0,0.0,0.0,-0.0,-0.0,0.3333333333333333,0.0,300.0,0.0,0.3333333333333333,0.0,0.6666666666666666,0.004183212916056315,0.004477238655090332,0.05927280482697781,0.004217624664306641,0.0,0,2c1e6213-f706-4aa5-be45-e47888b90b29,20260815,ecs-keyed,benign-ecs-stable,0,opendns
3,3,1,3,228,0.3333333333333333,1.0,1,1,1,1.0,0.0,0.0,-0.0,-0.0,0.3333333333333333,0.0,24.0,0.0,0.3333333333333333,0.0,0.6666666666666666,0.0017101764678955078,0.0019408226013183593,0.11522677081573464,0.0015943050384521484,0.0,0,bacfadf3-d89e-439d-82ab-de36f341ef78,20260815,ecs-keyed,benign-ecs-stable,0,google
3,3,1,3,408,0.3333333333333333,1.0,1,1,1,1.0,0.0,0.0,-0.0,-0.0,0.3333333333333333,0.0,60.0,0.0,0.3333333333333333,0.0,0.6666666666666666,0.04541238149007162,0.045668959617614746,0.004729638829178239,0.04539227485656738,0.0,0,4e160e72-cd1d-4828-833c-ad60b554890e,20260815,ecs-keyed,benign-ecs-stable,0,opendns
3,3,1,3,256,0.3333333333333333,1.0,1,1,1,1.0,0.0,0.0,-0.0,-0.0,0.3333333333333333,0.0,300.0,0.0,0.3333333333333333,0.0,0.6666666666666666,0.0030173460642496743,0.0035392284393310548,0.1432586125236442,0.0032727718353271484,0.0,0,a1626e56-0064-4d07-af2a-b8565271e522,20260815,ecs-keyed,benign-ecs-stable,0,cloudflare
3,3,1,3,472,0.3333333333333333,1.0,1,1,1,1.0,0.0,0.0,-0.0,-0.0,0.3333333333333333,0.0,300.0,0.0,0.3333333333333333,0.0,0.6666666666666666,0.0030272801717122397,0.003302335739135742,0.07574940248133392,0.0030710697174072266,0.0,0,05a16935-a65a-4607-8d25-b776790f53fd,20260815,ecs-keyed,benign-ecs-stable,0,cloudflare
3,3,1,3,244,0.3333333333333333,1.0,1,1,1,1.0,0.0,0.0,-0.0,-0.0,0.3333333333333333,0.0,260.0,0.0,0.3333333333333333,0.0,0.6666666666666666,0.0019576549530029297,0.002229452133178711,0.12016570826109102,0.0018541812896728516,0.0,0,0be4e9aa-4746-4fc1-b5cc-1257f8b37672,20260815,ecs-keyed,benign-ecs-stable,0,google
3,3,1,3,524,0.3333333333333333,1.0,0,1,1,1.0,0.0,0.0,-0.0,-0.0,0.3333333333333333,0.0,231.0,0.0,0.3333333333333333,0.0,0.6666666666666666,2.505498250325521,2.5056961297988893,7.858996870069856e-05,0.0,0.0,0,5fa43c5f-1f83-4222-b8e0-7afe4bf05ff3,20260815,ecs-keyed,benign-ecs-stable,0,google
3,3,1,3,244,0.3333333333333333,1.0,0,1,1,1.0,0.0,0.0,-0.0,-0.0,0.3333333333333333,0.0,300.0,0.0,0.3333333333333333,0.0,0.6666666666666666,2.5084312756856284,2.508890914916992,0.00019220910753999155,0.0,0.0,0,049c1416-13d2-497b-91f0-a21c0b031f10,20260815,ecs-keyed,benign-ecs-stable,0,opendns
3,3,1,3,361,0.3333333333333333,1.0,0,1,1,1.0,0.0,0.0,-0.0,-0.0,0.3333333333333333,0.0,300.0,0.0,0.3333333333333333,0.0,0.6666666666666666,2.505287488301595,2.505431866645813,5.0379991684764024e-05,0.0,0.0,0,a09f99b4-b4e2-4766-a448-0aaa6f6dd63f,20260815,ecs-keyed,benign-ecs-stable,0,opendns
3,3,1,3,508,0.3333333333333333,1.0,0,1,1,1.0,0.0,0.0,-0.0,-0.0,0.3333333333333333,0.0,300.0,0.0,0.3333333333333333,0.0,0.6666666666666666,2.5067474047342935,2.506915807723999,5.843573890297612e-05,0.0,0.0,0,0a88a916-f9fa-4f77-a9df-af63967c874c,20260815,ecs-keyed,benign-ecs-stable,0,opendns
3,3,1,3,300,0.3333333333333333,1.0,0,1,1,1.0,0.0,0.0,-0.0,-0.0,0.3333333333333333,0.0,20.0,0.0,0.3333333333333333,0.0,0.6666666666666666,2.515599807103475,2.5157780170440676,6.0054479018407484e-05,0.0,0.0,0,f1d8f941-fd41-4d21-9858-d0efa3510faf,20260815,ecs-keyed,benign-ecs-stable,0,quad9
4,4,4,4,824,1.0,1.0,4,4,4,1.0,0.0,0.0,1.0,1.0,1.0,0.75,300.0,0.0,0.25,0.0,0.0,0.0030707120895385742,0.0033603668212890624,0.06758561922359654,0.0028495192527770996,0.0,0,53efcaef-0d06-41cc-a5af-59dd761cd4b4,20260815,ecs-keyed,benign-ecs-geo,0,google
3,3,1,3,228,0.3333333333333333,1.0,0,1,1,1.0,0.0,0.0,-0.0,-0.0,0.3333333333333333,0.0,60.0,0.0,0.3333333333333333,0.0,0.6666666666666666,2.5165107250213623,2.5168726205825807,0.00012092996596165078,0.0,0.0,0,b9d7b3f9-452e-49f9-aa06-eb229b5baa54,20260815,ecs-keyed,benign-ecs-stable,0,quad9
3,3,1,3,416,0.3333333333333333,1.0,0,1,1,1.0,0.0,0.0,-0.0,-0.0,0.3333333333333333,0.0,60.0,0.0,0.3333333333333333,0.0,0.6666666666666666,2.5192410945892334,2.5195915937423705,0.00011809823242299608,0.0,0.0,0,ada98368-11f6-4ef4-aade-48b3b6660ef2,20260815,ecs-keyed,benign-ecs-stable,0,cloudflare
4,4,4,4,644,1.0,1.0,3,4,4,1.0,0.0,0.0,1.0,1.0,1.0,0.75,225.75,0.45744209518216405,0.25,0.0,0.0,0.004995226860046387,0.01041241884231567,0.7787566645480898,0.004654347896575928,0.0,0,a26cf0ce-0341-41c4-8c90-032f16bd995e,20260815,ecs-keyed,benign-ecs-geo,0,quad9
1,1,1,1,214,1.0,1.0,0,0,0,0.0,0.0,0.0,-0.0,-0.0,1.0,0.0,158.0,0.0,1.0,0.0,0.0,5.007578134536743,5.007578134536743,0.0,0.0,0.0,0,5180acd3-d917-46d7-9421-1862add1bea6,20260815,ecs-keyed,benign-plain,0,cloudflare
3,3,1,3,300,0.3333333333333333,1.0,0,1,1,1.0,0.0,0.0,-0.0,-0.0,0.3333333333333333,0.0,20.0,0.0,0.3333333333333333,0.0,0.6666666666666666,2.5181008179982505,2.518356132507324,8.97566247162242e-05,0.0,0.0,0,4412a65b-6be8-4e37-9069-0a05309eb3f4,20260815,ecs-keyed,benign-ecs-stable,0,cloudflare
4,4,4,4,699,1.0,1.0,3,4,4,1.0,0.0,0.0,1.0,1.0,1.0,0.75,74.4,1.2010925962112047,0.25,0.0,0.0,0.004260599613189697,0.006385552883148193,0.39135492692480933,0.0041561126708984375,0.0,0,db667301-322a-4c27-b070-b4f0ee1b794d,20260815,ecs-keyed,benign-ecs-geo,0,google
4,4,4,4,448,1.0,1.0,3,4,4,1.0,0.0,0.0,1.0,1.0,0.5,0.25,49.0,0.014430750636460155,0.25,0.0,0.0,0.005515038967132568,0.013528573513031002,1.0416349096124002,0.005004227161407471,0.0,0,47e99c22-df09-4c51-84ff-1fe8195349ce,20260815,ecs-keyed,benign-ecs-geo,0,quad9
4,4,4,4,770,1.0,1.0,4,4,4,1.0,0.0,0.0,1.0,1.0,1.0,0.75,216.9,0.5852344248514373,0.25,0.0,0.0,0.0051277875900268555,0.006067097187042236,0.14479862616244887,0.004446625709533691,0.0,0,d9401607-41c8-483c-a663-6b32a9bbf796,20260815,ecs-keyed,benign-ecs-geo,0,google
3,3,1,3,264,0.3333333333333333,1.0,0,1,1,1.0,0.0,0.0,-0.0,-0.0,0.3333333333333333,0.0,264.0,0.0,0.3333333333333333,0.0,0.6666666666666666,2.508963425954183,2.509135890007019,6.26564816389072e-05,0.0,0.0,0,40532336-d5b9-4644-8409-775989934f51,20260815,ecs-keyed,benign-ecs-stable,0,google
4,4,4,4,528,1.0,1.0,4,4,4,1.0,0.0,0.0,1.0,1.0,0.75,0.5,248.75,0.35685468899660283,0.25,0.0,0.0,0.0131760835647583,0.019149887561798095,0.479008925612952,0.01264876127243042,0.0,0,1b76a9e3-52b2-4f0f-972d-35d567d1a2a1,20260815,ecs-keyed,benign-ecs-geo,0,google
4,4,4,4,792,1.0,1.0,2,4,4,1.0,0.0,0.0,1.0,1.0,1.0,0.75,300.0,0.0,0.25,0.0,0.0,0.006026864051818848,0.008639609813690184,0.37091264962895193,0.004188716411590576,0.0,0,eab87531-eedc-4cdb-a930-b26fb2f0d7b7,20260815,ecs-keyed,benign-ecs-geo,0,cloudflare
1,1,1,1,100,1.0,1.0,0,0,0,0.0,0.0,0.0,-0.0,-0.0,1.0,0.0,273.0,0.0,1.0,0.0,0.0,5.011916399002075,5.011916399002075,0.0,0.0,0.0,0,8874c0bb-930d-4279-a0b7-803fadd4b114,20260815,ecs-keyed,benign-plain,0,cloudflare
3,3,1,3,232,0.3333333333333333,1.0,0,1,1,1.0,0.0,0.0,-0.0,-0.0,0.3333333333333333,0.0,342.0,0.0,0.3333333333333333,0.0,0.6666666666666666,2.510913530985514,2.511129903793335,8.448684401769316e-05,0.0,0.0,0,b383f98b-e674-44b0-a649-41501cc2631e,20260815,ecs-keyed,benign-ecs-stable,0,cloudflare
4,4,4,4,672,1.0,1.0,4,4,4,1.0,0.0,0.0,1.0,1.0,1.0,0.75,54.25,0.16299298786937688,0.25,0.0,0.0,0.014255106449127197,0.03297616243362426,0.9566407962377478,0.014041721820831299,0.0,0,862b3db8-edda-4c60-b607-0230a1e1af44,20260815,ecs-keyed,benign-ecs-geo,0,quad9
4,4,4,4,600,1.0,1.0,3,4,4,1.0,0.0,0.0,1.0,1.0,1.0,0.75,273.46153846153845,0.12275508216687381,0.25,0.0,0.0,0.0047141313552856445,0.006111788749694824,0.2656142660744721,0.0031982064247131348,0.0,0,2eed1359-40a1-4c76-be4e-71eba00b5af8,20260815,ecs-keyed,benign-ecs-geo,0,google
4,4,4,4,776,1.0,1.0,3,4,4,1.0,0.0,0.0,1.0,1.0,0.75,0.5,297.5263157894737,0.03527403366258737,0.25,0.0,0.0,0.005039572715759277,0.006663227081298828,0.36336415329364974,0.003746926784515381,0.0,0,25d0bab1-4961-43bb-88e2-68a4ad6272da,20260815,ecs-keyed,benign-ecs-geo,0,cloudflare
3,3,1,3,396,0.3333333333333333,1.0,0,1,1,1.0,0.0,0.0,-0.0,-0.0,0.3333333333333333,0.0,60.0,0.0,0.3333333333333333,0.0,0.6666666666666666,2.5395913124084473,2.539738726615906,5.501509767031325e-05,0.0,0.0,0,f43bbc2c-6cb9-4f8e-9a6f-a6ecd95715ea,20260815,ecs-keyed,benign-ecs-stable,0,cloudflare
4,4,4,4,456,1.0,1.0,3,4,4,1.0,0.0,0.0,1.0,1.0,1.0,0.75,300.0,0.0,0.25,0.0,0.0,0.006279945373535156,0.007949590682983398,0.19300542997551207,0.005397319793701172,0.0,0,d1fd7d77-55f7-4be8-b614-31f65b944c8e,20260815,ecs-keyed,benign-ecs-geo,0,opendns
4,4,4,4,464,1.0,1.0,4,4,4,1.0,0.0,0.0,1.0,1.0,1.0,0.75,60.0,0.0,0.25,0.0,0.0,0.019598782062530518,0.021705245971679686,0.11337102265902847,0.01760917901992798,0.0,0,a537d096-6980-4428-a0fc-8ad7cba7fc91,20260815,ecs-keyed,benign-ecs-geo,0,google
4,4,4,4,472,1.0,1.0,4,4,4,1.0,0.0,0.0,1.0,1.0,0.5,0.5,17.0,0.1100487466698218,0.25,0.0,0.0,0.00905311107635498,0.019774186611175533,0.8488760489318193,0.008297145366668701,0.0,0,b6afe0c0-eb77-4c16-9f0a-a1aab5568841,20260815,ecs-keyed,benign-ecs-geo,0,google
4,4,4,4,480,1.0,1.0,4,4,4,1.0,0.0,0.0,1.0,1.0,0.75,0.5,60.0,0.0,0.25,0.0,0.0,0.021170854568481445,0.0289674162864685,0.2692586771865385,0.02037513256072998,0.0,0,46c9e8ba-79fc-451a-971c-ffad0c50b182,20260815,ecs-keyed,benign-ecs-geo,0,cloudflare
4,4,4,4,908,1.0,1.0,3,4,4,1.0,0.0,0.0,1.0,1.0,1.0,0.75,208.0,0.5397584827258912,0.25,0.0,0.0,0.006544649600982666,0.013256943225860593,0.7290207938685296,0.005278646945953369,0.0,0,e789dff6-8d8f-4856-a06c-287cff7dc9a4,20260815,ecs-keyed,benign-ecs-geo,0,cloudflare
4,4,4,4,672,1.0,1.0,4,4,4,1.0,0.0,0.0,1.0,1.0,1.0,0.75,60.0,0.0,0.25,0.0,0.0,0.023870408535003662,0.030906641483306886,0.3896748474487551,0.021991074085235596,0.0,0,8ba5b6ac-efc7-474e-98f3-f59e6367069a,20260815,ecs-keyed,benign-ecs-geo,0,opendns
4,4,4,4,632,1.0,1.0,4,4,4,1.0,0.0,0.0,1.0,1.0,1.0,0.75,60.0,0.0,0.25,0.0,0.0,0.031799256801605225,0.05030953884124755,0.426722600573578,0.030048489570617676,0.0,0,d98142ee-a7ed-4b8b-9149-a21deb2f0d41,20260815,ecs-keyed,benign-ecs-geo,0,cloudflare
4,4,4,4,656,1.0,1.0,4,4,4,1.0,0.0,0.0,1.0,1.0,1.0,0.75,60.0,0.0,0.25,0.0,0.0,0.0238073468208313,0.0402002453804016,0.4967236933796277,0.02300548553466797,0.0,0,fa0ed4a7-9c13-427c-af40-9335ef9d07ae,20260815,ecs-keyed,benign-ecs-geo,0,google
4,4,4,4,752,1.0,1.0,4,4,4,1.0,0.0,0.0,1.0,1.0,1.0,0.75,60.0,0.0,0.25,0.0,0.0,0.034984588623046875,0.045587897300720215,0.3249137858646821,0.033757030963897705,0.0,0,4b04bd10-bcd7-4087-8792-8beaf8509dfb,20260815,ecs-keyed,benign-ecs-geo,0,opendns
4,4,4,4,696,1.0,1.0,4,4,4,1.0,0.0,0.0,1.0,1.0,1.0,0.75,60.0,0.0,0.25,0.0,0.0,0.022796332836151123,0.03525415658950805,0.38853592257181097,0.020683467388153076,0.0,0,32440b46-c602-46c2-b50b-57dd596ba918,20260815,ecs-keyed,benign-ecs-geo,0,cloudflare
4,4,4,4,752,1.0,1.0,4,4,4,1.0,0.0,0.0,1.0,1.0,1.0,0.75,50.25,0.3360695596775434,0.25,0.0,0.0,0.02797842025756836,0.042035126686096186,0.5197917083218627,0.027535080909729004,0.0,0,5705eff6-407b-4768-aa1e-010576df69b8,20260815,ecs-keyed,benign-ecs-geo,0,google
4,4,4,4,432,1.0,1.0,1,4,4,1.0,0.0,0.0,1.0,1.0,0.5,0.5,318.5,0.09224840309107668,0.25,0.0,0.0,1.8790600895881653,2.505222487449646,0.5768207347972404,0.001508951187133789,0.0,0,0732cce4-cc1c-42f5-8106-69518ac5c5e0,20260815,ecs-keyed,benign-ecs-geo,0,quad9
4,4,4,4,864,1.0,1.0,4,4,4,1.0,0.0,0.0,1.0,1.0,1.0,0.75,199.0,0.5075501267195707,0.25,0.0,0.0,0.005194127559661865,0.010852682590484617,0.7756729176395959,0.004950404167175293,0.0,0,bbd41ce0-00c4-4b59-bd28-b9530246d104,20260815,ecs-keyed,benign-ecs-geo,0,opendns
4,4,4,4,696,1.0,1.0,4,4,4,1.0,0.0,0.0,1.0,1.0,1.0,0.75,48.75,0.39970403251589476,0.25,0.0,0.0,0.016823530197143555,0.02945679426193237,0.6258107195118704,0.01653599739074707,0.0,0,8b79d853-f22b-4530-942c-18d7b4003329,20260815,ecs-keyed,benign-ecs-geo,0,google
4,4,4,4,456,1.0,1.0,2,4,4,1.0,0.0,0.0,1.0,1.0,0.75,0.5,300.0,0.0,0.25,0.0,0.0,1.2556421160697937,2.507109534740448,0.9964186725634726,0.0035456418991088867,0.0,0,2f557da6-54a9-4b18-ab49-898a992b53f5,20260815,ecs-keyed,benign-ecs-geo,0,google
4,4,4,4,832,1.0,1.0,0,4,4,1.0,0.0,0.0,1.0,1.0,1.0,0.75,256.75,0.17193355674411773,0.25,0.0,0.0,2.5073883533477783,2.509714424610138,0.0009253062146888676,0.0,0.0,0,9b516730-d575-4c1d-9114-b13b94ef3c8c,20260815,ecs-keyed,benign-ecs-geo,0,quad9
4,4,4,4,488,1.0,1.0,1,4,4,1.0,0.0,0.0,1.0,1.0,1.0,0.75,241.0,0.4240290358778579,0.25,0.0,0.0,1.8810541033744812,2.507497417926788,0.5760644089610474,0.002922534942626953,0.0,0,7b409039-3f0a-4854-a878-a0db69f7b730,20260815,ecs-keyed,benign-ecs-geo,0,cloudflare
4,4,4,4,744,1.0,1.0,4,4,4,1.0,0.0,0.0,1.0,1.0,1.0,0.75,212.6315789473684,0.5384313719680349,0.25,0.0,0.0,0.0028061270713806152,0.003508317470550537,0.26865631477692237,0.002053201198577881,0.0,0,39217da2-5afa-4198-8f08-7adfec94cee8,20260815,ecs-keyed,benign-ecs-geo,0,cloudflare
4,4,4,4,828,1.0,1.0,4,4,4,1.0,0.0,0.0,1.0,1.0,1.0,0.75,300.0,0.0,0.25,0.0,0.0,0.0035684704780578613,0.004264616966247558,0.17572880327619586,0.003341376781463623,0.0,0,74410fb9-3794-4f0f-92ad-ace173dbf597,20260815,ecs-keyed,benign-ecs-geo,0,google
4,4,4,4,552,1.0,1.0,4,4,4,1.0,0.0,0.0,1.0,1.0,1.0,0.75,300.0,0.0,0.25,0.0,0.0,0.0035644173622131348,0.004629623889923095,0.21441169821600087,0.0032486319541931152,0.0,0,40beff2f-b2fb-4781-a72c-c3da4e7768eb,20260815,ecs-keyed,benign-ecs-geo,0,opendns
4,4,4,4,760,1.0,1.0,1,4,4,1.0,0.0,0.0,1.0,1.0,1.0,0.75,165.78947368421052,0.6182886678527778,0.25,0.0,0.0,1.8794787526130676,2.5062148809432983,0.5764818733529579,0.002324819564819336,0.0,0,11817b23-c1b3-4c83-ada1-c7e979a89f33,20260815,ecs-keyed,benign-ecs-geo,0,quad9
4,4,4,4,744,1.0,1.0,4,4,4,1.0,0.0,0.0,1.0,1.0,1.0,0.75,286.5263157894737,0.1995069830827584,0.25,0.0,0.0,0.0030984878540039062,0.00363779067993164,0.13637900814396256,0.002824068069458008,0.0,0,25a5d210-1aa2-4cb1-8aa1-2cdd5c51f9d3,20260815,ecs-keyed,benign-ecs-geo,0,quad9
4,4,4,4,648,1.0,1.0,3,4,4,1.0,0.0,0.0,1.0,1.0,1.0,0.75,60.0,0.0,0.25,0.0,0.0,0.6552621722221375,2.1598968148231497,1.655861594388485,0.028441429138183594,0.0,0,ffcc0749-ebb5-4f29-a552-6faf7028424a,20260815,ecs-keyed,benign-ecs-geo,0,quad9
4,4,4,4,776,1.0,1.0,0,4,4,1.0,0.0,0.0,1.0,1.0,1.0,0.75,300.0,0.0,0.25,0.0,0.0,2.508988857269287,2.513964831829071,0.0014370750121544874,0.0,0.0,0,c6b86cba-2238-465c-831d-6bd07bc1ed2e,20260815,ecs-keyed,benign-ecs-geo,0,quad9
4,4,4,4,424,1.0,1.0,2,4,4,1.0,0.0,0.0,1.0,1.0,0.5,0.25,192.25,0.5276107550189887,0.25,0.0,0.0,0.004107534885406494,0.006474459171295165,0.4400547706023834,0.0027012228965759277,0.0,0,b0c00a89-aba0-47df-8b56-1fe71b83afbc,20260815,ecs-keyed,benign-ecs-geo,0,google
4,4,4,4,644,1.0,1.0,0,4,4,1.0,0.0,0.0,1.0,1.0,1.0,0.75,231.25,0.5149340238718284,0.25,0.0,0.0,2.5089134573936462,2.5119740843772886,0.0010929409966977622,0.0,0.0,0,8c689289-e068-4cbb-b054-86dd1dfc4a97,20260815,ecs-keyed,benign-ecs-geo,0,opendns
4,4,4,4,840,1.0,1.0,0,4,4,1.0,0.0,0.0,1.0,1.0,1.0,0.75,280.75,0.1187603848466639,0.25,0.0,0.0,2.5066826343536377,2.5097099423408507,0.001157896374168031,0.0,0.0,0,15f83a78-871d-4c6d-97be-861d15a4ab97,20260815,ecs-keyed,benign-ecs-geo,0,cloudflare
4,4,4,4,544,1.0,1.0,0,4,4,1.0,0.0,0.0,1.0,1.0,1.0,0.75,300.0,0.0,0.25,0.0,0.0,2.510154962539673,2.5145568251609802,0.0014487966489976972,0.0,0.0,0,953400b9-b65d-432d-ae36-58af3fe2ee26,20260815,ecs-keyed,benign-ecs-geo,0,quad9
4,4,4,4,704,1.0,1.0,4,4,4,1.0,0.0,0.0,1.0,1.0,1.0,0.75,60.0,0.0,0.25,0.0,0.0,0.027423322200775146,0.0393854022026062,0.41509116060451784,0.02710568904876709,0.0,0,18b0a8ac-3cb1-4f29-9388-55697135f660,20260815,ecs-keyed,benign-ecs-geo,0,opendns
4,4,4,4,696,1.0,1.0,0,4,4,1.0,0.0,0.0,1.0,1.0,1.0,0.75,60.0,0.0,0.25,0.0,0.0,2.5315146446228027,2.541788172721863,0.004044719521601295,0.0,0.0,0,3e34a018-9cd4-40ae-ac56-d07c411fa243,20260815,ecs-keyed,benign-ecs-geo,0,quad9
4,4,4,4,888,1.0,1.0,2,4,4,1.0,0.0,0.0,1.0,1.0,0.25,0.0,180.83333333333334,0.5377901902901584,0.25,0.0,0.0,0.0055359601974487305,0.007968401908874512,0.37648848898742854,0.004534363746643066,0.0,0,6cd3959a-b7ab-4b32-8cb0-4b717b2866cf,20260815,ecs-keyed,benign-ecs-geo,0,opendns
4,4,4,4,624,1.0,1.0,0,4,4,1.0,0.0,0.0,1.0,1.0,0.5,0.5,17.75,0.299109303966131,0.25,0.0,0.0,2.5112468004226685,2.516374659538269,0.001769907297252003,0.0,0.0,0,710f0406-9eeb-4574-8a44-968934c0fba2,20260815,ecs-keyed,benign-ecs-geo,0,opendns
4,4,4,4,664,1.0,1.0,0,4,4,1.0,0.0,0.0,1.0,1.0,1.0,0.75,60.0,0.0,0.25,0.0,0.0,2.5378053188323975,2.548626160621643,0.004166435304019997,0.0,0.0,0,f97a7222-7ab2-4685-b068-a6f54fd8c44f,20260815,ecs-keyed,benign-ecs-geo,0,cloudflare
4,4,4,4,472,1.0,1.0,4,4,4,1.0,0.0,0.0,1.0,1.0,0.5,0.25,11.5,0.5816994852286805,0.25,0.0,0.0,0.00860595703125,0.017701268196105954,0.7897030335180519,0.008508145809173584,0.0,0,38d811a3-a73e-4eb3-9edc-22c4754b9c7b,20260815,ecs-keyed,benign-ecs-geo,0,cloudflare
4,4,4,4,720,1.0,1.0,0,4,4,1.0,0.0,0.0,1.0,1.0,1.0,0.75,49.5,0.36740471675703457,0.25,0.0,0.0,2.5267393589019775,2.542771852016449,0.006044507032035612,0.0,0.0,0,26f01c50-ab35-4043-ba19-91a930f256ca,20260815,ecs-keyed,benign-ecs-geo,0,quad9
4,4,4,4,680,1.0,1.0,4,4,4,1.0,0.0,0.0,1.0,1.0,1.0,0.75,48.75,0.39970403251589476,0.25,0.0,0.0,0.024319946765899658,0.043912827968597405,0.6968188172574938,0.024044275283813477,0.0,0,4f0ae583-a26e-4c01-8925-9b34bd7e092f,20260815,ecs-keyed,benign-ecs-geo,0,cloudflare
4,4,4,4,480,1.0,1.0,2,4,4,1.0,0.0,0.0,1.0,1.0,1.0,0.75,300.0,0.0,0.25,0.0,0.0,0.007880032062530518,0.00869067907333374,0.08956598993841577,0.006267964839935303,0.0,0,da3b031b-f00c-4ef8-b80c-34db8b3d4701,20260815,ecs-keyed,benign-ecs-geo,0,google
4,4,4,4,536,1.0,1.0,4,4,4,1.0,0.0,0.0,1.0,1.0,0.25,0.0,14.0,0.42857142857142855,0.25,0.0,0.0,0.01577204465866089,0.01925666332244873,0.2519093449266098,0.012756109237670898,0.0,0,30426f6a-d493-44f7-ae38-ccb5f3d30ead,20260815,ecs-keyed,benign-ecs-geo,0,cloudflare
4,4,4,4,480,1.0,1.0,3,4,4,1.0,0.0,0.0,1.0,1.0,1.0,0.75,48.75,0.39970403251589476,0.25,0.0,0.0,0.01674562692642212,0.02230314016342163,0.35386780646786287,0.01579827070236206,0.0,0,681570ee-59f7-408f-ade2-cbf6e27b1a73,20260815,ecs-keyed,benign-ecs-geo,0,opendns
4,4,4,4,704,1.0,1.0,4,4,4,1.0,0.0,0.0,1.0,1.0,1.0,0.75,60.0,0.0,0.25,0.0,0.0,0.03735828399658203,0.038556110858917234,0.0234113402935306,0.03545784950256348,0.0,0,42d11c4d-2387-4596-8eb4-55e8e4315884,20260815,ecs-keyed,benign-ecs-geo,0,opendns
4,4,4,4,696,1.0,1.0,2,4,4,1.0,0.0,0.0,1.0,1.0,1.0,0.75,60.0,0.0,0.25,0.0,0.0,1.2717761397361755,2.519372844696045,0.9807284404456202,0.02419435977935791,0.0,0,6f971cac-e47e-49d8-a6bf-5492cf0c9642,20260815,ecs-keyed,benign-ecs-geo,0,google
4,4,4,4,696,1.0,1.0,3,4,4,1.0,0.0,0.0,1.0,1.0,1.0,0.75,59.25,0.02192469376669465,0.25,0.0,0.0,0.018405675888061523,0.03432756662368774,0.6668340734187274,0.017670035362243652,0.0,0,9f20a12d-eabe-4eb0-a522-563dc73e3be5,20260815,ecs-keyed,benign-ecs-geo,0,google
4,4,4,4,456,1.0,1.0,4,4,4,1.0,0.0,0.0,1.0,1.0,1.0,0.75,241.0,0.3687814047951027,0.25,0.0,0.0,0.002588033676147461,0.0029167056083679197,0.11731068049393817,0.0023005008697509766,0.0,0,0eb3012f-465e-41fd-bb57-32de8f1836b3,20260815,ecs-keyed,benign-ecs-geo,0,opendns
4,4,4,4,908,1.0,1.0,3,4,4,1.0,0.0,0.0,1.0,1.0,1.0,0.75,300.0,0.0,0.25,0.0,0.0,0.6374642848968506,2.136336410045623,1.6963940244072253,0.01011053721110026,0.0,0,e6186a32-fe82-4090-8b1b-ae45feef911f,20260815,ecs-keyed,benign-ecs-geo,0,quad9
4,4,4,4,664,1.0,1.0,1,4,4,1.0,0.0,0.0,1.0,1.0,1.0,0.75,275.5,0.08892921960072596,0.25,0.0,0.0,1.8846402764320374,2.511063003540039,0.5740744376491698,0.005387067794799805,0.0,0,3ed6f6f8-87ad-4503-a9a2-cb513e4ca1b0,20260815,ecs-keyed,benign-ecs-geo,0,google
4,4,4,4,736,1.0,1.0,1,4,4,1.0,0.0,0.0,1.0,1.0,1.0,0.75,199.75,0.480410045079412,0.25,0.0,0.0,1.8840438723564148,2.5124889731407167,0.5762660212095471,0.003366231918334961,0.0,0,f4a6cb68-7b26-418a-89e2-5880da0e18dd,20260815,ecs-keyed,benign-ecs-geo,0,google
4,4,4,4,736,1.0,1.0,1,4,4,1.0,0.0,0.0,1.0,1.0,1.0,0.75,198.3684210526316,0.6723854046804761,0.25,0.0,0.0,1.8823316097259521,2.508922553062439,0.5757504301665111,0.005160331726074219,0.0,0,d3df046c-5f01-4946-bd0b-3866a3fba09c,20260815,ecs-keyed,benign-ecs-geo,0,quad9
4,4,4,4,776,1.0,1.0,0,4,4,1.0,0.0,0.0,1.0,1.0,1.0,0.75,300.0,0.0,0.25,0.0,0.0,2.5109575986862183,2.5132659316062926,0.0007436739121575634,0.0,0.0,0,61bba217-cf52-465d-b041-4fb01f41abae,20260815,ecs-keyed,benign-ecs-geo,0,cloudflare
4,4,4,4,456,1.0,1.0,0,4,4,1.0,0.0,0.0,1.0,1.0,1.0,0.75,300.0,0.0,0.25,0.0,0.0,2.512550413608551,2.514163064956665,0.0009652763300894327,0.0,0.0,0,4b109c7f-c9d4-4148-b6a1-1eb9d604e52c,20260815,ecs-keyed,benign-ecs-geo,0,opendns
4,4,4,4,456,1.0,1.0,3,4,4,1.0,0.0,0.0,1.0,1.0,1.0,0.75,300.0,0.0,0.25,0.0,0.0,0.007763028144836426,0.01060560941696167,0.3887284370192489,0.005956709384918213,0.0,0,4fcd79b5-7006-4f30-ab76-b73751b78469,20260815,ecs-keyed,benign-ecs-geo,0,opendns
4,4,4,4,856,1.0,1.0,3,4,4,1.0,0.0,0.0,1.0,1.0,0.75,0.5,285.75,0.07660665531397286,0.25,0.0,0.0,0.004646658897399902,0.007208979129791259,0.4859445871781635,0.0035901665687561035,0.0,0,a88a8c88-78ad-4889-b7c8-4fcf3083109f,20260815,ecs-keyed,benign-ecs-geo,0,quad9
4,4,4,4,544,1.0,1.0,0,4,4,1.0,0.0,0.0,1.0,1.0,0.5,0.5,12.0,0.6123724356957946,0.25,0.0,0.0,2.5121882557868958,2.5183279156684875,0.0017423268736582729,0.0,0.0,0,aef83f9c-051b-4e50-b1d6-cd43f5a79ffb,20260815,ecs-keyed,benign-ecs-geo,0,opendns
4,4,4,4,480,1.0,1.0,3,4,4,1.0,0.0,0.0,1.0,1.0,1.0,0.75,293.5,0.03835887648789677,0.25,0.0,0.0,0.006154358386993408,0.007883477210998534,0.2355786100070458,0.005077838897705078,0.0,0,722f257c-3e16-4a3b-8567-f85709cf28a9,20260815,ecs-keyed,benign-ecs-geo,0,quad9
4,4,4,4,424,1.0,1.0,0,4,4,1.0,0.0,0.0,1.0,1.0,0.5,0.25,187.5,0.5291905768876338,0.25,0.0,0.0,2.516579568386078,2.5194437503814697,0.000847404144349964,0.0,0.0,0,d31b250a-0680-4b67-9561-d6efbb83aafd,20260815,ecs-keyed,benign-ecs-geo,0,quad9
4,4,4,4,624,1.0,1.0,0,4,4,1.0,0.0,0.0,1.0,1.0,1.0,0.75,46.0,0.44365938330344673,0.25,0.0,0.0,2.521705687046051,2.541218888759613,0.005676026135136149,0.0,0.0,0,6e209ee3-daf3-479b-9ea3-0e3a4e09593f,20260815,ecs-keyed,benign-ecs-geo,0,opendns
4,4,4,4,872,1.0,1.0,4,4,4,1.0,0.0,0.0,1.0,1.0,1.0,0.75,229.0,0.4268209927767226,0.25,0.0,0.0,0.008855104446411133,0.015156197547912597,0.5822596902632604,0.008008241653442383,0.0,0,bd6630a7-d9a0-4a14-b6d7-62d6bbe2a242,20260815,ecs-keyed,benign-ecs-geo,0,cloudflare
4,4,4,4,816,1.0,1.0,1,4,4,1.0,0.0,0.0,1.0,1.0,1.0,0.75,300.0,0.0,0.25,0.0,0.0,1.8852033019065857,2.5157195806503294,0.5763473828485597,0.003203153610229492,0.0,0,d4e50839-5b4b-4952-98b6-02ac980b887b,20260815,ecs-keyed,benign-ecs-geo,0,opendns
4,4,4,4,432,1.0,1.0,0,4,4,1.0,0.0,0.0,1.0,1.0,1.0,0.75,53.0,0.22876142741475738,0.25,0.0,0.0,2.523303210735321,2.5322245478630068,0.0033199846767649603,0.0,0.0,0,64b5baee-9ba3-49d4-876f-46d6164a6aaa,20260815,ecs-keyed,benign-ecs-geo,0,opendns
4,4,4,4,576,1.0,1.0,2,4,4,1.0,0.0,0.0,1.0,1.0,0.25,0.0,17.25,0.025102185616940248,0.25,0.0,0.0,0.006541728973388672,0.011894893646240232,0.6086895725284852,0.004401147365570068,0.0,0,41ac7f17-9c3f-468d-81ff-8f82578b0ec3,20260815,ecs-keyed,benign-ecs-geo,0,opendns
4,4,4,4,696,1.0,1.0,0,4,4,1.0,0.0,0.0,1.0,1.0,1.0,0.75,60.0,0.0,0.25,0.0,0.0,2.5363471508026123,2.5455819606781005,0.0031317341155942596,0.0,0.0,0,5df96463-cdc9-48a2-a357-1f88be10f1c5,20260815,ecs-keyed,benign-ecs-geo,0,quad9
4,4,4,4,704,1.0,1.0,4,4,4,1.0,0.0,0.0,1.0,1.0,1.0,0.75,60.0,0.0,0.25,0.0,0.0,0.025347888469696045,0.03607591390609741,0.3106551564296025,0.023774683475494385,0.0,0,f8ff325e-d466-4e19-9cd2-296f2658436f,20260815,ecs-keyed,benign-ecs-geo,0,google
4,4,4,4,884,1.0,1.0,2,4,4,1.0,0.0,0.0,1.0,1.0,1.0,0.75,269.8695652173913,0.16879612037724795,0.25,0.0,0.0,0.005007028579711914,0.007548248767852783,0.41641022212488604,0.004279613494873047,0.0,0,92836027-23fa-4ac7-95e5-70a017460a07,20260815,ecs-keyed,benign-ecs-geo,0,opendns
4,4,4,4,664,1.0,1.0,0,4,4,1.0,0.0,0.0,1.0,1.0,1.0,0.75,60.0,0.0,0.25,0.0,0.0,2.537945330142975,2.5486120700836183,0.0031610137654449018,0.0,0.0,0,2a7402a9-cbe2-46d6-9081-2cf64a907936,20260815,ecs-keyed,benign-ecs-geo,0,cloudflare
4,4,4,4,648,1.0,1.0,4,4,4,1.0,0.0,0.0,1.0,1.0,1.0,0.75,60.0,0.0,0.25,0.0,0.0,0.020727932453155518,0.021763265132904053,0.03609227077804512,0.020187318325042725,0.0,0,cb07a13c-cb3a-44c2-886a-f27470079133,20260815,ecs-keyed,benign-ecs-geo,0,opendns
4,4,4,4,696,1.0,1.0,3,4,4,1.0,0.0,0.0,1.0,1.0,1.0,0.75,58.0,0.05972588991616818,0.25,0.0,0.0,0.023918867111206055,0.04065889120101928,0.5752470363941845,0.023067772388458252,0.0,0,b4670c53-773f-4238-aefc-779635af9157,20260815,ecs-keyed,benign-ecs-geo,0,opendns
4,4,4,4,696,1.0,1.0,3,4,4,1.0,0.0,0.0,1.0,1.0,1.0,0.75,58.25,0.05203586117159717,0.25,0.0,0.0,0.01916801929473877,0.0298761248588562,0.44113671034467344,0.018175482749938965,0.0,0,81fb2538-fa75-4679-94d3-766ba01c2ba5,20260815,ecs-keyed,benign-ecs-geo,0,quad9
4,4,4,4,648,1.0,1.0,3,4,4,1.0,0.0,0.0,1.0,1.0,1.0,0.75,60.0,0.0,0.25,0.0,0.0,0.025715947151184082,0.04188382625579833,0.5506852274926094,0.02525728940963745,0.0,0,4b6f96ca-2ee4-4abd-9d34-fdcd7da8c317,20260815,ecs-keyed,benign-ecs-geo,0,google
4,4,4,4,688,1.0,1.0,3,4,4,1.0,0.0,0.0,1.0,1.0,1.0,0.75,53.5,0.2104360794242561,0.25,0.0,0.0,0.019110143184661865,0.034981226921081535,0.632012848326631,0.01878213882446289,0.0,0,9c228865-b72c-41d0-93f0-7334f2942e8c,20260815,ecs-keyed,benign-ecs-geo,0,cloudflare
4,4,4,4,672,1.0,1.0,3,4,4,1.0,0.0,0.0,1.0,1.0,1.0,0.75,36.25,0.6552450050529565,0.25,0.0,0.0,0.634140133857727,2.131311571598052,1.7030679865698877,0.01041881243387858,0.0,0,b1724dd9-503b-41d1-84fb-9a5f727d54ab,20260815,ecs-keyed,benign-ecs-geo,0,opendns
4,4,4,4,630,1.0,1.0,4,0,0,0.0,0.0,0.0,1.0,1.0,1.0,0.75,338.4736842105263,0.3552232021272187,0.25,0.0,0.0,0.003011465072631836,0.003668332099914551,0.20455829485543162,0.0027680397033691406,0.0,0,69d0f914-a2b0-4ffc-a6e2-180ee96ca12d,20260815,ecs-keyed,benign-burst,0,cloudflare
4,4,4,4,434,1.0,1.0,4,0,0,0.0,0.0,0.0,1.0,1.0,1.0,0.75,286.0,0.057179172912104635,0.25,0.0,0.0,0.008248567581176758,0.014589309692382812,0.7670548144410975,0.00796806812286377,0.0,0,e80daf53-130d-421d-9e42-cf58367e36fd,20260815,ecs-keyed,benign-burst,0,opendns
4,4,4,4,648,1.0,1.0,3,4,4,1.0,0.0,0.0,1.0,1.0,0.75,0.5,247.5,0.36740471675703457,0.25,0.0,0.0,0.631007969379425,2.1343112945556633,1.719139599604472,0.004012902577718099,0.0,0,e31c16f9-32a2-4e7c-94f5-10ac26f77f9a,20260815,ecs-keyed,benign-ecs-geo,0,opendns
4,4,4,4,848,1.0,1.0,1,4,4,1.0,0.0,0.0,1.0,1.0,1.0,0.75,176.75,0.7124375659102815,0.25,0.0,0.0,1.8820599913597107,2.5091269612312317,0.575875925223335,0.003145456314086914,0.0,0,f8ef29b2-8ab8-4c26-82d6-f2809dc05a69,20260815,ecs-keyed,benign-ecs-geo,0,google
4,4,4,4,488,1.0,1.0,1,4,4,1.0,0.0,0.0,1.0,1.0,1.0,0.75,242.0,0.41511961503716893,0.25,0.0,0.0,1.258399248123169,2.515355813503265,0.9974430156907824,0.0031009912490844727,0.0,0,e8716e87-2c50-45f3-ad9c-45b4bbabac58,20260815,ecs-keyed,benign-ecs-geo,0,opendns
4,4,4,4,664,1.0,1.0,2,4,4,1.0,0.0,0.0,1.0,1.0,1.0,0.75,46.75,0.4909021005409117,0.25,0.0,0.0,0.6465029716491699,2.1519198536872857,1.677730275455687,0.01967485745747884,0.0,0,18838461-24b5-447d-b9e7-ce42dcd7df5e,20260815,ecs-keyed,benign-ecs-geo,0,opendns
4,4,4,4,744,1.0,1.0,0,4,4,1.0,0.0,0.0,1.0,1.0,1.0,0.75,195.73684210526315,0.6974288366079606,0.25,0.0,0.0,2.511565089225769,2.51373975276947,0.0006639622335444004,0.0,0.0,0,c01ccaba-5abb-4252-af61-bdb6432c2351,20260815,ecs-keyed,benign-ecs-geo,0,quad9
4,4,4,4,712,1.0,1.0,0,4,4,1.0,0.0,0.0,1.0,1.0,1.0,0.75,296.8421052631579,0.015659150472212495,0.25,0.0,0.0,2.5046051144599915,2.5052237153053283,0.0002760593838857799,0.0,0.0,0,fcb9fd15-8857-43ac-b0f8-9a048cf17189,20260815,ecs-keyed,benign-ecs-geo,0,cloudflare
4,4,4,4,744,1.0,1.0,0,4,4,1.0,0.0,0.0,1.0,1.0,1.0,0.75,300.0,0.0,0.25,0.0,0.0,2.5089072585105896,2.5108011960983276,0.0005558615967911298,0.0,0.0,0,3f4d6b7d-3f4a-468b-b512-e5d50145bfc8,20260815,ecs-keyed,benign-ecs-geo,0,cloudflare
4,4,4,4,458,1.0,1.0,2,0,0,0.0,0.0,0.0,1.0,1.0,1.0,0.75,168.44444444444446,0.7563878064636953,0.25,0.0,0.0,0.0076850056648254395,0.015237796306610105,0.7196693767339412,0.006893277168273926,0.0,0,07d86732-12c6-44f8-a0ef-90cd9d85703a,20260815,ecs-keyed,benign-burst,0,cloudflare
4,4,4,4,376,1.0,1.0,3,0,0,0.0,0.0,0.0,1.0,1.0,1.0,0.75,618.5,0.9602114353851309,0.25,0.0,0.0,0.003522932529449463,0.0042028784751892085,0.17973942345546012,0.002766847610473633,0.0,0,f60ded1e-169a-4efa-8aae-1408e26c5ee8,20260815,ecs-keyed,benign-burst,0,google
4,4,4,4,456,1.0,1.0,4,0,0,0.0,0.0,0.0,1.0,1.0,1.0,0.75,2820.75,1.0113147293364841,0.25,0.0,0.0,0.0070618391036987305,0.014331591129302974,0.7383692719959815,0.006661474704742432,0.0,0,232fd2b0-47fb-4cec-aeb7-ec35ca8e3117,20260815,ecs-keyed,benign-burst,0,quad9
4,4,4,4,490,1.0,1.0,2,0,0,0.0,0.0,0.0,1.0,1.0,1.0,0.75,1374.1,2.4125292800245166,0.25,0.0,0.0,0.002966165542602539,0.003832912445068359,0.2085929593689679,0.00251847505569458,0.0,0,b524d7df-4bf1-4e88-92bd-a42521cd5e55,20260815,ecs-keyed,benign-burst,0,cloudflare
4,4,4,4,498,1.0,1.0,4,0,0,0.0,0.0,0.0,1.0,1.0,1.0,0.75,272.7,1.2100455021945973,0.25,0.0,0.0,0.010354936122894287,0.020088851451873772,0.6757726231777667,0.010096371173858643,0.0,0,0525095a-dd2b-4541-b8a0-fa6959bb56f0,20260815,ecs-keyed,benign-burst,0,quad9
4,4,4,4,514,1.0,1.0,4,0,0,0.0,0.0,0.0,1.0,1.0,1.0,0.75,848.8333333333334,1.1044523158043815,0.25,0.0,0.0,0.006308078765869141,0.012180459499359128,0.6630733442931587,0.0051680803298950195,0.0,0,0b721a21-5300-461d-a5ae-0a2fa56535d7,20260815,ecs-keyed,benign-burst,0,cloudflare
4,4,4,4,632,1.0,1.0,1,4,4,1.0,0.0,0.0,1.0,1.0,1.0,0.75,54.0,0.19245008972987526,0.25,0.0,0.0,1.8970820903778076,2.5373594403266906,0.5721146849590028,0.015146255493164062,0.0,0,0b269d43-4d6d-456b-a5d5-283fd38c3593,20260815,ecs-keyed,benign-ecs-geo,0,quad9
4,4,4,4,414,1.0,1.0,1,0,0,0.0,0.0,0.0,1.0,1.0,1.0,0.75,2147.1666666666665,2.1665072355188446,0.25,0.0,0.0,1.8859900832176208,2.5134645223617555,0.5733111584089003,0.013048887252807617,0.0,0,b321d8bf-0dfb-445d-af3a-e673b7afbee5,20260815,ecs-keyed,benign-burst,0,opendns
4,4,4,4,752,1.0,1.0,0,4,4,1.0,0.0,0.0,1.0,1.0,1.0,0.75,51.0,0.224422022397247,0.25,0.0,0.0,2.519154191017151,2.537986946105957,0.0055620775558614406,0.0,0.0,0,286655d1-a954-4ef4-9190-e8bd6f96a179,20260815,ecs-keyed,benign-ecs-geo,0,quad9
4,4,4,4,680,1.0,1.0,0,4,4,1.0,0.0,0.0,1.0,1.0,1.0,0.75,60.0,0.0,0.25,0.0,0.0,2.533705413341522,2.5451262474060057,0.004001067045433109,0.0,0.0,0,7b35bb5c-c41a-460e-b854-d5a03f282274,20260815,ecs-keyed,benign-ecs-geo,0,cloudflare
4,4,4,4,420,1.0,1.0,4,0,0,0.0,0.0,0.0,1.0,1.0,1.0,0.75,171.66666666666666,0.7506556031098138,0.25,0.0,0.0,0.0123213529586792,0.01742359399795532,0.3518425051792572,0.011263787746429443,0.0,0,125ee640-0f70-4614-8fc1-d7d53ef71abe,20260815,ecs-keyed,benign-burst,0,google
4,4,4,4,544,1.0,1.0,3,0,0,0.0,0.0,0.0,1.0,1.0,1.0,0.75,252.5,0.292817213849743,0.25,0.0,0.0,0.009571492671966553,0.020539104938507073,0.8202092999773559,0.009041428565979004,0.0,0,34732898-f382-458f-9afc-5ecb41eccdda,20260815,ecs-keyed,benign-burst,0,quad9
4,4,4,4,448,1.0,1.0,0,0,0,0.0,0.0,0.0,1.0,1.0,1.0,0.75,219.44444444444446,0.37052775709660646,0.25,0.0,0.0,2.5134968757629395,2.5212905168533326,0.002222739388259605,0.0,0.0,0,fa96f763-a689-4ea5-b90e-84e9156e311a,20260815,ecs-keyed,benign-burst,0,quad9
4,4,4,4,544,1.0,1.0,4,0,0,0.0,0.0,0.0,1.0,1.0,1.0,0.75,91.6923076923077,0.8477339653432417,0.25,0.0,0.0,0.007211863994598389,0.016003417968749996,0.876067803946717,0.006338596343994141,0.0,0,6592d416-f179-49b9-94f4-59b60be0f976,20260815,ecs-keyed,benign-burst,0,quad9
4,4,4,4,496,1.0,1.0,3,0,0,0.0,0.0,0.0,1.0,1.0,1.0,0.75,1181.3636363636363,1.1520594323833007,0.25,0.0,0.0,0.017552971839904785,0.03424047231674194,0.7677119597535828,0.017132878303527832,0.0,0,b8dec8aa-c287-45e5-b10d-81389fbfc06f,20260815,ecs-keyed,benign-burst,0,google
4,4,4,4,455,1.0,1.0,4,0,0,0.0,0.0,0.0,1.0,1.0,1.0,0.75,3166.4285714285716,2.2943742885280716,0.25,0.0,0.0,0.018987655639648438,0.03796111345291137,0.7514222039204215,0.017724990844726562,0.0,0,9eee5893-6a77-4636-900c-dae021e8280a,20260815,ecs-keyed,benign-burst,0,google
4,4,4,4,474,1.0,1.0,4,0,0,0.0,0.0,0.0,1.0,1.0,1.0,0.75,316.5,1.091806397223183,0.25,0.0,0.0,0.0127943754196167,0.03268326520919799,1.116940146186025,0.011179983615875244,0.0,0,0958ab8e-34bf-4678-926a-f0d68a8cf2fc,20260815,ecs-keyed,benign-burst,0,google
4,4,4,4,672,1.0,1.0,0,4,4,1.0,0.0,0.0,1.0,1.0,1.0,0.75,35.25,0.7039163404663472,0.25,0.0,0.0,2.5330365896224976,2.578898882865906,0.012868380302894354,0.0,0.0,0,ab00b420-232f-49b2-ad74-d9cd5b32268d,20260815,ecs-keyed,benign-ecs-geo,0,opendns
4,4,4,4,496,1.0,1.0,3,0,0,0.0,0.0,0.0,1.0,1.0,1.0,0.75,241.8181818181818,0.6162469496988785,0.25,0.0,0.0,0.025858640670776367,0.07772451639175412,1.4420586980057006,0.024561166763305664,0.0,0,adde850f-e141-424d-8a76-245f971a3bb6,20260815,ecs-keyed,benign-burst,0,google
4,4,4,4,491,1.0,1.0,2,0,0,0.0,0.0,0.0,1.0,1.0,1.0,0.75,125.1,1.2686052794474512,0.25,0.0,0.0,0.0406222939491272,0.12975879907608026,1.5823715093711626,0.03981274366378784,0.0,0,b35f6674-d3a8-4dc3-be18-59081a00e02e,20260815,ecs-keyed,benign-burst,0,google
4,4,4,4,470,1.0,1.0,4,0,0,0.0,0.0,0.0,1.0,1.0,1.0,0.75,172.55555555555554,0.5861190114263578,0.25,0.0,0.0,0.005599856376647949,0.01214337348937988,0.8348610885221477,0.0053743720054626465,0.0,0,07cef42d-5580-42f6-8086-ce9b2cdef7f1,20260815,ecs-keyed,benign-burst,0,quad9
4,4,4,4,467,1.0,1.0,3,0,0,0.0,0.0,0.0,1.0,1.0,1.0,0.75,2465.25,2.5501617590866568,0.25,0.0,0.0,0.6307010054588318,2.139023578166961,1.7258457664155966,0.0020437240600585938,0.0,0,056701c2-5f45-4c6e-b2a2-af669dba194b,20260815,ecs-keyed,benign-burst,0,quad9
4,4,4,4,498,1.0,1.0,2,0,0,0.0,0.0,0.0,1.0,1.0,1.0,0.75,247.9,0.3762619809645389,0.25,0.0,0.0,1.2548288106918335,2.5075305938720702,0.997826522277084,0.0023239850997924805,0.0,0,31817d1c-43aa-4b13-8fac-fb454f93e95e,20260815,ecs-keyed,benign-burst,0,quad9
4,4,4,4,633,1.0,1.0,1,0,0,0.0,0.0,0.0,1.0,1.0,1.0,0.75,113.88235294117646,0.7407993672008557,0.25,0.0,0.0,1.8786697387695312,2.504571831226349,0.5767558416686228,0.0018589496612548828,0.0,0,03572b9e-042a-4b5b-9c0a-adaf6384cd2c,20260815,ecs-keyed,benign-burst,0,google
4,4,4,4,580,1.0,1.0,3,0,0,0.0,0.0,0.0,1.0,1.0,1.0,0.75,300.0,0.0,0.25,0.0,0.0,0.6452115178108215,2.1476750731468193,1.6768568182763544,0.02045408884684245,0.0,0,dffbc1ca-0a24-42d1-bbd2-d53a4e50bcce,20260815,ecs-keyed,benign-burst,0,google
4,4,4,4,398,1.0,1.0,0,0,0,0.0,0.0,0.0,1.0,1.0,1.0,0.75,494.4,0.7755906246346636,0.25,0.0,0.0,2.511967957019806,2.5205395102500914,0.0027089951948805445,0.0,0.0,0,2198bfea-2d29-43c0-a717-4fa83086c194,20260815,ecs-keyed,benign-burst,0,quad9
4,4,4,4,462,1.0,1.0,4,0,0,0.0,0.0,0.0,1.0,1.0,1.0,0.75,1839.888888888889,0.6558306215885339,0.25,0.0,0.0,0.0018659234046936035,0.0022798061370849607,0.17648510598066747,0.001470804214477539,0.0,0,66a00abd-0753-4fdc-803d-202b28607c02,20260815,ecs-keyed,benign-burst,0,quad9
4,4,4,4,532,1.0,1.0,0,0,0,0.0,0.0,0.0,1.0,1.0,1.0,0.75,40.69230769230769,0.6134499485155773,0.25,0.0,0.0,2.5141566395759583,2.5182953596115114,0.0022110559154287484,0.0,0.0,0,d8c2ac0f-fa40-47a3-bc87-468f878750bd,20260815,ecs-keyed,benign-burst,0,google
4,4,4,4,460,1.0,1.0,0,0,0,0.0,0.0,0.0,1.0,1.0,1.0,0.75,4337.375,1.385907955808996,0.25,0.0,0.0,2.513309359550476,2.527645993232727,0.004297408332409087,0.0,0.0,0,5862dcdf-adf1-4d42-a7d1-e6c054fc4a25,20260815,ecs-keyed,benign-burst,0,cloudflare
4,4,4,4,402,1.0,1.0,4,0,0,0.0,0.0,0.0,1.0,1.0,1.0,0.75,608.8333333333334,1.4819815750964498,0.25,0.0,0.0,0.004869282245635986,0.012884378433227534,1.18715368717257,0.004718959331512451,0.0,0,9a4e4c0f-eef8-49ad-9596-4f4dfca236f9,20260815,ecs-keyed,benign-burst,0,google
4,4,4,4,404,1.0,1.0,0,0,0,0.0,0.0,0.0,1.0,1.0,1.0,0.75,180.8,0.7298068644254577,0.25,0.0,0.0,2.518075942993164,2.527916634082794,0.0036403354770593956,0.0,0.0,0,f391230a-2786-4ca8-8117-cefefe69d7a4,20260815,ecs-keyed,benign-burst,0,quad9
4,4,4,4,624,1.0,1.0,0,0,0,0.0,0.0,0.0,1.0,1.0,1.0,0.75,193.28571428571428,1.1308815059162718,0.25,0.0,0.0,2.5082005858421326,2.514518904685974,0.0018016589225664998,0.0,0.0,0,59b4441f-1fb7-48fa-8bbd-45dd8ae1a240,20260815,ecs-keyed,benign-burst,0,opendns
4,4,4,4,432,1.0,1.0,4,0,0,0.0,0.0,0.0,1.0,1.0,1.0,0.75,11940.857142857143,0.8021300690614214,0.25,0.0,0.0,0.005074560642242432,0.012593984603881832,1.0626689997299907,0.00480121374130249,0.0,0,b020cc09-c3f2-4342-be8b-d0a6d652a861,20260815,ecs-keyed,benign-burst,0,google
4,4,4,4,525,1.0,1.0,4,0,0,0.0,0.0,0.0,1.0,1.0,1.0,0.75,15755.09090909091,0.5090426431912202,0.25,0.0,0.0,0.012754082679748535,0.019255948066711423,0.5174611609535591,0.012467384338378906,0.0,0,4497474c-0e53-4135-9505-adceef913bd6,20260815,ecs-keyed,benign-burst,0,opendns
4,4,4,4,424,1.0,1.0,4,0,0,0.0,0.0,0.0,1.0,1.0,1.0,0.75,2507.6666666666665,1.2042631433740911,0.25,0.0,0.0,0.011893212795257568,0.03477804660797118,1.383564654438895,0.011654913425445557,0.0,0,3c160ac6-417e-488c-b275-d60bce52595c,20260815,ecs-keyed,benign-burst,0,google
4,4,4,4,438,1.0,1.0,1,0,0,0.0,0.0,0.0,1.0,1.0,1.0,0.75,795.8571428571429,1.2760922762319002,0.25,0.0,0.0,1.8871766328811646,2.519889545440674,0.572522283908358,0.015668630599975586,0.0,0,0252c2bc-ad8f-47bd-ac7a-6d94ee6825c0,20260815,ecs-keyed,benign-burst,0,google
4,4,4,4,392,1.0,1.0,3,0,0,0.0,0.0,0.0,1.0,1.0,1.0,0.75,204.0,0.4567827919604042,0.25,0.0,0.0,0.00992131233215332,0.01589149236679077,0.5958694920818652,0.009022533893585205,0.0,0,2a71fe2a-9469-49a3-99fe-888e5ae4c023,20260815,ecs-keyed,benign-burst,0,google
4,4,4,4,632,1.0,1.0,4,0,0,0.0,0.0,0.0,1.0,1.0,1.0,0.75,243.2941176470588,0.42018271633792137,0.25,0.0,0.0,0.006879985332489014,0.017375016212463373,1.0939693697941182,0.006610095500946045,0.0,0,9c7296c4-68e8-4346-928f-7edc637141e1,20260815,ecs-keyed,benign-burst,0,cloudflare
4,4,4,4,444,1.0,1.0,4,0,0,0.0,0.0,0.0,1.0,1.0,1.0,0.75,123.375,0.5729059992587435,0.25,0.0,0.0,0.005784332752227783,0.013529956340789791,0.9582698617755823,0.005307197570800781,0.0,0,d2c46761-1669-446d-be85-f21f90b37662,20260815,ecs-keyed,benign-burst,0,google
4,4,4,4,448,1.0,1.0,4,0,0,0.0,0.0,0.0,1.0,1.0,1.0,0.75,70.28571428571429,1.3408257908127903,0.25,0.0,0.0,0.007761657238006592,0.014126527309417724,0.7974211081977213,0.00733339786529541,0.0,0,21ddc681-ce32-4033-9daf-a2c5efb1eef1,20260815,ecs-keyed,benign-burst,0,cloudflare
4,4,4,4,525,1.0,1.0,4,0,0,0.0,0.0,0.0,1.0,1.0,1.0,0.75,1500.090909090909,3.0246383990576002,0.25,0.0,0.0,0.013825774192810059,0.029222846031188958,0.8154800777748578,0.013532578945159912,0.0,0,569f9635-bc1e-4388-9149-123f5728cddf,20260815,ecs-keyed,benign-burst,0,opendns
4,4,4,4,435,1.0,1.0,0,0,0,0.0,0.0,0.0,1.0,1.0,1.0,0.75,3464.0,2.090201241001777,0.25,0.0,0.0,2.517600655555725,2.5243588209152223,0.003043516099011209,0.0,0.0,0,99bf0ecf-cacc-4825-970d-776d85cf4245,20260815,ecs-keyed,benign-burst,0,quad9
4,4,4,4,529,1.0,1.0,3,0,0,0.0,0.0,0.0,1.0,1.0,1.0,0.75,2030.6363636363637,2.950525747465293,0.25,0.0,0.0,0.0204545259475708,0.03506921529769897,0.617819443356128,0.019085705280303955,0.0,0,a808ee9a-f04b-48aa-a68f-52b328a2841a,20260815,ecs-keyed,benign-burst,0,opendns
4,4,4,4,572,1.0,1.0,4,0,0,0.0,0.0,0.0,1.0,1.0,1.0,0.75,1202.2857142857142,3.4114032514556425,0.25,0.0,0.0,0.01366722583770752,0.0375040292739868,1.2522345870630358,0.011735498905181885,0.0,0,7f194a4e-9553-45d5-acb2-fe345bf91eef,20260815,ecs-keyed,benign-burst,0,quad9
4,4,4,4,424,1.0,1.0,4,0,0,0.0,0.0,0.0,1.0,1.0,1.0,0.75,335.8,0.41740972923780195,0.25,0.0,0.0,0.03599804639816284,0.07022763490676878,0.742540951529818,0.03590577840805054,0.0,0,67308154-2fb6-4ace-ba02-e0bcb0861b5f,20260815,ecs-keyed,benign-burst,0,google
4,4,4,4,430,1.0,1.0,3,0,0,0.0,0.0,0.0,1.0,1.0,1.0,0.75,2497.5,2.5402998944975796,0.25,0.0,0.0,0.011086702346801758,0.033079147338867174,1.4274940874592126,0.010778665542602539,0.0,0,7ac5b675-387f-4c97-a6c1-a10ed7e24a43,20260815,ecs-keyed,benign-burst,0,quad9
4,4,4,4,524,1.0,1.0,4,0,0,0.0,0.0,0.0,1.0,1.0,1.0,0.75,272.3076923076923,0.7759676706616675,0.25,0.0,0.0,0.0305863618850708,0.05003001689910888,0.5771616759281022,0.030393600463867188,0.0,0,ed64502c-3ca6-4eeb-9b6a-c45e8a0effca,20260815,ecs-keyed,benign-burst,0,cloudflare
4,4,4,4,485,1.0,1.0,4,0,0,0.0,0.0,0.0,1.0,1.0,1.0,0.75,967.3333333333334,2.0950321792898507,0.25,0.0,0.0,0.03530573844909668,0.11357437372207638,1.598443224510014,0.03505837917327881,0.0,0,6763ce92-7504-48a7-bb1e-9ee07c206834,20260815,ecs-keyed,benign-burst,0,opendns
4,4,4,4,534,1.0,1.0,2,0,0,0.0,0.0,0.0,1.0,1.0,1.0,0.75,440.9230769230769,2.950358099846933,0.25,0.0,0.0,1.5166776776313782,2.5144487738609316,0.6969047175991095,0.5225635766983032,0.0,0,1661615c-0e3a-410a-988c-c897707d63c9,20260815,ecs-keyed,benign-burst,0,google
4,4,4,4,552,1.0,1.0,0,0,0,0.0,0.0,0.0,1.0,1.0,1.0,0.75,209.28571428571428,0.42261105070252275,0.25,0.0,0.0,2.7584760189056396,3.3669709682464597,0.15919110353148105,0.0,0.0,0,8e4b29c9-6d5a-4dee-a562-999313a34a54,20260815,ecs-keyed,benign-burst,0,opendns
4,4,4,4,504,1.0,1.0,4,0,0,0.0,0.0,0.0,1.0,1.0,1.0,0.75,445.72727272727275,1.6526823635302814,0.25,0.0,0.0,0.04282808303833008,0.13021739721298214,1.4551349602863022,0.04232305288314819,0.0,0,02a20279-c716-401f-828c-9a54b4596fb3,20260815,ecs-keyed,benign-burst,0,google
4,4,4,4,431,1.0,1.0,4,0,0,0.0,0.0,0.0,1.0,1.0,1.0,0.75,2947.0,2.081733867639831,0.25,0.0,0.0,0.002026200294494629,0.0024759531021118163,0.16019285811621806,0.0017969608306884766,0.0,0,8cfc1ab6-fdc1-46cf-9838-2694c0a567ac,20260815,ecs-keyed,benign-burst,0,quad9
4,4,4,4,390,1.0,1.0,4,0,0,0.0,0.0,0.0,1.0,1.0,1.0,0.75,127.8,1.648723087020031,0.25,0.0,0.0,0.006280124187469482,0.017314898967742912,1.2637091608332327,0.006097555160522461,0.0,0,78f1435e-5017-4159-8214-ce84957559e6,20260815,ecs-keyed,benign-burst,0,quad9
4,4,4,4,422,1.0,1.0,4,0,0,0.0,0.0,0.0,1.0,1.0,1.0,0.75,9669.6,0.8896843949380129,0.25,0.0,0.0,0.001988351345062256,0.002154898643493652,0.0600362977965406,0.001803755760192871,0.0,0,067261cc-0521-4623-afde-50a630246cdd,20260815,ecs-keyed,benign-burst,0,opendns
4,4,4,4,414,1.0,1.0,4,0,0,0.0,0.0,0.0,1.0,1.0,1.0,0.75,143.6,0.6465996499384554,0.25,0.0,0.0,0.004555761814117432,0.011147809028625484,1.0387161846847421,0.004361510276794434,0.0,0,0a7b0a1a-861a-41a4-9867-156d76aea3e9,20260815,ecs-keyed,benign-burst,0,google
4,4,4,4,430,1.0,1.0,4,0,0,0.0,0.0,0.0,1.0,1.0,1.0,0.75,1566.2857142857142,1.2235304324501315,0.25,0.0,0.0,0.004617452621459961,0.01195050477981567,1.1378437882014385,0.004467189311981201,0.0,0,9a0e3684-2bf1-46d1-8851-fcf3853f581f,20260815,ecs-keyed,benign-burst,0,opendns
4,4,4,4,591,1.0,1.0,4,0,0,0.0,0.0,0.0,1.0,1.0,1.0,0.75,329.3125,0.7821131404612068,0.25,0.0,0.0,0.005408823490142822,0.013352513313293454,1.0451581787001838,0.005218386650085449,0.0,0,da1c9bf3-ad5c-4ced-baf6-400ff90b4c08,20260815,ecs-keyed,benign-burst,0,google
4,4,4,4,437,1.0,1.0,4,0,0,0.0,0.0,0.0,1.0,1.0,1.0,0.75,339.6666666666667,1.6789976391624262,0.25,0.0,0.0,0.010334193706512451,0.028934562206268298,1.2979418698895646,0.010133206844329834,0.0,0,2f547cc3-c99b-42b0-adbf-e8671146a6e8,20260815,ecs-keyed,benign-burst,0,opendns
4,4,4,4,579,1.0,1.0,4,0,0,0.0,0.0,0.0,1.0,1.0,1.0,0.75,321.35714285714283,1.68025347062418,0.25,0.0,0.0,0.002024829387664795,0.0028872489929199214,0.30626703288502066,0.0018689632415771484,0.0,0,a1e23e49-7f38-4723-a130-cb49e1d47903,20260815,ecs-keyed,benign-burst,0,opendns
4,4,4,4,673,1.0,1.0,4,0,0,0.0,0.0,0.0,1.0,1.0,1.0,0.75,145.89473684210526,0.6881795139324028,0.25,0.0,0.0,0.013165533542633057,0.04015365839004515,1.4783683474236862,0.012968361377716064,0.0,0,2769850b-0b99-491f-8b3c-48b5c57424ff,20260815,ecs-keyed,benign-burst,0,quad9
4,4,4,4,542,1.0,1.0,4,0,0,0.0,0.0,0.0,1.0,1.0,1.0,0.75,294.46153846153845,0.028213166144200625,0.25,0.0,0.0,0.008586227893829346,0.014786517620086669,0.6503934426698473,0.008331477642059326,0.0,0,855afa1f-1b11-41c1-8ed0-73ba1eb420f7,20260815,ecs-keyed,benign-burst,0,opendns
4,4,4,4,464,1.0,1.0,4,0,0,0.0,0.0,0.0,1.0,1.0,1.0,0.75,10867.0,0.9876899795486276,0.25,0.0,0.0,0.006725490093231201,0.017402887344360345,1.133397090417499,0.006523847579956055,0.0,0,f07d64ab-14f3-4019-88bc-50279d85cc6c,20260815,ecs-keyed,benign-burst,0,google
4,4,4,4,446,1.0,1.0,4,0,0,0.0,0.0,0.0,1.0,1.0,1.0,0.75,10931.57142857143,0.6511871272455683,0.25,0.0,0.0,0.0018357038497924805,0.0020644307136535645,0.0951400371555994,0.0016617774963378906,0.0,0,1565e476-fcfd-4dd6-a1c9-349a23624149,20260815,ecs-keyed,benign-burst,0,google
4,4,4,4,454,1.0,1.0,4,0,0,0.0,0.0,0.0,1.0,1.0,1.0,0.75,170.88888888888889,0.8047597434385952,0.25,0.0,0.0,0.001973092555999756,0.002879822254180908,0.3294169311082274,0.0017248988151550293,0.0,0,88b39dc7-7e09-43d5-a242-60618efd4c40,20260815,ecs-keyed,benign-burst,0,cloudflare
4,4,4,4,697,1.0,1.0,0,0,0,0.0,0.0,0.0,1.0,1.0,1.0,0.75,813.35,3.127300993777924,0.25,0.0,0.0,2.505279064178467,2.5068768739700316,0.0004704653504407221,0.0,0.0,0,c81dfb34-770e-4bf2-b249-0f8de3765658,20260815,ecs-keyed,benign-burst,0,opendns
4,4,4,4,494,1.0,1.0,0,0,0,0.0,0.0,0.0,1.0,1.0,1.0,0.75,3138.3,1.9397431955629743,0.25,0.0,0.0,2.504840135574341,2.5058860778808594,0.0004084468810940573,0.0,0.0,0,7afe18f6-9ff8-4f81-80b4-008899219967,20260815,ecs-keyed,benign-burst,0,quad9
4,4,4,4,603,1.0,1.0,0,0,0,0.0,0.0,0.0,1.0,1.0,1.0,0.75,3556.6666666666665,1.749064349029553,0.25,0.0,0.0,2.504551887512207,2.505683493614197,0.000451236216365455,0.0,0.0,0,c999bc7d-d671-43e9-834c-d92ea150ddf5,20260815,ecs-keyed,benign-burst,0,google
4,4,4,4,572,1.0,1.0,1,0,0,0.0,0.0,0.0,1.0,1.0,1.0,0.75,887.1428571428571,2.3862827282056354,0.25,0.0,0.0,3.7606194019317627,5.015237259864807,0.5754190208922961,0.012281179428100586,0.0,0,e15590ff-a8b7-47c7-aea8-1536ee3819fc,20260815,ecs-keyed,benign-burst,0,quad9
4,4,4,4,508,1.0,1.0,2,0,0,0.0,0.0,0.0,1.0,1.0,1.0,0.75,125.53846153846153,0.7678818302879866,0.25,0.0,0.0,1.2565686702728271,2.5143104434013366,0.9983861061848814,0.0014971494674682617,0.0,0,5b37fd22-be4e-4a60-be0b-3492a6d19f6f,20260815,ecs-keyed,benign-burst,0,cloudflare
4,4,4,4,424,1.0,1.0,0,0,0,0.0,0.0,0.0,1.0,1.0,1.0,0.75,134.8,0.6757081185618324,0.25,0.0,0.0,2.509357273578644,2.515782868862152,0.0018239310328000576,0.0,0.0,0,a652bc56-1e8b-4350-814f-dd233a413987,20260815,ecs-keyed,benign-burst,0,quad9
4,4,4,4,452,1.0,1.0,3,0,0,0.0,0.0,0.0,1.0,1.0,1.0,0.75,130.55555555555554,0.7843420138872806,0.25,0.0,0.0,0.004232883453369141,0.00532689094543457,0.21599944628401432,0.002996206283569336,0.0,0,4fc3adff-9fb2-430f-a5b7-8cca9e3b2635,20260815,ecs-keyed,benign-burst,0,google
4,4,4,4,376,1.0,1.0,3,0,0,0.0,0.0,0.0,1.0,1.0,1.0,0.75,194.0,0.9621268995824832,0.25,0.0,0.0,0.0025604963302612305,0.003192591667175293,0.25278743225986255,0.0024892687797546387,0.0,0,c52a678a-74db-4243-bc65-d4abca28bbcf,20260815,ecs-keyed,benign-burst,0,opendns
4,4,4,4,412,1.0,1.0,0,0,0,0.0,0.0,0.0,1.0,1.0,1.0,0.75,10281.75,0.984565532352816,0.25,0.0,0.0,2.510467529296875,2.516088604927063,0.0015921335727992797,0.0,0.0,0,3a844ce6-1e01-41d3-948e-6b743937b8b1,20260815,ecs-keyed,benign-burst,0,opendns
4,4,4,4,662,1.0,1.0,1,0,0,0.0,0.0,0.0,1.0,1.0,1.0,0.75,205.8,0.5608522570898228,0.25,0.0,0.0,1.8816733956336975,2.509149491786957,0.5768242091453888,0.0015494823455810547,0.0,0,328589c8-d679-4441-a4d8-9d4ffc8e0dd2,20260815,ecs-keyed,benign-burst,0,cloudflare
4,4,4,4,486,1.0,1.0,4,0,0,0.0,0.0,0.0,1.0,1.0,1.0,0.75,207.7,1.0901873389280061,0.25,0.0,0.0,0.01076662540435791,0.0165746808052063,0.438601568591756,0.0101853609085083,0.0,0,69ad0f2f-c347-42a2-a7c9-06275b857a9b,20260815,ecs-keyed,benign-burst,0,cloudflare
4,4,4,4,436,1.0,1.0,4,0,0,0.0,0.0,0.0,1.0,1.0,1.0,0.75,181.5,0.9792332551868369,0.25,0.0,0.0,0.003925502300262451,0.005155909061431884,0.2568042330003666,0.002998828887939453,0.0,0,19a6e6aa-859d-4854-a8b1-0688cd274c11,20260815,ecs-keyed,benign-burst,0,cloudflare
4,4,4,4,420,1.0,1.0,2,0,0,0.0,0.0,0.0,1.0,1.0,1.0,0.75,911.5714285714286,2.0637722827313385,0.25,0.0,0.0,0.00646662712097168,0.013409554958343502,0.7693334388252733,0.006231546401977539,0.0,0,8ad6a7a1-19c7-400d-99ff-9874a35fc020,20260815,ecs-keyed,benign-burst,0,cloudflare
4,4,4,4,587,1.0,1.0,4,0,0,0.0,0.0,0.0,1.0,1.0,1.0,0.75,33.6875,0.49513242277304914,0.25,0.0,0.0,0.010590791702270508,0.030028510093688954,1.3148784795267434,0.0102158784866333,0.0,0,42f55bd8-308b-459d-a394-4085c794f33e,20260815,ecs-keyed,benign-burst,0,cloudflare
4,4,4,4,416,1.0,1.0,2,0,0,0.0,0.0,0.0,1.0,1.0,1.0,0.75,107.33333333333333,0.9594866125295711,0.25,0.0,0.0,0.010818302631378174,0.01999019384384155,0.6500376771595819,0.010064542293548584,0.0,0,e8d37101-abdd-4330-8c19-7582f1afaec6,20260815,ecs-keyed,benign-burst,0,quad9
4,4,4,4,582,1.0,1.0,1,0,0,0.0,0.0,0.0,1.0,1.0,1.0,0.75,187.86666666666667,0.8655776504457275,0.25,0.0,0.0,2.5501750111579895,4.658829474449157,0.6943493764726034,0.00351715087890625,0.0,0,9d13c481-7f7e-407b-b8c2-06ecb67c73c4,20260815,ecs-keyed,benign-burst,0,google
4,4,4,4,462,1.0,1.0,2,0,0,0.0,0.0,0.0,1.0,1.0,1.0,0.75,205.8,1.2478486049004545,0.25,0.0,0.0,1.2533865571022034,2.50488395690918,0.9982885683072821,0.0019872188568115234,0.0,0,4d016623-a1a1-487e-99ae-2f46a53e2d6e,20260815,ecs-keyed,benign-burst,0,quad9
1,1,1,1,127,1.0,1.0,1,1,1,1.0,1.0,0.0,-0.0,-0.0,1.0,0.0,300.0,0.0,1.0,0.0,0.0,0.0328524112701416,0.0328524112701416,0.0,0.032550811767578125,0.0,0,11d97b0c-74e2-4037-b6d5-89a6c596203d,20260815,ecs-keyed,adverse-ecs-omit,1,local-adverse-authority
1,1,1,1,157,1.0,1.0,1,1,1,1.0,1.0,0.0,-0.0,-0.0,1.0,0.0,166.0,0.0,1.0,0.0,0.0,0.0028455257415771484,0.0028455257415771484,0.0,0.002647876739501953,0.0,0,edcbb9ef-f0de-439b-b534-fa9dd4a20afb,20260815,ecs-keyed,adverse-ecs-omit,1,local-adverse-authority
4,4,4,4,500,1.0,1.0,2,0,0,0.0,0.0,0.0,1.0,1.0,1.0,0.75,131.4,0.7535107495052382,0.25,0.0,0.0,1.256026804447174,2.5145519733428956,0.9987891682392089,0.001421213150024414,0.0,0,0534eca6-f0ea-4df9-801d-e2575fec54eb,20260815,ecs-keyed,benign-burst,0,opendns
1,1,1,1,203,1.0,1.0,1,1,1,1.0,1.0,0.0,-0.0,-0.0,1.0,0.0,300.0,0.0,1.0,0.0,0.0,0.0019731521606445312,0.0019731521606445312,0.0,0.001825094223022461,0.0,0,f5b27a13-f643-4c16-a929-ea1ec11d6c69,20260815,ecs-keyed,adverse-ecs-omit,1,local-adverse-authority
1,1,1,1,123,1.0,1.0,1,1,1,1.0,1.0,0.0,-0.0,-0.0,1.0,0.0,20.0,0.0,1.0,0.0,0.0,0.02122783660888672,0.02122783660888672,0.0,0.021054744720458984,0.0,0,37d98a2e-e5b9-4da9-a43a-f5c9e94b70be,20260815,ecs-keyed,adverse-ecs-omit,1,local-adverse-authority
1,1,1,1,116,1.0,1.0,1,1,1,1.0,0.0,0.0,-0.0,-0.0,1.0,0.0,38.0,0.0,1.0,0.0,0.0,0.005912303924560547,0.005912303924560547,0.0,0.005689144134521484,0.0,0,d63a9f8d-9da6-4d74-87f2-9731839cdbc9,20260815,ecs-keyed,adverse-ecs-omit,1,local-adverse-authority
1,1,1,1,117,1.0,1.0,1,1,1,1.0,1.0,0.0,-0.0,-0.0,1.0,0.0,182.0,0.0,1.0,0.0,0.0,0.004651069641113281,0.004651069641113281,0.0,0.004457712173461914,0.0,0,45314e6e-8205-4270-9eac-135d84b8d7e8,20260815,ecs-keyed,adverse-ecs-omit,1,local-adverse-authority
1,1,1,1,153,1.0,1.0,1,1,1,1.0,1.0,0.0,-0.0,-0.0,1.0,0.0,16.0,0.0,1.0,0.0,0.0,0.0033860206604003906,0.0033860206604003906,0.0,0.0032205581665039062,0.0,0,1c7de74f-501f-41d5-b420-41784cc69f23,20260815,ecs-keyed,adverse-ecs-omit,1,local-adverse-authority
1,1,1,1,97,1.0,1.0,1,1,1,1.0,1.0,0.0,-0.0,-0.0,1.0,0.0,1762.0,0.0,1.0,0.0,0.0,0.04195046424865723,0.04195046424865723,0.0,0.0417780876159668,0.0,0,d0b2eaf8-5bad-4157-9b33-73126d3c344a,20260815,ecs-keyed,adverse-ecs-omit,1,local-adverse-authority
1,1,1,1,123,1.0,1.0,1,1,1,1.0,1.0,0.0,-0.0,-0.0,1.0,0.0,76.0,0.0,1.0,0.0,0.0,0.04413604736328125,0.04413604736328125,0.0,0.04390978813171387,0.0,0,4bf082ec-901e-4ddc-b2ba-d2c5f501d6ab,20260815,ecs-keyed,adverse-ecs-omit,1,local-adverse-authority
1,1,1,1,135,1.0,1.0,1,1,1,1.0,1.0,0.0,-0.0,-0.0,1.0,0.0,29.0,0.0,1.0,0.0,0.0,0.01974654197692871,0.01974654197692871,0.0,0.019520998001098633,0.0,0,72bc5457-7d32-4f1c-b372-fab9023f0b60,20260815,ecs-keyed,adverse-ecs-omit,1,local-adverse-authority
1,1,1,1,146,1.0,1.0,1,1,1,1.0,0.0,0.0,-0.0,-0.0,1.0,0.0,411.0,0.0,1.0,0.0,0.0,0.00220489501953125,0.00220489501953125,0.0,0.001992940902709961,0.0,0,ecddcdc8-dce4-452f-80a6-8cc2911392bb,20260815,ecs-keyed,adverse-ecs-omit,1,local-adverse-authority
1,1,1,1,109,1.0,1.0,1,1,1,1.0,1.0,0.0,-0.0,-0.0,1.0,0.0,619.0,0.0,1.0,0.0,0.0,0.04175448417663574,0.04175448417663574,0.0,0.04160618782043457,0.0,0,8e086d5b-c566-469c-9ec4-d221e5b1d60e,20260815,ecs-keyed,adverse-ecs-omit,1,local-adverse-authority
1,1,1,1,103,1.0,1.0,1,1,1,1.0,1.0,0.0,-0.0,-0.0,1.0,0.0,300.0,0.0,1.0,0.0,0.0,0.009449958801269531,0.009449958801269531,0.0,0.00921773910522461,0.0,0,0673ea32-6807-4e15-9e91-2075dc474b35,20260815,ecs-keyed,adverse-ecs-omit,1,local-adverse-authority
1,1,1,1,109,1.0,1.0,1,1,1,1.0,1.0,0.0,-0.0,-0.0,1.0,0.0,60.0,0.0,1.0,0.0,0.0,0.045946598052978516,0.045946598052978516,0.0,0.04566192626953125,0.0,0,7766df98-44de-4d8a-beab-01107f95ce2d,20260815,ecs-keyed,adverse-ecs-omit,1,local-adverse-authority
1,1,1,1,115,1.0,1.0,1,1,1,1.0,1.0,0.0,-0.0,-0.0,1.0,0.0,20.0,0.0,1.0,0.0,0.0,0.004414796829223633,0.004414796829223633,0.0,0.0041348934173583984,0.0,0,a200e5df-d6bf-4f56-b127-908eb8b7710d,20260815,ecs-keyed,adverse-ecs-omit,1,local-adverse-authority
1,1,1,1,210,1.0,1.0,1,1,1,1.0,0.0,0.0,-0.0,-0.0,1.0,0.0,300.0,0.0,1.0,0.0,0.0,0.018941640853881836,0.018941640853881836,0.0,0.01880025863647461,0.0,0,0821c2e8-5ac3-4bd2-b2aa-3af07e9a24e7,20260815,ecs-keyed,adverse-ecs-omit,1,local-adverse-authority
1,1,1,1,147,1.0,1.0,1,1,1,1.0,1.0,0.0,-0.0,-0.0,1.0,0.0,60.0,0.0,1.0,0.0,0.0,0.015578746795654297,0.015578746795654297,0.0,0.015255212783813477,0.0,0,53ddb8b0-5b31-4bfb-b786-1a1b95638940,20260815,ecs-keyed,adverse-ecs-omit,1,local-adverse-authority
1,1,1,1,103,1.0,1.0,1,1,1,1.0,1.0,0.0,-0.0,-0.0,1.0,0.0,67.0,0.0,1.0,0.0,0.0,0.004445314407348633,0.004445314407348633,0.0,0.004169940948486328,0.0,0,f3c7bb93-f529-40aa-bedf-55c6be294a4f,20260815,ecs-keyed,adverse-ecs-omit,1,local-adverse-authority
1,1,1,1,115,1.0,1.0,1,1,1,1.0,1.0,0.0,-0.0,-0.0,1.0,0.0,20.0,0.0,1.0,0.0,0.0,0.0028171539306640625,0.0028171539306640625,0.0,0.002530813217163086,0.0,0,1319bafe-aa47-450e-9433-b47dc73239e6,20260815,ecs-keyed,adverse-ecs-omit,1,local-adverse-authority
1,1,1,1,195,1.0,1.0,1,1,1,1.0,1.0,0.0,-0.0,-0.0,1.0,0.0,261.0,0.0,1.0,0.0,0.0,0.014182567596435547,0.014182567596435547,0.0,0.014022588729858398,0.0,0,36bdd41e-cff0-4164-9cb1-78f650c055d2,20260815,ecs-keyed,adverse-ecs-omit,1,local-adverse-authority
1,1,1,1,153,1.0,1.0,1,1,1,1.0,1.0,0.0,-0.0,-0.0,1.0,0.0,280.0,0.0,1.0,0.0,0.0,0.03390383720397949,0.03390383720397949,0.0,0.03371381759643555,0.0,0,980e5db6-370f-4a07-b8b5-20498536d17d,20260815,ecs-keyed,adverse-ecs-omit,1,local-adverse-authority
1,1,1,1,109,1.0,1.0,1,1,1,1.0,1.0,0.0,-0.0,-0.0,1.0,0.0,2178.0,0.0,1.0,0.0,0.0,0.040305376052856445,0.040305376052856445,0.0,0.04010343551635742,0.0,0,e8823dbc-9977-458f-9c55-f5726cfe1d7b,20260815,ecs-keyed,adverse-ecs-omit,1,local-adverse-authority
1,1,1,1,129,1.0,1.0,1,1,1,1.0,1.0,0.0,-0.0,-0.0,1.0,0.0,204.0,0.0,1.0,0.0,0.0,0.013524770736694336,0.013524770736694336,0.0,0.01329946517944336,0.0,0,a5d0ec2d-85d9-45a8-892e-1f40bca3c3d5,20260815,ecs-keyed,adverse-ecs-omit,1,local-adverse-authority
1,1,1,1,152,1.0,1.0,1,1,1,1.0,0.0,0.0,-0.0,-0.0,1.0,0.0,32.0,0.0,1.0,0.0,0.0,0.032350778579711914,0.032350778579711914,0.0,0.03215765953063965,0.0,0,977d2cd0-100f-49a5-9028-5662a1ce5e9a,20260815,ecs-keyed,adverse-ecs-omit,1,local-adverse-authority
1,1,1,1,154,1.0,1.0,1,1,1,1.0,0.0,0.0,-0.0,-0.0,1.0,0.0,3579.0,0.0,1.0,0.0,0.0,0.007565736770629883,0.007565736770629883,0.0,0.007270097732543945,0.0,0,68038b62-88c8-4082-abbe-d5eec45c96b7,20260815,ecs-keyed,adverse-ecs-omit,1,local-adverse-authority
1,1,1,1,117,1.0,1.0,1,1,1,1.0,1.0,0.0,-0.0,-0.0,1.0,0.0,16658.0,0.0,1.0,0.0,0.0,0.0034258365631103516,0.0034258365631103516,0.0,0.0032346248626708984,0.0,0,415f28d6-0120-453b-916e-89b87c1ad2ea,20260815,ecs-keyed,adverse-ecs-omit,1,local-adverse-authority
1,1,1,1,114,1.0,1.0,1,1,1,1.0,0.0,0.0,-0.0,-0.0,1.0,0.0,297.0,0.0,1.0,0.0,0.0,0.014301300048828125,0.014301300048828125,0.0,0.014151811599731445,0.0,0,11b9b1a1-cd8e-456e-be7a-7ab0deb9f856,20260815,ecs-keyed,adverse-ecs-omit,1,local-adverse-authority
1,1,1,1,195,1.0,1.0,1,1,1,1.0,1.0,0.0,-0.0,-0.0,1.0,0.0,18.0,0.0,1.0,0.0,0.0,0.016215085983276367,0.016215085983276367,0.0,0.015973567962646484,0.0,0,2a847af4-e18b-41f1-ad2e-57fabb85c4a3,20260815,ecs-keyed,adverse-ecs-omit,1,local-adverse-authority
1,1,1,1,105,1.0,1.0,1,1,1,1.0,1.0,0.0,-0.0,-0.0,1.0,0.0,300.0,0.0,1.0,0.0,0.0,0.04837608337402344,0.04837608337402344,0.0,0.04808449745178223,0.0,0,5d2f6e0c-e2ed-4867-bd43-6ca1b8485f00,20260815,ecs-keyed,adverse-ecs-omit,1,local-adverse-authority
1,1,1,1,116,1.0,1.0,1,1,1,1.0,0.0,0.0,-0.0,-0.0,1.0,0.0,300.0,0.0,1.0,0.0,0.0,0.014512062072753906,0.014512062072753906,0.0,0.014220237731933594,0.0,0,91b23863-3fd6-454d-b4bb-6c6de4cc3264,20260815,ecs-keyed,adverse-ecs-omit,1,local-adverse-authority
1,1,1,1,166,1.0,1.0,1,1,1,1.0,0.0,0.0,-0.0,-0.0,1.0,0.0,300.0,0.0,1.0,0.0,0.0,0.00374603271484375,0.00374603271484375,0.0,0.0035552978515625,0.0,0,711375fd-8991-40c3-8415-4248237b18ae,20260815,ecs-keyed,adverse-ecs-omit,1,local-adverse-authority
1,1,1,1,134,1.0,1.0,1,1,1,1.0,0.0,0.0,-0.0,-0.0,1.0,0.0,5.0,0.0,1.0,0.0,0.0,0.005918025970458984,0.005918025970458984,0.0,0.005761384963989258,0.0,0,843d27e2-2495-4c51-99e2-d20e05407fa3,20260815,ecs-keyed,adverse-ecs-omit,1,local-adverse-authority
1,1,1,1,135,1.0,1.0,1,1,1,1.0,1.0,0.0,-0.0,-0.0,1.0,0.0,237.0,0.0,1.0,0.0,0.0,0.03542828559875488,0.03542828559875488,0.0,0.035295963287353516,0.0,0,ecad4008-2be8-4db8-b947-9b24773d8e88,20260815,ecs-keyed,adverse-ecs-omit,1,local-adverse-authority
1,1,1,1,103,1.0,1.0,1,1,1,1.0,1.0,0.0,-0.0,-0.0,1.0,0.0,1072.0,0.0,1.0,0.0,0.0,0.002694368362426758,0.002694368362426758,0.0,0.0025434494018554688,0.0,0,9b84534b-9f26-4e76-9eb7-de0b756bdb29,20260815,ecs-keyed,adverse-ecs-omit,1,local-adverse-authority
1,1,1,1,131,1.0,1.0,1,1,1,1.0,1.0,0.0,-0.0,-0.0,1.0,0.0,3.0,0.0,1.0,0.0,0.0,0.0023965835571289062,0.0023965835571289062,0.0,0.002221345901489258,0.0,0,b8a1ad77-f31d-46aa-9fdc-a8848a92525d,20260815,ecs-keyed,adverse-ecs-omit,1,local-adverse-authority
1,1,1,1,369,1.0,1.0,1,1,1,1.0,1.0,0.0,-0.0,-0.0,1.0,0.0,270.0,0.0,1.0,0.0,0.0,0.006734132766723633,0.006734132766723633,0.0,0.006540536880493164,0.0,0,ec7c841b-0523-4de8-bef8-355cfe470a98,20260815,ecs-keyed,adverse-ecs-omit,1,local-adverse-authority
1,1,1,1,118,1.0,1.0,1,1,1,1.0,0.0,0.0,-0.0,-0.0,1.0,0.0,21.0,0.0,1.0,0.0,0.0,0.003020048141479492,0.003020048141479492,0.0,0.0028874874114990234,0.0,0,e0cbab8d-4c24-403a-9157-c8abda1c5b5e,20260815,ecs-keyed,adverse-ecs-omit,1,local-adverse-authority
1,1,1,1,156,1.0,1.0,1,1,1,1.0,0.0,0.0,-0.0,-0.0,1.0,0.0,60.0,0.0,1.0,0.0,0.0,0.04103660583496094,0.04103660583496094,0.0,0.04086709022521973,0.0,0,83bdfd85-4566-4fea-83e7-eb9ac145f899,20260815,ecs-keyed,adverse-ecs-omit,1,local-adverse-authority
1,1,1,1,159,1.0,1.0,1,1,1,1.0,1.0,0.0,-0.0,-0.0,1.0,0.0,19.0,0.0,1.0,0.0,0.0,0.004041194915771484,0.004041194915771484,0.0,0.0038802623748779297,0.0,0,f20e47c0-3c4e-4513-a226-099d821b1c9c,20260815,ecs-keyed,adverse-ecs-omit,1,local-adverse-authority
1,1,1,1,120,1.0,1.0,1,1,1,1.0,0.0,0.0,-0.0,-0.0,1.0,0.0,300.0,0.0,1.0,0.0,0.0,0.002964496612548828,0.002964496612548828,0.0,0.002863168716430664,0.0,0,b25cf12e-7d89-425e-b0ef-f1a2ff0d1367,20260815,ecs-keyed,adverse-ecs-omit,1,local-adverse-authority
1,1,1,1,115,1.0,1.0,1,1,1,1.0,1.0,0.0,-0.0,-0.0,1.0,0.0,20183.0,0.0,1.0,0.0,0.0,0.003203868865966797,0.003203868865966797,0.0,0.0030641555786132812,0.0,0,5f7f3162-fc69-4d73-bd77-7d60786e57f0,20260815,ecs-keyed,adverse-ecs-omit,1,local-adverse-authority
1,1,1,1,93,1.0,1.0,1,1,1,1.0,1.0,0.0,-0.0,-0.0,1.0,0.0,300.0,0.0,1.0,0.0,0.0,0.03305339813232422,0.03305339813232422,0.0,0.0329289436340332,0.0,0,4a18477a-205a-44a3-9382-cee0a079546c,20260815,ecs-keyed,adverse-ecs-omit,1,local-adverse-authority
1,1,1,1,127,1.0,1.0,1,1,1,1.0,1.0,0.0,-0.0,-0.0,1.0,0.0,47.0,0.0,1.0,0.0,0.0,0.03576850891113281,0.03576850891113281,0.0,0.03557085990905762,0.0,0,86eca06d-e49b-497a-9cca-1bb2ba56b80a,20260815,ecs-keyed,adverse-ecs-omit,1,local-adverse-authority
1,1,1,1,195,1.0,1.0,1,1,1,1.0,1.0,0.0,-0.0,-0.0,1.0,0.0,300.0,0.0,1.0,0.0,0.0,0.0018832683563232422,0.0018832683563232422,0.0,0.001745462417602539,0.0,0,d3860dd2-447b-47dd-aa0b-cd55f2df2d86,20260815,ecs-keyed,adverse-ecs-omit,1,local-adverse-authority
1,1,1,1,108,1.0,1.0,1,1,1,1.0,0.0,0.0,-0.0,-0.0,1.0,0.0,20157.0,0.0,1.0,0.0,0.0,0.002835512161254883,0.002835512161254883,0.0,0.002682924270629883,0.0,0,d431a88e-22b4-4dd7-bd9b-7aafae354f4d,20260815,ecs-keyed,adverse-ecs-omit,1,local-adverse-authority
1,1,1,1,241,1.0,1.0,1,1,1,1.0,1.0,0.0,-0.0,-0.0,1.0,0.0,247.0,0.0,1.0,0.0,0.0,0.01413869857788086,0.01413869857788086,0.0,0.013992786407470703,0.0,0,2f27b670-a0e8-4885-9ac1-fc7aa9f423b9,20260815,ecs-keyed,adverse-ecs-omit,1,local-adverse-authority
1,1,1,1,114,1.0,1.0,1,1,1,1.0,0.0,0.0,-0.0,-0.0,1.0,0.0,259.0,0.0,1.0,0.0,0.0,0.002836465835571289,0.002836465835571289,0.0,0.0026900768280029297,0.0,0,132aaf62-9690-411f-8388-529b5fdf2bdb,20260815,ecs-keyed,adverse-ecs-omit,1,local-adverse-authority
1,1,1,1,217,1.0,1.0,1,1,1,1.0,1.0,0.0,-0.0,-0.0,1.0,0.0,16.0,0.0,1.0,0.0,0.0,0.0023908615112304688,0.0023908615112304688,0.0,0.0022423267364501953,0.0,0,5b041903-4a31-44f9-bcfd-be43d1b90dfd,20260815,ecs-keyed,adverse-ecs-omit,1,local-adverse-authority
1,1,1,1,157,1.0,1.0,1,1,1,1.0,1.0,0.0,-0.0,-0.0,1.0,0.0,43.0,0.0,1.0,0.0,0.0,0.004170894622802734,0.004170894622802734,0.0,0.004069805145263672,0.0,0,77f46d91-f471-488d-87a8-55f7b4c81540,20260815,ecs-keyed,adverse-ecs-omit,1,local-adverse-authority
1,1,1,1,155,1.0,1.0,1,1,1,1.0,1.0,0.0,-0.0,-0.0,1.0,0.0,60.0,0.0,1.0,0.0,0.0,0.0061914920806884766,0.0061914920806884766,0.0,0.006087064743041992,0.0,0,be85b231-908f-4d78-ab61-bdd71dc2cb2f,20260815,ecs-keyed,adverse-ecs-omit,1,local-adverse-authority
1,1,1,1,146,1.0,1.0,1,1,1,1.0,0.0,0.0,-0.0,-0.0,1.0,0.0,600.0,0.0,1.0,0.0,0.0,0.0022623538970947266,0.0022623538970947266,0.0,0.002086162567138672,0.0,0,b2a5f69b-9080-47ef-9b41-0b724f49566f,20260815,ecs-keyed,adverse-ecs-omit,1,local-adverse-authority
1,1,1,1,115,1.0,1.0,1,1,1,1.0,1.0,0.0,-0.0,-0.0,1.0,0.0,290.0,0.0,1.0,0.0,0.0,0.0029706954956054688,0.0029706954956054688,0.0,0.0028531551361083984,0.0,0,e4938d47-4ac0-49e0-ad04-870a77f0d735,20260815,ecs-keyed,adverse-ecs-omit,1,local-adverse-authority
1,1,1,1,130,1.0,1.0,1,1,1,1.0,0.0,0.0,-0.0,-0.0,1.0,0.0,240.0,0.0,1.0,0.0,0.0,0.0041980743408203125,0.0041980743408203125,0.0,0.004060029983520508,0.0,0,ee2bc20b-44ad-48e0-b132-ba8f49183894,20260815,ecs-keyed,adverse-ecs-omit,1,local-adverse-authority
1,1,1,1,121,1.0,1.0,1,1,1,1.0,1.0,0.0,-0.0,-0.0,1.0,0.0,16.0,0.0,1.0,0.0,0.0,0.001934051513671875,0.001934051513671875,0.0,0.0017974376678466797,0.0,0,f6602eea-0122-45f9-951e-a40ac24868af,20260815,ecs-keyed,adverse-ecs-omit,1,local-adverse-authority
1,1,1,1,123,1.0,1.0,1,1,1,1.0,1.0,0.0,-0.0,-0.0,1.0,0.0,300.0,0.0,1.0,0.0,0.0,0.008222579956054688,0.008222579956054688,0.0,0.008067846298217773,0.0,0,d63030d3-e4ee-4c11-949b-144359548a17,20260815,ecs-keyed,adverse-ecs-omit,1,local-adverse-authority
1,1,1,1,162,1.0,1.0,1,1,1,1.0,0.0,0.0,-0.0,-0.0,1.0,0.0,264.0,0.0,1.0,0.0,0.0,0.002022266387939453,0.002022266387939453,0.0,0.0019054412841796875,0.0,0,8a509b18-9b05-4fd7-9da0-22d2ce63a495,20260815,ecs-keyed,adverse-ecs-omit,1,local-adverse-authority
1,1,1,1,294,1.0,1.0,1,1,1,1.0,0.0,0.0,-0.0,-0.0,1.0,0.0,57.0,0.0,1.0,0.0,0.0,0.015257596969604492,0.015257596969604492,0.0,0.015134096145629883,0.0,0,baab17d9-2b1d-4695-b8f4-3cfb2190eb13,20260815,ecs-keyed,adverse-ecs-omit,1,local-adverse-authority
1,1,1,1,140,1.0,1.0,1,1,1,1.0,0.0,0.0,-0.0,-0.0,1.0,0.0,561.0,0.0,1.0,0.0,0.0,0.012874126434326172,0.012874126434326172,0.0,0.012679576873779297,0.0,0,58f13259-a90f-4367-b8f5-d1062f78bd93,20260815,ecs-keyed,adverse-ecs-omit,1,local-adverse-authority
1,1,1,1,135,1.0,1.0,1,1,1,1.0,1.0,0.0,-0.0,-0.0,1.0,0.0,561.0,0.0,1.0,0.0,0.0,0.0034456253051757812,0.0034456253051757812,0.0,0.003309965133666992,0.0,0,bae93627-5836-45ae-94f2-cb2e6d028191,20260815,ecs-keyed,adverse-ecs-omit,1,local-adverse-authority
1,1,1,1,136,1.0,1.0,1,1,1,1.0,0.0,0.0,-0.0,-0.0,1.0,0.0,271.0,0.0,1.0,0.0,0.0,0.002736806869506836,0.002736806869506836,0.0,0.002601146697998047,0.0,0,13bcba96-a9e8-47fc-8ecb-c95764d36436,20260815,ecs-keyed,adverse-ecs-omit,1,local-adverse-authority
1,1,1,1,115,1.0,1.0,1,1,1,1.0,1.0,0.0,-0.0,-0.0,1.0,0.0,60.0,0.0,1.0,0.0,0.0,0.0041005611419677734,0.0041005611419677734,0.0,0.0039827823638916016,0.0,0,914a2f3a-ec77-4e70-b960-99a77961bd18,20260815,ecs-keyed,adverse-ecs-omit,1,local-adverse-authority
1,1,1,1,119,1.0,1.0,1,1,1,1.0,1.0,0.0,-0.0,-0.0,1.0,0.0,300.0,0.0,1.0,0.0,0.0,0.0022139549255371094,0.0022139549255371094,0.0,0.0020487308502197266,0.0,0,418e5144-4988-4343-9ead-d4a0f41c1b1c,20260815,ecs-keyed,adverse-ecs-omit,1,local-adverse-authority
1,1,1,1,126,1.0,1.0,1,1,1,1.0,0.0,0.0,-0.0,-0.0,1.0,0.0,271.0,0.0,1.0,0.0,0.0,0.1313486099243164,0.1313486099243164,0.0,0.13123536109924316,0.0,0,85a7b495-6d74-4ce9-bd45-5782b042f6c3,20260815,ecs-keyed,adverse-ecs-omit,1,local-adverse-authority
1,1,1,1,131,1.0,1.0,1,1,1,1.0,1.0,0.0,-0.0,-0.0,1.0,0.0,221.0,0.0,1.0,0.0,0.0,0.03525876998901367,0.03525876998901367,0.0,0.035134077072143555,0.0,0,119a67e8-f072-4de8-8645-672767ec8a90,20260815,ecs-keyed,adverse-ecs-omit,1,local-adverse-authority
1,1,1,1,109,1.0,1.0,1,1,1,1.0,1.0,0.0,-0.0,-0.0,1.0,0.0,60.0,0.0,1.0,0.0,0.0,0.011180400848388672,0.011180400848388672,0.0,0.01096343994140625,0.0,0,ebaf81ea-6e16-4de0-8cd8-2797b0ac4e88,20260815,ecs-keyed,adverse-ecs-omit,1,local-adverse-authority
1,1,1,1,133,1.0,1.0,1,1,1,1.0,1.0,0.0,-0.0,-0.0,1.0,0.0,8.0,0.0,1.0,0.0,0.0,0.0038268566131591797,0.0038268566131591797,0.0,0.003693819046020508,0.0,0,5e5295e4-f1bf-4563-8619-13886da320ad,20260815,ecs-keyed,adverse-ecs-omit,1,local-adverse-authority
1,1,1,1,103,1.0,1.0,1,1,1,1.0,1.0,0.0,-0.0,-0.0,1.0,0.0,600.0,0.0,1.0,0.0,0.0,0.011897563934326172,0.011897563934326172,0.0,0.011606693267822266,0.0,0,3d84ca50-de25-4c18-8097-df3f0d5bd3d0,20260815,ecs-keyed,adverse-ecs-omit,1,local-adverse-authority
1,1,1,1,123,1.0,1.0,1,1,1,1.0,1.0,0.0,-0.0,-0.0,1.0,0.0,20.0,0.0,1.0,0.0,0.0,0.004556894302368164,0.004556894302368164,0.0,0.004370689392089844,0.0,0,73b99698-53e7-46a5-865c-5798ee4ad75b,20260815,ecs-keyed,adverse-ecs-omit,1,local-adverse-authority
1,1,1,1,172,1.0,1.0,1,1,1,1.0,0.0,0.0,-0.0,-0.0,1.0,0.0,60.0,0.0,1.0,0.0,0.0,0.032576799392700195,0.032576799392700195,0.0,0.03239798545837402,0.0,0,1c7a8cdc-bf41-4e6f-970b-8d541d891561,20260815,ecs-keyed,adverse-ecs-omit,1,local-adverse-authority
1,1,1,1,157,1.0,1.0,1,1,1,1.0,1.0,0.0,-0.0,-0.0,1.0,0.0,300.0,0.0,1.0,0.0,0.0,0.002401590347290039,0.002401590347290039,0.0,0.002273082733154297,0.0,0,1e24c25e-b0dd-48af-96c3-9de5efb562ea,20260815,ecs-keyed,adverse-ecs-omit,1,local-adverse-authority
1,1,1,1,133,1.0,1.0,1,1,1,1.0,1.0,0.0,-0.0,-0.0,1.0,0.0,18000.0,0.0,1.0,0.0,0.0,0.16609716415405273,0.16609716415405273,0.0,0.16572117805480957,0.0,0,693165eb-626e-4086-828d-db6863ece060,20260815,ecs-keyed,adverse-ecs-omit,1,local-adverse-authority
1,1,1,1,113,1.0,1.0,1,1,1,1.0,1.0,0.0,-0.0,-0.0,1.0,0.0,1215.0,0.0,1.0,0.0,0.0,0.0032193660736083984,0.0032193660736083984,0.0,0.0030896663665771484,0.0,0,9a8a4b5f-f3a4-4341-bd09-5c2e1184c185,20260815,ecs-keyed,adverse-ecs-omit,1,local-adverse-authority
1,1,1,1,123,1.0,1.0,1,1,1,1.0,1.0,0.0,-0.0,-0.0,1.0,0.0,8.0,0.0,1.0,0.0,0.0,0.03548908233642578,0.03548908233642578,0.0,0.03536820411682129,0.0,0,f47fb1fc-9cff-4b04-9d16-471d55b351b4,20260815,ecs-keyed,adverse-ecs-omit,1,local-adverse-authority
1,1,1,1,117,1.0,1.0,1,1,1,1.0,1.0,0.0,-0.0,-0.0,1.0,0.0,20914.0,0.0,1.0,0.0,0.0,0.022301435470581055,0.022301435470581055,0.0,0.022173643112182617,0.0,0,d39e896b-3901-479a-8636-9587356cb490,20260815,ecs-keyed,adverse-ecs-omit,1,local-adverse-authority
1,1,1,1,105,1.0,1.0,1,1,1,1.0,1.0,0.0,-0.0,-0.0,1.0,0.0,40.0,0.0,1.0,0.0,0.0,0.003275632858276367,0.003275632858276367,0.0,0.0031604766845703125,0.0,0,8b67ed6c-2fcd-4dab-b787-4a62ff7cabe4,20260815,ecs-keyed,adverse-ecs-omit,1,local-adverse-authority
1,1,1,1,118,1.0,1.0,1,1,1,1.0,0.0,0.0,-0.0,-0.0,1.0,0.0,196.0,0.0,1.0,0.0,0.0,0.005586385726928711,0.005586385726928711,0.0,0.005463361740112305,0.0,0,f6a6095a-e8f5-440a-803d-ae8ef3515efb,20260815,ecs-keyed,adverse-ecs-omit,1,local-adverse-authority
1,1,1,1,134,1.0,1.0,1,1,1,1.0,0.0,0.0,-0.0,-0.0,1.0,0.0,20.0,0.0,1.0,0.0,0.0,0.0039784908294677734,0.0039784908294677734,0.0,0.003859281539916992,0.0,0,b1a417c8-d68a-49cc-b3bd-f7338c8e9a0b,20260815,ecs-keyed,adverse-ecs-omit,1,local-adverse-authority
1,1,1,1,137,1.0,1.0,1,1,1,1.0,1.0,0.0,-0.0,-0.0,1.0,0.0,446.0,0.0,1.0,0.0,0.0,0.025818586349487305,0.025818586349487305,0.0,0.025641441345214844,0.0,0,6594115b-f319-476a-a13f-bb0b01290e77,20260815,ecs-keyed,adverse-ecs-omit,1,local-adverse-authority
1,1,1,1,114,1.0,1.0,1,1,1,1.0,0.0,0.0,-0.0,-0.0,1.0,0.0,44.0,0.0,1.0,0.0,0.0,0.004709482192993164,0.004709482192993164,0.0,0.004580974578857422,0.0,0,5745d6d5-29f8-4422-8759-03e4621ee78e,20260815,ecs-keyed,adverse-ecs-omit,1,local-adverse-authority
1,1,1,1,189,1.0,1.0,1,1,1,1.0,1.0,0.0,-0.0,-0.0,1.0,0.0,358.0,0.0,1.0,0.0,0.0,0.006768941879272461,0.006768941879272461,0.0,0.006609439849853516,0.0,0,1439bc40-94a0-47c9-b7a6-4c4457e70d14,20260815,ecs-keyed,adverse-ecs-omit,1,local-adverse-authority
1,1,1,1,103,1.0,1.0,1,1,1,1.0,1.0,0.0,-0.0,-0.0,1.0,0.0,218.0,0.0,1.0,0.0,0.0,0.001969575881958008,0.001969575881958008,0.0,0.0018253326416015625,0.0,0,29ee4ed3-43ae-4d19-b3af-85c279998763,20260815,ecs-keyed,adverse-ecs-omit,1,local-adverse-authority
1,1,1,1,161,1.0,1.0,1,1,1,1.0,1.0,0.0,-0.0,-0.0,1.0,0.0,33.0,0.0,1.0,0.0,0.0,0.002690553665161133,0.002690553665161133,0.0,0.0025594234466552734,0.0,0,ec625b31-0b03-430c-a463-b4d260652cd5,20260815,ecs-keyed,adverse-ecs-omit,1,local-adverse-authority
1,1,1,1,134,1.0,1.0,1,1,1,1.0,0.0,0.0,-0.0,-0.0,1.0,0.0,300.0,0.0,1.0,0.0,0.0,0.025653600692749023,0.025653600692749023,0.0,0.025279760360717773,0.0,0,e9dbcb6e-0eed-4bd6-aff4-b88fcdd9d9e2,20260815,ecs-keyed,adverse-ecs-omit,1,local-adverse-authority
1,1,1,1,203,1.0,1.0,1,1,1,1.0,1.0,0.0,-0.0,-0.0,1.0,0.0,210.0,0.0,1.0,0.0,0.0,0.002814769744873047,0.002814769744873047,0.0,0.002694845199584961,0.0,0,fd8c4ac1-eaf9-42a3-a478-74e17774bb7d,20260815,ecs-keyed,adverse-ecs-omit,1,local-adverse-authority
1,1,1,1,117,1.0,1.0,1,1,1,1.0,1.0,0.0,-0.0,-0.0,1.0,0.0,3173.0,0.0,1.0,0.0,0.0,0.04314160346984863,0.04314160346984863,0.0,0.043029069900512695,0.0,0,9c1f21f7-a074-4a30-8968-d7cd195a8b5e,20260815,ecs-keyed,adverse-ecs-omit,1,local-adverse-authority
1,1,1,1,188,1.0,1.0,1,1,1,1.0,0.0,0.0,-0.0,-0.0,1.0,0.0,749.0,0.0,1.0,0.0,0.0,0.012219667434692383,0.012219667434692383,0.0,0.012084722518920898,0.0,0,d5336950-e6b3-43e0-af1b-aed2da07c749,20260815,ecs-keyed,adverse-ecs-omit,1,local-adverse-authority
1,1,1,1,123,1.0,1.0,1,1,1,1.0,1.0,0.0,-0.0,-0.0,1.0,0.0,22.0,0.0,1.0,0.0,0.0,0.002926349639892578,0.002926349639892578,0.0,0.002786397933959961,0.0,0,1f96080a-38ca-4df6-a2ec-5d257c73493a,20260815,ecs-keyed,adverse-ecs-omit,1,local-adverse-authority
1,1,1,1,116,1.0,1.0,1,1,1,1.0,0.0,0.0,-0.0,-0.0,1.0,0.0,60.0,0.0,1.0,0.0,0.0,0.03847789764404297,0.03847789764404297,0.0,0.03833961486816406,0.0,0,3242f72f-87bc-4610-b591-8ffebfa144b5,20260815,ecs-keyed,adverse-ecs-omit,1,local-adverse-authority
1,1,1,1,134,1.0,1.0,1,1,1,1.0,0.0,1.0,-0.0,-0.0,1.0,0.0,15.0,0.0,1.0,0.0,0.0,0.0019040107727050781,0.0019040107727050781,0.0,0.0017805099487304688,0.0,0,6c5d553c-f089-4eea-802d-930080a174a6,20260815,ecs-keyed,adverse-ecs-mismatch,1,local-adverse-authority
1,1,1,1,168,1.0,1.0,1,1,1,1.0,0.0,1.0,-0.0,-0.0,1.0,0.0,208.0,0.0,1.0,0.0,0.0,0.0014989376068115234,0.0014989376068115234,0.0,0.0013642311096191406,0.0,0,379275e0-d541-4dbf-9bd9-5a2441d4aeb4,20260815,ecs-keyed,adverse-ecs-mismatch,1,local-adverse-authority
1,1,1,1,168,1.0,1.0,1,1,1,1.0,0.0,1.0,-0.0,-0.0,1.0,0.0,1665.0,0.0,1.0,0.0,0.0,0.0018794536590576172,0.0018794536590576172,0.0,0.0017762184143066406,0.0,0,129e95e8-8d52-4b8b-9afe-4336bffa1115,20260815,ecs-keyed,adverse-ecs-mismatch,1,local-adverse-authority
1,1,1,1,114,1.0,1.0,1,1,1,1.0,0.0,1.0,-0.0,-0.0,1.0,0.0,300.0,0.0,1.0,0.0,0.0,0.005851030349731445,0.005851030349731445,0.0,0.0057680606842041016,0.0,0,68a9161c-9932-4ff2-b483-37800a9ceb4e,20260815,ecs-keyed,adverse-ecs-mismatch,1,local-adverse-authority
1,1,1,1,125,1.0,1.0,1,1,1,1.0,1.0,0.0,-0.0,-0.0,1.0,0.0,60.0,0.0,1.0,0.0,0.0,0.0018720626831054688,0.0018720626831054688,0.0,0.0016901493072509766,0.0,0,d10629fa-8d68-42cb-b017-acd9145735c5,20260815,ecs-keyed,adverse-ecs-omit,1,local-adverse-authority
1,1,1,1,188,1.0,1.0,1,1,1,1.0,0.0,1.0,-0.0,-0.0,1.0,0.0,827.0,0.0,1.0,0.0,0.0,0.00334930419921875,0.00334930419921875,0.0,0.0032215118408203125,0.0,0,1502e640-9f8c-44eb-8c57-19b872eee77f,20260815,ecs-keyed,adverse-ecs-mismatch,1,local-adverse-authority
1,1,1,1,118,1.0,1.0,1,1,1,1.0,0.0,1.0,-0.0,-0.0,1.0,0.0,33.0,0.0,1.0,0.0,0.0,0.0029222965240478516,0.0029222965240478516,0.0,0.0027925968170166016,0.0,0,672b9f78-eb1c-473a-b9dd-470af4998825,20260815,ecs-keyed,adverse-ecs-mismatch,1,local-adverse-authority
1,1,1,1,130,1.0,1.0,1,1,1,1.0,0.0,1.0,-0.0,-0.0,1.0,0.0,230.0,0.0,1.0,0.0,0.0,0.003503084182739258,0.003503084182739258,0.0,0.0033731460571289062,0.0,0,4c92a5b5-705a-4368-b800-9b66de9f9dde,20260815,ecs-keyed,adverse-ecs-mismatch,1,local-adverse-authority
1,1,1,1,144,1.0,1.0,1,1,1,1.0,0.0,1.0,-0.0,-0.0,1.0,0.0,300.0,0.0,1.0,0.0,0.0,0.0422520637512207,0.0422520637512207,0.0,0.04214763641357422,0.0,0,602db1e8-223c-4e73-b1a7-2dd6ee0a84cf,20260815,ecs-keyed,adverse-ecs-mismatch,1,local-adverse-authority
1,1,1,1,116,1.0,1.0,1,1,1,1.0,0.0,1.0,-0.0,-0.0,1.0,0.0,60.0,0.0,1.0,0.0,0.0,0.012985706329345703,0.012985706329345703,0.0,0.012891769409179688,0.0,0,03d979f6-6e06-4f41-b585-a4f2504710f1,20260815,ecs-keyed,adverse-ecs-mismatch,1,local-adverse-authority
1,1,1,1,155,1.0,1.0,1,1,1,1.0,1.0,0.0,-0.0,-0.0,1.0,0.0,120.0,0.0,1.0,0.0,0.0,0.04197406768798828,0.04197406768798828,0.0,0.04181170463562012,0.0,0,1a99e633-2592-4cc1-9df9-9596f2729760,20260815,ecs-keyed,adverse-ecs-omit,1,local-adverse-authority
1,1,1,1,126,1.0,1.0,1,1,1,1.0,0.0,1.0,-0.0,-0.0,1.0,0.0,9326.0,0.0,1.0,0.0,0.0,0.004157543182373047,0.004157543182373047,0.0,0.004059553146362305,0.0,0,a9768b6c-a4e1-4800-9385-9082db6fae2c,20260815,ecs-keyed,adverse-ecs-mismatch,1,local-adverse-authority
1,1,1,1,134,1.0,1.0,1,1,1,1.0,0.0,1.0,-0.0,-0.0,1.0,0.0,223.0,0.0,1.0,0.0,0.0,0.004367351531982422,0.004367351531982422,0.0,0.004210948944091797,0.0,0,677fdcaa-0b1c-49ba-8b1c-84dc8f13c7e6,20260815,ecs-keyed,adverse-ecs-mismatch,1,local-adverse-authority
1,1,1,1,214,1.0,1.0,1,1,1,1.0,0.0,1.0,-0.0,-0.0,1.0,0.0,300.0,0.0,1.0,0.0,0.0,0.003938913345336914,0.003938913345336914,0.0,0.0037965774536132812,0.0,0,58f487a5-b7c4-46e4-9c7a-a533e9503ff3,20260815,ecs-keyed,adverse-ecs-mismatch,1,local-adverse-authority
1,1,1,1,144,1.0,1.0,1,1,1,1.0,0.0,0.0,-0.0,-0.0,1.0,0.0,300.0,0.0,1.0,0.0,0.0,0.0019741058349609375,0.0019741058349609375,0.0,0.0018014907836914062,0.0,0,4c143bfc-cda6-4ad5-8399-80a2f463a0e8,20260815,ecs-keyed,adverse-ecs-mismatch,1,local-adverse-authority
1,1,1,1,126,1.0,1.0,1,1,1,1.0,0.0,0.0,-0.0,-0.0,1.0,0.0,10320.0,0.0,1.0,0.0,0.0,0.016877174377441406,0.016877174377441406,0.0,0.016735553741455078,0.0,0,6cd64789-a9da-4aac-bb7f-8787f72dfdce,20260815,ecs-keyed,adverse-ecs-mismatch,1,local-adverse-authority
1,1,1,1,146,1.0,1.0,1,1,1,1.0,0.0,0.0,-0.0,-0.0,1.0,0.0,31.0,0.0,1.0,0.0,0.0,0.0025320053100585938,0.0025320053100585938,0.0,0.0023605823516845703,0.0,0,425c7b94-1404-46fb-9f6c-ac394d298696,20260815,ecs-keyed,adverse-ecs-mismatch,1,local-adverse-authority
4,4,4,4,450,1.0,1.0,3,0,0,0.0,0.0,0.0,1.0,1.0,1.0,0.75,61.857142857142854,1.4658160590086007,0.25,0.0,0.0,0.6302623748779297,2.1320603609085076,1.719523845312851,0.003571033477783203,0.0,0,204c6709-23cf-4a93-b6c0-b17c13ae69d9,20260815,ecs-keyed,benign-burst,0,opendns
1,1,1,1,210,1.0,1.0,1,1,1,1.0,0.0,0.0,-0.0,-0.0,1.0,0.0,297.0,0.0,1.0,0.0,0.0,0.019550800323486328,0.019550800323486328,0.0,0.019451618194580078,0.0,0,6e4ab364-d588-488a-b981-5ebb4d9ab579,20260815,ecs-keyed,adverse-ecs-mismatch,1,local-adverse-authority
1,1,1,1,124,1.0,1.0,1,1,1,1.0,0.0,0.0,-0.0,-0.0,1.0,0.0,300.0,0.0,1.0,0.0,0.0,0.01891493797302246,0.01891493797302246,0.0,0.018715858459472656,0.0,0,b839c3ab-8fa4-447e-91a3-df5c4a44df7e,20260815,ecs-keyed,adverse-ecs-mismatch,1,local-adverse-authority
1,1,1,1,150,1.0,1.0,1,1,1,1.0,0.0,1.0,-0.0,-0.0,1.0,0.0,60.0,0.0,1.0,0.0,0.0,0.003138303756713867,0.003138303756713867,0.0,0.003017425537109375,0.0,0,efe6b7b1-1bac-4e62-8ac0-1add157644be,20260815,ecs-keyed,adverse-ecs-mismatch,1,local-adverse-authority
4,4,4,4,436,1.0,1.0,0,0,0,0.0,0.0,0.0,1.0,1.0,1.0,0.75,136.75,0.6972602621491233,0.25,0.0,0.0,5.022207319736481,5.045528626441955,0.0033672613563847285,0.0,0.0,0,762619f9-1ebc-4d1f-b8f0-0cd72d43fe96,20260815,ecs-keyed,benign-burst,0,cloudflare
1,1,1,1,132,1.0,1.0,1,1,1,1.0,0.0,1.0,-0.0,-0.0,1.0,0.0,300.0,0.0,1.0,0.0,0.0,0.01706218719482422,0.01706218719482422,0.0,0.016916990280151367,0.0,0,5a1a0386-2336-4881-a343-dbf808cf5f23,20260815,ecs-keyed,adverse-ecs-mismatch,1,local-adverse-authority
1,1,1,1,138,1.0,1.0,1,1,1,1.0,0.0,0.0,-0.0,-0.0,1.0,0.0,96.0,0.0,1.0,0.0,0.0,0.015413522720336914,0.015413522720336914,0.0,0.015262842178344727,0.0,0,75ca34fc-f684-4ec3-b462-c20c5bde495e,20260815,ecs-keyed,adverse-ecs-mismatch,1,local-adverse-authority
1,1,1,1,128,1.0,1.0,1,1,1,1.0,0.0,1.0,-0.0,-0.0,1.0,0.0,8288.0,0.0,1.0,0.0,0.0,0.013518095016479492,0.013518095016479492,0.0,0.01338052749633789,0.0,0,e5d0470e-9fd6-4ced-98b2-c5e67fc3963b,20260815,ecs-keyed,adverse-ecs-mismatch,1,local-adverse-authority
1,1,1,1,116,1.0,1.0,1,1,1,1.0,0.0,0.0,-0.0,-0.0,1.0,0.0,600.0,0.0,1.0,0.0,0.0,0.013239860534667969,0.013239860534667969,0.0,0.013049840927124023,0.0,0,f1f6f8d7-e651-47ce-ac65-3c7642ad25dc,20260815,ecs-keyed,adverse-ecs-mismatch,1,local-adverse-authority
1,1,1,1,122,1.0,1.0,1,1,1,1.0,0.0,0.0,-0.0,-0.0,1.0,0.0,300.0,0.0,1.0,0.0,0.0,0.00574803352355957,0.00574803352355957,0.0,0.005597829818725586,0.0,0,3cd7930b-51bd-4d5f-a45c-56d640bc05c0,20260815,ecs-keyed,adverse-ecs-mismatch,1,local-adverse-authority
4,4,4,4,581,1.0,1.0,1,0,0,0.0,0.0,0.0,1.0,1.0,1.0,0.75,393.73333333333335,2.179344386457936,0.25,0.0,0.0,2.512213706970215,4.635432159900664,0.7041693644723458,0.0020134449005126953,0.0,0,b6325522-5a3a-45b0-8a8d-6c639944e99d,20260815,ecs-keyed,benign-burst,0,opendns
1,1,1,1,126,1.0,1.0,1,1,1,1.0,0.0,1.0,-0.0,-0.0,1.0,0.0,1902.0,0.0,1.0,0.0,0.0,0.019451379776000977,0.019451379776000977,0.0,0.019294023513793945,0.0,0,ea5dc4d5-4fb3-4c3e-8c34-9ecc9e3a3fae,20260815,ecs-keyed,adverse-ecs-mismatch,1,local-adverse-authority
1,1,1,1,158,1.0,1.0,1,1,1,1.0,0.0,0.0,-0.0,-0.0,1.0,0.0,60.0,0.0,1.0,0.0,0.0,0.003571748733520508,0.003571748733520508,0.0,0.003385305404663086,0.0,0,bc6d4732-07f2-46aa-9a84-2cf90350d2e6,20260815,ecs-keyed,adverse-ecs-mismatch,1,local-adverse-authority
1,1,1,1,108,1.0,1.0,1,1,1,1.0,0.0,1.0,-0.0,-0.0,1.0,0.0,19.0,0.0,1.0,0.0,0.0,0.014400243759155273,0.014400243759155273,0.0,0.01421666145324707,0.0,0,17e40b4b-2336-4fa4-b3a0-92b891a680c2,20260815,ecs-keyed,adverse-ecs-mismatch,1,local-adverse-authority
1,1,1,1,134,1.0,1.0,1,1,1,1.0,0.0,1.0,-0.0,-0.0,1.0,0.0,300.0,0.0,1.0,0.0,0.0,0.02202320098876953,0.02202320098876953,0.0,0.021907329559326172,0.0,0,b563a3ac-a383-4ddf-8681-f5dd735bf06b,20260815,ecs-keyed,adverse-ecs-mismatch,1,local-adverse-authority
1,1,1,1,174,1.0,1.0,1,1,1,1.0,0.0,0.0,-0.0,-0.0,1.0,0.0,841.0,0.0,1.0,0.0,0.0,0.0062978267669677734,0.0062978267669677734,0.0,0.006146430969238281,0.0,0,ce3f54f9-21af-4365-8653-cdb51a34de9e,20260815,ecs-keyed,adverse-ecs-mismatch,1,local-adverse-authority
1,1,1,1,154,1.0,1.0,1,1,1,1.0,0.0,0.0,-0.0,-0.0,1.0,0.0,60.0,0.0,1.0,0.0,0.0,0.004946708679199219,0.004946708679199219,0.0,0.004851341247558594,0.0,0,c43fc250-c997-450f-82a8-1bf2848c7a96,20260815,ecs-keyed,adverse-ecs-mismatch,1,local-adverse-authority
1,1,1,1,138,1.0,1.0,1,1,1,1.0,0.0,1.0,-0.0,-0.0,1.0,0.0,300.0,0.0,1.0,0.0,0.0,0.0020475387573242188,0.0020475387573242188,0.0,0.0019016265869140625,0.0,0,f8a6e8e0-0358-445a-b116-777ad719a066,20260815,ecs-keyed,adverse-ecs-mismatch,1,local-adverse-authority
1,1,1,1,210,1.0,1.0,1,1,1,1.0,0.0,1.0,-0.0,-0.0,1.0,0.0,300.0,0.0,1.0,0.0,0.0,0.002225637435913086,0.002225637435913086,0.0,0.0020525455474853516,0.0,0,c745a383-d1e7-4eff-95a0-18021b090eb0,20260815,ecs-keyed,adverse-ecs-mismatch,1,local-adverse-authority
1,1,1,1,126,1.0,1.0,1,1,1,1.0,0.0,0.0,-0.0,-0.0,1.0,0.0,300.0,0.0,1.0,0.0,0.0,0.010260581970214844,0.010260581970214844,0.0,0.01006007194519043,0.0,0,9de0f48c-3e46-43b4-b232-966bebf09d64,20260815,ecs-keyed,adverse-ecs-mismatch,1,local-adverse-authority
1,1,1,1,114,1.0,1.0,1,1,1,1.0,0.0,0.0,-0.0,-0.0,1.0,0.0,300.0,0.0,1.0,0.0,0.0,0.0016193389892578125,0.0016193389892578125,0.0,0.0014269351959228516,0.0,0,67dc3114-326d-4209-a1b7-a3959ba5ce4f,20260815,ecs-keyed,adverse-ecs-mismatch,1,local-adverse-authority
1,1,1,1,110,1.0,1.0,1,1,1,1.0,0.0,0.0,-0.0,-0.0,1.0,0.0,646.0,0.0,1.0,0.0,0.0,0.007110595703125,0.007110595703125,0.0,0.006943464279174805,0.0,0,a7e66027-b6e4-4941-bbd4-2287052e3e2b,20260815,ecs-keyed,adverse-ecs-mismatch,1,local-adverse-authority
1,1,1,1,126,1.0,1.0,1,1,1,1.0,0.0,0.0,-0.0,-0.0,1.0,0.0,300.0,0.0,1.0,0.0,0.0,0.002428293228149414,0.002428293228149414,0.0,0.002135038375854492,0.0,0,30f03a31-920a-4b40-b24d-bec85791c934,20260815,ecs-keyed,adverse-ecs-mismatch,1,local-adverse-authority
1,1,1,1,118,1.0,1.0,1,1,1,1.0,0.0,0.0,-0.0,-0.0,1.0,0.0,300.0,0.0,1.0,0.0,0.0,0.004124164581298828,0.004124164581298828,0.0,0.0037348270416259766,0.0,0,274c67d0-d3da-422f-9a55-4898cab803bb,20260815,ecs-keyed,adverse-ecs-mismatch,1,local-adverse-authority
1,1,1,1,128,1.0,1.0,1,1,1,1.0,0.0,1.0,-0.0,-0.0,1.0,0.0,30.0,0.0,1.0,0.0,0.0,0.002961874008178711,0.002961874008178711,0.0,0.002409696578979492,0.0,0,61b8cc76-416b-40b4-a29f-503bbe85ed4b,20260815,ecs-keyed,adverse-ecs-mismatch,1,local-adverse-authority
1,1,1,1,110,1.0,1.0,1,1,1,1.0,0.0,1.0,-0.0,-0.0,1.0,0.0,300.0,0.0,1.0,0.0,0.0,0.03215742111206055,0.03215742111206055,0.0,0.03198862075805664,0.0,0,742a4b27-b48f-4200-8e4a-5a94fd76ee9f,20260815,ecs-keyed,adverse-ecs-mismatch,1,local-adverse-authority
1,1,1,1,116,1.0,1.0,1,1,1,1.0,0.0,0.0,-0.0,-0.0,1.0,0.0,221.0,0.0,1.0,0.0,0.0,0.0038497447967529297,0.0038497447967529297,0.0,0.0035614967346191406,0.0,0,0ad9c605-9843-4eb9-8aee-a408fdaad940,20260815,ecs-keyed,adverse-ecs-mismatch,1,local-adverse-authority
1,1,1,1,168,1.0,1.0,1,1,1,1.0,0.0,0.0,-0.0,-0.0,1.0,0.0,2146.0,0.0,1.0,0.0,0.0,0.0018908977508544922,0.0018908977508544922,0.0,0.0017285346984863281,0.0,0,31b235b6-f934-4c19-b5e0-44ea0fc42478,20260815,ecs-keyed,adverse-ecs-mismatch,1,local-adverse-authority
1,1,1,1,134,1.0,1.0,1,1,1,1.0,0.0,0.0,-0.0,-0.0,1.0,0.0,62.0,0.0,1.0,0.0,0.0,0.007010936737060547,0.007010936737060547,0.0,0.006901979446411133,0.0,0,b129ee48-8c77-49d5-a7a4-5f348848c169,20260815,ecs-keyed,adverse-ecs-mismatch,1,local-adverse-authority
1,1,1,1,130,1.0,1.0,1,1,1,1.0,0.0,0.0,-0.0,-0.0,1.0,0.0,168.0,0.0,1.0,0.0,0.0,0.0029952526092529297,0.0029952526092529297,0.0,0.002858400344848633,0.0,0,9ff2876d-f313-49e3-b9c0-48fd5da70a8b,20260815,ecs-keyed,adverse-ecs-mismatch,1,local-adverse-authority
1,1,1,1,214,1.0,1.0,1,1,1,1.0,0.0,1.0,-0.0,-0.0,1.0,0.0,93.0,0.0,1.0,0.0,0.0,0.022661924362182617,0.022661924362182617,0.0,0.022269248962402344,0.0,0,4b9bbee3-4ef3-4c1d-8573-642dfb663f2f,20260815,ecs-keyed,adverse-ecs-mismatch,1,local-adverse-authority
1,1,1,1,178,1.0,1.0,1,1,1,1.0,0.0,1.0,-0.0,-0.0,1.0,0.0,256.0,0.0,1.0,0.0,0.0,0.002423524856567383,0.002423524856567383,0.0,0.0022563934326171875,0.0,0,d0524934-3094-4b10-a9ee-00ebae1b9d3a,20260815,ecs-keyed,adverse-ecs-mismatch,1,local-adverse-authority
1,1,1,1,162,1.0,1.0,1,1,1,1.0,0.0,0.0,-0.0,-0.0,1.0,0.0,300.0,0.0,1.0,0.0,0.0,0.037867069244384766,0.037867069244384766,0.0,0.03776717185974121,0.0,0,e5801858-63f6-486a-9580-a549ecf63784,20260815,ecs-keyed,adverse-ecs-mismatch,1,local-adverse-authority
1,1,1,1,118,1.0,1.0,1,1,1,1.0,0.0,1.0,-0.0,-0.0,1.0,0.0,18.0,0.0,1.0,0.0,0.0,0.0066356658935546875,0.0066356658935546875,0.0,0.006422996520996094,0.0,0,c3d44a50-b987-4347-843b-e60e36f52f7f,20260815,ecs-keyed,adverse-ecs-mismatch,1,local-adverse-authority
1,1,1,1,198,1.0,1.0,1,1,1,1.0,0.0,1.0,-0.0,-0.0,1.0,0.0,4281.0,0.0,1.0,0.0,0.0,0.048517704010009766,0.048517704010009766,0.0,0.04817318916320801,0.0,0,aea86f68-3cda-40b8-a45e-e8850e21829b,20260815,ecs-keyed,adverse-ecs-mismatch,1,local-adverse-authority
1,1,1,1,206,1.0,1.0,1,1,1,1.0,0.0,0.0,-0.0,-0.0,1.0,0.0,275.0,0.0,1.0,0.0,0.0,0.004679441452026367,0.004679441452026367,0.0,0.00451970100402832,0.0,0,0f3e7e7b-a8cb-4a06-8351-ed07a929dff4,20260815,ecs-keyed,adverse-ecs-mismatch,1,local-adverse-authority
1,1,1,1,188,1.0,1.0,1,1,1,1.0,0.0,1.0,-0.0,-0.0,1.0,0.0,60.0,0.0,1.0,0.0,0.0,0.03388047218322754,0.03388047218322754,0.0,0.03371381759643555,0.0,0,1c837eda-cca5-4da1-aa28-339d3a73e895,20260815,ecs-keyed,adverse-ecs-mismatch,1,local-adverse-authority
1,1,1,1,138,1.0,1.0,1,1,1,1.0,0.0,1.0,-0.0,-0.0,1.0,0.0,20195.0,0.0,1.0,0.0,0.0,0.012716531753540039,0.012716531753540039,0.0,0.01261758804321289,0.0,0,74b27459-76f4-4bdf-8863-e085b565ec40,20260815,ecs-keyed,adverse-ecs-mismatch,1,local-adverse-authority
1,1,1,1,120,1.0,1.0,1,1,1,1.0,0.0,0.0,-0.0,-0.0,1.0,0.0,1582.0,0.0,1.0,0.0,0.0,0.002603769302368164,0.002603769302368164,0.0,0.0024344921112060547,0.0,0,24199e6b-1bbb-496f-ad03-4ab3f658c1d3,20260815,ecs-keyed,adverse-ecs-mismatch,1,local-adverse-authority
1,1,1,1,134,1.0,1.0,1,1,1,1.0,0.0,0.0,-0.0,-0.0,1.0,0.0,271.0,0.0,1.0,0.0,0.0,0.03603959083557129,0.03603959083557129,0.0,0.03588080406188965,0.0,0,4ecbc4a1-7813-4b54-af7f-26f679be2883,20260815,ecs-keyed,adverse-ecs-mismatch,1,local-adverse-authority
1,1,1,1,128,1.0,1.0,1,1,1,1.0,0.0,1.0,-0.0,-0.0,1.0,0.0,300.0,0.0,1.0,0.0,0.0,0.0033473968505859375,0.0033473968505859375,0.0,0.0032351016998291016,0.0,0,cf80ceb6-dae8-42b5-8210-12ccda8fc11c,20260815,ecs-keyed,adverse-ecs-mismatch,1,local-adverse-authority
1,1,1,1,122,1.0,1.0,1,1,1,1.0,0.0,0.0,-0.0,-0.0,1.0,0.0,60.0,0.0,1.0,0.0,0.0,0.001783132553100586,0.001783132553100586,0.0,0.001661539077758789,0.0,0,00171da1-d004-4a7e-8ca9-cb25965ba009,20260815,ecs-keyed,adverse-ecs-mismatch,1,local-adverse-authority
1,1,1,1,128,1.0,1.0,1,1,1,1.0,0.0,0.0,-0.0,-0.0,1.0,0.0,20029.0,0.0,1.0,0.0,0.0,0.0014319419860839844,0.0014319419860839844,0.0,0.0013539791107177734,0.0,0,8832c245-be87-4a33-8e62-c289c6bdd206,20260815,ecs-keyed,adverse-ecs-mismatch,1,local-adverse-authority
1,1,1,1,134,1.0,1.0,1,1,1,1.0,0.0,0.0,-0.0,-0.0,1.0,0.0,5.0,0.0,1.0,0.0,0.0,0.013639688491821289,0.013639688491821289,0.0,0.013497591018676758,0.0,0,efe25260-e695-4920-8f67-f7bd5f7cbc09,20260815,ecs-keyed,adverse-ecs-mismatch,1,local-adverse-authority
1,1,1,1,132,1.0,1.0,1,1,1,1.0,0.0,1.0,-0.0,-0.0,1.0,0.0,88.0,0.0,1.0,0.0,0.0,0.002550840377807617,0.002550840377807617,0.0,0.0023467540740966797,0.0,0,5444e3a9-0f96-44b7-a535-528313518c4b,20260815,ecs-keyed,adverse-ecs-mismatch,1,local-adverse-authority
1,1,1,1,134,1.0,1.0,1,1,1,1.0,0.0,0.0,-0.0,-0.0,1.0,0.0,183.0,0.0,1.0,0.0,0.0,0.0025174617767333984,0.0025174617767333984,0.0,0.0023784637451171875,0.0,0,ce03fcb8-9279-40ea-9b1f-3bef616ce89d,20260815,ecs-keyed,adverse-ecs-mismatch,1,local-adverse-authority
1,1,1,1,136,1.0,1.0,1,1,1,1.0,0.0,1.0,-0.0,-0.0,1.0,0.0,218.0,0.0,1.0,0.0,0.0,0.004681110382080078,0.004681110382080078,0.0,0.004135847091674805,0.0,0,c15f4ca8-534a-4ff0-a334-952eca2288d5,20260815,ecs-keyed,adverse-ecs-mismatch,1,local-adverse-authority
1,1,1,1,134,1.0,1.0,1,1,1,1.0,0.0,0.0,-0.0,-0.0,1.0,0.0,300.0,0.0,1.0,0.0,0.0,0.002599000930786133,0.002599000930786133,0.0,0.0024261474609375,0.0,0,e2c7b836-3c3e-4098-847a-abc9b0ae2b13,20260815,ecs-keyed,adverse-ecs-mismatch,1,local-adverse-authority
1,1,1,1,114,1.0,1.0,1,1,1,1.0,0.0,0.0,-0.0,-0.0,1.0,0.0,251.0,0.0,1.0,0.0,0.0,0.039956092834472656,0.039956092834472656,0.0,0.03983354568481445,0.0,0,413efd44-4178-42a0-a756-1b7052addf9a,20260815,ecs-keyed,adverse-ecs-mismatch,1,local-adverse-authority
1,1,1,1,162,1.0,1.0,1,1,1,1.0,0.0,0.0,-0.0,-0.0,1.0,0.0,300.0,0.0,1.0,0.0,0.0,0.016093015670776367,0.016093015670776367,0.0,0.01595282554626465,0.0,0,80d470f1-b247-4c6e-abcb-b4d1df6aae04,20260815,ecs-keyed,adverse-ecs-mismatch,1,local-adverse-authority
1,1,1,1,158,1.0,1.0,1,1,1,1.0,0.0,0.0,-0.0,-0.0,1.0,0.0,4.0,0.0,1.0,0.0,0.0,0.002115964889526367,0.002115964889526367,0.0,0.001969575881958008,0.0,0,1f8f393d-c661-408f-8c7b-281fb5917d16,20260815,ecs-keyed,adverse-ecs-mismatch,1,local-adverse-authority
1,1,1,1,116,1.0,1.0,1,1,1,1.0,0.0,1.0,-0.0,-0.0,1.0,0.0,44.0,0.0,1.0,0.0,0.0,0.0034089088439941406,0.0034089088439941406,0.0,0.003304719924926758,0.0,0,3ccd50f1-eabe-48b4-9c68-ab500d635f37,20260815,ecs-keyed,adverse-ecs-mismatch,1,local-adverse-authority
1,1,1,1,116,1.0,1.0,1,1,1,1.0,0.0,0.0,-0.0,-0.0,1.0,0.0,270.0,0.0,1.0,0.0,0.0,0.02073526382446289,0.02073526382446289,0.0,0.02058553695678711,0.0,0,30c1d612-03e2-45cb-bcdd-37f2a58c380f,20260815,ecs-keyed,adverse-ecs-mismatch,1,local-adverse-authority
1,1,1,1,150,1.0,1.0,1,1,1,1.0,0.0,0.0,-0.0,-0.0,1.0,0.0,3058.0,0.0,1.0,0.0,0.0,0.005769252777099609,0.005769252777099609,0.0,0.005438089370727539,0.0,0,8dc85562-4186-4b2e-870c-24e65fc18791,20260815,ecs-keyed,adverse-ecs-mismatch,1,local-adverse-authority
1,1,1,1,164,1.0,1.0,1,1,1,1.0,0.0,0.0,-0.0,-0.0,1.0,0.0,18540.0,0.0,1.0,0.0,0.0,0.003122091293334961,0.003122091293334961,0.0,0.003031492233276367,0.0,0,997fd8cd-386b-4398-aa39-e6fdccb0dec8,20260815,ecs-keyed,adverse-ecs-mismatch,1,local-adverse-authority
1,1,1,1,142,1.0,1.0,1,1,1,1.0,0.0,0.0,-0.0,-0.0,1.0,0.0,194.0,0.0,1.0,0.0,0.0,0.013410329818725586,0.013410329818725586,0.0,0.013298273086547852,0.0,0,5b1f2730-f6c1-44cb-8d72-7f44a6214dfc,20260815,ecs-keyed,adverse-ecs-mismatch,1,local-adverse-authority
1,1,1,1,124,1.0,1.0,1,1,1,1.0,0.0,0.0,-0.0,-0.0,1.0,0.0,76.0,0.0,1.0,0.0,0.0,0.003626108169555664,0.003626108169555664,0.0,0.0034627914428710938,0.0,0,74c5f4b6-1fba-49a9-9005-677ef0233757,20260815,ecs-keyed,adverse-ecs-mismatch,1,local-adverse-authority
1,1,1,1,126,1.0,1.0,1,1,1,1.0,0.0,0.0,-0.0,-0.0,1.0,0.0,20.0,0.0,1.0,0.0,0.0,0.03893017768859863,0.03893017768859863,0.0,0.038822174072265625,0.0,0,6fb3a9eb-5eb8-4b58-9289-3b7ef6ce26cf,20260815,ecs-keyed,adverse-ecs-mismatch,1,local-adverse-authority
1,1,1,1,164,1.0,1.0,1,1,1,1.0,0.0,0.0,-0.0,-0.0,1.0,0.0,13.0,0.0,1.0,0.0,0.0,0.0029726028442382812,0.0029726028442382812,0.0,0.0027921199798583984,0.0,0,80893459-4511-4203-aaaa-cadbe633a4f9,20260815,ecs-keyed,adverse-ecs-mismatch,1,local-adverse-authority
1,1,1,1,120,1.0,1.0,1,1,1,1.0,0.0,1.0,-0.0,-0.0,1.0,0.0,300.0,0.0,1.0,0.0,0.0,0.0021615028381347656,0.0021615028381347656,0.0,0.0019309520721435547,0.0,0,5af5bfda-9dea-403d-a74c-dd82f5cc5afc,20260815,ecs-keyed,adverse-ecs-mismatch,1,local-adverse-authority
1,1,1,1,134,1.0,1.0,1,1,1,1.0,0.0,1.0,-0.0,-0.0,1.0,0.0,75.0,0.0,1.0,0.0,0.0,0.02330756187438965,0.02330756187438965,0.0,0.023103713989257812,0.0,0,3632d109-5ba4-4c66-99ac-fc5d0e840291,20260815,ecs-keyed,adverse-ecs-mismatch,1,local-adverse-authority
1,1,1,1,112,1.0,1.0,1,1,1,1.0,0.0,1.0,-0.0,-0.0,1.0,0.0,543.0,0.0,1.0,0.0,0.0,0.0025734901428222656,0.0025734901428222656,0.0,0.0023190975189208984,0.0,0,f655bbb2-314f-4702-88f5-ddee7c38eb80,20260815,ecs-keyed,adverse-ecs-mismatch,1,local-adverse-authority
1,1,1,1,128,1.0,1.0,1,1,1,1.0,0.0,0.0,-0.0,-0.0,1.0,0.0,20053.0,0.0,1.0,0.0,0.0,0.003548145294189453,0.003548145294189453,0.0,0.003415822982788086,0.0,0,c8ec253a-af02-418b-a8ae-c1d4ff0c8e2a,20260815,ecs-keyed,adverse-ecs-mismatch,1,local-adverse-authority
1,1,1,1,114,1.0,1.0,1,1,1,1.0,0.0,1.0,-0.0,-0.0,1.0,0.0,294.0,0.0,1.0,0.0,0.0,0.006643772125244141,0.006643772125244141,0.0,0.006483554840087891,0.0,0,8dc8c5a9-e298-44a2-8d90-62dd5b701085,20260815,ecs-keyed,adverse-ecs-mismatch,1,local-adverse-authority
1,1,1,1,168,1.0,1.0,1,1,1,1.0,0.0,1.0,-0.0,-0.0,1.0,0.0,60.0,0.0,1.0,0.0,0.0,0.04065370559692383,0.04065370559692383,0.0,0.04043436050415039,0.0,0,24139264-c8a6-47d6-8717-fa8d23fe84a5,20260815,ecs-keyed,adverse-ecs-mismatch,1,local-adverse-authority
1,1,1,1,134,1.0,1.0,1,1,1,1.0,0.0,0.0,-0.0,-0.0,1.0,0.0,20.0,0.0,1.0,0.0,0.0,0.0064160823822021484,0.0064160823822021484,0.0,0.006267070770263672,0.0,0,4af4d176-808d-4331-99d5-7bbf5282978e,20260815,ecs-keyed,adverse-ecs-mismatch,1,local-adverse-authority
1,1,1,1,136,1.0,1.0,1,1,1,1.0,0.0,0.0,-0.0,-0.0,1.0,0.0,256.0,0.0,1.0,0.0,0.0,0.003832101821899414,0.003832101821899414,0.0,0.0036857128143310547,0.0,0,7cdb48fa-1eb6-4812-9154-e284b2d5fd9a,20260815,ecs-keyed,adverse-ecs-mismatch,1,local-adverse-authority
1,1,1,1,216,1.0,1.0,1,1,1,1.0,0.0,1.0,-0.0,-0.0,1.0,0.0,196.0,0.0,1.0,0.0,0.0,0.03866410255432129,0.03866410255432129,0.0,0.03852558135986328,0.0,0,890f58ab-6ef6-4cc2-8031-e6a5100e416f,20260815,ecs-keyed,adverse-ecs-mismatch,1,local-adverse-authority
1,1,1,1,110,1.0,1.0,1,1,1,1.0,0.0,0.0,-0.0,-0.0,1.0,0.0,5.0,0.0,1.0,0.0,0.0,0.046924591064453125,0.046924591064453125,0.0,0.046457767486572266,0.0,0,0c3498f9-ffd6-4108-b993-fbc3d8819c0a,20260815,ecs-keyed,adverse-ecs-mismatch,1,local-adverse-authority
1,1,1,1,110,1.0,1.0,1,1,1,1.0,0.0,0.0,-0.0,-0.0,1.0,0.0,243.0,0.0,1.0,0.0,0.0,0.014803171157836914,0.014803171157836914,0.0,0.014669418334960938,0.0,0,94481b59-427e-4eaf-942e-efeb0412e096,20260815,ecs-keyed,adverse-ecs-mismatch,1,local-adverse-authority
1,1,1,1,162,1.0,1.0,1,1,1,1.0,0.0,0.0,-0.0,-0.0,1.0,0.0,246.0,0.0,1.0,0.0,0.0,0.003250598907470703,0.003250598907470703,0.0,0.003022432327270508,0.0,0,d4e6667e-fc66-43df-b9a8-15048ef5af06,20260815,ecs-keyed,adverse-ecs-mismatch,1,local-adverse-authority
1,1,1,1,188,1.0,1.0,1,1,1,1.0,0.0,0.0,-0.0,-0.0,1.0,0.0,33.0,0.0,1.0,0.0,0.0,0.0027246475219726562,0.0027246475219726562,0.0,0.0023353099822998047,0.0,0,18037ff2-f58b-4bff-8ce8-cd504e06fe38,20260815,ecs-keyed,adverse-ecs-mismatch,1,local-adverse-authority
1,1,1,1,158,1.0,1.0,1,1,1,1.0,0.0,0.0,-0.0,-0.0,1.0,0.0,2741.0,0.0,1.0,0.0,0.0,0.0023927688598632812,0.0023927688598632812,0.0,0.0022559165954589844,0.0,0,b6326add-e5d6-43ff-8a9b-68093164418b,20260815,ecs-keyed,adverse-ecs-mismatch,1,local-adverse-authority
1,1,1,1,150,1.0,1.0,1,1,1,1.0,0.0,0.0,-0.0,-0.0,1.0,0.0,42.0,0.0,1.0,0.0,0.0,0.001627206802368164,0.001627206802368164,0.0,0.0015065670013427734,0.0,0,cd915822-3788-4c77-96cc-95c593d11b44,20260815,ecs-keyed,adverse-ecs-mismatch,1,local-adverse-authority
1,1,1,1,132,1.0,1.0,1,1,1,1.0,0.0,1.0,-0.0,-0.0,1.0,0.0,300.0,0.0,1.0,0.0,0.0,0.004511594772338867,0.004511594772338867,0.0,0.004233598709106445,0.0,0,3c7ef845-8f50-4bb8-9721-c8bf74be8125,20260815,ecs-keyed,adverse-ecs-mismatch,1,local-adverse-authority
1,1,1,1,154,1.0,1.0,1,1,1,1.0,0.0,1.0,-0.0,-0.0,1.0,0.0,300.0,0.0,1.0,0.0,0.0,0.006345510482788086,0.006345510482788086,0.0,0.006088972091674805,0.0,0,47bc953b-bcd4-4250-a779-9dda540fa37a,20260815,ecs-keyed,adverse-ecs-mismatch,1,local-adverse-authority
6,9,6,9,1167,1.0,1.5,6,6,6,1.0,0.0,0.0,1.0,1.0,0.4444444444444444,0.33333333333333337,60.0,0.0,0.1111111111111111,0.0,0.0,0.012709167268541124,0.019162940979003906,0.4541328541720815,0.009866793950398764,3.544489542643229e-05,0,573f4413-7c1e-4f43-a2ac-bec1e0c4de0c,20260815,ecs-keyed,adverse-conflict,1,local-adverse-authority
6,9,6,9,1167,1.0,1.5,6,6,6,1.0,0.0,0.0,1.0,1.0,0.4444444444444444,0.33333333333333337,8.0,0.0,0.1111111111111111,0.0,0.0,0.01597936948140462,0.03328814506530761,0.7159703446139063,0.014718731244405111,5.332628885904948e-05,0,d8b09453-29ee-45ee-8eca-f5d25a0394d7,20260815,ecs-keyed,adverse-conflict,1,local-adverse-authority
6,10,6,10,1504,1.0,1.6666666666666667,6,6,6,1.0,0.0,0.0,1.0,1.0,0.5,0.4,12.0,0.0,0.1,0.0,0.0,0.024538874626159668,0.04820575714111328,0.6779330476452771,0.020577669143676758,4.4345855712890625e-05,0,cc6b9503-aaa2-452f-8230-f2e748e1f000,20260815,ecs-keyed,adverse-conflict,1,local-adverse-authority
1,1,1,1,110,1.0,1.0,1,1,1,1.0,0.0,1.0,-0.0,-0.0,1.0,0.0,300.0,0.0,1.0,0.0,0.0,0.09404397010803223,0.09404397010803223,0.0,0.09391188621520996,0.0,0,3b7a0df4-899e-4036-abf8-1afaf716c3af,20260815,ecs-keyed,adverse-ecs-mismatch,1,local-adverse-authority
6,11,6,11,1438,1.0,1.8333333333333333,6,6,6,1.0,0.0,0.0,1.0,1.0,0.5454545454545454,0.4545454545454546,300.0,0.0,0.09090909090909091,0.0,0.0,0.03301715850830078,0.052756309509277344,0.5022433589491376,0.029897769292195637,8.521080017089843e-05,0,92933ac0-2a03-443b-8c46-25fa2560a7c5,20260815,ecs-keyed,adverse-conflict,1,local-adverse-authority
6,11,6,11,1450,1.0,1.8333333333333333,6,6,6,1.0,0.0,0.0,1.0,1.0,0.5454545454545454,0.4545454545454546,6.0,0.0,0.09090909090909091,0.0,0.0,0.010470086877996271,0.02136850357055664,0.5242686020332674,0.009412566820780436,4.358291625976563e-05,0,fdee3865-8165-45b5-8ea9-9121ee91200a,20260815,ecs-keyed,adverse-conflict,1,local-adverse-authority
6,9,6,9,1071,1.0,1.5,6,6,6,1.0,0.0,0.0,1.0,1.0,0.4444444444444444,0.33333333333333337,811.0,0.0,0.1111111111111111,0.0,0.0,0.015456438064575195,0.04437212944030762,1.0100802283252452,0.011791110038757324,3.8782755533854164e-05,0,8492655d-aceb-4de3-92ee-321f2990fddf,20260815,ecs-keyed,adverse-conflict,1,local-adverse-authority
6,7,6,7,832,1.0,1.1666666666666667,6,6,6,1.0,0.0,0.0,1.0,1.0,0.2857142857142857,0.1428571428571429,16.0,0.0,0.14285714285714285,0.0,0.0,0.026011092322213308,0.04653499126434326,0.6698070051389174,0.021430333455403645,4.935264587402344e-05,0,4939e87d-040b-4a9d-97f2-a500c0ce0afc,20260815,ecs-keyed,adverse-conflict,1,local-adverse-authority
6,9,6,9,879,1.0,1.5,5,6,6,1.0,0.0,0.0,1.0,1.0,0.4444444444444444,0.33333333333333337,300.0,0.0,0.1111111111111111,0.0,0.0,0.0277913146548801,0.08813710212707519,1.1739782156450012,0.020311951637268066,8.932749430338542e-05,0,448ea05a-5c9b-4b3e-bdbf-de3981b57419,20260815,ecs-keyed,adverse-conflict,1,local-adverse-authority
1,1,1,1,164,1.0,1.0,1,1,1,1.0,0.0,0.0,-0.0,-0.0,1.0,0.0,900.0,0.0,1.0,0.0,0.0,0.0032672882080078125,0.0032672882080078125,0.0,0.0027399063110351562,0.0,0,7b8823f4-cd82-489e-bd85-c988000914ea,20260815,ecs-keyed,adverse-ecs-mismatch,1,local-adverse-authority
6,12,6,12,1116,1.0,2.0,6,6,6,1.0,0.0,0.0,1.0,1.0,0.5833333333333334,0.5,11684.0,0.0,0.08333333333333333,0.0,0.0,0.017877598603566486,0.03685903549194336,0.6537666376886805,0.0173952579498291,7.530053456624349e-05,0,e1394b1e-3c43-4236-a8f7-46ac6d9f61fd,20260815,ecs-keyed,adverse-conflict,1,local-adverse-authority
6,10,6,10,1056,1.0,1.6666666666666667,6,6,6,1.0,0.0,0.0,1.0,1.0,0.5,0.4,20.0,0.0,0.1,0.0,0.0,0.014616990089416504,0.03767220973968506,0.8507575529572724,0.01223297913869222,5.7578086853027344e-05,0,302d8614-aafd-4c58-b5a8-6d3db7c9ce99,20260815,ecs-keyed,adverse-conflict,1,local-adverse-authority
6,10,6,10,1312,1.0,1.6666666666666667,5,6,6,1.0,0.0,0.0,1.0,1.0,0.5,0.4,37.0,0.0,0.1,0.0,0.0,0.010124135017395019,0.022055423259735106,0.6379833565166507,0.008256077766418457,0.0003743171691894531,0,8ef27d38-8092-45dd-9359-74d4825c265e,20260815,ecs-keyed,adverse-conflict,1,local-adverse-authority
6,10,6,10,1264,1.0,1.6666666666666667,6,6,6,1.0,0.0,0.0,1.0,1.0,0.5,0.4,37.0,0.0,0.1,0.0,0.0,0.019442534446716307,0.04395163059234619,0.7374284091966316,0.016371925671895344,9.036064147949219e-05,0,c3831578-75e8-488a-af25-ccd8f0b59619,20260815,ecs-keyed,adverse-conflict,1,local-adverse-authority
6,10,6,10,1232,1.0,1.6666666666666667,6,6,6,1.0,0.0,0.0,1.0,1.0,0.5,0.4,3597.0,0.0,0.1,0.0,0.0,0.021556901931762695,0.0466454267501831,0.7624171251699877,0.022376060485839844,3.892183303833008e-05,0,bd7de0df-a658-4165-9270-fd7aad35be78,20260815,ecs-keyed,adverse-conflict,1,local-adverse-authority
6,9,6,9,909,1.0,1.5,6,6,6,1.0,0.0,0.0,1.0,1.0,0.4444444444444444,0.33333333333333337,2.0,0.0,0.1111111111111111,0.0,0.0,0.010390281677246094,0.02595939636230468,0.9243235869136405,0.011008381843566895,8.495648701985677e-05,0,12dc0688-b12c-4a72-8442-326cf45a4565,20260815,ecs-keyed,adverse-conflict,1,local-adverse-authority
6,10,6,10,1040,1.0,1.6666666666666667,6,6,6,1.0,0.0,0.0,1.0,1.0,0.5,0.4,19113.0,0.0,0.1,0.0,0.0,0.028432369232177734,0.08180192708969117,0.9525799935132407,0.025304555892944336,0.00047385692596435547,0,058b8835-4372-43f7-837e-f28633023584,20260815,ecs-keyed,adverse-conflict,1,local-adverse-authority
6,11,6,11,1224,1.0,1.8333333333333333,6,6,6,1.0,0.0,0.0,1.0,1.0,0.5454545454545454,0.4545454545454546,300.0,0.0,0.09090909090909091,0.0,0.0,0.034908294677734375,0.07731449604034424,0.8396109008836514,0.031544764836629234,0.0003429412841796875,0,ee867c2c-f320-4a79-9751-dd3c293d5878,20260815,ecs-keyed,adverse-conflict,1,local-adverse-authority
6,10,6,10,1216,1.0,1.6666666666666667,6,6,6,1.0,0.0,0.0,1.0,1.0,0.5,0.4,60.0,0.0,0.1,0.0,0.0,0.016083788871765137,0.04520304203033447,0.9419154178623386,0.014651298522949219,0.00023317337036132812,0,98890f82-4823-460d-ac85-674874d648b0,20260815,ecs-keyed,adverse-conflict,1,local-adverse-authority
6,11,6,11,1382,1.0,1.8333333333333333,6,6,6,1.0,0.0,0.0,1.0,1.0,0.5454545454545454,0.4545454545454546,60.0,0.0,0.09090909090909091,0.0,0.0,0.017022978175770153,0.04172992706298828,0.7912212828007367,0.014635682106018066,0.000113677978515625,0,8f1b87cd-481c-4231-86df-aa381173eb27,20260815,ecs-keyed,adverse-conflict,1,local-adverse-authority
6,10,6,10,896,1.0,1.6666666666666667,6,6,6,1.0,0.0,0.0,1.0,1.0,0.5,0.4,11411.0,0.0,0.1,0.0,0.0,0.009573411941528321,0.01805003881454468,0.5075677584215949,0.007916847864786783,4.70280647277832e-05,0,2f79b3b8-62f7-46e7-ac3e-9c47f11125c6,20260815,ecs-keyed,adverse-conflict,1,local-adverse-authority
6,11,6,11,1591,1.0,1.8333333333333333,6,6,6,1.0,0.0,0.0,1.0,1.0,0.5454545454545454,0.4545454545454546,290.0,0.0,0.09090909090909091,0.0,0.0,0.02576422691345215,0.06306755542755127,0.805625267520215,0.02333676815032959,0.00017542839050292968,0,23f16a40-8fdf-4dab-9adb-35c094676772,20260815,ecs-keyed,adverse-conflict,1,local-adverse-authority
6,12,6,12,1224,1.0,2.0,6,6,6,1.0,0.0,0.0,1.0,1.0,0.5833333333333334,0.5,70.0,0.0,0.08333333333333333,0.0,0.0,0.02439439296722412,0.0481016993522644,0.6882140328250622,0.02309719721476237,5.070368448893229e-05,0,e3f74c65-c12d-47aa-9505-22024856a5fa,20260815,ecs-keyed,adverse-conflict,1,local-adverse-authority
6,11,6,11,1382,1.0,1.8333333333333333,6,6,6,1.0,0.0,0.0,1.0,1.0,0.5454545454545454,0.4545454545454546,60.0,0.0,0.09090909090909091,0.0,0.0,0.015997388146140358,0.027243852615356445,0.40668691150354574,0.014142076174418131,0.00013532638549804688,0,30cfc069-d856-459e-99df-1458791d726f,20260815,ecs-keyed,adverse-conflict,1,local-adverse-authority
6,10,6,10,1072,1.0,1.6666666666666667,6,6,6,1.0,0.0,0.0,1.0,1.0,0.5,0.4,298.0,0.0,0.1,0.0,0.0,0.020138049125671388,0.046037065982818606,0.6786210458280906,0.017458597819010418,0.00022047758102416992,0,fce37f62-98b5-47ad-a1ff-af9c7aca32b3,20260815,ecs-keyed,adverse-conflict,1,local-adverse-authority
6,12,6,12,1146,1.0,2.0,6,6,6,1.0,0.0,0.0,1.0,1.0,0.5833333333333334,0.5,93.0,0.0,0.08333333333333333,0.0,0.0,0.010606427987416586,0.025230956077575684,0.6328508202534243,0.009713411331176758,0.0004400014877319336,0,cf4599b6-5a8a-4327-b5c2-d1f8fe30c78a,20260815,ecs-keyed,adverse-conflict,1,local-adverse-authority
6,11,6,11,1009,1.0,1.8333333333333333,6,6,6,1.0,0.0,0.0,1.0,1.0,0.5454545454545454,0.4545454545454546,281.0,0.0,0.09090909090909091,0.0,0.0,0.013925595716996626,0.02430260181427002,0.47743951495859704,0.012429038683573404,3.986358642578125e-05,0,cfd3efb5-815a-4327-999d-39dcf182030a,20260815,ecs-keyed,adverse-conflict,1,local-adverse-authority
6,10,6,10,1168,1.0,1.6666666666666667,6,6,6,1.0,0.0,0.0,1.0,1.0,0.5,0.4,300.0,0.0,0.1,0.0,0.0,0.026330780982971192,0.04274742603302002,0.5166216226613061,0.023517131805419922,0.00017637014389038086,0,1e164b90-34f8-40d9-9ec1-a56e626a604d,20260815,ecs-keyed,adverse-conflict,1,local-adverse-authority
4,4,4,4,408,1.0,1.0,0,0,0,0.0,0.0,0.0,1.0,1.0,1.0,0.75,1036.75,1.3943070989983675,0.25,0.0,0.0,4.386648058891296,5.015456366539001,0.2476056372479604,0.0,0.0,0,ca7dea6e-c7a5-4a1c-97d8-1896455bf9e0,20260815,ecs-keyed,benign-burst,0,opendns
4,4,4,4,226,1.0,1.0,4,0,0,0.0,0.0,0.0,1.0,1.0,0.5,0.25,300.0,0.0,0.5,0.0,0.0,5.633349299430847,7.507033085823059,0.5758637979302119,5.633029103279114,0.0,3,a4ac8865-6798-41f0-aba7-88411599b0fe,20260815,ecs-keyed,benign-burst,0,google
4,4,4,4,489,1.0,1.0,1,0,0,0.0,0.0,0.0,1.0,1.0,1.0,0.75,478.7142857142857,2.3224468476334823,0.25,0.0,0.0,3.140588343143463,5.023191285133362,0.6609243204432265,0.013236045837402344,0.0,0,4945b159-0d6b-47e0-8323-2555069a108a,20260815,ecs-keyed,benign-burst,0,cloudflare
6,11,6,11,1297,1.0,1.8333333333333333,6,6,6,1.0,0.0,0.0,1.0,1.0,0.5454545454545454,0.4545454545454546,2977.0,0.0,0.09090909090909091,0.0,0.0,0.030153968117453835,0.0590975284576416,0.6904538531159609,0.03131727377573649,5.3548812866210936e-05,0,ea26b119-ed95-4dda-9596-a86b640148e3,20260815,ecs-keyed,adverse-conflict,1,local-adverse-authority
4,4,4,4,415,1.0,1.0,0,0,0,0.0,0.0,0.0,1.0,1.0,1.0,0.75,3820.0,1.7475178134326919,0.25,0.0,0.0,5.015126883983612,5.0199166417121885,0.0009218368354427784,0.0,0.0,0,eb5fc946-ce3d-4151-97e9-8c452893cc88,20260815,ecs-keyed,benign-burst,0,cloudflare
4,4,4,4,552,1.0,1.0,0,0,0,0.0,0.0,0.0,1.0,1.0,1.0,0.75,120.33333333333333,1.0044139507867809,0.25,0.0,0.0,5.015482842922211,5.021231365203858,0.0008165420738171805,0.0,0.0,0,3a2a52f5-bfef-4b52-b263-e4bd1b83d68f,20260815,ecs-keyed,benign-burst,0,opendns
6,12,6,12,1128,1.0,2.0,6,6,6,1.0,0.0,0.0,1.0,1.0,0.5833333333333334,0.5,300.0,0.0,0.08333333333333333,0.0,0.0,0.033547023932139076,0.0749506950378418,0.6704549216197984,0.031023502349853516,5.519390106201172e-05,0,c18b82fe-aaf0-4339-bd1c-77fc6808a95f,20260815,ecs-keyed,adverse-conflict,1,local-adverse-authority
4,4,4,4,444,1.0,1.0,0,0,0,0.0,0.0,0.0,1.0,1.0,1.0,0.75,66.625,1.1508617729877701,0.25,0.0,0.0,3.765361189842224,5.02695084810257,0.33344310557297,0.0,0.0,0,483c5cc2-b70d-4067-baaa-5b3b1d8ad237,20260815,ecs-keyed,benign-burst,0,cloudflare
4,4,4,4,486,1.0,1.0,0,0,0,0.0,0.0,0.0,1.0,1.0,1.0,0.75,786.3636363636364,2.161109582433194,0.25,0.0,0.0,3.7640755772590637,5.029297721385956,0.3342603150353303,0.0,0.0,0,b4cfcebc-793a-4586-bf7a-922f9db41e4d,20260815,ecs-keyed,benign-burst,0,opendns
6,12,6,12,1098,1.0,2.0,6,6,6,1.0,0.0,0.0,1.0,1.0,0.5833333333333334,0.5,255.0,0.0,0.08333333333333333,0.0,0.0,0.022164265314737957,0.04951330423355103,0.5779662132105206,0.0205229918162028,0.0010145505269368489,0,1fbefe20-d18a-4e51-8c18-b04b7805de03,20260815,ecs-keyed,adverse-conflict,1,local-adverse-authority
6,11,6,11,1009,1.0,1.8333333333333333,6,6,6,1.0,0.0,0.0,1.0,1.0,0.5454545454545454,0.4545454545454546,53.0,0.0,0.09090909090909091,0.0,0.0,0.023606300354003906,0.03872084617614746,0.41523278260509583,0.02120065689086914,0.0028453350067138674,0,f06897db-f8be-4050-b1a2-dfab62bda756,20260815,ecs-keyed,adverse-conflict,1,local-adverse-authority
6,12,6,12,1248,1.0,2.0,6,6,6,1.0,0.0,0.0,1.0,1.0,0.5833333333333334,0.5,5.0,0.0,0.08333333333333333,0.0,0.0,0.024963359038035076,0.05693275928497314,0.6024926050621915,0.023566206296284992,0.00044540564219156903,0,f39ed6e1-f8e5-459e-97a0-e1df70894cc4,20260815,ecs-keyed,adverse-conflict,1,local-adverse-authority
6,10,6,10,1248,1.0,1.6666666666666667,6,6,6,1.0,0.0,0.0,1.0,1.0,0.5,0.4,13.0,0.0,0.1,0.0,0.0,0.02883877754211426,0.06411429643630981,0.7028605816493085,0.02551730473836263,0.0011203289031982422,0,4255bb6f-6366-4ccd-b9f9-9cd34ad520d1,20260815,ecs-keyed,adverse-conflict,1,local-adverse-authority
6,11,6,11,1009,1.0,1.8333333333333333,6,6,6,1.0,0.0,0.0,1.0,1.0,0.5454545454545454,0.4545454545454546,275.0,0.0,0.09090909090909091,0.0,0.0,0.025315284729003906,0.03594970703125,0.34667335971963437,0.021139979362487793,4.15802001953125e-05,0,a9b60b0c-0e92-4d0e-b75f-f2dfe2c1c665,20260815,ecs-keyed,adverse-conflict,1,local-adverse-authority
6,9,6,9,960,1.0,1.5,3,6,6,1.0,0.0,0.0,1.0,1.0,0.4444444444444444,0.33333333333333337,300.0,0.0,0.1111111111111111,0.0,0.0,0.01852856742011176,0.03075580596923828,0.36352801944365837,0.013825774192810059,0.001012722651163737,0,d61cc9dd-2509-433b-bb28-7f07c9495b90,20260815,ecs-keyed,adverse-conflict,1,local-adverse-authority
6,9,6,9,1449,1.0,1.5,4,6,6,1.0,0.0,0.0,1.0,1.0,0.4444444444444444,0.33333333333333337,92.0,0.0,0.1111111111111111,0.0,0.0,0.024406486087375216,0.04140901565551758,0.4650912133229142,0.019617319107055664,6.715456644694011e-05,0,7907e7ae-af02-408a-a923-e30a8c771627,20260815,ecs-keyed,adverse-conflict,1,local-adverse-authority
6,10,6,10,1008,1.0,1.6666666666666667,4,6,6,1.0,0.0,0.0,1.0,1.0,0.5,0.4,103.0,0.0,0.1,0.0,0.0,0.037886953353881835,0.04902485609054565,0.31529356373845335,0.02838281790415446,0.0003439784049987793,0,eb82f054-b35d-4820-954d-5853889c91fd,20260815,ecs-keyed,adverse-conflict,1,local-adverse-authority
6,10,6,10,992,1.0,1.6666666666666667,5,6,6,1.0,0.0,0.0,1.0,1.0,0.5,0.4,214.0,0.0,0.1,0.0,0.0,0.03526582717895508,0.06707273721694947,0.5312527774695306,0.027278780937194824,0.00040608644485473633,0,ec53945b-4043-4629-8011-b87bd490a27e,20260815,ecs-keyed,adverse-conflict,1,local-adverse-authority
6,8,6,8,828,1.0,1.3333333333333333,4,6,6,1.0,0.0,0.0,1.0,1.0,0.375,0.25,20.0,0.0,0.125,0.0,0.0,0.02640017867088318,0.04493550062179565,0.5346122846059614,0.019119103749593098,0.0007725954055786133,0,c51158dd-1dbf-4985-a476-b0cc1191cad9,20260815,ecs-keyed,adverse-conflict,1,local-adverse-authority
6,11,6,11,2099,1.0,1.8333333333333333,6,6,6,1.0,0.0,0.0,1.0,1.0,0.5454545454545454,0.4545454545454546,254.0,0.0,0.09090909090909091,0.0,0.0,0.017870707945390182,0.02891719341278076,0.4654126337777054,0.013942559560139975,0.0006002902984619141,0,d797b94c-8102-421e-8ee3-69682deef72a,20260815,ecs-keyed,adverse-conflict,1,local-adverse-authority
6,9,6,9,1167,1.0,1.5,5,6,6,1.0,0.0,0.0,1.0,1.0,0.4444444444444444,0.33333333333333337,1788.0,0.0,0.1111111111111111,0.0,0.0,0.042931715647379555,0.06379542350769044,0.40941656235238555,0.033124287923177086,0.00035254160563151043,0,1439ca7e-f236-4e52-bb53-409f074f91dc,20260815,ecs-keyed,adverse-conflict,1,local-adverse-authority
6,10,6,10,1584,1.0,1.6666666666666667,6,6,6,1.0,0.0,0.0,1.0,1.0,0.5,0.4,221.0,0.0,0.1,0.0,0.0,0.016687583923339844,0.02376520633697509,0.3088699989051805,0.01651132106781006,0.0001398324966430664,0,73a88f05-627d-4a0e-8ae1-d98402fc73ab,20260815,ecs-keyed,adverse-conflict,1,local-adverse-authority
6,11,6,11,1269,1.0,1.8333333333333333,5,6,6,1.0,0.0,0.0,1.0,1.0,0.5454545454545454,0.4545454545454546,58.0,0.0,0.09090909090909091,0.0,0.0,0.026943098415027966,0.050104618072509766,0.5004809750320561,0.02353219191233317,4.696846008300781e-05,0,9d092d91-f930-4d6d-9bc0-910a1f2ce83c,20260815,ecs-keyed,adverse-conflict,1,local-adverse-authority
6,8,6,8,828,1.0,1.3333333333333333,6,6,6,1.0,0.0,0.0,1.0,1.0,0.375,0.25,26.0,0.0,0.125,0.0,0.0,0.01579207181930542,0.03192944526672362,0.5783088859923408,0.015653053919474285,0.0006573200225830078,0,3d114e0b-d962-4076-824f-f9a78def190a,20260815,ecs-keyed,adverse-conflict,1,local-adverse-authority
6,11,6,11,924,1.0,1.8333333333333333,6,6,6,1.0,0.0,0.0,1.0,1.0,0.5454545454545454,0.4545454545454546,164.0,0.0,0.09090909090909091,0.0,0.0,0.033278031782670456,0.06543362140655518,0.5747930205677714,0.029033541679382324,0.00017170906066894532,0,9f32aa2f-bc94-41b3-9133-d13dc1e8bf95,20260815,ecs-keyed,adverse-conflict,1,local-adverse-authority
6,12,6,12,1110,1.0,2.0,6,6,6,1.0,0.0,0.0,1.0,1.0,0.5833333333333334,0.5,300.0,0.0,0.08333333333333333,0.0,0.0,0.03587071100870768,0.06868500709533691,0.44920018136084994,0.033726771672566734,9.894371032714844e-05,0,6a082208-8566-499f-9027-a3ff04f66008,20260815,ecs-keyed,adverse-conflict,1,local-adverse-authority
6,11,6,11,1207,1.0,1.8333333333333333,6,6,6,1.0,0.0,0.0,1.0,1.0,0.5454545454545454,0.4545454545454546,47.0,0.0,0.09090909090909091,0.0,0.0,0.02466206117109819,0.04883122444152832,0.7501135636070653,0.025140682856241863,0.00026593208312988283,0,40f3e929-aa32-4ac0-9eff-f8d22fab9459,20260815,ecs-keyed,adverse-conflict,1,local-adverse-authority
6,12,6,12,1110,1.0,2.0,5,6,6,1.0,0.0,0.0,1.0,1.0,0.5833333333333334,0.5,20.0,0.0,0.08333333333333333,0.0,0.0,0.037990172704060875,0.09586814641952515,0.7020077576828556,0.032807628313700356,0.0009728272755940756,0,ec2f57de-2915-42da-aadb-4de14497fb71,20260815,ecs-keyed,adverse-conflict,1,local-adverse-authority
6,10,6,10,1088,1.0,1.6666666666666667,6,6,6,1.0,0.0,0.0,1.0,1.0,0.5,0.4,20.0,0.0,0.1,0.0,0.0,0.012930965423583985,0.02296375036239624,0.5795436567595618,0.010712067286173502,3.123283386230469e-05,0,f0b4e9ca-ecdd-4e90-8423-3258ed3d3b4f,20260815,ecs-keyed,adverse-conflict,1,local-adverse-authority
6,10,6,10,1008,1.0,1.6666666666666667,6,6,6,1.0,0.0,0.0,1.0,1.0,0.5,0.4,457.0,0.0,0.1,0.0,0.0,0.01731863021850586,0.045873939990997314,0.9378044957543444,0.017001867294311523,3.4332275390625e-05,0,70f70f6b-f038-40f2-bda3-a10a517467e0,20260815,ecs-keyed,adverse-conflict,1,local-adverse-authority
6,11,6,11,1286,1.0,1.8333333333333333,6,6,6,1.0,0.0,0.0,1.0,1.0,0.5454545454545454,0.4545454545454546,54.0,0.0,0.09090909090909091,0.0,0.0,0.009602286598899147,0.01371455192565918,0.37103607983581155,0.008675734202067057,4.08172607421875e-05,0,6b32e9e2-e633-4b66-b9a7-f68936608524,20260815,ecs-keyed,adverse-conflict,1,local-adverse-authority
6,10,6,10,1184,1.0,1.6666666666666667,6,6,6,1.0,0.0,0.0,1.0,1.0,0.5,0.4,3.0,0.0,0.1,0.0,0.0,0.022466659545898438,0.042624247074127194,0.7546350292649728,0.01876370112101237,4.303455352783203e-05,0,6d745893-df21-4fcd-8542-b924c5646a71,20260815,ecs-keyed,adverse-conflict,1,local-adverse-authority
6,10,6,10,1056,1.0,1.6666666666666667,6,6,6,1.0,0.0,0.0,1.0,1.0,0.5,0.4,203.0,0.0,0.1,0.0,0.0,0.020497226715087892,0.031370770931243894,0.4419001946150844,0.017293135325113933,3.7550926208496094e-05,0,7e0b1621-f75c-46e8-ad4a-1da904adff84,20260815,ecs-keyed,adverse-conflict,1,local-adverse-authority
6,12,6,12,1056,1.0,2.0,6,6,6,1.0,0.0,0.0,1.0,1.0,0.5833333333333334,0.5,543.0,0.0,0.08333333333333333,0.0,0.0,0.022602538267771404,0.0571891188621521,0.7868645065945242,0.022106528282165527,3.0716260274251304e-05,0,7664f900-3d67-48b0-b50b-501ff0ac8be0,20260815,ecs-keyed,adverse-conflict,1,local-adverse-authority
6,10,6,10,976,1.0,1.6666666666666667,6,6,6,1.0,0.0,0.0,1.0,1.0,0.5,0.4,600.0,0.0,0.1,0.0,0.0,0.021158552169799803,0.05195941925048828,0.8079271963780392,0.01747318108876546,0.00011336803436279297,0,42752d0d-c4b5-4ff9-b9b6-cf3c95562576,20260815,ecs-keyed,adverse-conflict,1,local-adverse-authority
6,11,6,11,1139,1.0,1.8333333333333333,6,6,6,1.0,0.0,0.0,1.0,1.0,0.5454545454545454,0.4545454545454546,20.0,0.0,0.09090909090909091,0.0,0.0,0.023879311301491478,0.05903267860412598,0.753685409317694,0.02329107125600179,4.124641418457031e-05,0,4f0f1272-0dc0-4406-88b9-4a51171e4a3d,20260815,ecs-keyed,adverse-conflict,1,local-adverse-authority
6,9,6,9,1284,1.0,1.5,6,6,6,1.0,0.0,0.0,1.0,1.0,0.4444444444444444,0.33333333333333337,220.0,0.0,0.1111111111111111,0.0,0.0,0.01558542251586914,0.03553175926208496,0.7563542372227127,0.012117942174275717,6.500879923502605e-05,0,99837af0-bba1-4df8-98cf-00a90fea5bc8,20260815,ecs-keyed,adverse-conflict,1,local-adverse-authority
6,9,6,9,1257,1.0,1.5,6,6,6,1.0,0.0,0.0,1.0,1.0,0.4444444444444444,0.33333333333333337,13795.0,0.0,0.1111111111111111,0.0,0.0,0.02062922053866916,0.039533567428588864,0.6668499398364414,0.02075354258219401,4.38690185546875e-05,0,d7961ec0-3400-4908-a24e-d170dd74eabd,20260815,ecs-keyed,adverse-conflict,1,local-adverse-authority
6,11,6,11,1263,1.0,1.8333333333333333,6,6,6,1.0,0.0,0.0,1.0,1.0,0.5454545454545454,0.4545454545454546,60.0,0.0,0.09090909090909091,0.0,0.0,0.01993495767766779,0.03884100914001465,0.5470278992873271,0.017533222834269207,4.863739013671875e-05,0,8572d6b8-9be2-46e7-b44c-6464cdfbd706,20260815,ecs-keyed,adverse-conflict,1,local-adverse-authority
6,8,6,8,912,1.0,1.3333333333333333,6,6,6,1.0,0.0,0.0,1.0,1.0,0.375,0.25,246.0,0.0,0.125,0.0,0.0,0.026184380054473877,0.0524619460105896,0.7671801079108598,0.019131263097127277,3.993511199951172e-05,0,41d57b62-a12a-40c5-89c7-60b303261f0c,20260815,ecs-keyed,adverse-conflict,1,local-adverse-authority
6,10,6,10,1024,1.0,1.6666666666666667,6,6,6,1.0,0.0,0.0,1.0,1.0,0.5,0.4,925.0,0.0,0.1,0.0,0.0,0.022431588172912596,0.043749332427978516,0.5943181115308505,0.021469910939534504,3.314018249511719e-05,0,682f38bf-9dab-4bff-a4da-e3f4b779e2c2,20260815,ecs-keyed,adverse-conflict,1,local-adverse-authority
6,10,6,10,1056,1.0,1.6666666666666667,6,6,6,1.0,0.0,0.0,1.0,1.0,0.5,0.4,20.0,0.0,0.1,0.0,0.0,0.025265717506408693,0.04171732664108276,0.4664243832053246,0.02253580093383789,5.59687614440918e-05,0,4627d999-1c6b-4188-9f64-0d7fa247b2d3,20260815,ecs-keyed,adverse-conflict,1,local-adverse-authority
6,12,6,12,1260,1.0,2.0,6,6,6,1.0,0.0,0.0,1.0,1.0,0.5833333333333334,0.5,18.0,0.0,0.08333333333333333,0.0,0.0,0.019434611002604168,0.029898035526275634,0.36108541020952917,0.019098639488220215,4.013379414876302e-05,0,5cc08488-27f6-477a-9706-581905afb916,20260815,ecs-keyed,adverse-conflict,1,local-adverse-authority
6,11,6,11,1145,1.0,1.8333333333333333,6,6,6,1.0,0.0,0.0,1.0,1.0,0.5454545454545454,0.4545454545454546,300.0,0.0,0.09090909090909091,0.0,0.0,0.01061833988536488,0.02696812152862549,0.8740278035142983,0.01208031177520752,3.0660629272460936e-05,0,50f83b33-4285-4248-b5b5-3573d21cf55f,20260815,ecs-keyed,adverse-conflict,1,local-adverse-authority
6,10,6,10,1136,1.0,1.6666666666666667,6,6,6,1.0,0.0,0.0,1.0,1.0,0.5,0.4,300.0,0.0,0.1,0.0,0.0,0.022706079483032226,0.05320694446563721,0.8648521106804249,0.022914807001749676,3.5762786865234375e-05,0,af6c1104-c428-46d8-9492-11c15c835fc0,20260815,ecs-keyed,adverse-conflict,1,local-adverse-authority
6,11,6,11,1111,1.0,1.8333333333333333,6,6,6,1.0,0.0,0.0,1.0,1.0,0.5454545454545454,0.4545454545454546,21600.0,0.0,0.09090909090909091,0.0,0.0,0.025889331644231624,0.06557095050811768,0.9515413540965,0.023431062698364258,4.773139953613281e-05,0,a8971b73-a7d7-4553-a263-57b5e3b68627,20260815,ecs-keyed,adverse-conflict,1,local-adverse-authority
6,9,6,9,1287,1.0,1.5,6,6,6,1.0,0.0,0.0,1.0,1.0,0.4444444444444444,0.33333333333333337,222.0,0.0,0.1111111111111111,0.0,0.0,0.02603247430589464,0.043123817443847655,0.509394672623406,0.02267320950826009,4.5140584309895836e-05,0,8bb60ed6-892d-45f8-b8f2-a5a3893fed7a,20260815,ecs-keyed,adverse-conflict,1,local-adverse-authority
6,12,6,12,1152,1.0,2.0,6,6,6,1.0,0.0,0.0,1.0,1.0,0.5833333333333334,0.5,299.0,0.0,0.08333333333333333,0.0,0.0,0.01586627960205078,0.02563447952270508,0.43728689047020636,0.01481942335764567,3.409385681152344e-05,0,2828e7e7-a834-45c2-8ce5-a92c519a8066,20260815,ecs-keyed,adverse-conflict,1,local-adverse-authority
6,11,6,11,1105,1.0,1.8333333333333333,6,6,6,1.0,0.0,0.0,1.0,1.0,0.5454545454545454,0.4545454545454546,248.0,0.0,0.09090909090909091,0.0,0.0,0.01868560097434304,0.03373587131500244,0.5277950915035375,0.016589641571044922,3.9243698120117186e-05,0,829fd06f-82b5-4cdf-a358-2e9504b5b8cb,20260815,ecs-keyed,adverse-conflict,1,local-adverse-authority
6,11,6,11,1156,1.0,1.8333333333333333,6,6,6,1.0,0.0,0.0,1.0,1.0,0.5454545454545454,0.4545454545454546,300.0,0.0,0.09090909090909091,0.0,0.0,0.013443860140713778,0.0342479944229126,0.7901575119610446,0.01207876205444336,3.9196014404296876e-05,0,883bce37-d25f-4364-90cf-eccafe294d82,20260815,ecs-keyed,adverse-conflict,1,local-adverse-authority
6,8,6,8,828,1.0,1.3333333333333333,6,6,6,1.0,0.0,0.0,1.0,1.0,0.375,0.25,600.0,0.0,0.125,0.0,0.0,0.018646836280822754,0.04340944290161133,0.8424920933216481,0.01412665843963623,4.887580871582031e-05,0,1c83251e-b111-48cd-b9fc-3b3876efb8da,20260815,ecs-keyed,adverse-conflict,1,local-adverse-authority
6,12,6,12,1182,1.0,2.0,6,6,6,1.0,0.0,0.0,1.0,1.0,0.5833333333333334,0.5,20469.0,0.0,0.08333333333333333,0.0,0.0,0.022808372974395752,0.054405057430267335,0.939030982807925,0.022523919741312664,5.042552947998047e-05,0,81c3d2c2-46f9-4332-91c2-9c5e930fd7e2,20260815,ecs-keyed,adverse-conflict,1,local-adverse-authority
6,11,6,11,1009,1.0,1.8333333333333333,6,6,6,1.0,0.0,0.0,1.0,1.0,0.5454545454545454,0.4545454545454546,300.0,0.0,0.09090909090909091,0.0,0.0,0.02472645586187189,0.05277729034423828,0.7786920068880743,0.025408585866292317,8.635520935058593e-05,0,5a302d66-4657-4472-9a05-6ac5f94a7cc7,20260815,ecs-keyed,adverse-conflict,1,local-adverse-authority
6,10,6,10,1152,1.0,1.6666666666666667,6,6,6,1.0,0.0,0.0,1.0,1.0,0.5,0.4,17301.0,0.0,0.1,0.0,0.0,0.039361882209777835,0.11151922941207873,1.089071087124557,0.04601041475931803,9.816884994506836e-05,0,5ae3f072-62f4-451c-a7d2-5d9553245006,20260815,ecs-keyed,adverse-conflict,1,local-adverse-authority
6,10,6,10,1264,1.0,1.6666666666666667,6,6,6,1.0,0.0,0.0,1.0,1.0,0.5,0.4,270.0,0.0,0.1,0.0,0.0,0.02201383113861084,0.034103453159332275,0.40011225537884143,0.019204338391621906,3.629922866821289e-05,0,37338cc4-7348-425e-bd08-aad18e8d44e4,20260815,ecs-keyed,adverse-conflict,1,local-adverse-authority
6,12,6,12,1302,1.0,2.0,6,6,6,1.0,0.0,0.0,1.0,1.0,0.5833333333333334,0.5,22.0,0.0,0.08333333333333333,0.0,0.0,0.04104755322138468,0.05491917133331299,0.2961829202039564,0.04061150550842285,4.009405771891276e-05,0,dfe3ee12-fcc9-44d2-8a1a-64fc56714a9f,20260815,ecs-keyed,adverse-conflict,1,local-adverse-authority
6,11,6,11,1105,1.0,1.8333333333333333,5,6,6,1.0,0.0,0.0,1.0,1.0,0.5454545454545454,0.4545454545454546,9.0,0.0,0.09090909090909091,0.0,0.0,0.014220541173761541,0.0297396183013916,0.6107149534302947,0.011772513389587402,3.7717819213867185e-05,0,add44acf-c665-48f8-b211-8bd6b92eeed4,20260815,ecs-keyed,adverse-conflict,1,local-adverse-authority
6,12,6,12,1170,1.0,2.0,6,6,6,1.0,0.0,0.0,1.0,1.0,0.5833333333333334,0.5,11.0,0.0,0.08333333333333333,0.0,0.0,0.028321762879689533,0.0675000786781311,0.7052119424830748,0.027968605359395344,9.723504384358724e-05,0,79dcd28f-d427-47b3-bda7-a9ae1a46a4a0,20260815,ecs-keyed,adverse-conflict,1,local-adverse-authority
6,11,6,11,1450,1.0,1.8333333333333333,6,6,6,1.0,0.0,0.0,1.0,1.0,0.5454545454545454,0.4545454545454546,60.0,0.0,0.09090909090909091,0.0,0.0,0.026906923814253372,0.04623222351074219,0.5878772666142658,0.02331976095835368,4.353523254394531e-05,0,c4f4efe4-fd22-47b0-905a-97daa3cb6f82,20260815,ecs-keyed,adverse-conflict,1,local-adverse-authority
6,10,6,10,1032,1.0,1.6666666666666667,6,6,6,1.0,0.6666666666666666,0.0,1.0,1.0,0.5,0.4,22.0,0.0,0.1,0.0,0.0,0.012224388122558594,0.02118128538131714,0.564501670403797,0.011108716328938803,2.7358531951904297e-05,0,e1570e75-a9e2-4e6c-8a03-5d1ecb4c8e71,20260815,ecs-keyed,adverse-ecs-fanout,1,local-adverse-authority
6,10,6,10,1200,1.0,1.6666666666666667,6,6,6,1.0,0.0,0.0,1.0,1.0,0.5,0.4,8.0,0.0,0.1,0.0,0.0,0.023813438415527344,0.045859897136688234,0.7299501425790603,0.019706447919209797,5.27501106262207e-05,0,ee14a486-7d38-4a51-bf79-b9057d3fcd36,20260815,ecs-keyed,adverse-conflict,1,local-adverse-authority
6,12,6,12,1158,1.0,2.0,6,6,6,1.0,1.0,0.0,1.0,1.0,0.5833333333333334,0.5,3231.0,0.0,0.08333333333333333,0.0,0.0,0.029672483603159588,0.05825210809707641,0.7196691017293645,0.029329895973205566,2.8093655904134113e-05,0,4dce555a-a8c4-4aa2-a65e-9c629e292b98,20260815,ecs-keyed,adverse-ecs-fanout,1,local-adverse-authority
6,11,6,11,1018,1.0,1.8333333333333333,6,6,6,1.0,0.8333333333333334,0.0,1.0,1.0,0.5454545454545454,0.4545454545454546,19891.0,0.0,0.09090909090909091,0.0,0.0,0.015411983836780895,0.036551475524902344,0.719811531503608,0.014149149258931478,6.723403930664062e-05,0,3b33eba4-fb71-4989-bae1-579fe4e03f9e,20260815,ecs-keyed,adverse-ecs-fanout,1,local-adverse-authority
6,11,6,11,1012,1.0,1.8333333333333333,6,6,6,1.0,0.8333333333333334,0.0,1.0,1.0,0.5454545454545454,0.4545454545454546,69.0,0.0,0.09090909090909091,0.0,0.0,0.025447953831065784,0.04680001735687256,0.6169723656122184,0.027029792467753094,3.790855407714844e-05,0,7033be49-0530-4fc7-99b6-a769d5113973,20260815,ecs-keyed,adverse-ecs-fanout,1,local-adverse-authority
6,12,6,12,1284,1.0,2.0,6,6,6,1.0,1.0,0.0,1.0,1.0,0.5833333333333334,0.5,60.0,0.0,0.08333333333333333,0.0,0.0,0.012799163659413656,0.024628329277038574,0.46000048053898035,0.012123862902323404,0.0003110965092976888,0,830ba363-ddb9-4517-b26b-48e37801513c,20260815,ecs-keyed,adverse-ecs-fanout,1,local-adverse-authority
6,12,6,12,978,1.0,2.0,6,6,6,1.0,1.0,0.0,1.0,1.0,0.5833333333333334,0.5,58.0,0.0,0.08333333333333333,0.0,0.0,0.019368290901184082,0.03403555154800415,0.435543097417674,0.018625378608703613,3.552436828613281e-05,0,de05a8e3-8bbe-4427-b347-acb09156ba84,20260815,ecs-keyed,adverse-ecs-fanout,1,local-adverse-authority
6,11,6,11,1001,1.0,1.8333333333333333,6,6,6,1.0,0.8333333333333334,0.0,1.0,1.0,0.5454545454545454,0.4545454545454546,20.0,0.0,0.09090909090909091,0.0,0.0,0.03394092213023792,0.1411910057067871,1.4987350306402982,0.03108171621958415,3.2901763916015625e-05,0,069f25a2-6afb-48b1-8859-263b5789450b,20260815,ecs-keyed,adverse-ecs-fanout,1,local-adverse-authority
6,10,6,10,1376,1.0,1.6666666666666667,6,6,6,1.0,0.0,0.0,1.0,1.0,0.5,0.4,60.0,0.0,0.1,0.0,0.0,0.2830603837966919,1.099758005142212,1.4501680276421811,0.23936498165130615,0.0002951622009277344,0,77d42ff7-c976-4a18-9d36-4c51f50db24d,20260815,ecs-keyed,adverse-conflict,1,local-adverse-authority
6,10,6,10,984,1.0,1.6666666666666667,6,6,6,1.0,0.6666666666666666,0.0,1.0,1.0,0.5,0.4,44.0,0.0,0.1,0.0,0.0,0.02334737777709961,0.045152485370635986,0.7517880559204948,0.019478321075439453,3.141164779663086e-05,0,c5f3815c-3c03-44a2-a78c-554b126f3d1f,20260815,ecs-keyed,adverse-ecs-fanout,1,local-adverse-authority
6,9,6,9,828,1.0,1.5,6,6,6,1.0,0.5,0.0,1.0,1.0,0.4444444444444444,0.33333333333333337,151.0,0.0,0.1111111111111111,0.0,0.0,0.007402446534898546,0.017117691040039063,0.7339520889005916,0.005745689074198405,2.7497609456380207e-05,0,78e07b02-92ab-4ff7-8e67-f3e765687489,20260815,ecs-keyed,adverse-ecs-fanout,1,local-adverse-authority
6,10,6,10,808,1.0,1.6666666666666667,6,6,6,1.0,0.6666666666666666,0.0,1.0,1.0,0.5,0.4,1728.0,0.0,0.1,0.0,0.0,0.03064899444580078,0.05315330028533936,0.49778502996727997,0.028227368990580242,3.427267074584961e-05,0,9d759763-64dc-4a42-b829-13f2dc7d3054,20260815,ecs-keyed,adverse-ecs-fanout,1,local-adverse-authority
6,10,6,10,1112,1.0,1.6666666666666667,6,6,6,1.0,0.6666666666666666,0.0,1.0,1.0,0.5,0.4,56.0,0.0,0.1,0.0,0.0,0.009267473220825195,0.0256528377532959,0.889569899433799,0.00768736998240153,0.0002511739730834961,0,018fd654-db37-445d-bf51-af74e82353c0,20260815,ecs-keyed,adverse-ecs-fanout,1,local-adverse-authority
6,12,6,12,1098,1.0,2.0,6,6,6,1.0,1.0,0.0,1.0,1.0,0.5833333333333334,0.5,11.0,0.0,0.08333333333333333,0.0,0.0,0.012379844983418783,0.021941554546356202,0.4988883451739889,0.011678020159403482,6.222724914550781e-05,0,e5ce0399-3ebd-4526-a05e-9929950115a4,20260815,ecs-keyed,adverse-ecs-fanout,1,local-adverse-authority
6,12,6,12,960,1.0,2.0,6,6,6,1.0,1.0,0.0,1.0,1.0,0.5833333333333334,0.5,53.0,0.0,0.08333333333333333,0.0,0.0,0.02246570587158203,0.04828674793243408,0.6299662338714264,0.021499077479044598,0.00010402997334798177,0,7a63d68f-884d-4805-96bf-b0ec7d82bc36,20260815,ecs-keyed,adverse-ecs-fanout,1,local-adverse-authority
6,11,6,11,1018,1.0,1.8333333333333333,6,6,6,1.0,0.8333333333333334,0.0,1.0,1.0,0.5454545454545454,0.4545454545454546,9.0,0.0,0.09090909090909091,0.0,0.0,0.016810265454378994,0.04787719249725342,0.8818131753544515,0.013818939526875814,3.9625167846679685e-05,0,c9a7a38e-e95b-4ae9-8d3c-dce6c9e1a651,20260815,ecs-keyed,adverse-ecs-fanout,1,local-adverse-authority
6,11,6,11,1481,1.0,1.8333333333333333,6,6,6,1.0,0.8333333333333334,0.0,1.0,1.0,0.5454545454545454,0.4545454545454546,300.0,0.0,0.09090909090909091,0.0,0.0,0.019086707722056995,0.06991410255432129,1.2650122420216992,0.017605702082316082,5.049705505371094e-05,0,11cfb5e9-dab9-49ec-a11b-1cc157216b32,20260815,ecs-keyed,adverse-ecs-fanout,1,local-adverse-authority
6,11,6,11,1481,1.0,1.8333333333333333,6,6,6,1.0,0.8333333333333334,0.0,1.0,1.0,0.45454545454545453,0.4545454545454546,13.0,0.0,0.09090909090909091,0.0,0.0,0.020211306485262783,0.04196763038635254,0.812889803069919,0.018340190251668293,5.1927566528320315e-05,0,d429a096-972d-44cf-9cad-031deef4e564,20260815,ecs-keyed,adverse-ecs-fanout,1,local-adverse-authority
6,11,6,11,1204,1.0,1.8333333333333333,6,6,6,1.0,0.8333333333333334,0.0,1.0,1.0,0.5454545454545454,0.4545454545454546,34.0,0.0,0.09090909090909091,0.0,0.0,0.019822510805996982,0.03984236717224121,0.7328071883423456,0.01790773868560791,4.611015319824219e-05,0,1b963f43-667f-4a8f-a090-80b96ec79de4,20260815,ecs-keyed,adverse-ecs-fanout,1,local-adverse-authority
6,12,6,12,1266,1.0,2.0,6,6,6,1.0,1.0,0.0,1.0,1.0,0.5833333333333334,0.5,21600.0,0.0,0.08333333333333333,0.0,0.0,0.028859118620554607,0.052311909198760984,0.5935827777128126,0.027221004168192547,5.145867665608724e-05,0,65b5442c-716d-4ff4-82d4-9b0d4e73ba24,20260815,ecs-keyed,adverse-ecs-fanout,1,local-adverse-authority
6,11,6,11,916,1.0,1.8333333333333333,5,6,6,1.0,0.8333333333333334,0.0,1.0,1.0,0.5454545454545454,0.4545454545454546,600.0,0.0,0.09090909090909091,0.0,0.0,0.017777724699540573,0.03790473937988281,0.6704245396346047,0.01688361167907715,3.690719604492188e-05,0,f8ccff23-f7fa-4bf9-8ca5-1fda759db4ea,20260815,ecs-keyed,adverse-ecs-fanout,1,local-adverse-authority
6,11,6,11,1046,1.0,1.8333333333333333,5,6,6,1.0,0.8333333333333334,0.0,1.0,1.0,0.5454545454545454,0.4545454545454546,60.0,0.0,0.09090909090909091,0.0,0.0,0.022407575087113815,0.06186044216156006,0.8743140780756813,0.019934535026550293,3.790855407714844e-05,0,4dd82315-3b34-4bde-913b-731fccb1b597,20260815,ecs-keyed,adverse-ecs-fanout,1,local-adverse-authority
6,11,6,11,916,1.0,1.8333333333333333,6,6,6,1.0,0.8333333333333334,0.0,1.0,1.0,0.5454545454545454,0.4545454545454546,3095.0,0.0,0.09090909090909091,0.0,0.0,0.07309666546908292,0.17513000965118408,1.0192522929288663,0.06611331303914388,3.180503845214844e-05,0,7952937a-933a-4ba8-8653-d070dc19bdba,20260815,ecs-keyed,adverse-ecs-fanout,1,local-adverse-authority
6,12,6,12,1020,1.0,2.0,6,6,6,1.0,1.0,0.0,1.0,1.0,0.5833333333333334,0.5,28.0,0.0,0.08333333333333333,0.0,0.0,0.03200821081797282,0.07386891841888428,0.7588335036049253,0.031318465868631996,5.2134195963541664e-05,0,23babfee-05e9-4005-b72c-5e4b7f65f86d,20260815,ecs-keyed,adverse-ecs-fanout,1,local-adverse-authority
6,10,6,10,968,1.0,1.6666666666666667,6,6,6,1.0,0.6666666666666666,0.0,1.0,1.0,0.5,0.4,21558.0,0.0,0.1,0.0,0.0,0.01211857795715332,0.027796196937561034,0.6920260508627477,0.010293404261271158,7.671117782592773e-05,0,08db4c68-1715-4d57-9e00-698ce6405c34,20260815,ecs-keyed,adverse-ecs-fanout,1,local-adverse-authority
6,8,6,8,854,1.0,1.3333333333333333,6,6,6,1.0,0.3333333333333333,0.0,1.0,1.0,0.375,0.25,8513.0,0.0,0.125,0.0,0.0,0.0344519317150116,0.10332233905792232,1.1948997343333696,0.03446988264719645,5.137920379638672e-05,0,19914d78-2f79-498c-8bc7-27524681c1ee,20260815,ecs-keyed,adverse-ecs-fanout,1,local-adverse-authority
6,10,6,10,888,1.0,1.6666666666666667,6,6,6,1.0,0.6666666666666666,0.0,1.0,1.0,0.4,0.4,563.0,0.0,0.1,0.0,0.0,0.015403270721435547,0.040291440486907956,0.8605178407111134,0.013787349065144857,3.30805778503418e-05,0,ccdbe3e6-b9e9-4c47-ad98-7402d57b94e8,20260815,ecs-keyed,adverse-ecs-fanout,1,local-adverse-authority
6,11,6,11,916,1.0,1.8333333333333333,6,6,6,1.0,0.8333333333333334,0.0,1.0,1.0,0.5454545454545454,0.4545454545454546,39.0,0.0,0.09090909090909091,0.0,0.0,0.01918109980496493,0.050176024436950684,0.8168458424248546,0.01739823818206787,4.954338073730469e-05,0,eb6257d8-d696-4f73-ac0a-59ddb6a8c1be,20260815,ecs-keyed,adverse-ecs-fanout,1,local-adverse-authority
6,10,6,10,904,1.0,1.6666666666666667,6,6,6,1.0,0.6666666666666666,0.0,1.0,1.0,0.5,0.4,5715.0,0.0,0.1,0.0,0.0,0.023785209655761717,0.0562421441078186,0.7181212935734,0.021906018257141113,6.186962127685547e-05,0,6f8c80ae-21c2-4cf4-b8ec-6e69ed472725,20260815,ecs-keyed,adverse-ecs-fanout,1,local-adverse-authority
6,9,6,9,843,1.0,1.5,6,6,6,1.0,0.5,0.0,1.0,1.0,0.4444444444444444,0.33333333333333337,16.0,0.0,0.1111111111111111,0.0,0.0,0.014324824015299479,0.024902486801147462,0.4942786648491356,0.011834184328715006,2.9961268107096355e-05,0,0309697b-1b1a-48a6-8658-cea6a969ba2a,20260815,ecs-keyed,adverse-ecs-fanout,1,local-adverse-authority
6,11,6,11,961,1.0,1.8333333333333333,6,6,6,1.0,0.8333333333333334,0.0,1.0,1.0,0.5454545454545454,0.4545454545454546,15.0,0.0,0.09090909090909091,0.0,0.0,0.033957503058693626,0.0413135290145874,0.2520127714764322,0.03139162063598633,0.0001636505126953125,0,daca1db1-9e04-41a3-9861-30d61bd866d8,20260815,ecs-keyed,adverse-ecs-fanout,1,local-adverse-authority
6,11,6,11,984,1.0,1.8333333333333333,6,6,6,1.0,0.8333333333333334,0.0,1.0,1.0,0.5454545454545454,0.4545454545454546,20.0,0.0,0.09090909090909091,0.0,0.0,0.019526329907503994,0.03894662857055664,0.5400572694756405,0.017097194989522297,3.213882446289063e-05,0,9d1fb519-243e-4361-9d9c-3515d51aba81,20260815,ecs-keyed,adverse-ecs-fanout,1,local-adverse-authority
6,11,6,11,1114,1.0,1.8333333333333333,6,6,6,1.0,0.8333333333333334,0.0,1.0,1.0,0.5454545454545454,0.4545454545454546,636.0,0.0,0.09090909090909091,0.0,0.0,0.022964304143732243,0.048520684242248535,0.8398855382489848,0.02078398068745931,3.333091735839844e-05,0,2811db9f-33d5-412f-8520-2ffc30905155,20260815,ecs-keyed,adverse-ecs-fanout,1,local-adverse-authority
6,10,6,10,936,1.0,1.6666666666666667,6,6,6,1.0,0.6666666666666666,0.0,1.0,1.0,0.5,0.4,228.0,0.0,0.1,0.0,0.0,0.03572068214416504,0.1580338478088379,1.712369787533321,0.03001105785369873,3.1054019927978516e-05,0,50d683a5-5648-465f-bd75-b8aeca2933a6,20260815,ecs-keyed,adverse-ecs-fanout,1,local-adverse-authority
6,11,6,11,1306,1.0,1.8333333333333333,6,6,6,1.0,0.8333333333333334,0.0,1.0,1.0,0.5454545454545454,0.4545454545454546,60.0,0.0,0.09090909090909091,0.0,0.0,0.02079395814375444,0.033411622047424316,0.42802688711677467,0.019976496696472168,0.00012946128845214844,0,b99d7514-b377-457e-b931-d7c904497bdf,20260815,ecs-keyed,adverse-ecs-fanout,1,local-adverse-authority
6,11,6,11,1097,1.0,1.8333333333333333,6,6,6,1.0,0.8333333333333334,0.0,1.0,1.0,0.5454545454545454,0.4545454545454546,288.0,0.0,0.09090909090909091,0.0,0.0,0.01775624535300515,0.024110078811645508,0.4435406865009761,0.016143242518107098,4.391670227050781e-05,0,e10963e1-bbf5-4047-aaa5-d706052a5bcd,20260815,ecs-keyed,adverse-ecs-fanout,1,local-adverse-authority
6,11,6,11,1515,1.0,1.8333333333333333,6,6,6,1.0,0.8333333333333334,0.0,1.0,1.0,0.5454545454545454,0.4545454545454546,271.0,0.0,0.09090909090909091,0.0,0.0,0.016862132332541725,0.02968573570251465,0.5043488493373105,0.017320871353149414,8.063316345214843e-05,0,70e604fd-c2fa-4bfd-91c1-3df12e76438e,20260815,ecs-keyed,adverse-ecs-fanout,1,local-adverse-authority
6,11,6,11,1018,1.0,1.8333333333333333,6,6,6,1.0,0.8333333333333334,0.0,1.0,1.0,0.5454545454545454,0.4545454545454546,19054.0,0.0,0.09090909090909091,0.0,0.0,0.009776700626720081,0.016600847244262695,0.3880883502395373,0.008698980013529459,0.0003475189208984375,0,d402227a-ba25-46ce-bfd9-67d2fae63ec0,20260815,ecs-keyed,adverse-ecs-fanout,1,local-adverse-authority
6,9,6,9,975,1.0,1.5,6,6,6,1.0,0.5,0.0,1.0,1.0,0.4444444444444444,0.33333333333333337,300.0,0.0,0.1111111111111111,0.0,0.0,0.016575972239176433,0.051751708984375,1.1442847997798327,0.012997706731160482,5.777676900227865e-05,0,e6c0a315-7668-4bb9-b04a-e3e2973430f6,20260815,ecs-keyed,adverse-ecs-fanout,1,local-adverse-authority
6,9,6,9,984,1.0,1.5,6,6,6,1.0,0.5,0.0,1.0,1.0,0.4444444444444444,0.33333333333333337,199.0,0.0,0.1111111111111111,0.0,0.0,0.00924070676167806,0.017537975311279295,0.6048277399416174,0.008603135744730631,6.151199340820312e-05,0,cc60fb01-dc04-4a21-a730-718b1d058ab5,20260815,ecs-keyed,adverse-ecs-fanout,1,local-adverse-authority
6,10,6,10,968,1.0,1.6666666666666667,6,6,6,1.0,0.6666666666666666,0.0,1.0,1.0,0.5,0.4,17503.0,0.0,0.1,0.0,0.0,0.015492534637451172,0.05009610652923584,1.136495356363845,0.013947804768880209,4.6372413635253906e-05,0,ed624b1e-f78e-43f2-8545-1f6f5cc28b3f,20260815,ecs-keyed,adverse-ecs-fanout,1,local-adverse-authority
6,10,6,10,1240,1.0,1.6666666666666667,6,6,6,1.0,0.6666666666666666,0.0,1.0,1.0,0.5,0.4,20067.0,0.0,0.1,0.0,0.0,0.013825821876525878,0.0227169394493103,0.4983132006884297,0.013170361518859863,8.738040924072266e-05,0,bc884051-6549-415d-b108-c74c078524d3,20260815,ecs-keyed,adverse-ecs-fanout,1,local-adverse-authority
6,9,6,9,999,1.0,1.5,6,6,6,1.0,0.5,0.0,1.0,1.0,0.4444444444444444,0.33333333333333337,300.0,0.0,0.1111111111111111,0.0,0.0,0.006005764007568359,0.01018667221069336,0.4449193666237183,0.0047530730565388995,4.6412150065104164e-05,0,67011555-78a9-44ed-b6f9-c9c57dc2c60c,20260815,ecs-keyed,adverse-ecs-fanout,1,local-adverse-authority
6,9,6,9,1368,1.0,1.5,6,6,6,1.0,0.5,0.0,1.0,1.0,0.4444444444444444,0.33333333333333337,300.0,0.0,0.1111111111111111,0.0,0.0,0.027582724889119465,0.05264096260070801,0.6728950763225245,0.020919124285380047,6.56445821126302e-05,0,0a975b8e-c15e-4393-84f0-8cbe554aaecf,20260815,ecs-keyed,adverse-ecs-fanout,1,local-adverse-authority
6,11,6,11,899,1.0,1.8333333333333333,6,6,6,1.0,0.8333333333333334,0.0,1.0,1.0,0.5454545454545454,0.4545454545454546,249.0,0.0,0.09090909090909091,0.0,0.0,0.029739639975807884,0.03969001770019531,0.3633022706470307,0.02688729763031006,4.024505615234375e-05,0,fb3eb515-3737-4f11-bf4c-42c2ff928ba0,20260815,ecs-keyed,adverse-ecs-fanout,1,local-adverse-authority
6,10,6,10,1048,1.0,1.6666666666666667,6,6,6,1.0,0.6666666666666666,0.0,1.0,1.0,0.5,0.4,173.0,0.0,0.1,0.0,0.0,0.019922780990600585,0.04564977884292602,0.7551436297463183,0.020223816235860188,4.0650367736816406e-05,0,2848d2da-606d-4939-8eb1-f91bdcad5d04,20260815,ecs-keyed,adverse-ecs-fanout,1,local-adverse-authority
6,10,6,10,1272,1.0,1.6666666666666667,6,6,6,1.0,0.6666666666666666,0.0,1.0,1.0,0.5,0.4,60.0,0.0,0.1,0.0,0.0,0.02551274299621582,0.040159189701080324,0.5368179642349429,0.022477229436238606,5.3942203521728516e-05,0,7df54f5d-39bb-467a-81d3-bce1e50b0d02,20260815,ecs-keyed,adverse-ecs-fanout,1,local-adverse-authority
6,11,6,11,995,1.0,1.8333333333333333,6,6,6,1.0,0.8333333333333334,0.0,1.0,1.0,0.5454545454545454,0.4545454545454546,363.0,0.0,0.09090909090909091,0.0,0.0,0.02597743814641779,0.03619027137756348,0.2519236393844295,0.02445499102274577,5.321502685546875e-05,0,a6c92e64-6c7e-4622-9bb2-daeda7bb9844,20260815,ecs-keyed,adverse-ecs-fanout,1,local-adverse-authority
6,10,6,10,1000,1.0,1.6666666666666667,6,6,6,1.0,0.6666666666666666,0.0,1.0,1.0,0.5,0.4,68.0,0.0,0.1,0.0,0.0,0.023119354248046876,0.0419137716293335,0.47212974667314433,0.020182132720947266,5.060434341430664e-05,0,43c2c649-08a5-47d5-b629-e233934f60ba,20260815,ecs-keyed,adverse-ecs-fanout,1,local-adverse-authority
6,10,6,10,888,1.0,1.6666666666666667,6,6,6,1.0,0.6666666666666666,0.0,1.0,1.0,0.5,0.4,300.0,0.0,0.1,0.0,0.0,0.009144830703735351,0.01799730062484741,0.5720926638990769,0.008795619010925293,3.7729740142822266e-05,0,7169c4f6-c1cc-4ade-8c28-72e5b3ea33c9,20260815,ecs-keyed,adverse-ecs-fanout,1,local-adverse-authority
6,10,6,10,1064,1.0,1.6666666666666667,6,6,6,1.0,0.6666666666666666,0.0,1.0,1.0,0.5,0.4,243.0,0.0,0.1,0.0,0.0,0.03195819854736328,0.07692127227783203,0.8928220746473584,0.026610692342122395,4.571676254272461e-05,0,c59c170e-bd37-46be-8edf-b51dd23e3518,20260815,ecs-keyed,adverse-ecs-fanout,1,local-adverse-authority
6,10,6,10,1016,1.0,1.6666666666666667,6,6,6,1.0,0.6666666666666666,0.0,1.0,1.0,0.5,0.4,33.0,0.0,0.1,0.0,0.0,0.026358699798583983,0.041211307048797594,0.44129937170113254,0.026580413182576496,4.976987838745117e-05,0,31695ab4-3134-4186-bdcd-fd21a32e45e5,20260815,ecs-keyed,adverse-ecs-fanout,1,local-adverse-authority
6,12,6,12,1602,1.0,2.0,6,6,6,1.0,1.0,0.0,1.0,1.0,0.5833333333333334,0.5,17.0,0.0,0.08333333333333333,0.0,0.0,0.02262812852859497,0.04208431243896484,0.5678774587862193,0.022106051445007324,0.00019657611846923828,0,b251d82f-5be8-4401-9b27-9a8c056fa95a,20260815,ecs-keyed,adverse-ecs-fanout,1,local-adverse-authority
6,12,6,12,1164,1.0,2.0,6,6,6,1.0,0.0,0.0,1.0,1.0,0.5833333333333334,0.5,300.0,0.0,0.08333333333333333,0.0,0.0,0.017594516277313232,0.023298168182373045,0.3043966661640695,0.016156991322835285,0.00020929177602132162,0,3a34afce-3f8f-446e-9360-f0e5f48927a3,20260815,ecs-keyed,adverse-conflict,1,local-adverse-authority
6,9,6,9,909,1.0,1.5,6,6,6,1.0,0.0,0.0,1.0,1.0,0.4444444444444444,0.33333333333333337,300.0,0.0,0.1111111111111111,0.0,0.0,0.014326863818698458,0.027210855484008787,0.5378229711492144,0.012764215469360352,0.0009259382883707682,0,6c7c4722-5320-4130-8087-67d9b9089ae9,20260815,ecs-keyed,adverse-conflict,1,local-adverse-authority
6,11,6,11,1128,1.0,1.8333333333333333,6,6,6,1.0,0.0,0.0,1.0,1.0,0.5454545454545454,0.4545454545454546,300.0,0.0,0.09090909090909091,0.0,0.0,0.02098824761130593,0.03657686710357666,0.5204290033253223,0.019379178682963055,0.0002208232879638672,0,9cd498ac-bb7a-4b64-b3a5-42c07c26ac2b,20260815,ecs-keyed,adverse-conflict,1,local-adverse-authority
6,11,6,11,1009,1.0,1.8333333333333333,6,6,6,1.0,0.0,0.0,1.0,1.0,0.5454545454545454,0.4545454545454546,300.0,0.0,0.09090909090909091,0.0,0.0,0.018033851276744495,0.04552757740020752,0.7727569570240215,0.015939195950826008,0.0007663249969482421,0,33a11c1a-6cf6-4679-a0f0-00901993d71b,20260815,ecs-keyed,adverse-conflict,1,local-adverse-authority
6,9,6,9,969,1.0,1.5,5,6,6,1.0,0.0,0.0,1.0,1.0,0.4444444444444444,0.33333333333333337,300.0,0.0,0.1111111111111111,0.0,0.0,0.01445060306125217,0.02688918113708496,0.49954932979608424,0.010982155799865723,0.0009217262268066406,0,8194390a-793a-4b71-aaec-b5283e645422,20260815,ecs-keyed,adverse-conflict,1,local-adverse-authority
6,12,6,12,1146,1.0,2.0,6,6,6,1.0,0.0,0.0,1.0,1.0,0.5833333333333334,0.5,300.0,0.0,0.08333333333333333,0.0,0.0,0.0318832794825236,0.05542072057723999,0.4220564449825866,0.030135353406270344,0.0005688667297363281,0,ef39220e-63a7-453b-bce2-9dba25500d41,20260815,ecs-keyed,adverse-conflict,1,local-adverse-authority
6,11,6,11,961,1.0,1.8333333333333333,6,6,6,1.0,0.8333333333333334,0.0,1.0,1.0,0.5454545454545454,0.4545454545454546,474.0,0.0,0.09090909090909091,0.0,0.0,0.23598239638588644,1.1632390022277832,1.853962560010621,0.21675368150075278,3.943443298339844e-05,0,f79c5520-152e-4045-a8f2-429a0de30572,20260815,ecs-keyed,adverse-ecs-fanout,1,local-adverse-authority
6,10,6,10,1000,1.0,1.6666666666666667,5,6,6,1.0,0.6666666666666666,0.0,1.0,1.0,0.5,0.4,20.0,0.0,0.1,0.0,0.0,0.02618849277496338,0.04738749265670776,0.5452532805516254,0.022089203198750813,0.0007889866828918457,0,019f6485-2b73-41ae-a976-8dae9f9d3113,20260815,ecs-keyed,adverse-ecs-fanout,1,local-adverse-authority
6,11,6,11,1111,1.0,1.8333333333333333,6,6,6,1.0,0.0,0.0,1.0,1.0,0.5454545454545454,0.4545454545454546,300.0,0.0,0.09090909090909091,0.0,0.0,0.02362879839810458,0.04453551769256592,0.5054462917170394,0.020608027776082356,0.0003204345703125,0,aa3f6973-5347-4d6d-b56e-f41c1e80ac32,20260815,ecs-keyed,adverse-conflict,1,local-adverse-authority
6,11,6,11,1009,1.0,1.8333333333333333,6,6,6,1.0,0.0,0.0,1.0,1.0,0.5454545454545454,0.4545454545454546,300.0,0.0,0.09090909090909091,0.0,0.0,0.029273705048994583,0.04684293270111084,0.4757595807046232,0.026763200759887695,0.0001983642578125,0,41450e67-b17d-43d8-b118-150107b77c76,20260815,ecs-keyed,adverse-conflict,1,local-adverse-authority
6,11,6,11,1009,1.0,1.8333333333333333,6,6,6,1.0,0.0,0.0,1.0,1.0,0.5454545454545454,0.4545454545454546,300.0,0.0,0.09090909090909091,0.0,0.0,0.03587219931862571,0.0501246452331543,0.31607760702993887,0.03122079372406006,0.00021963119506835939,0,57214fc1-4ffd-42dd-bfd9-efa2db5da132,20260815,ecs-keyed,adverse-conflict,1,local-adverse-authority
6,10,6,10,1048,1.0,1.6666666666666667,6,6,6,1.0,0.6666666666666666,0.0,1.0,1.0,0.5,0.4,483.0,0.0,0.1,0.0,0.0,0.020261979103088378,0.04091428518295288,0.6946162884795425,0.016956329345703125,0.0005450844764709473,0,b8851427-1932-42d7-95c9-8bb83bb552b9,20260815,ecs-keyed,adverse-ecs-fanout,1,local-adverse-authority
6,10,6,10,1176,1.0,1.6666666666666667,5,6,6,1.0,0.6666666666666666,0.0,1.0,1.0,0.4,0.4,288.0,0.0,0.1,0.0,0.0,0.023447084426879882,0.06227244138717651,0.8634376125970435,0.019522746404012043,0.0007756948471069336,0,3bb10bc0-2ef5-400c-a565-76996aeb9309,20260815,ecs-keyed,adverse-ecs-fanout,1,local-adverse-authority
6,11,6,11,1108,1.0,1.8333333333333333,6,6,6,1.0,0.8333333333333334,0.0,1.0,1.0,0.5454545454545454,0.4545454545454546,4.0,0.0,0.09090909090909091,0.0,0.0,0.024800105528397995,0.046079039573669434,0.4889786143131364,0.021624286969502766,0.00015997886657714844,0,b8506acd-f4ec-4fc8-960e-fc5f3500e484,20260815,ecs-keyed,adverse-ecs-fanout,1,local-adverse-authority
6,9,6,9,879,1.0,1.5,5,6,6,1.0,0.0,0.0,1.0,1.0,0.4444444444444444,0.33333333333333337,300.0,0.0,0.1111111111111111,0.0,0.0,0.021112150616115995,0.035886383056640624,0.5306507193720524,0.02091066042582194,0.0017383098602294922,0,0265b966-5c74-4f3e-94f8-5058bdd80f17,20260815,ecs-keyed,adverse-conflict,1,local-adverse-authority
6,10,6,10,1240,1.0,1.6666666666666667,6,6,6,1.0,0.6666666666666666,0.0,1.0,1.0,0.5,0.4,13794.0,0.0,0.1,0.0,0.0,0.03125665187835693,0.0471460223197937,0.32061785018565303,0.028390248616536457,0.0004869699478149414,0,aebf219a-c5e5-4ca2-8e2a-373d3a80373b,20260815,ecs-keyed,adverse-ecs-fanout,1,local-adverse-authority
6,9,6,9,909,1.0,1.5,6,6,6,1.0,0.5,0.0,1.0,1.0,0.4444444444444444,0.33333333333333337,300.0,0.0,0.1111111111111111,0.0,0.0,0.022828075620863173,0.03125152587890625,0.3609606428412114,0.020556012789408367,0.00025280316670735675,0,955bd04a-8d25-4956-9327-2691839a6147,20260815,ecs-keyed,adverse-ecs-fanout,1,local-adverse-authority
6,10,6,10,984,1.0,1.6666666666666667,6,6,6,1.0,0.6666666666666666,0.0,1.0,1.0,0.5,0.4,197.0,0.0,0.1,0.0,0.0,0.02695314884185791,0.04998764991760254,0.5650705295728545,0.022470513979593914,0.0008822083473205566,0,fa691b9b-ce21-4c5e-a494-b9589765fd60,20260815,ecs-keyed,adverse-ecs-fanout,1,local-adverse-authority
6,10,6,10,904,1.0,1.6666666666666667,5,6,6,1.0,0.6666666666666666,0.0,1.0,1.0,0.5,0.4,267.0,0.0,0.1,0.0,0.0,0.03536055088043213,0.05350872278213501,0.4203176738552143,0.027791500091552734,6.747245788574219e-05,0,09fe43fa-7006-404a-b15b-6da28eb121df,20260815,ecs-keyed,adverse-ecs-fanout,1,local-adverse-authority
6,8,6,8,812,1.0,1.3333333333333333,5,6,6,1.0,0.3333333333333333,0.0,1.0,1.0,0.375,0.25,2186.0,0.0,0.125,0.0,0.0,0.02005097270011902,0.027188456058502196,0.3114227132774699,0.017195979754130047,3.4809112548828125e-05,0,8b6500ec-73ac-44f8-a588-1521f97767dc,20260815,ecs-keyed,adverse-ecs-fanout,1,local-adverse-authority
6,12,6,12,1134,1.0,2.0,6,6,6,1.0,1.0,0.0,1.0,1.0,0.5833333333333334,0.5,512.0,0.0,0.08333333333333333,0.0,0.0,0.029594699541727703,0.06603301763534546,0.5792406097599604,0.027690807978312176,0.0006357828776041666,0,961e8c5c-557d-4bb8-8b28-f49a49c6ab2c,20260815,ecs-keyed,adverse-ecs-fanout,1,local-adverse-authority
6,11,6,11,944,1.0,1.8333333333333333,6,6,6,1.0,0.8333333333333334,0.0,1.0,1.0,0.5454545454545454,0.4545454545454546,300.0,0.0,0.09090909090909091,0.0,0.0,0.015516779639504173,0.01989424228668213,0.2660544529194207,0.01455847422281901,4.134178161621094e-05,0,6c4aff0c-0ee5-441f-ba8f-8194f88047b8,20260815,ecs-keyed,adverse-ecs-fanout,1,local-adverse-authority
6,12,6,12,1152,1.0,2.0,6,6,6,1.0,1.0,0.0,1.0,1.0,0.5833333333333334,0.5,61.0,0.0,0.08333333333333333,0.0,0.0,0.0311700701713562,0.04168442487716675,0.3255406783092848,0.028830567995707195,0.00025864442189534503,0,df7294b5-30e6-4861-845b-90ba54a9a3c5,20260815,ecs-keyed,adverse-ecs-fanout,1,local-adverse-authority
6,10,6,10,920,1.0,1.6666666666666667,6,6,6,1.0,0.6666666666666666,0.0,1.0,1.0,0.5,0.4,22.0,0.0,0.1,0.0,0.0,0.02095947265625,0.04127389192581174,0.6070541227218498,0.020979921023050945,3.11732292175293e-05,0,2a9f8a09-0071-41b4-a2c2-68ffbee0917b,20260815,ecs-keyed,adverse-ecs-fanout,1,local-adverse-authority
6,10,6,10,1176,1.0,1.6666666666666667,6,6,6,1.0,0.6666666666666666,0.0,1.0,1.0,0.5,0.4,762.0,0.0,0.1,0.0,0.0,0.031110763549804688,0.06440986394882202,0.5860376788958748,0.02581330140431722,0.00022292137145996094,0,b8784444-c77f-460c-af1e-26312dd18de4,20260815,ecs-keyed,adverse-ecs-fanout,1,local-adverse-authority
6,10,6,10,888,1.0,1.6666666666666667,6,6,6,1.0,0.6666666666666666,0.0,1.0,1.0,0.5,0.4,47.0,0.0,0.1,0.0,0.0,0.031395912170410156,0.0668109655380249,0.6352663566688991,0.026910583178202312,0.00013047456741333008,0,a7314cd0-c48b-444d-8927-523961f10b76,20260815,ecs-keyed,adverse-ecs-fanout,1,local-adverse-authority
6,11,6,11,944,1.0,1.8333333333333333,6,6,6,1.0,0.8333333333333334,0.0,1.0,1.0,0.5454545454545454,0.4545454545454546,24.0,0.0,0.09090909090909091,0.0,0.0,0.026928056370128284,0.08215522766113281,0.977600612858821,0.02312914530436198,0.0005457878112792968,0,9a85870e-3bda-4b03-858b-1c05e578e9bc,20260815,ecs-keyed,adverse-ecs-fanout,1,local-adverse-authority
6,11,6,11,916,1.0,1.8333333333333333,6,6,6,1.0,0.8333333333333334,0.0,1.0,1.0,0.5454545454545454,0.4545454545454546,31.0,0.0,0.09090909090909091,0.0,0.0,0.02450052174654874,0.05005788803100586,0.5301383843736881,0.022083520889282227,9.050369262695313e-05,0,fe817142-a0b6-4ad8-a421-af9e90c97dd9,20260815,ecs-keyed,adverse-ecs-fanout,1,local-adverse-authority
6,11,6,11,933,1.0,1.8333333333333333,6,6,6,1.0,0.8333333333333334,0.0,1.0,1.0,0.45454545454545453,0.4545454545454546,37.0,0.0,0.09090909090909091,0.0,0.0,0.03161111744967374,0.06329572200775146,0.554041697386221,0.02742612361907959,0.00011658668518066406,0,94a1bbf4-a04b-4289-ad97-a7f1e51efa89,20260815,ecs-keyed,adverse-ecs-fanout,1,local-adverse-authority
6,10,6,10,808,1.0,1.6666666666666667,6,6,6,1.0,0.6666666666666666,0.0,1.0,1.0,0.5,0.4,585.0,0.0,0.1,0.0,0.0,0.023506569862365722,0.034878313541412354,0.3492910893001607,0.02036126454671224,3.844499588012695e-05,0,cfd26fb8-ccc9-44cd-8035-32bf7c6ccb2e,20260815,ecs-keyed,adverse-ecs-fanout,1,local-adverse-authority
6,11,6,11,1221,1.0,1.8333333333333333,6,6,6,1.0,0.8333333333333334,0.0,1.0,1.0,0.5454545454545454,0.4545454545454546,6.0,0.0,0.09090909090909091,0.0,0.0,0.015685146505182438,0.04513287544250488,0.970816017441863,0.014331976572672525,0.00010724067687988282,0,1dccf16c-fa34-42ba-8d1e-85f245cfa7fb,20260815,ecs-keyed,adverse-ecs-fanout,1,local-adverse-authority
6,10,6,10,872,1.0,1.6666666666666667,6,6,6,1.0,0.6666666666666666,0.0,1.0,1.0,0.5,0.4,29.0,0.0,0.1,0.0,0.0,0.009064936637878418,0.020031726360321044,0.625880422648929,0.00793461004892985,3.8743019104003906e-05,0,d04aae37-27a5-4138-b920-4e39549fe4b8,20260815,ecs-keyed,adverse-ecs-fanout,1,local-adverse-authority
6,11,6,11,1989,1.0,1.8333333333333333,6,6,6,1.0,0.8333333333333334,0.0,1.0,1.0,0.5454545454545454,0.4545454545454546,300.0,0.0,0.09090909090909091,0.0,0.0,0.018609827215021305,0.03173470497131348,0.5183332914752616,0.01680620511372884,7.777214050292968e-05,0,7c0f056a-6a29-416b-8933-b446f64bd831,20260815,ecs-keyed,adverse-ecs-fanout,1,local-adverse-authority
6,12,6,12,1050,1.0,2.0,6,6,6,1.0,1.0,0.0,1.0,1.0,0.5833333333333334,0.5,90.0,0.0,0.08333333333333333,0.0,0.0,0.024678170680999756,0.05872247219085693,0.7071326473196305,0.024111628532409668,7.847944895426433e-05,0,9c808c0d-9ebd-4b8a-a6ff-af7041163075,20260815,ecs-keyed,adverse-ecs-fanout,1,local-adverse-authority
6,12,6,12,1092,1.0,2.0,6,6,6,1.0,1.0,0.0,1.0,1.0,0.5833333333333334,0.5,300.0,0.0,0.08333333333333333,0.0,0.0,0.03075257937113444,0.07737330198287964,0.72968737913274,0.02950151761372884,7.589658101399739e-05,0,296de3ea-37b2-44dc-8ac1-6719108b32d3,20260815,ecs-keyed,adverse-ecs-fanout,1,local-adverse-authority
6,12,6,12,1020,1.0,2.0,6,6,6,1.0,1.0,0.0,1.0,1.0,0.5833333333333334,0.5,201.0,0.0,0.08333333333333333,0.0,0.0,0.01171704133351644,0.039323043823242185,1.0622245949582927,0.011353333791097006,3.107388814290365e-05,0,15239f92-3293-4607-8f25-f4f3f26a7e41,20260815,ecs-keyed,adverse-ecs-fanout,1,local-adverse-authority
6,10,6,10,984,1.0,1.6666666666666667,6,6,6,1.0,0.6666666666666666,0.0,1.0,1.0,0.5,0.4,297.0,0.0,0.1,0.0,0.0,0.021266460418701172,0.04033830165863037,0.7194030893029852,0.02013882001241048,2.9742717742919922e-05,0,5f754cc8-7aea-4db9-aa86-d536a9617595,20260815,ecs-keyed,adverse-ecs-fanout,1,local-adverse-authority
1,1,1,1,144,1.0,1.0,1,0,0,0.0,0.0,0.0,-0.0,-0.0,1.0,0.0,52.0,0.0,1.0,0.0,0.0,0.0019397735595703125,0.0019397735595703125,0.0,0.0018317699432373047,0.0,0,ea852463-2944-4ebf-9f0c-90f7a568a832,20260815,ecs-strict,benign-plain,0,cloudflare
6,12,6,12,1074,1.0,2.0,6,6,6,1.0,1.0,0.0,1.0,1.0,0.5833333333333334,0.5,296.0,0.0,0.08333333333333333,0.0,0.0,0.050036489963531494,0.18473838567733764,1.2065720727880909,0.04649432500203451,0.00017321109771728516,0,acedae3d-602b-4c13-9962-697d3b26e3b3,20260815,ecs-keyed,adverse-ecs-fanout,1,local-adverse-authority
6,12,6,12,1194,1.0,2.0,6,6,6,1.0,1.0,0.0,1.0,1.0,0.5833333333333334,0.5,60.0,0.0,0.08333333333333333,0.0,0.0,0.027558426062266033,0.04535033702850342,0.5893115386469666,0.027044018109639485,3.572305043538412e-05,0,db8f30da-a155-4be5-bcaf-7dd0db482d60,20260815,ecs-keyed,adverse-ecs-fanout,1,local-adverse-authority
1,1,1,1,166,1.0,1.0,1,0,0,0.0,0.0,0.0,-0.0,-0.0,1.0,0.0,3.0,0.0,1.0,0.0,0.0,0.0022554397583007812,0.0022554397583007812,0.0,0.0021178722381591797,0.0,0,5517cfbd-6f5d-4b93-919d-893682664061,20260815,ecs-strict,benign-plain,0,quad9
1,1,1,1,100,1.0,1.0,1,0,0,0.0,0.0,0.0,-0.0,-0.0,1.0,0.0,600.0,0.0,1.0,0.0,0.0,0.14949631690979004,0.14949631690979004,0.0,0.14943408966064453,0.0,0,a3f14202-bddb-4524-b42d-1f78c0f6d6ed,20260815,ecs-strict,benign-plain,0,opendns
1,1,1,1,186,1.0,1.0,1,0,0,0.0,0.0,0.0,-0.0,-0.0,1.0,0.0,41.0,0.0,1.0,0.0,0.0,0.00238037109375,0.00238037109375,0.0,0.0021142959594726562,0.0,0,733500a4-a838-484d-bcdf-85d9365ebe6c,20260815,ecs-strict,benign-plain,0,opendns
1,1,1,1,88,1.0,1.0,1,0,0,0.0,0.0,0.0,-0.0,-0.0,1.0,0.0,991.0,0.0,1.0,0.0,0.0,0.001974821090698242,0.001974821090698242,0.0,0.001798391342163086,0.0,0,3c53a773-a717-4212-ac78-f82bd51bdf39,20260815,ecs-strict,benign-plain,0,opendns
1,1,1,1,104,1.0,1.0,1,0,0,0.0,0.0,0.0,-0.0,-0.0,1.0,0.0,226.0,0.0,1.0,0.0,0.0,0.0020627975463867188,0.0020627975463867188,0.0,0.0019316673278808594,0.0,0,2e105c1f-ddd3-4f6f-b016-c3ea3d1204e8,20260815,ecs-strict,benign-plain,0,google
1,1,1,1,96,1.0,1.0,1,0,0,0.0,0.0,0.0,-0.0,-0.0,1.0,0.0,20.0,0.0,1.0,0.0,0.0,0.012864828109741211,0.012864828109741211,0.0,0.012806415557861328,0.0,0,41d78c7a-19a5-4e5e-a006-ce70ced8bfbe,20260815,ecs-strict,benign-plain,0,google
1,1,1,1,118,1.0,1.0,1,0,0,0.0,0.0,0.0,-0.0,-0.0,1.0,0.0,592.0,0.0,1.0,0.0,0.0,0.0020165443420410156,0.0020165443420410156,0.0,0.0018129348754882812,0.0,0,35ba168a-cbcf-44b8-af01-1f8ac0e4becb,20260815,ecs-strict,benign-plain,0,google
1,1,1,1,132,1.0,1.0,1,0,0,0.0,0.0,0.0,-0.0,-0.0,1.0,0.0,33.0,0.0,1.0,0.0,0.0,0.001737833023071289,0.001737833023071289,0.0,0.0015349388122558594,0.0,0,a4aa4888-9d0f-40ba-967e-64236b6a1adc,20260815,ecs-strict,benign-plain,0,cloudflare
1,1,1,1,116,1.0,1.0,1,0,0,0.0,0.0,0.0,-0.0,-0.0,1.0,0.0,291.0,0.0,1.0,0.0,0.0,0.0015721321105957031,0.0015721321105957031,0.0,0.0014395713806152344,0.0,0,bb2680f6-25c1-430b-8d87-106f96f71971,20260815,ecs-strict,benign-plain,0,cloudflare
1,1,1,1,100,1.0,1.0,1,0,0,0.0,0.0,0.0,-0.0,-0.0,1.0,0.0,145.0,0.0,1.0,0.0,0.0,0.001912832260131836,0.001912832260131836,0.0,0.0017421245574951172,0.0,0,c2778e1c-8deb-4099-b0f8-923680d64782,20260815,ecs-strict,benign-plain,0,opendns
6,10,6,10,1496,1.0,1.6666666666666667,6,6,6,1.0,0.6666666666666666,0.0,1.0,1.0,0.5,0.4,300.0,0.0,0.1,0.0,0.0,0.19919583797454835,0.9311850309371948,1.8376591535504805,0.16611921787261963,0.00013583898544311523,0,46481613-0b1a-435e-9122-e1930b846140,20260815,ecs-keyed,adverse-ecs-fanout,1,local-adverse-authority
1,1,1,1,96,1.0,1.0,1,0,0,0.0,0.0,0.0,-0.0,-0.0,1.0,0.0,300.0,0.0,1.0,0.0,0.0,0.012959003448486328,0.012959003448486328,0.0,0.012897491455078125,0.0,0,d125c232-4bc7-44b2-967c-62ccd0418b82,20260815,ecs-strict,benign-plain,0,quad9
1,1,1,1,98,1.0,1.0,1,0,0,0.0,0.0,0.0,-0.0,-0.0,1.0,0.0,5714.0,0.0,1.0,0.0,0.0,0.00197601318359375,0.00197601318359375,0.0,0.0018780231475830078,0.0,0,da4cbb3e-4b4c-4e44-8dfb-bf0af460c33e,20260815,ecs-strict,benign-plain,0,opendns
6,9,6,9,768,1.0,1.5,6,6,6,1.0,0.5,0.0,1.0,1.0,0.4444444444444444,0.33333333333333337,300.0,0.0,0.1111111111111111,0.0,0.0,0.01421372095743815,0.02963676452636719,0.600066106976474,0.012139280637105307,0.00014813741048177084,0,bf88e4e5-25ac-40fc-bf97-6a3a83d6419c,20260815,ecs-keyed,adverse-ecs-fanout,1,local-adverse-authority
1,1,1,1,102,1.0,1.0,1,0,0,0.0,0.0,0.0,-0.0,-0.0,1.0,0.0,13329.0,0.0,1.0,0.0,0.0,0.001909017562866211,0.001909017562866211,0.0,0.0018384456634521484,0.0,0,b0954beb-7698-410a-85c2-aaaa5a685636,20260815,ecs-strict,benign-plain,0,cloudflare
6,9,6,9,888,1.0,1.5,6,6,6,1.0,0.5,0.0,1.0,1.0,0.4444444444444444,0.33333333333333337,300.0,0.0,0.1111111111111111,0.0,0.0,0.017642047670152452,0.03836216926574707,0.8231683323636024,0.01612857977549235,0.00013025601704915365,0,77477ba1-6e2d-4c0b-b588-fb5c242a2d11,20260815,ecs-keyed,adverse-ecs-fanout,1,local-adverse-authority
1,1,1,1,212,1.0,1.0,1,0,0,0.0,0.0,0.0,-0.0,-0.0,1.0,0.0,139.0,0.8139358632363137,1.0,0.0,0.0,0.0021178722381591797,0.0021178722381591797,0.0,0.001958608627319336,0.0,0,7c331d6b-bcac-44f4-b9e5-8c9726a8e798,20260815,ecs-strict,benign-plain,0,opendns
1,1,1,1,144,1.0,1.0,1,0,0,0.0,0.0,0.0,-0.0,-0.0,1.0,0.0,3012.0,0.0,1.0,0.0,0.0,0.0020751953125,0.0020751953125,0.0,0.00160980224609375,0.0,0,01c3b9d2-726b-46b7-b82d-50ca84493934,20260815,ecs-strict,benign-plain,0,opendns
1,1,1,1,126,1.0,1.0,1,0,0,0.0,0.0,0.0,-0.0,-0.0,1.0,0.0,440.0,0.0,1.0,0.0,0.0,0.0018811225891113281,0.0018811225891113281,0.0,0.001796722412109375,0.0,0,3f76a13b-5f5b-4a4e-b407-9bd307c2b5d0,20260815,ecs-strict,benign-plain,0,google
1,1,1,1,128,1.0,1.0,1,0,0,0.0,0.0,0.0,-0.0,-0.0,1.0,0.0,243.0,0.0,1.0,0.0,0.0,0.002123594284057617,0.002123594284057617,0.0,0.0020475387573242188,0.0,0,97eaf52b-c554-4a4d-8ffb-74090a476abe,20260815,ecs-strict,benign-plain,0,google
1,1,1,1,92,1.0,1.0,1,0,0,0.0,0.0,0.0,-0.0,-0.0,1.0,0.0,32.0,0.0,1.0,0.0,0.0,0.0018758773803710938,0.0018758773803710938,0.0,0.0017728805541992188,0.0,0,0fb90e5c-b2fb-426b-82ec-7e6decf0dd5d,20260815,ecs-strict,benign-plain,0,opendns
6,10,6,10,840,1.0,1.6666666666666667,6,6,6,1.0,0.6666666666666666,0.0,1.0,1.0,0.5,0.4,300.0,0.0,0.1,0.0,0.0,0.033861517906188965,0.06654815673828125,0.6233521139234078,0.033144871393839516,5.340576171875e-05,0,a3394dff-8a3e-4f58-80f1-f78d3fa738b1,20260815,ecs-keyed,adverse-ecs-fanout,1,local-adverse-authority
1,1,1,1,160,1.0,1.0,1,0,0,0.0,0.0,0.0,-0.0,-0.0,1.0,0.0,82.0,0.0,1.0,0.0,0.0,0.001987457275390625,0.001987457275390625,0.0,0.0019009113311767578,0.0,0,dd104bb9-5c8d-420e-b5b0-92b05b7f5922,20260815,ecs-strict,benign-plain,0,quad9
1,1,1,1,176,1.0,1.0,1,0,0,0.0,0.0,0.0,-0.0,-0.0,1.0,0.0,21192.0,0.0,1.0,0.0,0.0,0.0041654109954833984,0.0041654109954833984,0.0,0.003942251205444336,0.0,0,adbf0e83-9a17-48cb-a80d-4e3843c529eb,20260815,ecs-strict,benign-plain,0,quad9
6,11,6,11,916,1.0,1.8333333333333333,6,6,6,1.0,0.8333333333333334,0.0,1.0,1.0,0.45454545454545453,0.4545454545454546,300.0,0.0,0.09090909090909091,0.0,0.0,0.021519270810213955,0.04378628730773926,0.5293424026974491,0.02123268445332845,0.00014963150024414063,0,580f4323-1cad-4e48-8a14-9c686c5864c8,20260815,ecs-keyed,adverse-ecs-fanout,1,local-adverse-authority
1,1,1,1,124,1.0,1.0,1,0,0,0.0,0.0,0.0,-0.0,-0.0,1.0,0.0,509.0,0.0,1.0,0.0,0.0,0.002378225326538086,0.002378225326538086,0.0,0.0022754669189453125,0.0,0,b7bf7df7-d642-4143-9c9c-c53153b36bcf,20260815,ecs-strict,benign-plain,0,cloudflare
1,1,1,1,108,1.0,1.0,1,0,0,0.0,0.0,0.0,-0.0,-0.0,1.0,0.0,244.0,0.0,1.0,0.0,0.0,0.0032491683959960938,0.0032491683959960938,0.0,0.0030608177185058594,0.0,0,f052d937-1671-4f02-9540-44e7c5a6d3bc,20260815,ecs-strict,benign-plain,0,opendns
1,1,1,1,90,1.0,1.0,1,0,0,0.0,0.0,0.0,-0.0,-0.0,1.0,0.0,250.0,0.0,1.0,0.0,0.0,0.0042591094970703125,0.0042591094970703125,0.0,0.004162788391113281,0.0,0,0744b478-f8ae-401f-a06f-4048d8ed9463,20260815,ecs-strict,benign-plain,0,quad9
1,1,1,1,158,1.0,1.0,1,0,0,0.0,0.0,0.0,-0.0,-0.0,1.0,0.0,60.0,0.0,1.0,0.0,0.0,0.016097307205200195,0.016097307205200195,0.0,0.016022205352783203,0.0,0,d7343847-fa6a-4ee0-be56-57fbc575be36,20260815,ecs-strict,benign-plain,0,google
1,1,1,1,88,1.0,1.0,1,0,0,0.0,0.0,0.0,-0.0,-0.0,1.0,0.0,4460.0,0.0,1.0,0.0,0.0,0.00428009033203125,0.00428009033203125,0.0,0.0037546157836914062,0.0,0,0c365b8d-f8b7-430c-a691-50b090931b49,20260815,ecs-strict,benign-plain,0,cloudflare
1,1,1,1,104,1.0,1.0,1,0,0,0.0,0.0,0.0,-0.0,-0.0,1.0,0.0,241.0,0.0,1.0,0.0,0.0,0.0018506050109863281,0.0018506050109863281,0.0,0.0015223026275634766,0.0,0,c398867f-faa8-4680-b7ac-45702da7a25e,20260815,ecs-strict,benign-plain,0,opendns
1,1,1,1,102,1.0,1.0,1,0,0,0.0,0.0,0.0,-0.0,-0.0,1.0,0.0,180.0,0.0,1.0,0.0,0.0,0.0019905567169189453,0.0019905567169189453,0.0,0.001840829849243164,0.0,0,5f10893f-bb93-4d94-9d3e-d765b4d211a9,20260815,ecs-strict,benign-plain,0,google
1,1,1,1,178,1.0,1.0,1,0,0,0.0,0.0,0.0,-0.0,-0.0,1.0,0.0,57.0,0.0,1.0,0.0,0.0,0.0010983943939208984,0.0010983943939208984,0.0,0.0010399818420410156,0.0,0,e95b91bd-6156-4f7c-b634-886779ebbf55,20260815,ecs-strict,benign-plain,0,quad9
1,1,1,1,122,1.0,1.0,1,0,0,0.0,0.0,0.0,-0.0,-0.0,1.0,0.0,300.0,0.0,1.0,0.0,0.0,0.015110492706298828,0.015110492706298828,0.0,0.015015840530395508,0.0,0,f3cd8425-62f7-4b78-94f5-b5af75dbb139,20260815,ecs-strict,benign-plain,0,quad9
6,10,6,10,1016,1.0,1.6666666666666667,6,6,6,1.0,0.6666666666666666,0.0,1.0,1.0,0.4,0.4,300.0,0.0,0.1,0.0,0.0,0.027318644523620605,0.07215713262557984,0.8581796116478381,0.023235877354939777,0.00013768672943115234,0,f5d34ec5-bf2a-415a-8cef-462640be8cf7,20260815,ecs-keyed,adverse-ecs-fanout,1,local-adverse-authority
6,10,6,10,904,1.0,1.6666666666666667,6,6,6,1.0,0.6666666666666666,0.0,1.0,1.0,0.5,0.4,300.0,0.0,0.1,0.0,0.0,0.023995494842529295,0.08102388381958008,1.1976743138173382,0.01978774865468343,0.0005797147750854492,0,2366c7be-43a7-4235-9aeb-2b1af1144305,20260815,ecs-keyed,adverse-ecs-fanout,1,local-adverse-authority
1,1,1,1,182,1.0,1.0,1,0,0,0.0,0.0,0.0,-0.0,-0.0,1.0,0.0,300.0,0.0,1.0,0.0,0.0,0.004406452178955078,0.004406452178955078,0.0,0.004294872283935547,0.0,0,38f60a07-a6bc-4f99-b661-555ff4bca1cb,20260815,ecs-strict,benign-plain,0,google
1,1,1,1,177,1.0,1.0,1,0,0,0.0,0.0,0.0,-0.0,-0.0,1.0,0.0,45.666666666666664,0.1032272673265033,1.0,0.0,0.0,0.0022280216217041016,0.0022280216217041016,0.0,0.0020105838775634766,0.0,0,73c40a6a-d219-43ff-83c5-23dbc3e86401,20260815,ecs-strict,benign-plain,0,google
1,1,1,1,84,1.0,1.0,1,0,0,0.0,0.0,0.0,-0.0,-0.0,1.0,0.0,60.0,0.0,1.0,0.0,0.0,0.018110990524291992,0.018110990524291992,0.0,0.017843008041381836,0.0,0,e4fc7d90-4a46-4cb1-8d14-b2a43d3b87e3,20260815,ecs-strict,benign-plain,0,quad9
1,1,1,1,158,1.0,1.0,1,0,0,0.0,0.0,0.0,-0.0,-0.0,1.0,0.0,21.0,0.0,1.0,0.0,0.0,0.0017735958099365234,0.0017735958099365234,0.0,0.0015244483947753906,0.0,0,ca1dbaa9-0aa4-4d18-becd-e787f3e1981a,20260815,ecs-strict,benign-plain,0,cloudflare
1,1,1,1,138,1.0,1.0,1,0,0,0.0,0.0,0.0,-0.0,-0.0,1.0,0.0,300.0,0.0,1.0,0.0,0.0,0.014287948608398438,0.014287948608398438,0.0,0.014199495315551758,0.0,0,6120858b-0998-4c22-9d4d-d4b447775208,20260815,ecs-strict,benign-plain,0,quad9
6,9,6,9,783,1.0,1.5,6,6,6,1.0,0.5,0.0,1.0,1.0,0.4444444444444444,0.33333333333333337,300.0,0.0,0.1111111111111111,0.0,0.0,0.029519081115722656,0.06334385871887208,0.7048428278760375,0.022415320078531902,8.686383565266927e-05,0,59fcef6e-f330-46d3-b02b-2740a6c01e5b,20260815,ecs-keyed,adverse-ecs-fanout,1,local-adverse-authority
1,1,1,1,134,1.0,1.0,1,0,0,0.0,0.0,0.0,-0.0,-0.0,1.0,0.0,2.0,0.0,1.0,0.0,0.0,0.002337217330932617,0.002337217330932617,0.0,0.0021147727966308594,0.0,0,ee81983a-923d-4bdb-a383-c85d7a3c1474,20260815,ecs-strict,benign-plain,0,opendns
1,1,1,1,110,1.0,1.0,1,0,0,0.0,0.0,0.0,-0.0,-0.0,1.0,0.0,191.0,0.0,1.0,0.0,0.0,0.0025391578674316406,0.0025391578674316406,0.0,0.002377748489379883,0.0,0,167e357d-475b-42c6-890b-3be14ce16627,20260815,ecs-strict,benign-plain,0,quad9
1,1,1,1,124,1.0,1.0,1,0,0,0.0,0.0,0.0,-0.0,-0.0,1.0,0.0,66.0,0.0,1.0,0.0,0.0,0.002004384994506836,0.002004384994506836,0.0,0.0018374919891357422,0.0,0,c732bc31-8220-40d0-95e0-f65e4d9e53e6,20260815,ecs-strict,benign-plain,0,quad9
1,1,1,1,133,1.0,1.0,1,0,0,0.0,0.0,0.0,-0.0,-0.0,1.0,0.0,9279.0,0.9806013579049466,1.0,0.0,0.0,0.021073579788208008,0.021073579788208008,0.0,0.0209805965423584,0.0,0,ce49b6ae-2868-48df-b6e7-731f6b56720f,20260815,ecs-strict,benign-plain,0,google
1,1,1,1,146,1.0,1.0,1,0,0,0.0,0.0,0.0,-0.0,-0.0,1.0,0.0,118.0,0.0,1.0,0.0,0.0,0.0020813941955566406,0.0020813941955566406,0.0,0.0018069744110107422,0.0,0,dba81ee9-7fe0-436a-a422-5e9dac44aef6,20260815,ecs-strict,benign-plain,0,cloudflare
1,1,1,1,162,1.0,1.0,1,0,0,0.0,0.0,0.0,-0.0,-0.0,1.0,0.0,216.0,0.0,1.0,0.0,0.0,0.0016295909881591797,0.0016295909881591797,0.0,0.001455545425415039,0.0,0,a164adb3-b0a8-42d9-9448-5cae9ab0013f,20260815,ecs-strict,benign-plain,0,opendns
1,1,1,1,102,1.0,1.0,1,0,0,0.0,0.0,0.0,-0.0,-0.0,1.0,0.0,17863.0,0.0,1.0,0.0,0.0,0.0025768280029296875,0.0025768280029296875,0.0,0.002480030059814453,0.0,0,99a97922-028b-452c-a9d9-3caf846bd08d,20260815,ecs-strict,benign-plain,0,quad9
1,1,1,1,122,1.0,1.0,1,0,0,0.0,0.0,0.0,-0.0,-0.0,1.0,0.0,16522.0,0.0,1.0,0.0,0.0,0.0018324851989746094,0.0018324851989746094,0.0,0.0014896392822265625,0.0,0,f8fbd306-9351-42a7-bf9d-3b7f074fe2db,20260815,ecs-strict,benign-plain,0,quad9
1,1,1,1,82,1.0,1.0,1,0,0,0.0,0.0,0.0,-0.0,-0.0,1.0,0.0,149.0,0.0,1.0,0.0,0.0,0.0027141571044921875,0.0027141571044921875,0.0,0.0018591880798339844,0.0,0,ebbd3123-9874-4840-89cd-aea709fd80cb,20260815,ecs-strict,benign-plain,0,quad9
1,1,1,1,96,1.0,1.0,1,0,0,0.0,0.0,0.0,-0.0,-0.0,1.0,0.0,37.0,0.0,1.0,0.0,0.0,0.0009512901306152344,0.0009512901306152344,0.0,0.0009007453918457031,0.0,0,2cec0fa1-e9a2-40c6-8271-b177baa91cb4,20260815,ecs-strict,benign-plain,0,opendns
1,1,1,1,100,1.0,1.0,1,0,0,0.0,0.0,0.0,-0.0,-0.0,1.0,0.0,499.0,0.0,1.0,0.0,0.0,0.0016913414001464844,0.0016913414001464844,0.0,0.0014455318450927734,0.0,0,3177bf41-fade-4694-8396-5e6de835683e,20260815,ecs-strict,benign-plain,0,quad9
1,1,1,1,146,1.0,1.0,1,0,0,0.0,0.0,0.0,-0.0,-0.0,1.0,0.0,200.0,0.0,1.0,0.0,0.0,0.0015146732330322266,0.0015146732330322266,0.0,0.0013124942779541016,0.0,0,3d36a777-2921-4d97-9ad2-d5fab61b8ef3,20260815,ecs-strict,benign-plain,0,quad9
1,1,1,1,136,1.0,1.0,1,0,0,0.0,0.0,0.0,-0.0,-0.0,1.0,0.0,300.0,0.0,1.0,0.0,0.0,0.014856576919555664,0.014856576919555664,0.0,0.014788150787353516,0.0,0,5d1a9056-bc24-4c69-8e5c-159e6df42e02,20260815,ecs-strict,benign-plain,0,opendns
1,1,1,1,150,1.0,1.0,1,0,0,0.0,0.0,0.0,-0.0,-0.0,1.0,0.0,60.0,0.0,1.0,0.0,0.0,0.01487112045288086,0.01487112045288086,0.0,0.014662981033325195,0.0,0,3a898681-a1b2-452c-8305-3af1d355ac30,20260815,ecs-strict,benign-plain,0,quad9
1,1,1,1,124,1.0,1.0,1,0,0,0.0,0.0,0.0,-0.0,-0.0,1.0,0.0,509.0,0.0,1.0,0.0,0.0,0.0016646385192871094,0.0016646385192871094,0.0,0.0016252994537353516,0.0,0,291403a8-2b32-4f94-afe2-f2f2885095ac,20260815,ecs-strict,benign-plain,0,opendns
1,1,1,1,177,1.0,1.0,1,0,0,0.0,0.0,0.0,-0.0,-0.0,1.0,0.0,21.666666666666668,0.021757131728816846,1.0,0.0,0.0,0.002547025680541992,0.002547025680541992,0.0,0.002353191375732422,0.0,0,1ed6a01f-bea4-43be-971c-701558e169a0,20260815,ecs-strict,benign-plain,0,quad9
1,1,1,1,108,1.0,1.0,1,0,0,0.0,0.0,0.0,-0.0,-0.0,1.0,0.0,527.0,0.0,1.0,0.0,0.0,0.0020079612731933594,0.0020079612731933594,0.0,0.0018341541290283203,0.0,0,cff4ffd5-a701-4385-846e-c9e7aaa602b2,20260815,ecs-strict,benign-plain,0,google
1,1,1,1,116,1.0,1.0,1,0,0,0.0,0.0,0.0,-0.0,-0.0,1.0,0.0,186.0,0.0,1.0,0.0,0.0,0.0016863346099853516,0.0016863346099853516,0.0,0.0015606880187988281,0.0,0,b3ffaa4d-290f-4e09-abde-109f72a67029,20260815,ecs-strict,benign-plain,0,quad9
1,1,1,1,188,1.0,1.0,1,0,0,0.0,0.0,0.0,-0.0,-0.0,1.0,0.0,300.0,0.0,1.0,0.0,0.0,0.0023648738861083984,0.0023648738861083984,0.0,0.002323627471923828,0.0,0,209b8a1c-38df-4c1b-9b40-2aa56a921d73,20260815,ecs-strict,benign-plain,0,opendns
1,1,1,1,86,1.0,1.0,1,0,0,0.0,0.0,0.0,-0.0,-0.0,1.0,0.0,30.0,0.0,1.0,0.0,0.0,0.01940321922302246,0.01940321922302246,0.0,0.019214868545532227,0.0,0,da9cc2c7-4d5e-4ecd-a9f4-bbe8e69e8893,20260815,ecs-strict,benign-plain,0,opendns
1,1,1,1,96,1.0,1.0,1,0,0,0.0,0.0,0.0,-0.0,-0.0,1.0,0.0,6528.0,0.0,1.0,0.0,0.0,0.001911163330078125,0.001911163330078125,0.0,0.0017161369323730469,0.0,0,3ed603f4-ffbe-44bf-9ec4-ace7ac3922e1,20260815,ecs-strict,benign-plain,0,quad9
1,1,1,1,104,1.0,1.0,1,0,0,0.0,0.0,0.0,-0.0,-0.0,1.0,0.0,60.0,0.0,1.0,0.0,0.0,0.015554666519165039,0.015554666519165039,0.0,0.015493154525756836,0.0,0,58ca7a69-e899-49b2-8f45-4b2cf152d54e,20260815,ecs-strict,benign-plain,0,quad9
1,1,1,1,94,1.0,1.0,1,0,0,0.0,0.0,0.0,-0.0,-0.0,1.0,0.0,11201.0,0.0,1.0,0.0,0.0,0.0013728141784667969,0.0013728141784667969,0.0,0.001306295394897461,0.0,0,03c96eae-9200-4305-900f-c7a34ea58c75,20260815,ecs-strict,benign-plain,0,google
1,1,1,1,96,1.0,1.0,1,0,0,0.0,0.0,0.0,-0.0,-0.0,1.0,0.0,60.0,0.0,1.0,0.0,0.0,0.016796350479125977,0.016796350479125977,0.0,0.016617536544799805,0.0,0,b78cc7cd-d7b3-44cb-bf47-33c3866600ec,20260815,ecs-strict,benign-plain,0,opendns
1,1,1,1,140,1.0,1.0,1,0,0,0.0,0.0,0.0,-0.0,-0.0,1.0,0.0,60.0,0.0,1.0,0.0,0.0,0.016419172286987305,0.016419172286987305,0.0,0.01631903648376465,0.0,0,ff048bc6-4224-4755-b0a5-6f45674d91d5,20260815,ecs-strict,benign-plain,0,cloudflare
1,1,1,1,102,1.0,1.0,1,0,0,0.0,0.0,0.0,-0.0,-0.0,1.0,0.0,288.0,0.0,1.0,0.0,0.0,0.0010395050048828125,0.0010395050048828125,0.0,0.0009343624114990234,0.0,0,45f8ecdf-21bd-43a5-b55d-13f52e639ae1,20260815,ecs-strict,benign-plain,0,google
1,1,1,1,156,1.0,1.0,1,0,0,0.0,0.0,0.0,-0.0,-0.0,1.0,0.0,60.0,0.0,1.0,0.0,0.0,0.015928030014038086,0.015928030014038086,0.0,0.015787124633789062,0.0,0,c682af07-881e-4f19-86d0-8eaf78564710,20260815,ecs-strict,benign-plain,0,opendns
1,1,1,1,182,1.0,1.0,1,0,0,0.0,0.0,0.0,-0.0,-0.0,1.0,0.0,245.0,0.0,1.0,0.0,0.0,0.0017952919006347656,0.0017952919006347656,0.0,0.0017135143280029297,0.0,0,aacb121b-cc56-4c9c-bfe8-968cf83a255c,20260815,ecs-strict,benign-plain,0,cloudflare
1,1,1,1,108,1.0,1.0,1,0,0,0.0,0.0,0.0,-0.0,-0.0,1.0,0.0,300.0,0.0,1.0,0.0,0.0,0.014155149459838867,0.014155149459838867,0.0,0.014089584350585938,0.0,0,e79ac17e-ff73-4d76-935b-2a101624eb4c,20260815,ecs-strict,benign-plain,0,opendns
1,1,1,1,132,1.0,1.0,1,0,0,0.0,0.0,0.0,-0.0,-0.0,1.0,0.0,61.0,0.0,1.0,0.0,0.0,0.0018582344055175781,0.0018582344055175781,0.0,0.0017914772033691406,0.0,0,894390cc-14df-4b0d-a4d5-baf802e03e11,20260815,ecs-strict,benign-plain,0,google
1,1,1,1,158,1.0,1.0,1,0,0,0.0,0.0,0.0,-0.0,-0.0,1.0,0.0,300.0,0.0,1.0,0.0,0.0,0.01629161834716797,0.01629161834716797,0.0,0.016224384307861328,0.0,0,bce27be1-7724-4ad3-9570-4e10cea970f3,20260815,ecs-strict,benign-plain,0,opendns
1,1,1,1,112,1.0,1.0,1,0,0,0.0,0.0,0.0,-0.0,-0.0,1.0,0.0,10.0,0.0,1.0,0.0,0.0,0.0018780231475830078,0.0018780231475830078,0.0,0.0017957687377929688,0.0,0,5c922faa-8bdb-471f-8c74-4bcaaa25abf3,20260815,ecs-strict,benign-plain,0,cloudflare
1,1,1,1,94,1.0,1.0,1,0,0,0.0,0.0,0.0,-0.0,-0.0,1.0,0.0,54.0,0.0,1.0,0.0,0.0,0.012376070022583008,0.012376070022583008,0.0,0.012138605117797852,0.0,0,f0e492da-3514-4863-b73d-aa8b6bfb9dd5,20260815,ecs-strict,benign-plain,0,google
1,1,1,1,118,1.0,1.0,1,0,0,0.0,0.0,0.0,-0.0,-0.0,1.0,0.0,60.0,0.0,1.0,0.0,0.0,0.013985157012939453,0.013985157012939453,0.0,0.01376485824584961,0.0,0,92563c00-eed7-41e1-84a5-59df3af4d626,20260815,ecs-strict,benign-plain,0,opendns
6,10,6,10,888,1.0,1.6666666666666667,6,6,6,1.0,0.6666666666666666,0.0,1.0,1.0,0.5,0.4,300.0,0.0,0.1,0.0,0.0,0.024531745910644533,0.05657277107238766,0.789364115816093,0.026077548662821453,9.298324584960938e-05,0,e4bb9941-76c8-4df6-9d1e-7273dc7ced0b,20260815,ecs-keyed,adverse-ecs-fanout,1,local-adverse-authority
1,1,1,1,98,1.0,1.0,1,0,0,0.0,0.0,0.0,-0.0,-0.0,1.0,0.0,57.0,0.0,1.0,0.0,0.0,0.025036334991455078,0.025036334991455078,0.0,0.024849891662597656,0.0,0,2da0a815-d1b3-4da2-8079-c72aa5088664,20260815,ecs-strict,benign-plain,0,opendns
1,1,1,1,112,1.0,1.0,1,0,0,0.0,0.0,0.0,-0.0,-0.0,1.0,0.0,194.0,0.0,1.0,0.0,0.0,0.0032885074615478516,0.0032885074615478516,0.0,0.0031011104583740234,0.0,0,e28393e1-dca9-4c47-99c2-377932b378cb,20260815,ecs-strict,benign-plain,0,cloudflare
1,1,1,1,122,1.0,1.0,1,0,0,0.0,0.0,0.0,-0.0,-0.0,1.0,0.0,224.0,0.0,1.0,0.0,0.0,0.0018222332000732422,0.0018222332000732422,0.0,0.0017609596252441406,0.0,0,0b9a5805-12b6-4a90-bc29-e5fcc1f36406,20260815,ecs-strict,benign-plain,0,quad9
1,1,1,1,120,1.0,1.0,1,0,0,0.0,0.0,0.0,-0.0,-0.0,1.0,0.0,41.0,0.0,1.0,0.0,0.0,0.0012319087982177734,0.0012319087982177734,0.0,0.001142740249633789,0.0,0,29f306dd-0951-4a22-9db2-80240fa8ffcf,20260815,ecs-strict,benign-plain,0,opendns
1,1,1,1,146,1.0,1.0,1,0,0,0.0,0.0,0.0,-0.0,-0.0,1.0,0.0,21.0,0.0,1.0,0.0,0.0,0.0017039775848388672,0.0017039775848388672,0.0,0.0014812946319580078,0.0,0,97c90d2a-d69f-402f-8e69-2fd9f4174497,20260815,ecs-strict,benign-plain,0,cloudflare
1,1,1,1,128,1.0,1.0,1,0,0,0.0,0.0,0.0,-0.0,-0.0,1.0,0.0,60.0,0.0,1.0,0.0,0.0,0.013165473937988281,0.013165473937988281,0.0,0.013094186782836914,0.0,0,cd9ffbcd-b706-416e-a31b-27a5326912a4,20260815,ecs-strict,benign-plain,0,cloudflare
1,1,1,1,96,1.0,1.0,1,0,0,0.0,0.0,0.0,-0.0,-0.0,1.0,0.0,126.0,0.0,1.0,0.0,0.0,0.001708984375,0.001708984375,0.0,0.001615762710571289,0.0,0,33250179-ff1c-40e0-ba1b-5d311aaf1bcb,20260815,ecs-strict,benign-plain,0,cloudflare
1,1,1,1,130,1.0,1.0,1,0,0,0.0,0.0,0.0,-0.0,-0.0,1.0,0.0,59.0,0.0,1.0,0.0,0.0,0.003972291946411133,0.003972291946411133,0.0,0.0038785934448242188,0.0,0,eb6ab3e9-2bf7-4d35-86ab-0bdb4cf615eb,20260815,ecs-strict,benign-plain,0,cloudflare
1,1,1,1,104,1.0,1.0,1,0,0,0.0,0.0,0.0,-0.0,-0.0,1.0,0.0,20149.0,0.0,1.0,0.0,0.0,0.0018718242645263672,0.0018718242645263672,0.0,0.0015628337860107422,0.0,0,4ceab6c3-933e-4d4c-850a-9af9677ea109,20260815,ecs-strict,benign-plain,0,google
1,1,1,1,96,1.0,1.0,1,0,0,0.0,0.0,0.0,-0.0,-0.0,1.0,0.0,49.0,0.0,1.0,0.0,0.0,0.0013263225555419922,0.0013263225555419922,0.0,0.0012569427490234375,0.0,0,8e0a3f03-9829-4def-abc2-bdaccfac214f,20260815,ecs-strict,benign-plain,0,google
1,1,1,1,144,1.0,1.0,1,0,0,0.0,0.0,0.0,-0.0,-0.0,1.0,0.0,5.0,0.0,1.0,0.0,0.0,0.0017828941345214844,0.0017828941345214844,0.0,0.0017328262329101562,0.0,0,bc3ec785-071b-41b4-a910-6e72486aacea,20260815,ecs-strict,benign-plain,0,quad9
1,1,1,1,108,1.0,1.0,1,0,0,0.0,0.0,0.0,-0.0,-0.0,1.0,0.0,300.0,0.0,1.0,0.0,0.0,0.04218626022338867,0.04218626022338867,0.0,0.04153084754943848,0.0,0,31df9e4f-8c04-4c1a-8933-f6e68c508a2c,20260815,ecs-strict,benign-plain,0,cloudflare
3,3,1,3,252,0.3333333333333333,1.0,1,1,1,1.0,0.0,0.0,-0.0,-0.0,0.3333333333333333,0.0,7.0,0.0,0.3333333333333333,0.0,0.6666666666666666,0.001959085464477539,0.0023948192596435548,0.21080999584605195,0.002103090286254883,0.0,0,80f2a00d-c0f6-4aa8-896e-8df75e781870,20260815,ecs-strict,benign-ecs-stable,0,opendns
3,3,1,3,508,0.3333333333333333,1.0,1,1,1,1.0,0.0,0.0,-0.0,-0.0,0.3333333333333333,0.0,233.0,0.0,0.3333333333333333,0.0,0.6666666666666666,0.0013917287190755208,0.001739811897277832,0.20743090294352995,0.0014722347259521484,0.0,0,b37c2a9d-d387-4bf9-bb50-4e361f8c139b,20260815,ecs-strict,benign-ecs-stable,0,google
3,3,1,3,359,0.3333333333333333,1.0,1,1,1,1.0,0.0,0.0,-0.0,-0.0,0.3333333333333333,0.0,300.0,0.0,0.3333333333333333,0.0,0.6666666666666666,0.003845691680908203,0.003992652893066407,0.0348281543332367,0.003796815872192383,0.0,0,12d39000-b172-47dc-b714-b20d3c5b96ca,20260815,ecs-strict,benign-ecs-stable,0,quad9
1,1,1,1,86,1.0,1.0,1,0,0,0.0,0.0,0.0,-0.0,-0.0,1.0,0.0,20.0,0.0,1.0,0.0,0.0,0.012101173400878906,0.012101173400878906,0.0,0.012073040008544922,0.0,0,889a75c5-ff1a-41bf-82df-98299f6eee8f,20260815,ecs-strict,benign-plain,0,opendns
3,3,1,3,508,0.3333333333333333,1.0,1,1,1,1.0,0.0,0.0,-0.0,-0.0,0.3333333333333333,0.0,300.0,0.0,0.3333333333333333,0.0,0.6666666666666666,0.0031584898630777993,0.0033297300338745116,0.0545657929570621,0.0028836727142333984,0.0,0,951ba161-0e4e-412c-8a80-142b43c9489d,20260815,ecs-strict,benign-ecs-stable,0,google
3,3,1,3,244,0.3333333333333333,1.0,1,1,1,1.0,0.0,0.0,-0.0,-0.0,0.3333333333333333,0.0,300.0,0.0,0.3333333333333333,0.0,0.6666666666666666,0.00236662228902181,0.0030051946640014646,0.24207595237546567,0.0026504993438720703,0.0,0,4164d627-0052-41b8-bdca-c0dada90ceb3,20260815,ecs-strict,benign-ecs-stable,0,quad9
3,3,1,3,416,0.3333333333333333,1.0,1,1,1,1.0,0.0,0.0,-0.0,-0.0,0.3333333333333333,0.0,60.0,0.0,0.3333333333333333,0.0,0.6666666666666666,0.018378496170043945,0.018775081634521483,0.01916471393100417,0.018706560134887695,0.0,0,8fc57bbb-3b5a-424c-aebf-990082454c6b,20260815,ecs-strict,benign-ecs-stable,0,opendns
3,3,1,3,256,0.3333333333333333,1.0,1,1,1,1.0,0.0,0.0,-0.0,-0.0,0.3333333333333333,0.0,282.0,0.0,0.3333333333333333,0.0,0.6666666666666666,0.0014742215474446614,0.0016817569732666016,0.12749327285264048,0.0015926361083984375,0.0,0,ea1b3372-aed1-415d-a64f-be612e4f3b38,20260815,ecs-strict,benign-ecs-stable,0,opendns
1,1,1,1,158,1.0,1.0,1,0,0,0.0,0.0,0.0,-0.0,-0.0,1.0,0.0,60.0,0.0,1.0,0.0,0.0,0.043662071228027344,0.043662071228027344,0.0,0.04359245300292969,0.0,0,2936a6b3-d6f5-4ced-ac12-04d40ecb2403,20260815,ecs-strict,benign-plain,0,quad9
3,3,1,3,280,0.3333333333333333,1.0,1,1,1,1.0,0.0,0.0,-0.0,-0.0,0.3333333333333333,0.0,15.0,0.0,0.3333333333333333,0.0,0.6666666666666666,0.01563858985900879,0.01587178707122803,0.013120305187600054,0.01567387580871582,0.0,0,6531f6a0-178f-4590-b41c-9f5971475a47,20260815,ecs-strict,benign-ecs-stable,0,quad9
3,3,1,3,244,0.3333333333333333,1.0,1,1,1,1.0,0.0,0.0,-0.0,-0.0,0.3333333333333333,0.0,5.0,0.0,0.3333333333333333,0.0,0.6666666666666666,0.002093156178792318,0.002405548095703125,0.1321098037512068,0.0020110607147216797,0.0,0,fb5ce1ac-46ea-4f91-a8a6-ba3f011e36e2,20260815,ecs-strict,benign-ecs-stable,0,opendns
3,3,1,3,300,0.3333333333333333,1.0,1,1,1,1.0,0.0,0.0,-0.0,-0.0,0.3333333333333333,0.0,20.0,0.0,0.3333333333333333,0.0,0.6666666666666666,0.012719869613647461,0.012914943695068359,0.013311945493675575,0.012737512588500977,0.0,0,74e53750-7063-445c-b54d-f92a19c9c307,20260815,ecs-strict,benign-ecs-stable,0,google
3,3,1,3,292,0.3333333333333333,1.0,1,1,1,1.0,0.0,0.0,-0.0,-0.0,0.3333333333333333,0.0,300.0,0.0,0.3333333333333333,0.0,0.6666666666666666,0.012309789657592773,0.01253509521484375,0.01671729649937105,0.01215982437133789,0.0,0,eceb93fe-7984-41f8-bf2a-ee2ff1db6f76,20260815,ecs-strict,benign-ecs-stable,0,opendns
6,10,6,10,888,1.0,1.6666666666666667,5,6,6,1.0,0.6666666666666666,0.0,1.0,1.0,0.5,0.4,300.0,0.0,0.1,0.0,0.0,0.050803089141845705,0.16074577569961548,1.1250780751039589,0.04247415065765381,0.00031322240829467773,0,d721d4c5-c8be-422a-8b47-27fd0787cf9c,20260815,ecs-keyed,adverse-ecs-fanout,1,local-adverse-authority
3,3,1,3,244,0.3333333333333333,1.0,1,1,1,1.0,0.0,0.0,-0.0,-0.0,0.3333333333333333,0.0,5.0,0.0,0.3333333333333333,0.0,0.6666666666666666,0.0016930898030598958,0.002680516242980957,0.4876400015081113,0.0021440982818603516,0.0,0,e5136f7f-d5b7-4696-9231-41a84d663d0c,20260815,ecs-strict,benign-ecs-stable,0,google
3,3,1,3,424,0.3333333333333333,1.0,1,1,1,1.0,0.0,0.0,-0.0,-0.0,0.3333333333333333,0.0,60.0,0.0,0.3333333333333333,0.0,0.6666666666666666,0.035248120625813804,0.035447001457214355,0.0047350323179510215,0.03528952598571777,0.0,0,cbfa3cfb-b6b7-4d2e-adf7-3631214a7924,20260815,ecs-strict,benign-ecs-stable,0,google
3,3,1,3,256,0.3333333333333333,1.0,1,1,1,1.0,0.0,0.0,-0.0,-0.0,0.3333333333333333,0.0,206.0,0.0,0.3333333333333333,0.0,0.6666666666666666,0.0014057159423828125,0.0022164344787597655,0.5416278764104387,0.0017883777618408203,0.0,0,4728e37b-b583-46bb-96a0-276be059b0b1,20260815,ecs-strict,benign-ecs-stable,0,cloudflare
1,1,1,1,98,1.0,1.0,1,0,0,0.0,0.0,0.0,-0.0,-0.0,1.0,0.0,3600.0,0.0,1.0,0.0,0.0,0.054216861724853516,0.054216861724853516,0.0,0.05415534973144531,0.0,0,868c54a6-2a26-44d6-996b-2e2069fae8ea,20260815,ecs-strict,benign-plain,0,quad9
3,3,1,3,400,0.3333333333333333,1.0,1,1,1,1.0,0.0,0.0,-0.0,-0.0,0.3333333333333333,0.0,60.0,0.0,0.3333333333333333,0.0,0.6666666666666666,0.0423880418141683,0.04271929264068604,0.007370525306132794,0.042516469955444336,0.0,0,0e0f8dcd-22f5-4be1-9559-aa275f4c5f95,20260815,ecs-strict,benign-ecs-stable,0,google
3,3,1,3,300,0.3333333333333333,1.0,1,1,1,1.0,0.0,0.0,-0.0,-0.0,0.3333333333333333,0.0,120.0,0.0,0.3333333333333333,0.0,0.6666666666666666,0.013201475143432617,0.01374053955078125,0.042585165118461235,0.013037443161010742,0.0,0,3e495796-b1a7-48c4-a52b-0bb785caf7a2,20260815,ecs-strict,benign-ecs-stable,0,google
3,3,1,3,396,0.3333333333333333,1.0,1,1,1,1.0,0.0,0.0,-0.0,-0.0,0.3333333333333333,0.0,60.0,0.0,0.3333333333333333,0.0,0.6666666666666666,0.043183326721191406,0.043547749519348145,0.007025487768226855,0.0431675910949707,0.0,0,7188f4b3-0c1b-47ea-9e1c-cf240301534e,20260815,ecs-strict,benign-ecs-stable,0,quad9
3,3,1,3,392,0.3333333333333333,1.0,1,1,1,1.0,0.0,0.0,-0.0,-0.0,0.3333333333333333,0.0,60.0,0.0,0.3333333333333333,0.0,0.6666666666666666,0.014773686726888021,0.015641140937805175,0.04868733512443149,0.015707015991210938,0.0,0,ea41b3ef-a9cd-4c77-898e-e0a00f424e7c,20260815,ecs-strict,benign-ecs-stable,0,opendns
3,3,1,3,400,0.3333333333333333,1.0,1,1,1,1.0,0.0,0.0,-0.0,-0.0,0.3333333333333333,0.0,60.0,0.0,0.3333333333333333,0.0,0.6666666666666666,0.031244595845540363,0.03177978992462158,0.016093336310303435,0.030978918075561523,0.0,0,51370baa-ff12-4daf-8cec-96eaa82014d7,20260815,ecs-strict,benign-ecs-stable,0,quad9
3,3,1,3,256,0.3333333333333333,1.0,1,1,1,1.0,0.0,0.0,-0.0,-0.0,0.3333333333333333,0.0,4922.0,0.0,0.3333333333333333,0.0,0.6666666666666666,0.0014614264170328777,0.0016937732696533203,0.14135841751478137,0.0016148090362548828,0.0,0,1e1b965f-5c52-47f2-b29a-a74c98a20b6a,20260815,ecs-strict,benign-ecs-stable,0,opendns
3,3,1,3,392,0.3333333333333333,1.0,1,1,1,1.0,0.0,0.0,-0.0,-0.0,0.3333333333333333,0.0,60.0,0.0,0.3333333333333333,0.0,0.6666666666666666,0.04313580195109049,0.04400167465209961,0.020888242751617093,0.04337620735168457,0.0,0,9c4354a3-c6f4-416a-b134-9004ba497ae3,20260815,ecs-strict,benign-ecs-stable,0,google
3,3,1,3,260,0.3333333333333333,1.0,1,1,1,1.0,0.0,0.0,-0.0,-0.0,0.3333333333333333,0.0,60.0,0.0,0.3333333333333333,0.0,0.6666666666666666,0.04113690058390299,0.04140298366546631,0.005499380684324533,0.041348934173583984,0.0,0,a4fccafa-9c6d-4e06-af71-17722fada83e,20260815,ecs-strict,benign-ecs-stable,0,cloudflare
1,1,1,1,272,1.0,1.0,1,0,0,0.0,0.0,0.0,-0.0,-0.0,1.0,0.0,300.0,0.0,1.0,0.0,0.0,0.1496877670288086,0.1496877670288086,0.0,0.14950871467590332,0.0,0,8e080c11-2632-4fdd-82d7-95247c007767,20260815,ecs-strict,benign-plain,0,cloudflare
3,3,1,3,412,0.3333333333333333,1.0,1,1,1,1.0,0.0,0.0,-0.0,-0.0,0.3333333333333333,0.0,60.0,0.0,0.3333333333333333,0.0,0.6666666666666666,0.04397281010945638,0.04413902759552002,0.0033557484879014905,0.044035911560058594,0.0,0,563c026c-03fd-4262-b9a0-cf7a4d9e61cc,20260815,ecs-strict,benign-ecs-stable,0,cloudflare
3,3,1,3,353,0.3333333333333333,1.0,1,1,1,1.0,0.0,0.0,-0.0,-0.0,0.3333333333333333,0.0,300.0,0.0,0.3333333333333333,0.0,0.6666666666666666,0.003257592519124349,0.003431844711303711,0.046267586500716364,0.0031709671020507812,0.0,0,d5862467-604a-4214-8bb6-8f5d4acf7ea8,20260815,ecs-strict,benign-ecs-stable,0,google
3,3,1,3,512,0.3333333333333333,1.0,1,1,1,1.0,0.0,0.0,-0.0,-0.0,0.3333333333333333,0.0,300.0,0.0,0.3333333333333333,0.0,0.6666666666666666,0.003276666005452474,0.003512740135192871,0.06655898693728672,0.0031926631927490234,0.0,0,40184318-30c2-43ed-a6c2-a1e766879a32,20260815,ecs-strict,benign-ecs-stable,0,cloudflare
1,1,1,1,142,1.0,1.0,0,0,0,0.0,0.0,0.0,-0.0,-0.0,1.0,0.0,250.0,0.0,1.0,0.0,0.0,2.5044920444488525,2.5044920444488525,0.0,0.0,0.0,0,b3d3a756-bd86-4f56-8765-2f73503f3f76,20260815,ecs-strict,benign-plain,0,opendns
3,3,1,3,388,0.3333333333333333,1.0,1,1,1,1.0,0.0,0.0,-0.0,-0.0,0.3333333333333333,0.0,277.0,0.0,0.3333333333333333,0.0,0.6666666666666666,0.0017352104187011719,0.0020391464233398436,0.1478531994977883,0.0018613338470458984,0.0,0,6723345f-de48-4a0e-9145-88ed5113ceea,20260815,ecs-strict,benign-ecs-stable,0,quad9
3,3,1,3,244,0.3333333333333333,1.0,1,1,1,1.0,0.0,0.0,-0.0,-0.0,0.3333333333333333,0.0,300.0,0.0,0.3333333333333333,0.0,0.6666666666666666,0.0034036636352539062,0.003572225570678711,0.04484026114564041,0.0033447742462158203,0.0,0,f37f5394-c3d6-40c3-86b2-a85e51763970,20260815,ecs-strict,benign-ecs-stable,0,opendns
3,3,1,3,376,0.3333333333333333,1.0,1,1,1,1.0,0.0,0.0,-0.0,-0.0,0.3333333333333333,0.0,60.0,0.0,0.3333333333333333,0.0,0.6666666666666666,0.01551961898803711,0.015754508972167968,0.0127488105558761,0.015395164489746094,0.0,0,2eb93aea-d2cc-4656-9f7f-7343d6c8a44b,20260815,ecs-strict,benign-ecs-stable,0,opendns
1,1,1,1,96,1.0,1.0,0,0,0,0.0,0.0,0.0,-0.0,-0.0,1.0,0.0,23.0,0.0,1.0,0.0,0.0,2.5049779415130615,2.5049779415130615,0.0,0.0,0.0,0,6ce5b301-b953-49e3-825b-dcbe4eda13b6,20260815,ecs-strict,benign-plain,0,quad9
3,3,1,3,504,0.3333333333333333,1.0,1,1,1,1.0,0.0,0.0,-0.0,-0.0,0.3333333333333333,0.0,300.0,0.0,0.3333333333333333,0.0,0.6666666666666666,0.0030886332194010415,0.003551530838012695,0.12548719336476327,0.003142118453979492,0.0,0,9f72cca7-de8d-49c7-a3ab-64a6758468e8,20260815,ecs-strict,benign-ecs-stable,0,quad9
3,3,1,3,396,0.3333333333333333,1.0,1,1,1,1.0,0.0,0.0,-0.0,-0.0,0.3333333333333333,0.0,60.0,0.0,0.3333333333333333,0.0,0.6666666666666666,0.01457071304321289,0.014777803421020507,0.011928785137016347,0.014719009399414062,0.0,0,b91966aa-d712-475b-8c0e-2525d3936360,20260815,ecs-strict,benign-ecs-stable,0,cloudflare
3,3,1,3,248,0.3333333333333333,1.0,1,1,1,1.0,0.0,0.0,-0.0,-0.0,0.3333333333333333,0.0,60.0,0.0,0.3333333333333333,0.0,0.6666666666666666,0.016453027725219727,0.01665995121002197,0.011596077553080907,0.016362667083740234,0.0,0,b5733abc-0359-4fef-b65d-f6a262a49fc2,20260815,ecs-strict,benign-ecs-stable,0,quad9
3,3,1,3,244,0.3333333333333333,1.0,1,1,1,1.0,0.0,0.0,-0.0,-0.0,0.3333333333333333,0.0,282.0,0.0,0.3333333333333333,0.0,0.6666666666666666,0.001750946044921875,0.0021742820739746095,0.20078262721159634,0.0016644001007080078,0.0,0,4dcec4cb-a6a5-43ab-89fc-d284ba2c5de0,20260815,ecs-strict,benign-ecs-stable,0,cloudflare
3,3,1,3,412,0.3333333333333333,1.0,1,1,1,1.0,0.0,0.0,-0.0,-0.0,0.3333333333333333,0.0,17.0,0.0,0.3333333333333333,0.0,0.6666666666666666,0.0018951098124186199,0.0021790266036987305,0.1252558718265996,0.002131938934326172,0.0,0,402c8f2f-0dff-45d8-80d2-37a94fd77abb,20260815,ecs-strict,benign-ecs-stable,0,cloudflare
3,3,1,3,361,0.3333333333333333,1.0,1,1,1,1.0,0.0,0.0,-0.0,-0.0,0.3333333333333333,0.0,300.0,0.0,0.3333333333333333,0.0,0.6666666666666666,0.0023310184478759766,0.002601885795593262,0.09667574353410566,0.002556324005126953,0.0,0,0653b541-ed37-4962-8017-ff97eb48c3f4,20260815,ecs-strict,benign-ecs-stable,0,quad9
1,1,1,1,92,1.0,1.0,0,0,0,0.0,0.0,0.0,-0.0,-0.0,1.0,0.0,89.0,0.0,1.0,0.0,0.0,2.503225088119507,2.503225088119507,0.0,0.0,0.0,0,6cec1737-b9d7-4b95-81be-b8ee7a968573,20260815,ecs-strict,benign-plain,0,quad9
3,3,1,3,554,0.3333333333333333,1.0,1,1,1,1.0,0.0,0.0,-0.0,-0.0,0.3333333333333333,0.0,236.33333333333334,0.12933024977543187,0.3333333333333333,0.0,0.6666666666666666,0.0014675458272298176,0.0016628265380859374,0.12827681095037402,0.0015571117401123047,0.0,0,20a42448-3ddb-4148-8b1c-d6d4a1196721,20260815,ecs-strict,benign-ecs-stable,0,cloudflare
3,3,1,3,412,0.3333333333333333,1.0,1,1,1,1.0,0.0,0.0,-0.0,-0.0,0.3333333333333333,0.0,37.0,0.0,0.3333333333333333,0.0,0.6666666666666666,0.0017782052357991536,0.0020297765731811523,0.12319184816151704,0.0018548965454101562,0.0,0,fd132276-d087-4dc4-af31-53ffe9033bb5,20260815,ecs-strict,benign-ecs-stable,0,quad9
3,3,1,3,388,0.3333333333333333,1.0,1,1,1,1.0,0.0,0.0,-0.0,-0.0,0.3333333333333333,0.0,208.0,0.0,0.3333333333333333,0.0,0.6666666666666666,0.0016306241353352864,0.0018272161483764648,0.10720748411164237,0.0015480518341064453,0.0,0,bdee7b65-f5df-4d41-b61b-655d5176208c,20260815,ecs-strict,benign-ecs-stable,0,quad9
3,3,1,3,252,0.3333333333333333,1.0,1,1,1,1.0,0.0,0.0,-0.0,-0.0,0.3333333333333333,0.0,91.0,0.0,0.3333333333333333,0.0,0.6666666666666666,0.001337607701619466,0.0015211820602416993,0.11804862712039288,0.001210927963256836,0.0,0,187feb1b-18a2-47b1-9b92-207246d62b56,20260815,ecs-strict,benign-ecs-stable,0,opendns
3,3,1,3,384,0.3333333333333333,1.0,1,1,1,1.0,0.0,0.0,-0.0,-0.0,0.3333333333333333,0.0,300.0,0.0,0.3333333333333333,0.0,0.6666666666666666,0.002877314885457357,0.0030595064163208008,0.05559531441253402,0.002816915512084961,0.0,0,be06c859-5f83-4c7a-bff6-6492f6bedaa1,20260815,ecs-strict,benign-ecs-stable,0,opendns
3,3,1,3,408,0.3333333333333333,1.0,1,1,1,1.0,0.0,0.0,-0.0,-0.0,0.3333333333333333,0.0,60.0,0.0,0.3333333333333333,0.0,0.6666666666666666,0.03574848175048828,0.03626811504364014,0.013719663283741227,0.03505897521972656,0.0,0,34252e84-9134-427d-8066-82ff4155b27b,20260815,ecs-strict,benign-ecs-stable,0,cloudflare
3,3,1,3,350,0.3333333333333333,1.0,1,1,1,1.0,0.0,0.0,-0.0,-0.0,0.3333333333333333,0.0,300.0,0.0,0.3333333333333333,0.0,0.6666666666666666,0.0037215550740559897,0.003964066505432129,0.05599439742072991,0.0039217472076416016,0.0,0,1a5fb608-ac2f-4dbb-a481-875fa3052474,20260815,ecs-strict,benign-ecs-stable,0,cloudflare
3,3,1,3,504,0.3333333333333333,1.0,1,1,1,1.0,0.0,0.0,-0.0,-0.0,0.3333333333333333,0.0,230.0,0.0,0.3333333333333333,0.0,0.6666666666666666,0.001752297083536784,0.002067852020263672,0.1516904688503092,0.0017542839050292969,0.0,0,d577d5d3-57f8-4ae0-b16f-5e4a8d7730a9,20260815,ecs-strict,benign-ecs-stable,0,opendns
1,1,1,1,130,1.0,1.0,0,0,0,0.0,0.0,0.0,-0.0,-0.0,1.0,0.0,9.0,0.0,1.0,0.0,0.0,2.5022902488708496,2.5022902488708496,0.0,0.0,0.0,0,db3c3556-d3a8-46e4-a3d2-be194c5034e3,20260815,ecs-strict,benign-plain,0,quad9
3,3,1,3,240,0.3333333333333333,1.0,1,1,1,1.0,0.0,0.0,-0.0,-0.0,0.3333333333333333,0.0,300.0,0.0,0.3333333333333333,0.0,0.6666666666666666,0.004372199376424153,0.004718804359436035,0.06629807108508358,0.004536151885986328,0.0,0,4bc9d353-160e-4799-8a9e-1d9222e79ef4,20260815,ecs-strict,benign-ecs-stable,0,opendns
3,3,1,3,244,0.3333333333333333,1.0,1,1,1,1.0,0.0,0.0,-0.0,-0.0,0.3333333333333333,0.0,300.0,0.0,0.3333333333333333,0.0,0.6666666666666666,0.0029654502868652344,0.0031627655029296876,0.06049283695233288,0.0028998851776123047,0.0,0,463b1f90-df04-44e3-8ec9-a119525316f1,20260815,ecs-strict,benign-ecs-stable,0,quad9
3,3,1,3,412,0.3333333333333333,1.0,1,1,1,1.0,0.0,0.0,-0.0,-0.0,0.3333333333333333,0.0,17.0,0.0,0.3333333333333333,0.0,0.6666666666666666,0.0017660458882649739,0.00206449031829834,0.14410340025038512,0.0016589164733886719,0.0,0,382bae75-e04f-4187-bc9e-e4f3defeffd3,20260815,ecs-strict,benign-ecs-stable,0,google
1,1,1,1,112,1.0,1.0,0,0,0,0.0,0.0,0.0,-0.0,-0.0,1.0,0.0,207.0,0.0,1.0,0.0,0.0,2.504162073135376,2.504162073135376,0.0,0.0,0.0,0,1e92df92-729f-4140-8ed6-324bd483a0d9,20260815,ecs-strict,benign-plain,0,quad9
3,3,1,3,412,0.3333333333333333,1.0,1,1,1,1.0,0.0,0.0,-0.0,-0.0,0.3333333333333333,0.0,60.0,0.0,0.3333333333333333,0.0,0.6666666666666666,0.03689448038736979,0.037117409706115725,0.005092927149777347,0.036776065826416016,0.0,0,c4920e52-e31f-46cc-b6ee-00595aa75883,20260815,ecs-strict,benign-ecs-stable,0,opendns
3,3,1,3,510,0.3333333333333333,1.0,1,1,1,1.0,0.0,0.0,-0.0,-0.0,0.3333333333333333,0.0,300.0,0.0,0.3333333333333333,0.0,0.6666666666666666,0.011572599411010742,0.011839890480041504,0.019673818331942684,0.011626243591308594,0.0,0,3b41d1e5-4d27-4abf-9732-15e10dd95620,20260815,ecs-strict,benign-ecs-stable,0,quad9
3,3,1,3,252,0.3333333333333333,1.0,1,1,1,1.0,0.0,0.0,-0.0,-0.0,0.3333333333333333,0.0,20.0,0.0,0.3333333333333333,0.0,0.6666666666666666,0.0126039187113444,0.012863349914550782,0.017273303397385652,0.012462854385375977,0.0,0,f3cc3b54-e8b1-47b5-a056-aa2f6d0ecd0b,20260815,ecs-strict,benign-ecs-stable,0,opendns
3,3,1,3,400,0.3333333333333333,1.0,1,1,1,1.0,0.0,0.0,-0.0,-0.0,0.3333333333333333,0.0,18.0,0.0,0.3333333333333333,0.0,0.6666666666666666,0.001773516337076823,0.0019299745559692382,0.07607056128300631,0.001804351806640625,0.0,0,507ecc36-3252-4032-a859-ec75517d1f3c,20260815,ecs-strict,benign-ecs-stable,0,cloudflare
3,3,1,3,400,0.3333333333333333,1.0,1,1,1,1.0,0.0,0.0,-0.0,-0.0,0.3333333333333333,0.0,60.0,0.0,0.3333333333333333,0.0,0.6666666666666666,0.045560757319132485,0.04582102298736572,0.004885572553658164,0.04545998573303223,0.0,0,edc3a009-9693-402f-b700-8e9a24f97063,20260815,ecs-strict,benign-ecs-stable,0,cloudflare
3,3,1,3,276,0.3333333333333333,1.0,0,1,1,1.0,0.0,0.0,-0.0,-0.0,0.3333333333333333,0.0,300.0,0.0,0.3333333333333333,0.0,0.6666666666666666,2.506071170171102,2.506395435333252,0.00011401393089491503,0.0,0.0,0,f185aace-2e1c-4c51-acb0-a5497ada657d,20260815,ecs-strict,benign-ecs-stable,0,cloudflare
3,3,1,3,520,0.3333333333333333,1.0,1,1,1,1.0,0.0,0.0,-0.0,-0.0,0.3333333333333333,0.0,300.0,0.0,0.3333333333333333,0.0,0.6666666666666666,0.0033528010050455728,0.0037486791610717774,0.09992009673449442,0.0033223628997802734,0.0,0,39139762-7c9d-46a9-bc58-60a002e65b39,20260815,ecs-strict,benign-ecs-stable,0,cloudflare
3,3,1,3,524,0.3333333333333333,1.0,0,1,1,1.0,0.0,0.0,-0.0,-0.0,0.3333333333333333,0.0,300.0,0.0,0.3333333333333333,0.0,0.6666666666666666,2.5056978861490884,2.5059224128723145,7.484253394618052e-05,0.0,0.0,0,abacd2c0-11cb-4ddf-85b3-b9a925fbb537,20260815,ecs-strict,benign-ecs-stable,0,cloudflare
3,3,1,3,617,0.3333333333333333,1.0,1,1,1,1.0,0.0,0.0,-0.0,-0.0,0.3333333333333333,0.0,300.0,0.0,0.3333333333333333,0.0,0.6666666666666666,0.0020548502604166665,0.0026031970977783204,0.26896977256364246,0.0025467872619628906,0.0,0,d5285b73-37ff-4f46-aa11-437e830913fe,20260815,ecs-strict,benign-ecs-stable,0,opendns
3,3,1,3,369,0.3333333333333333,1.0,1,1,1,1.0,0.0,0.0,-0.0,-0.0,0.3333333333333333,0.0,300.0,0.0,0.3333333333333333,0.0,0.6666666666666666,0.0024494330088297525,0.002788209915161133,0.13385092936054002,0.0024094581604003906,0.0,0,bae6f2b0-56f0-40d1-8741-84d36b4e9ef9,20260815,ecs-strict,benign-ecs-stable,0,google
3,3,1,3,579,0.3333333333333333,1.0,1,1,1,1.0,0.0,0.0,-0.0,-0.0,0.3333333333333333,0.0,300.0,0.0,0.3333333333333333,0.0,0.6666666666666666,0.002388159434000651,0.0026214599609375,0.08301588775680765,0.002561330795288086,0.0,0,93894168-4848-4acb-9034-7ee360ef9b43,20260815,ecs-strict,benign-ecs-stable,0,cloudflare
3,3,1,3,412,0.3333333333333333,1.0,0,1,1,1.0,0.0,0.0,-0.0,-0.0,0.3333333333333333,0.0,60.0,0.0,0.3333333333333333,0.0,0.6666666666666666,2.5199383894602456,2.520454835891724,0.00017968750526881012,0.0,0.0,0,a39e4222-3228-4fc6-b58f-ee0101e9b251,20260815,ecs-strict,benign-ecs-stable,0,opendns
3,3,1,3,260,0.3333333333333333,1.0,0,1,1,1.0,0.0,0.0,-0.0,-0.0,0.3333333333333333,0.0,71.0,0.0,0.3333333333333333,0.0,0.6666666666666666,2.5035932858784995,2.5037726163864136,6.236248295503928e-05,0.0,0.0,0,aa5f39aa-fb24-44b9-a151-a250f5c8793a,20260815,ecs-strict,benign-ecs-stable,0,google
3,3,1,3,268,0.3333333333333333,1.0,1,1,1,1.0,0.0,0.0,-0.0,-0.0,0.3333333333333333,0.0,300.0,0.0,0.3333333333333333,0.0,0.6666666666666666,0.0038618246714274087,0.004172086715698242,0.06836519946762679,0.0037038326263427734,0.0,0,840faf9b-f49f-439a-8ef2-8f75747d7f02,20260815,ecs-strict,benign-ecs-stable,0,google
3,3,1,3,464,0.3333333333333333,1.0,1,1,1,1.0,0.0,0.0,-0.0,-0.0,0.3333333333333333,0.0,300.0,0.0,0.3333333333333333,0.0,0.6666666666666666,0.0035376548767089844,0.004123973846435547,0.16406185079254687,0.0040035247802734375,0.0,0,1f6706c5-09ee-407c-8360-40e106cff615,20260815,ecs-strict,benign-ecs-stable,0,quad9
3,3,1,3,528,0.3333333333333333,1.0,1,1,1,1.0,0.0,0.0,-0.0,-0.0,0.3333333333333333,0.0,206.0,0.0,0.3333333333333333,0.0,0.6666666666666666,0.0026863416035970054,0.0033988714218139648,0.22576078237850666,0.0021741390228271484,0.0,0,6af1d5fb-d870-47e0-8b18-8ca910a6e61a,20260815,ecs-strict,benign-ecs-stable,0,cloudflare
3,3,1,3,300,0.3333333333333333,1.0,0,1,1,1.0,0.0,0.0,-0.0,-0.0,0.3333333333333333,0.0,300.0,0.0,0.3333333333333333,0.0,0.6666666666666666,2.5028098424275718,2.5029914140701295,6.165440071180108e-05,0.0,0.0,0,95e2fe7f-c8ef-4cb4-916a-83a37b18615f,20260815,ecs-strict,benign-ecs-stable,0,opendns
3,3,1,3,392,0.3333333333333333,1.0,1,1,1,1.0,0.0,0.0,-0.0,-0.0,0.3333333333333333,0.0,60.0,0.0,0.3333333333333333,0.0,0.6666666666666666,0.014092683792114258,0.014386153221130371,0.019896372869496845,0.013994693756103516,0.0,0,7a5004ec-6fee-452c-94b9-51c838a5b2d1,20260815,ecs-strict,benign-ecs-stable,0,google
3,3,1,3,348,0.3333333333333333,1.0,1,1,1,1.0,0.0,0.0,-0.0,-0.0,0.3333333333333333,0.0,60.0,0.0,0.3333333333333333,0.0,0.6666666666666666,0.013644933700561523,0.013957643508911132,0.01955957667141599,0.013521432876586914,0.0,0,cb62354c-159c-4be5-b4fa-4ea4ac0d327f,20260815,ecs-strict,benign-ecs-stable,0,quad9
3,3,1,3,260,0.3333333333333333,1.0,1,1,1,1.0,0.0,0.0,-0.0,-0.0,0.3333333333333333,0.0,300.0,0.0,0.3333333333333333,0.0,0.6666666666666666,0.0030977725982666016,0.0033936262130737304,0.08148380184158059,0.0031518936157226562,0.0,0,d9c74b87-f638-4bc9-90fa-f5d48f9cdb67,20260815,ecs-strict,benign-ecs-stable,0,google
3,3,1,3,260,0.3333333333333333,1.0,1,1,1,1.0,0.0,0.0,-0.0,-0.0,0.3333333333333333,0.0,60.0,0.0,0.3333333333333333,0.0,0.6666666666666666,0.017775535583496094,0.018720245361328124,0.04963266470745074,0.01828789710998535,0.0,0,e192a5c2-3f37-4a32-a924-7eb1f4b66668,20260815,ecs-strict,benign-ecs-stable,0,quad9
3,3,1,3,492,0.3333333333333333,1.0,1,1,1,1.0,0.0,0.0,-0.0,-0.0,0.3333333333333333,0.0,300.0,0.0,0.3333333333333333,0.0,0.6666666666666666,0.003927946090698242,0.004213953018188476,0.06165541368784287,0.0039904117584228516,0.0,0,a1f6940d-6ce0-49e3-b4c1-35e034e5b9db,20260815,ecs-strict,benign-ecs-stable,0,quad9
3,3,1,3,232,0.3333333333333333,1.0,1,1,1,1.0,0.0,0.0,-0.0,-0.0,0.3333333333333333,0.0,317.0,0.0,0.3333333333333333,0.0,0.6666666666666666,0.002407073974609375,0.003213214874267578,0.2849987624179218,0.0018045902252197266,0.0,0,7cf40a7b-2d6b-45c2-9ca3-b9cd6b26f654,20260815,ecs-strict,benign-ecs-stable,0,quad9
3,3,1,3,392,0.3333333333333333,1.0,1,1,1,1.0,0.0,0.0,-0.0,-0.0,0.3333333333333333,0.0,35.0,0.0,0.3333333333333333,0.0,0.6666666666666666,0.002673625946044922,0.003764200210571289,0.38309308180514634,0.002417325973510742,0.0,0,c465069b-a0f1-4323-a144-1c005a3ef104,20260815,ecs-strict,benign-ecs-stable,0,quad9
3,3,1,3,252,0.3333333333333333,1.0,1,1,1,1.0,0.0,0.0,-0.0,-0.0,0.3333333333333333,0.0,235.0,0.0,0.3333333333333333,0.0,0.6666666666666666,0.0010356903076171875,0.0017052650451660155,0.5901531232986502,0.0017001628875732422,0.0,0,ff182610-22f2-4ffa-8490-30ad8d993c55,20260815,ecs-strict,benign-ecs-stable,0,opendns
3,3,1,3,524,0.3333333333333333,1.0,1,1,1,1.0,0.0,0.0,-0.0,-0.0,0.3333333333333333,0.0,73.0,0.0,0.3333333333333333,0.0,0.6666666666666666,0.0018914540608723958,0.002582144737243652,0.3229586638665782,0.0017838478088378906,0.0,0,72038c29-7718-4d3c-bb0f-e25215e7340b,20260815,ecs-strict,benign-ecs-stable,0,google
3,3,1,3,300,0.3333333333333333,1.0,1,1,1,1.0,0.0,0.0,-0.0,-0.0,0.3333333333333333,0.0,300.0,0.0,0.3333333333333333,0.0,0.6666666666666666,0.0026465257008870444,0.0031798124313354493,0.17976380766520086,0.002849578857421875,0.0,0,2158f037-f6d1-4ff9-9f68-5f7dc72e4874,20260815,ecs-strict,benign-ecs-stable,0,quad9
3,3,1,3,292,0.3333333333333333,1.0,1,1,1,1.0,0.0,0.0,-0.0,-0.0,0.3333333333333333,0.0,300.0,0.0,0.3333333333333333,0.0,0.6666666666666666,0.0028189818064371743,0.0031616926193237306,0.10190377740355831,0.0031278133392333984,0.0,0,4228d123-0ee9-41ec-b5d6-c0872b4472ee,20260815,ecs-strict,benign-ecs-stable,0,quad9
3,3,1,3,508,0.3333333333333333,1.0,1,1,1,1.0,0.0,0.0,-0.0,-0.0,0.3333333333333333,0.0,300.0,0.0,0.3333333333333333,0.0,0.6666666666666666,0.002747774124145508,0.0029271841049194336,0.05926245171179892,0.002666473388671875,0.0,0,e856d37d-4d7e-4d5a-8095-2b7594005df8,20260815,ecs-strict,benign-ecs-stable,0,opendns
3,3,1,3,244,0.3333333333333333,1.0,1,1,1,1.0,0.0,0.0,-0.0,-0.0,0.3333333333333333,0.0,204.0,0.0,0.3333333333333333,0.0,0.6666666666666666,0.0012085437774658203,0.0014646053314208984,0.180645150496583,0.0014100074768066406,0.0,0,8b60c16a-d798-407f-8f50-3ad11555068e,20260815,ecs-strict,benign-ecs-stable,0,opendns
3,3,1,3,300,0.3333333333333333,1.0,0,1,1,1.0,0.0,0.0,-0.0,-0.0,0.3333333333333333,0.0,20.0,0.0,0.3333333333333333,0.0,0.6666666666666666,2.5173636277516684,2.517557668685913,6.879689714019088e-05,0.0,0.0,0,202027f3-3961-43b1-9f3c-ec5f17e8370f,20260815,ecs-strict,benign-ecs-stable,0,quad9
3,3,1,3,412,0.3333333333333333,1.0,1,1,1,1.0,0.0,0.0,-0.0,-0.0,0.3333333333333333,0.0,60.0,0.0,0.3333333333333333,0.0,0.6666666666666666,0.035463412602742515,0.03641002178192139,0.02246768607149201,0.03643965721130371,0.0,0,cf30d502-aef2-46a6-ab72-2c7a2e33a52c,20260815,ecs-strict,benign-ecs-stable,0,opendns
3,3,1,3,380,0.3333333333333333,1.0,0,1,1,1.0,0.0,0.0,-0.0,-0.0,0.3333333333333333,0.0,60.0,0.0,0.3333333333333333,0.0,0.6666666666666666,2.5464346408843994,2.546667051315308,8.154482850424552e-05,0.0,0.0,0,25a4eeb2-0e8b-4946-9c1d-6ac841217717,20260815,ecs-strict,benign-ecs-stable,0,cloudflare
3,3,1,3,366,0.3333333333333333,1.0,1,1,1,1.0,0.0,0.0,-0.0,-0.0,0.3333333333333333,0.0,300.0,0.0,0.3333333333333333,0.0,0.6666666666666666,0.006757418314615886,0.007322573661804199,0.06960317565838942,0.007342815399169922,0.0,0,77bd3899-55f3-4a15-992b-b4eaab679581,20260815,ecs-strict,benign-ecs-stable,0,cloudflare
4,4,4,4,744,1.0,1.0,3,4,4,1.0,0.0,0.0,1.0,1.0,1.0,0.75,188.8421052631579,0.566745738652833,0.25,0.0,0.0,0.003630995750427246,0.005713152885437011,0.4290081605201045,0.0028429627418518066,0.0,0,9d3e605c-11cd-4482-b9b9-9302eed14d86,20260815,ecs-strict,benign-ecs-geo,0,cloudflare
4,4,4,4,884,1.0,1.0,4,4,4,1.0,0.0,0.0,1.0,1.0,1.0,0.75,195.0,0.5410343587984516,0.25,0.0,0.0,0.00382232666015625,0.0055061340332031245,0.3170495215804086,0.0032718777656555176,0.0,0,8610b59e-31de-44e4-bfb2-f1c1040fd92d,20260815,ecs-strict,benign-ecs-geo,0,opendns
4,4,4,4,472,1.0,1.0,4,4,4,1.0,0.0,0.0,1.0,1.0,0.75,0.5,16.0,0.7843687748756958,0.25,0.0,0.0,0.0030126571655273438,0.003397870063781738,0.10721634824499145,0.0025563836097717285,0.0,0,4b2e8bed-d20f-4af0-8089-c3065c133e30,20260815,ecs-strict,benign-ecs-geo,0,opendns
3,3,1,3,361,0.3333333333333333,1.0,0,1,1,1.0,0.0,0.0,-0.0,-0.0,0.3333333333333333,0.0,300.0,0.0,0.3333333333333333,0.0,0.6666666666666666,2.5101927121480307,2.510425901412964,8.05324971622214e-05,0.0,0.0,0,6acf8422-f7ab-4682-a531-1b89912cd5be,20260815,ecs-strict,benign-ecs-stable,0,opendns
3,3,1,3,260,0.3333333333333333,1.0,1,1,1,1.0,0.0,0.0,-0.0,-0.0,0.3333333333333333,0.0,60.0,0.0,0.3333333333333333,0.0,0.6666666666666666,0.021787484486897785,0.021970105171203614,0.007925532916249811,0.021704912185668945,0.0,0,540fe657-c6bf-4167-8061-4cf0f478797f,20260815,ecs-strict,benign-ecs-stable,0,quad9
3,3,1,3,416,0.3333333333333333,1.0,1,1,1,1.0,0.0,0.0,-0.0,-0.0,0.3333333333333333,0.0,60.0,0.0,0.3333333333333333,0.0,0.6666666666666666,0.014757235844930014,0.015477514266967774,0.04316535341045748,0.015088558197021484,0.0,0,057bbcdb-9a93-42e9-aa71-6c13be7a6997,20260815,ecs-strict,benign-ecs-stable,0,opendns
3,3,1,3,440,0.3333333333333333,1.0,1,1,1,1.0,0.0,0.0,-0.0,-0.0,0.3333333333333333,0.0,60.0,0.0,0.3333333333333333,0.0,0.6666666666666666,0.031989097595214844,0.03295657634735107,0.030612006352510667,0.03271818161010742,0.0,0,e2a9c486-21ed-4756-9b25-71b824d9f8e3,20260815,ecs-strict,benign-ecs-stable,0,quad9
4,4,4,4,656,1.0,1.0,3,4,4,1.0,0.0,0.0,1.0,1.0,1.0,0.75,294.94736842105266,0.07267906958662589,0.25,0.0,0.0,0.006546437740325928,0.012103545665740964,0.6065109575509688,0.005318939685821533,0.0,0,2e3bc23b-8a97-4de0-8169-caa23c4964d5,20260815,ecs-strict,benign-ecs-geo,0,google
4,4,4,4,648,1.0,1.0,4,4,4,1.0,0.0,0.0,1.0,1.0,1.0,0.75,300.0,0.0,0.25,0.0,0.0,0.0064542293548583984,0.009253704547882078,0.32118594635738035,0.004883229732513428,0.0,0,5c8d60ec-4aaf-414e-8d30-9d404d8cd9ce,20260815,ecs-strict,benign-ecs-geo,0,google
4,4,4,4,628,1.0,1.0,3,4,4,1.0,0.0,0.0,1.0,1.0,1.0,0.75,293.75,0.036852144841891005,0.25,0.0,0.0,0.00521695613861084,0.007126688957214355,0.28135900618620385,0.004746198654174805,0.0,0,9f184543-1f8a-4b86-9f00-07910ac01a4c,20260815,ecs-strict,benign-ecs-geo,0,google
3,3,1,3,420,0.3333333333333333,1.0,1,1,1,1.0,0.0,0.0,-0.0,-0.0,0.3333333333333333,0.0,60.0,0.0,0.3333333333333333,0.0,0.6666666666666666,0.035269737243652344,0.03588874340057373,0.01934956335247244,0.03526663780212402,0.0,0,c8b12aa4-2538-4c57-9c64-6dbd379ab7b1,20260815,ecs-strict,benign-ecs-stable,0,google
4,4,4,4,480,1.0,1.0,3,4,4,1.0,0.0,0.0,1.0,1.0,1.0,0.75,300.0,0.0,0.25,0.0,0.0,0.007207036018371582,0.010019874572753905,0.3079205128568582,0.005533695220947266,0.0,0,e03287ad-20f5-403d-9146-8d3799ba077b,20260815,ecs-strict,benign-ecs-geo,0,opendns
4,4,4,4,480,1.0,1.0,3,4,4,1.0,0.0,0.0,1.0,1.0,1.0,0.75,300.0,0.0,0.25,0.0,0.0,0.007083714008331299,0.013326442241668698,0.6432034716879308,0.006616652011871338,0.0,0,30c37256-64bc-4c5d-a410-bd2d57342393,20260815,ecs-strict,benign-ecs-geo,0,google
4,4,4,4,544,1.0,1.0,4,4,4,1.0,0.0,0.0,1.0,1.0,0.5,0.5,12.0,0.6123724356957946,0.25,0.0,0.0,0.0035185813903808594,0.004643332958221435,0.2654761623430148,0.0031318068504333496,0.0,0,ed4869c5-39ac-4d01-acf8-9fc6e4b72bb6,20260815,ecs-strict,benign-ecs-geo,0,quad9
4,4,4,4,736,1.0,1.0,3,4,4,1.0,0.0,0.0,1.0,1.0,1.0,0.75,300.0,0.0,0.25,0.0,0.0,0.0061792731285095215,0.008908736705780029,0.3340723687935942,0.00523751974105835,0.0,0,a15d664e-0fb5-4472-8893-729944603740,20260815,ecs-strict,benign-ecs-geo,0,opendns
4,4,4,4,704,1.0,1.0,3,4,4,1.0,0.0,0.0,1.0,1.0,1.0,0.75,49.0,0.22448979591836735,0.25,0.0,0.0,0.015539288520812988,0.032947075366973874,0.8382698528965117,0.014022767543792725,0.0,0,9708b396-46f2-40dc-87dc-3b1735c5dd0a,20260815,ecs-strict,benign-ecs-geo,0,opendns
4,4,4,4,424,1.0,1.0,4,4,4,1.0,0.0,0.0,1.0,1.0,0.75,0.5,60.0,0.0,0.25,0.0,0.0,0.02144932746887207,0.029687404632568356,0.3027710368461895,0.01994025707244873,0.0,0,29c14199-ca2b-451f-8b18-4df6c5e139f5,20260815,ecs-strict,benign-ecs-geo,0,google
4,4,4,4,632,1.0,1.0,4,4,4,1.0,0.0,0.0,1.0,1.0,1.0,0.75,60.0,0.0,0.25,0.0,0.0,0.03776472806930542,0.04515184164047241,0.1478336787444226,0.03693348169326782,0.0,0,93da96f4-cd81-4b4f-b413-648f80bb29d3,20260815,ecs-strict,benign-ecs-geo,0,cloudflare
4,4,4,4,656,1.0,1.0,4,4,4,1.0,0.0,0.0,1.0,1.0,1.0,0.75,53.25,0.19846442617697888,0.25,0.0,0.0,0.02142345905303955,0.04146400690078735,0.7617812845428169,0.02084803581237793,0.0,0,970b636e-de70-4854-b20b-c9338f05c8ff,20260815,ecs-strict,benign-ecs-geo,0,opendns
4,4,4,4,664,1.0,1.0,4,4,4,1.0,0.0,0.0,1.0,1.0,1.0,0.75,60.0,0.0,0.25,0.0,0.0,0.026950061321258545,0.03734643459320068,0.318811156198504,0.026381075382232666,0.0,0,006d8151-f077-450a-ad00-85411f5d829f,20260815,ecs-strict,benign-ecs-geo,0,quad9
3,3,1,3,288,0.3333333333333333,1.0,0,1,1,1.0,0.0,0.0,-0.0,-0.0,0.3333333333333333,0.0,17.0,0.0,0.3333333333333333,0.0,0.6666666666666666,2.506199836730957,2.506345510482788,5.508451338802169e-05,0.0,0.0,0,d1092779-0648-403b-9f3d-987aaa71a8f2,20260815,ecs-strict,benign-ecs-stable,0,cloudflare
4,4,4,4,768,1.0,1.0,4,4,4,1.0,0.0,0.0,1.0,1.0,1.0,0.75,299.6842105263158,0.0015510644303350625,0.25,0.0,0.0,0.0031936168670654297,0.0038219571113586428,0.257605597014959,0.0027950406074523926,0.0,0,5fda57df-005b-4935-90d9-1708af7f5713,20260815,ecs-strict,benign-ecs-geo,0,opendns
3,3,1,3,504,0.3333333333333333,1.0,0,1,1,1.0,0.0,0.0,-0.0,-0.0,0.3333333333333333,0.0,227.0,0.0,0.3333333333333333,0.0,0.6666666666666666,2.5045696099599204,2.504845118522644,9.172420624837758e-05,0.0,0.0,0,cd436414-29a6-46a1-8cc1-2e6e3f3a0801,20260815,ecs-strict,benign-ecs-stable,0,opendns
4,4,4,4,472,1.0,1.0,4,4,4,1.0,0.0,0.0,1.0,1.0,0.75,0.5,23.25,0.14060964334002174,0.25,0.0,0.0,0.0019300580024719238,0.002189445495605469,0.15986511283854868,0.001622915267944336,0.0,0,351bfbeb-2ce5-4eae-a8c1-264881fe7ba3,20260815,ecs-strict,benign-ecs-geo,0,quad9
3,3,1,3,400,0.3333333333333333,1.0,0,1,1,1.0,0.0,0.0,-0.0,-0.0,0.3333333333333333,0.0,60.0,0.0,0.3333333333333333,0.0,0.6666666666666666,2.5390212535858154,2.539229917526245,6.940113433934701e-05,0.0,0.0,0,0625be8d-3070-43a9-957c-49fa8a2fa28b,20260815,ecs-strict,benign-ecs-stable,0,quad9
4,4,4,4,480,1.0,1.0,4,4,4,1.0,0.0,0.0,1.0,1.0,0.75,0.5,60.0,0.0,0.25,0.0,0.0,0.02550506591796875,0.03959982395172119,0.4267424969246287,0.025349557399749756,0.0,0,dbd09994-5e45-49d6-8315-e1b549dcb3a6,20260815,ecs-strict,benign-ecs-geo,0,opendns
3,3,1,3,224,0.3333333333333333,1.0,0,1,1,1.0,0.0,0.0,-0.0,-0.0,0.3333333333333333,0.0,300.0,0.0,0.3333333333333333,0.0,0.6666666666666666,2.506325085957845,2.5065252780914307,6.770175791534344e-05,0.0,0.0,0,536e0349-8f16-40ac-963a-cdeb98f9ddab,20260815,ecs-strict,benign-ecs-stable,0,cloudflare
4,4,4,4,744,1.0,1.0,4,4,4,1.0,0.0,0.0,1.0,1.0,1.0,0.75,291.7894736842105,0.04141879194165296,0.25,0.0,0.0,0.0029543042182922363,0.004209113121032715,0.3352556420597254,0.0026667118072509766,0.0,0,3b680240-7810-4926-b1fc-9088aaab28a5,20260815,ecs-strict,benign-ecs-geo,0,cloudflare
3,3,1,3,264,0.3333333333333333,1.0,0,1,1,1.0,0.0,0.0,-0.0,-0.0,0.3333333333333333,0.0,300.0,0.0,0.3333333333333333,0.0,0.6666666666666666,2.5048422813415527,2.5050607442855837,7.350577958548766e-05,0.0,0.0,0,e2dbcab8-e878-43aa-be81-18e1bbc06090,20260815,ecs-strict,benign-ecs-stable,0,cloudflare
3,3,1,1,166,0.3333333333333333,1.0,0,1,1,1.0,0.0,0.0,-0.0,-0.0,0.6666666666666666,0.33333333333333337,300.0,0.0,0.6666666666666666,0.0,0.6666666666666666,5.0036857922871905,5.009544920921326,0.0009739103395457413,0.0,0.0,2,8f6886ca-cc7c-45eb-942d-af774684c4fb,20260815,ecs-strict,benign-ecs-stable,0,google
4,4,4,4,770,1.0,1.0,3,4,4,1.0,0.0,0.0,1.0,1.0,1.0,0.75,215.7,0.5969883033298984,0.25,0.0,0.0,0.002956688404083252,0.0038205862045288083,0.2575797338861935,0.002555251121520996,0.0,0,2d6be0dc-b90d-4e15-b8f1-a192be968064,20260815,ecs-strict,benign-ecs-geo,0,cloudflare
4,4,4,4,704,1.0,1.0,2,4,4,1.0,0.0,0.0,1.0,1.0,1.0,0.75,53.75,0.20140125669405548,0.25,0.0,0.0,1.2734955549240112,2.515707540512085,0.9726740150005164,0.034212589263916016,0.0,0,0fa2757a-edaf-472a-9916-2c78a4e283cc,20260815,ecs-strict,benign-ecs-geo,0,quad9
4,4,4,4,528,1.0,1.0,0,4,4,1.0,0.0,0.0,1.0,1.0,0.5,0.25,262.0,0.19446930080697705,0.25,0.0,0.0,2.5101149678230286,2.5157384276390076,0.0022148353362394383,0.0,0.0,0,c7b91393-429f-4224-b85e-8a8f67c0d4e6,20260815,ecs-strict,benign-ecs-geo,0,cloudflare
4,4,4,4,628,1.0,1.0,4,4,4,1.0,0.0,0.0,1.0,1.0,1.0,0.75,250.75,0.19047568754525357,0.25,0.0,0.0,0.0021780729293823242,0.0031048059463500972,0.30270854018640814,0.002034902572631836,0.0,0,209c96ff-4fb9-4c40-9abd-9f9fdd5e3d58,20260815,ecs-strict,benign-ecs-geo,0,google
4,4,4,4,632,1.0,1.0,0,4,4,1.0,0.0,0.0,1.0,1.0,1.0,0.75,60.0,0.0,0.25,0.0,0.0,2.5189602375030518,2.51949337720871,0.00015384181026358934,0.0,0.0,0,030ebd3f-c8c3-49cf-b823-00eec696343a,20260815,ecs-strict,benign-ecs-geo,0,opendns
4,4,4,4,828,1.0,1.0,3,4,4,1.0,0.0,0.0,1.0,1.0,1.0,0.75,221.17391304347825,0.53882413175996,0.25,0.0,0.0,0.0030964016914367676,0.004455375671386718,0.3578747509097532,0.002524077892303467,0.0,0,4141f438-764b-4f93-bcfd-0908cddac0fe,20260815,ecs-strict,benign-ecs-geo,0,cloudflare
4,4,4,4,900,1.0,1.0,4,4,4,1.0,0.0,0.0,1.0,1.0,1.0,0.75,226.34782608695653,0.2608954343832003,0.25,0.0,0.0,0.0034524202346801758,0.005436408519744872,0.43025437020690743,0.0032702088356018066,0.0,0,c594bb0f-07ca-484f-a03c-42fe63f63e86,20260815,ecs-strict,benign-ecs-geo,0,quad9
4,4,4,4,688,1.0,1.0,0,4,4,1.0,0.0,0.0,1.0,1.0,1.0,0.75,60.0,0.0,0.25,0.0,0.0,2.521226465702057,2.5297823905944825,0.002430544568641705,0.0,0.0,0,706ec545-fde9-4ec4-bd4f-57fff689e996,20260815,ecs-strict,benign-ecs-geo,0,cloudflare
4,4,4,4,536,1.0,1.0,4,4,4,1.0,0.0,0.0,1.0,1.0,0.25,0.0,20.0,0.0,0.25,0.0,0.0,0.014883458614349365,0.0183315634727478,0.16764931150861517,0.014387845993041992,0.0,0,6e806913-7231-42ed-a9e5-80c1495931b0,20260815,ecs-strict,benign-ecs-geo,0,google
4,4,4,4,432,1.0,1.0,4,4,4,1.0,0.0,0.0,1.0,1.0,0.5,0.25,407.5,0.3323885389733369,0.25,0.0,0.0,0.0019372105598449707,0.002182638645172119,0.11490953154142435,0.0015527009963989258,0.0,0,1e15e321-2a91-47f8-b6c7-ae9f983d339f,20260815,ecs-strict,benign-ecs-geo,0,quad9
4,4,4,4,656,1.0,1.0,0,4,4,1.0,0.0,0.0,1.0,1.0,1.0,0.75,45.25,0.5645911472185843,0.25,0.0,0.0,2.526284158229828,2.53564829826355,0.0032236687301128893,0.0,0.0,0,bd120b38-ec28-469d-9bef-31ee37f0dba4,20260815,ecs-strict,benign-ecs-geo,0,opendns
4,4,4,4,424,1.0,1.0,4,4,4,1.0,0.0,0.0,1.0,1.0,1.0,0.75,59.25,0.02192469376669465,0.25,0.0,0.0,0.020333290100097656,0.03066701889038086,0.564793582921979,0.020172834396362305,0.0,0,03f85b75-0979-49cc-b19b-af3c55fdb445,20260815,ecs-strict,benign-ecs-geo,0,opendns
4,4,4,4,560,1.0,1.0,4,4,4,1.0,0.0,0.0,1.0,1.0,0.5,0.25,15.0,0.0,0.25,0.0,0.0,0.0025843381881713867,0.003060030937194824,0.21089611840835376,0.002335488796234131,0.0,0,cf7ad87c-7ce1-42a6-b8e7-65e69b0be847,20260815,ecs-strict,benign-ecs-geo,0,cloudflare
4,4,4,4,536,1.0,1.0,0,4,4,1.0,0.0,0.0,1.0,1.0,0.75,0.5,120.0,0.0,0.25,0.0,0.0,2.5183069705963135,2.519495594501495,0.0004910471278683362,0.0,0.0,0,a77358b1-6d37-4c74-8f3c-9f33b40a88c4,20260815,ecs-strict,benign-ecs-geo,0,quad9
4,4,4,4,768,1.0,1.0,4,4,4,1.0,0.0,0.0,1.0,1.0,1.0,0.75,300.0,0.0,0.25,0.0,0.0,0.006105601787567139,0.010250055789947508,0.49858404794147493,0.00561290979385376,0.0,0,aa04db2c-6e6f-47b2-9b71-c3713bc5ced5,20260815,ecs-strict,benign-ecs-geo,0,opendns
4,4,4,4,472,1.0,1.0,2,4,4,1.0,0.0,0.0,1.0,1.0,0.5,0.5,150.75,0.40271882775663814,0.25,0.0,0.0,0.003282785415649414,0.004346144199371338,0.2307913742882512,0.001846611499786377,0.0,0,3d92a399-72fb-4b28-9389-a6f3005762f9,20260815,ecs-strict,benign-ecs-geo,0,cloudflare
4,4,4,4,664,1.0,1.0,4,4,4,1.0,0.0,0.0,1.0,1.0,1.0,0.75,296.5,0.04256131353836075,0.25,0.0,0.0,0.00481802225112915,0.005415427684783936,0.10017135686153017,0.004103362560272217,0.0,0,e7c8af44-309f-4605-a863-0e7d692dde64,20260815,ecs-strict,benign-ecs-geo,0,quad9
4,4,4,4,464,1.0,1.0,1,4,4,1.0,0.0,0.0,1.0,1.0,1.0,0.75,60.0,0.0,0.25,0.0,0.0,1.899182379245758,2.5413896083831786,0.5728124840230591,0.014920711517333984,0.0,0,4bef344b-def3-4ee8-8ed3-a2952a012031,20260815,ecs-strict,benign-ecs-geo,0,opendns
4,4,4,4,776,1.0,1.0,4,4,4,1.0,0.0,0.0,1.0,1.0,1.0,0.75,300.0,0.0,0.25,0.0,0.0,0.0045438408851623535,0.005535638332366944,0.20907262434066723,0.004293918609619141,0.0,0,77a34f42-8f5d-4817-ad41-f6cd584c4b91,20260815,ecs-strict,benign-ecs-geo,0,opendns
4,4,4,4,664,1.0,1.0,0,4,4,1.0,0.0,0.0,1.0,1.0,1.0,0.75,60.0,0.0,0.25,0.0,0.0,2.537179946899414,2.567995607852936,0.008812171698337286,0.0,0.0,0,a71827e3-24c1-40d2-8444-af695ef266f5,20260815,ecs-strict,benign-ecs-geo,0,google
4,4,4,4,672,1.0,1.0,4,4,4,1.0,0.0,0.0,1.0,1.0,1.0,0.75,60.0,0.0,0.25,0.0,0.0,0.024629414081573486,0.034722900390625,0.36276455858819934,0.024132847785949707,0.0,0,4210b956-8074-439f-8c14-cd85a44f4b05,20260815,ecs-strict,benign-ecs-geo,0,cloudflare
4,4,4,4,672,1.0,1.0,4,4,4,1.0,0.0,0.0,1.0,1.0,1.0,0.75,60.0,0.0,0.25,0.0,0.0,0.05026346445083618,0.06991513967514038,0.33547592534133364,0.04994833469390869,0.0,0,2833677d-8547-430b-8770-202f3c79a9de,20260815,ecs-strict,benign-ecs-geo,0,quad9
4,4,4,4,488,1.0,1.0,4,4,4,1.0,0.0,0.0,1.0,1.0,1.0,0.75,60.0,0.0,0.25,0.0,0.0,0.019845783710479736,0.0285136342048645,0.32129074099040855,0.018973231315612793,0.0,0,f18e84f8-90dd-4e9f-933d-89fcd7c84b0f,20260815,ecs-strict,benign-ecs-geo,0,google
4,4,4,4,696,1.0,1.0,4,4,4,1.0,0.0,0.0,1.0,1.0,1.0,0.75,60.0,0.0,0.25,0.0,0.0,0.022829651832580566,0.0349012017250061,0.3768184366217779,0.02212733030319214,0.0,0,53e0ca99-3683-456b-afc1-e05a78b159cc,20260815,ecs-strict,benign-ecs-geo,0,google
4,4,4,4,528,1.0,1.0,3,4,4,1.0,0.0,0.0,1.0,1.0,0.5,0.5,300.0,0.0,0.25,0.0,0.0,0.6397852301597595,2.141322636604308,1.6937146498776243,0.013871113459269205,0.0,0,88e11d1a-6b09-4f53-97ab-7d0ef72ac199,20260815,ecs-strict,benign-ecs-geo,0,quad9
4,4,4,4,690,1.0,1.0,1,4,4,1.0,0.0,0.0,1.0,1.0,1.0,0.75,300.0,0.0,0.25,0.0,0.0,1.8804761171340942,2.5068068623542787,0.5765581909669063,0.002347230911254883,0.0,0,02282bf9-4521-4c9d-8a8c-8bcff4cc8f17,20260815,ecs-strict,benign-ecs-geo,0,google
4,4,4,4,779,1.0,1.0,4,4,4,1.0,0.0,0.0,1.0,1.0,1.0,0.75,219.5,0.5336804624066412,0.25,0.0,0.0,0.0029610395431518555,0.0033579945564270017,0.10301009772693667,0.002427816390991211,0.0,0,2c4fe624-d7ed-48e4-b2f6-e5bfa5b15ebe,20260815,ecs-strict,benign-ecs-geo,0,google
4,4,4,4,664,1.0,1.0,0,4,4,1.0,0.0,0.0,1.0,1.0,1.0,0.75,60.0,0.0,0.25,0.0,0.0,2.5268341302871704,2.5385897278785707,0.0037817688529614493,0.0,0.0,0,9747489b-0f0b-4902-a6f4-34ef43b76f50,20260815,ecs-strict,benign-ecs-geo,0,quad9
4,4,4,4,664,1.0,1.0,4,4,4,1.0,0.0,0.0,1.0,1.0,1.0,0.75,60.0,0.0,0.25,0.0,0.0,0.032257795333862305,0.03549778461456299,0.07159950560152643,0.03199666738510132,0.0,0,47e8d7bd-ec5f-4953-9523-b8275343b909,20260815,ecs-strict,benign-ecs-geo,0,quad9
4,4,4,4,844,1.0,1.0,3,4,4,1.0,0.0,0.0,1.0,1.0,1.0,0.75,291.4782608695652,0.04420109588890725,0.25,0.0,0.0,0.6295537948608398,2.1317977786064137,1.7219329825024003,0.0033233960469563804,0.0,0,022a0f76-6b76-4810-be89-a9f394734acf,20260815,ecs-strict,benign-ecs-geo,0,quad9
4,4,4,4,864,1.0,1.0,1,4,4,1.0,0.0,0.0,1.0,1.0,1.0,0.75,300.0,0.0,0.25,0.0,0.0,1.8814140558242798,2.5079227566719053,0.5763839619228841,0.002968311309814453,0.0,0,db8e8db5-8fb0-4bc2-9c65-427ab0644374,20260815,ecs-strict,benign-ecs-geo,0,opendns
4,4,4,4,688,1.0,1.0,2,4,4,1.0,0.0,0.0,1.0,1.0,1.0,0.75,40.0,0.5303300858899107,0.25,0.0,0.0,1.260873556137085,2.5170759320259095,0.9929584487758685,0.0086289644241333,0.0,0,ad125925-a290-4a5c-bd66-b08475b8af47,20260815,ecs-strict,benign-ecs-geo,0,quad9
4,4,4,4,472,1.0,1.0,2,4,4,1.0,0.0,0.0,1.0,1.0,0.5,0.25,19.5,0.04441155916843275,0.25,0.0,0.0,1.2624610662460327,2.5183382630348206,0.9937051802243357,0.007278800010681152,0.0,0,d90b5121-8568-4eae-9a75-56d66a0f9b1c,20260815,ecs-strict,benign-ecs-geo,0,cloudflare
4,4,4,4,648,1.0,1.0,4,4,4,1.0,0.0,0.0,1.0,1.0,0.75,0.5,275.25,0.10293093606280165,0.25,0.0,0.0,0.003473341464996338,0.004328489303588867,0.19885803585383813,0.0030675530433654785,0.0,0,dbc1be61-a1d5-4a0f-94d4-b3c559a89444,20260815,ecs-strict,benign-ecs-geo,0,cloudflare
4,4,4,4,472,1.0,1.0,0,4,4,1.0,0.0,0.0,1.0,1.0,0.25,0.0,17.25,0.21447316792679336,0.25,0.0,0.0,2.508558928966522,2.517716336250305,0.0026001692665074674,0.0,0.0,0,7c78bbc1-c897-4ece-9e2a-8660a7554961,20260815,ecs-strict,benign-ecs-geo,0,google
4,4,4,4,776,1.0,1.0,4,4,4,1.0,0.0,0.0,1.0,1.0,1.0,0.75,290.5263157894737,0.047998700360477424,0.25,0.0,0.0,0.003774702548980713,0.00460503101348877,0.20374245136725555,0.0032479166984558105,0.0,0,8fb39361-2a4d-433c-8c21-051c91979fe8,20260815,ecs-strict,benign-ecs-geo,0,cloudflare
4,4,4,4,472,1.0,1.0,3,4,4,1.0,0.0,0.0,1.0,1.0,0.5,0.25,25.0,0.1854723699099141,0.25,0.0,0.0,0.004318952560424805,0.0049089789390563965,0.20180488478418304,0.0035631656646728516,0.0,0,608bd948-8e8e-466f-a4ad-18faa6d513cc,20260815,ecs-strict,benign-ecs-geo,0,opendns
4,4,4,4,770,1.0,1.0,4,4,4,1.0,0.0,0.0,1.0,1.0,1.0,0.75,290.4,0.050496701872791636,0.25,0.0,0.0,0.005288422107696533,0.006014776229858398,0.1459280400158624,0.004195034503936768,0.0,0,4999dcb9-6f37-4390-a89b-3e5de20ef04b,20260815,ecs-strict,benign-ecs-geo,0,google
4,4,4,4,480,1.0,1.0,0,4,4,1.0,0.0,0.0,1.0,1.0,0.5,0.5,5500.75,0.15466218381177693,0.25,0.0,0.0,2.5072200298309326,2.509003293514252,0.0006821851442686605,0.0,0.0,0,1a205d0c-30e3-4685-8ecc-7275db2cb814,20260815,ecs-strict,benign-ecs-geo,0,cloudflare
4,4,4,4,456,1.0,1.0,3,4,4,1.0,0.0,0.0,1.0,1.0,0.5,0.5,21.5,0.023255813953488372,0.25,0.0,0.0,0.005142629146575928,0.008598005771636962,0.4839515252380466,0.003466188907623291,0.0,0,4a453473-37fc-40a1-8c77-34492cf59d2e,20260815,ecs-strict,benign-ecs-geo,0,quad9
4,4,4,4,792,1.0,1.0,3,4,4,1.0,0.0,0.0,1.0,1.0,1.0,0.75,269.4117647058824,0.1758909467273237,0.25,0.0,0.0,0.003908693790435791,0.005184161663055419,0.2349222678330854,0.0030518770217895508,0.0,0,508a6878-0448-4402-86a0-1acd93ebca6b,20260815,ecs-strict,benign-ecs-geo,0,quad9
4,4,4,4,536,1.0,1.0,0,4,4,1.0,0.0,0.0,1.0,1.0,0.25,0.0,20.0,0.0,0.25,0.0,0.0,2.519061326980591,2.524911332130432,0.0016762831248917807,0.0,0.0,0,7fc299d7-dc95-4470-a67e-4737abcbec90,20260815,ecs-strict,benign-ecs-geo,0,opendns
4,4,4,4,644,1.0,1.0,4,4,4,1.0,0.0,0.0,1.0,1.0,1.0,0.75,230.0,0.5271458979557453,0.25,0.0,0.0,0.004405617713928223,0.005499613285064697,0.2386143844571961,0.004030287265777588,0.0,0,46909c8f-af9d-421c-8ff4-bcad7889e03a,20260815,ecs-strict,benign-ecs-geo,0,quad9
4,4,4,4,480,1.0,1.0,0,4,4,1.0,0.0,0.0,1.0,1.0,1.0,0.75,60.0,0.0,0.25,0.0,0.0,2.533270299434662,2.5438093662261965,0.003229567340841661,0.0,0.0,0,bec2f622-527a-4ec6-89b8-380c789bafb1,20260815,ecs-strict,benign-ecs-geo,0,google
4,4,4,4,720,1.0,1.0,1,4,4,1.0,0.0,0.0,1.0,1.0,1.0,0.75,46.5,0.2903225806451613,0.25,0.0,0.0,1.895731270313263,2.5347174167633058,0.5667586434664649,0.03455829620361328,0.0,0,991336bd-37fe-4332-a8d1-dd74e2d9c8bd,20260815,ecs-strict,benign-ecs-geo,0,google
4,4,4,4,600,1.0,1.0,0,4,4,1.0,0.0,0.0,1.0,1.0,0.75,0.5,58.75,0.03685214484189101,0.25,0.0,0.0,2.525493085384369,2.544182908535004,0.006451934927499554,0.0,0.0,0,d97e0e5e-526e-4853-9ed7-95a5900cc05a,20260815,ecs-strict,benign-ecs-geo,0,opendns
4,4,4,4,744,1.0,1.0,3,4,4,1.0,0.0,0.0,1.0,1.0,1.0,0.75,213.26315789473685,0.5330481513529236,0.25,0.0,0.0,0.004482686519622803,0.006413459777832031,0.430101902969649,0.0032941102981567383,0.0,0,8c974909-f1f7-4e49-a059-29c5db9a1da7,20260815,ecs-strict,benign-ecs-geo,0,quad9
4,4,4,4,544,1.0,1.0,3,4,4,1.0,0.0,0.0,1.0,1.0,0.5,0.5,13.6,0.08823529411764706,0.25,0.0,0.0,0.002477407455444336,0.0027248144149780275,0.10388946208628558,0.0017137527465820312,0.0,0,1592ac9e-de40-4090-8840-93080f3bb223,20260815,ecs-strict,benign-ecs-geo,0,cloudflare
4,4,4,4,480,1.0,1.0,4,4,4,1.0,0.0,0.0,1.0,1.0,0.75,0.5,52.25,0.21499178888670786,0.25,0.0,0.0,0.008418500423431396,0.013730823993682861,0.6105358500560939,0.007588744163513184,0.0,0,ceebda5a-2e31-426b-93a6-6eb6f96507de,20260815,ecs-strict,benign-ecs-geo,0,quad9
4,4,4,4,844,1.0,1.0,4,4,4,1.0,0.0,0.0,1.0,1.0,1.0,0.75,300.0,0.0,0.25,0.0,0.0,0.0043198466300964355,0.006075227260589599,0.29650111785161487,0.004078030586242676,0.0,0,c5bd42e6-aea0-44a2-b487-3ec81c34c541,20260815,ecs-strict,benign-ecs-geo,0,cloudflare
4,4,4,4,699,1.0,1.0,4,4,4,1.0,0.0,0.0,1.0,1.0,1.0,0.75,298.26666666666665,0.007592886790998226,0.25,0.0,0.0,0.003175973892211914,0.004270637035369873,0.2943357310597244,0.00279158353805542,0.0,0,b36d68f5-2b3b-4686-918e-10d16db497eb,20260815,ecs-strict,benign-ecs-geo,0,google
4,4,4,4,632,1.0,1.0,4,4,4,1.0,0.0,0.0,1.0,1.0,1.0,0.75,60.0,0.0,0.25,0.0,0.0,0.02584928274154663,0.03279372453689575,0.26545928800656926,0.024274051189422607,0.0,0,03b7e187-9ce4-42c5-93cc-52dec8006b8a,20260815,ecs-strict,benign-ecs-geo,0,google
4,4,4,4,664,1.0,1.0,4,4,4,1.0,0.0,0.0,1.0,1.0,1.0,0.75,54.0,0.19245008972987526,0.25,0.0,0.0,0.016449332237243652,0.029246807098388665,0.6272243666044137,0.01612192392349243,0.0,0,10ba775f-e188-453c-b33f-0bfad7825fd6,20260815,ecs-strict,benign-ecs-geo,0,opendns
4,4,4,4,752,1.0,1.0,0,4,4,1.0,0.0,0.0,1.0,1.0,1.0,0.75,60.0,0.0,0.25,0.0,0.0,2.53539502620697,2.549258530139923,0.004637080788212606,0.0,0.0,0,3c109868-74a9-4068-b86d-1f23e7fac6b8,20260815,ecs-strict,benign-ecs-geo,0,quad9
4,4,4,4,536,1.0,1.0,4,4,4,1.0,0.0,0.0,1.0,1.0,0.5,0.25,18.75,0.04422166387140533,0.25,0.0,0.0,0.019957005977630615,0.028125250339508055,0.29293737865235625,0.019569873809814453,0.0,0,31d15561-50bb-4484-b126-a97df1ae1394,20260815,ecs-strict,benign-ecs-geo,0,opendns
4,4,4,4,672,1.0,1.0,4,4,4,1.0,0.0,0.0,1.0,1.0,1.0,0.75,60.0,0.0,0.25,0.0,0.0,0.03513514995574951,0.04416548013687134,0.32985421656108926,0.03471660614013672,0.0,0,679272b2-d93a-4f92-ada8-54a486f9889f,20260815,ecs-strict,benign-ecs-geo,0,cloudflare
4,4,4,4,672,1.0,1.0,4,4,4,1.0,0.0,0.0,1.0,1.0,1.0,0.75,60.0,0.0,0.25,0.0,0.0,0.02810490131378174,0.04289720058441162,0.4386028833327678,0.02767246961593628,0.0,0,bd52b34a-3c5d-499b-82ff-e404a387eca5,20260815,ecs-strict,benign-ecs-geo,0,opendns
4,4,4,4,699,1.0,1.0,1,4,4,1.0,0.0,0.0,1.0,1.0,1.0,0.75,300.0,0.0,0.25,0.0,0.0,1.880765438079834,2.507243740558624,0.5763378402836917,0.0029821395874023438,0.0,0,fc3a5451-fd14-45c4-b767-5df74e735fb5,20260815,ecs-strict,benign-ecs-geo,0,opendns
4,4,4,4,512,1.0,1.0,4,0,0,0.0,0.0,0.0,1.0,1.0,1.0,0.75,82.36363636363636,1.2524340486435512,0.25,0.0,0.0,0.009016692638397217,0.01719973087310791,0.7874072326763363,0.008854568004608154,0.0,0,90cdfc30-c340-4bfb-9e40-9ecaca775039,20260815,ecs-strict,benign-burst,0,google
4,4,4,4,600,1.0,1.0,0,4,4,1.0,0.0,0.0,1.0,1.0,0.75,0.5,60.0,0.0,0.25,0.0,0.0,2.5195008516311646,2.530656671524048,0.0031773834047945453,0.0,0.0,0,eb0681b1-caa9-4ad1-9f37-15e6c6743717,20260815,ecs-strict,benign-ecs-geo,0,cloudflare
4,4,4,4,456,1.0,1.0,1,4,4,1.0,0.0,0.0,1.0,1.0,1.0,0.75,300.0,0.0,0.25,0.0,0.0,1.8837473392486572,2.506247651576996,0.5722446629515693,0.016026020050048828,0.0,0,887b4730-b68b-4148-921c-eb7135acbe35,20260815,ecs-strict,benign-ecs-geo,0,quad9
4,4,4,4,408,1.0,1.0,4,0,0,0.0,0.0,0.0,1.0,1.0,1.0,0.75,107.28571428571429,1.057099338566389,0.25,0.0,0.0,0.0018267631530761719,0.002397346496582031,0.24015821627800954,0.0016946792602539062,0.0,0,6bd86079-2ae3-4075-8ed1-e449d8fc96b1,20260815,ecs-strict,benign-burst,0,cloudflare
4,4,4,4,432,1.0,1.0,3,4,4,1.0,0.0,0.0,1.0,1.0,1.0,0.75,60.0,0.0,0.25,0.0,0.0,0.647655189037323,2.1437725543975823,1.666189013394332,0.02429652214050293,0.0,0,7c0065ea-20be-400e-8a1f-ba82c0714bda,20260815,ecs-strict,benign-ecs-geo,0,opendns
4,4,4,4,744,1.0,1.0,1,4,4,1.0,0.0,0.0,1.0,1.0,1.0,0.75,156.21052631578948,0.7435877725956739,0.25,0.0,0.0,1.880297839641571,2.505987823009491,0.5758578858499199,0.0040285587310791016,0.0,0,1c118710-4d44-4c85-9df4-694b8f5a66e6,20260815,ecs-strict,benign-ecs-geo,0,google
4,4,4,4,480,1.0,1.0,1,4,4,1.0,0.0,0.0,1.0,1.0,1.0,0.75,300.0,0.0,0.25,0.0,0.0,1.8814009428024292,2.508400869369507,0.576218745859863,0.0031309127807617188,0.0,0,1219ae3e-bae9-45b0-a65a-14347dabdeed,20260815,ecs-strict,benign-ecs-geo,0,cloudflare
4,4,4,4,792,1.0,1.0,0,4,4,1.0,0.0,0.0,1.0,1.0,1.0,0.75,199.7058823529412,0.5577333393465693,0.25,0.0,0.0,2.506457805633545,2.5067479610443115,0.00010811913202460666,0.0,0.0,0,2697ca48-128d-4212-b1ba-6ecbc859fb88,20260815,ecs-strict,benign-ecs-geo,0,cloudflare
4,4,4,4,624,1.0,1.0,0,4,4,1.0,0.0,0.0,1.0,1.0,0.5,0.5,22.25,0.9551883583351519,0.25,0.0,0.0,2.5073760747909546,2.5083792924880983,0.0003930698042270724,0.0,0.0,0,a01c31c1-bf46-4124-b157-9e5aaef8494f,20260815,ecs-strict,benign-ecs-geo,0,opendns
4,4,4,4,398,1.0,1.0,3,0,0,0.0,0.0,0.0,1.0,1.0,1.0,0.75,4805.8,1.6917301616731772,0.25,0.0,0.0,0.0060124993324279785,0.013269674777984615,0.8624460143882847,0.005462646484375,0.0,0,d1a40083-e109-4849-b210-cd4efdff19a7,20260815,ecs-strict,benign-burst,0,google
4,4,4,4,700,1.0,1.0,4,0,0,0.0,0.0,0.0,1.0,1.0,1.0,0.75,107.45,1.7646419633853323,0.25,0.0,0.0,0.0018723011016845703,0.002285599708557129,0.16898926759576613,0.0016098618507385254,0.0,0,4bc032a4-4e28-4466-874a-621f00dc9cf8,20260815,ecs-strict,benign-burst,0,quad9
4,4,4,4,456,1.0,1.0,0,4,4,1.0,0.0,0.0,1.0,1.0,1.0,0.75,300.0,0.0,0.25,0.0,0.0,2.510907292366028,2.5216837525367737,0.0030580746647496312,0.0,0.0,0,1082c643-20bb-4405-9039-4bd3a793eb03,20260815,ecs-strict,benign-ecs-geo,0,quad9
4,4,4,4,536,1.0,1.0,0,4,4,1.0,0.0,0.0,1.0,1.0,0.25,0.0,20.0,0.0,0.25,0.0,0.0,2.515002429485321,2.516222894191742,0.0003773600703945766,0.0,0.0,0,b2308b39-f1c7-4ec9-a8b1-db1a1d975084,20260815,ecs-strict,benign-ecs-geo,0,opendns
4,4,4,4,456,1.0,1.0,1,4,4,1.0,0.0,0.0,1.0,1.0,0.75,0.5,267.75,0.20862236617776395,0.25,0.0,0.0,1.88005930185318,2.506488800048828,0.5764538118211407,0.0027871131896972656,0.0,0,2d0ad12e-4461-4875-b0aa-5d57a7d33a9e,20260815,ecs-strict,benign-ecs-geo,0,opendns
4,4,4,4,709,1.0,1.0,3,0,0,0.0,0.0,0.0,1.0,1.0,1.0,0.75,217.04347826086956,0.37016759199877775,0.25,0.0,0.0,0.010463953018188477,0.02829113006591796,1.22221928844541,0.009768366813659668,0.0,0,0dd9627f-32b6-4413-ac41-9cf4105518ce,20260815,ecs-strict,benign-burst,0,opendns
4,4,4,4,468,1.0,1.0,4,0,0,0.0,0.0,0.0,1.0,1.0,1.0,0.75,374.44444444444446,1.9613525038810458,0.25,0.0,0.0,0.005675137042999268,0.01324207782745361,0.9479637553397272,0.005629241466522217,0.0,0,44263f10-54b7-4bbe-9651-78422ae9d76e,20260815,ecs-strict,benign-burst,0,quad9
4,4,4,4,518,1.0,1.0,4,0,0,0.0,0.0,0.0,1.0,1.0,1.0,0.75,219.0,0.9430485909164381,0.25,0.0,0.0,0.012695729732513428,0.03652163743972777,1.3527408266210275,0.012401401996612549,0.0,0,8d622646-64d5-48ed-9c80-e54b2b05d03f,20260815,ecs-strict,benign-burst,0,quad9
4,4,4,4,480,1.0,1.0,1,4,4,1.0,0.0,0.0,1.0,1.0,0.75,0.5,60.0,0.0,0.25,0.0,0.0,1.9116458296775818,2.5438560962677004,0.5681176899439713,0.029651403427124023,0.0,0,0d3ad588-13f0-4ed2-abf2-45c6edd49d36,20260815,ecs-strict,benign-ecs-geo,0,google
4,4,4,4,611,1.0,1.0,4,0,0,0.0,0.0,0.0,1.0,1.0,1.0,0.75,10134.6,0.9763863256165275,0.25,0.0,0.0,0.007295072078704834,0.018054723739624016,1.056458887609123,0.007090389728546143,0.0,0,ebb7f975-da72-4730-9ec3-61a90bb1ab64,20260815,ecs-strict,benign-burst,0,quad9
4,4,4,4,484,1.0,1.0,4,0,0,0.0,0.0,0.0,1.0,1.0,1.0,0.75,1299.9,2.758946381305993,0.25,0.0,0.0,0.005673527717590332,0.013808310031890864,1.032431966993432,0.005410313606262207,0.0,0,7a2368d1-b60e-49ed-bb44-4a508d62ddea,20260815,ecs-strict,benign-burst,0,quad9
4,4,4,4,505,1.0,1.0,4,0,0,0.0,0.0,0.0,1.0,1.0,1.0,0.75,245.1,0.9048728363068475,0.25,0.0,0.0,0.0025401711463928223,0.004088819026947021,0.4354836050288941,0.0022673606872558594,0.0,0,56462a18-26a4-456b-b5f6-c6d5a0914b53,20260815,ecs-strict,benign-burst,0,opendns
4,4,4,4,524,1.0,1.0,4,0,0,0.0,0.0,0.0,1.0,1.0,1.0,0.75,212.84615384615384,0.47020167657475226,0.25,0.0,0.0,0.008824765682220459,0.024465560913085927,1.271089703346699,0.00857853889465332,0.0,0,9bceab23-800d-4505-956e-7affcef9eb71,20260815,ecs-strict,benign-burst,0,quad9
4,4,4,4,752,1.0,1.0,0,4,4,1.0,0.0,0.0,1.0,1.0,1.0,0.75,60.0,0.0,0.25,0.0,0.0,2.532988727092743,2.5444180250167845,0.0039918463605153245,0.0,0.0,0,1a129f28-39ae-4341-89bc-8a950b1948e6,20260815,ecs-strict,benign-ecs-geo,0,google
4,4,4,4,436,1.0,1.0,4,0,0,0.0,0.0,0.0,1.0,1.0,1.0,0.75,1272.5714285714287,0.7926630780428005,0.25,0.0,0.0,0.004732787609100342,0.01162779331207275,1.0474186209643546,0.004611492156982422,0.0,0,ef3c554e-8553-42c2-9334-d2a76afba065,20260815,ecs-strict,benign-burst,0,cloudflare
4,4,4,4,474,1.0,1.0,2,0,0,0.0,0.0,0.0,1.0,1.0,1.0,0.75,6988.444444444444,0.8426440303481122,0.25,0.0,0.0,0.013428747653961182,0.03936880826950072,1.3925149707636535,0.012977957725524902,0.0,0,943884ae-3dc0-4c4b-8d8f-4632c7b2daae,20260815,ecs-strict,benign-burst,0,google
4,4,4,4,574,1.0,1.0,4,0,0,0.0,0.0,0.0,1.0,1.0,1.0,0.75,152.9,0.6754086720675951,0.25,0.0,0.0,0.01699542999267578,0.03745951652526855,0.9141685571881608,0.016403913497924805,0.0,0,587c4631-c704-4c65-a329-3f5cce7db729,20260815,ecs-strict,benign-burst,0,cloudflare
4,4,4,4,528,1.0,1.0,4,0,0,0.0,0.0,0.0,1.0,1.0,1.0,0.75,164.92307692307693,0.5036466899571017,0.25,0.0,0.0,0.008618354797363281,0.025270986557006825,1.3925682166113182,0.008502304553985596,0.0,0,a448fbad-5795-4331-9445-f9c3c373cc8c,20260815,ecs-strict,benign-burst,0,cloudflare
4,4,4,4,450,1.0,1.0,4,0,0,0.0,0.0,0.0,1.0,1.0,1.0,0.75,4808.0,1.819726237821611,0.25,0.0,0.0,0.013870656490325928,0.03500370979309081,1.0921374448711696,0.013563275337219238,0.0,0,e5217a11-e021-4f4c-a0fb-6e807971580d,20260815,ecs-strict,benign-burst,0,google
4,4,4,4,570,1.0,1.0,4,0,0,0.0,0.0,0.0,1.0,1.0,1.0,0.75,221.625,0.3251153566549243,0.25,0.0,0.0,0.012610375881195068,0.028049874305725093,0.9295561818761466,0.012424886226654053,0.0,0,fb0bb9f0-3d9e-4e60-b197-2768e088ae54,20260815,ecs-strict,benign-burst,0,opendns
4,4,4,4,446,1.0,1.0,4,0,0,0.0,0.0,0.0,1.0,1.0,1.0,0.75,235.75,0.4734185001966573,0.25,0.0,0.0,0.041150808334350586,0.11383932828903194,1.2697082804982502,0.04098641872406006,0.0,0,239a9113-a53a-45d2-8dbe-8e20a921ef3e,20260815,ecs-strict,benign-burst,0,opendns
4,4,4,4,394,1.0,1.0,4,0,0,0.0,0.0,0.0,1.0,1.0,1.0,0.75,426.14285714285717,0.6163628376796796,0.25,0.0,0.0,0.04250138998031616,0.13009155988693233,1.471762079690286,0.04191964864730835,0.0,0,6b31556c-fa1e-4fe7-96c2-5c5b3e1a99c0,20260815,ecs-strict,benign-burst,0,cloudflare
4,4,4,4,480,1.0,1.0,1,4,4,1.0,0.0,0.0,1.0,1.0,1.0,0.75,300.0,0.0,0.25,0.0,0.0,3.7564576864242554,5.007621026039123,0.5767873119373244,0.003416776657104492,0.0,0,793379be-43d2-4c41-b547-0a46f21a7ef8,20260815,ecs-strict,benign-ecs-geo,0,opendns
4,4,4,4,388,1.0,1.0,3,0,0,0.0,0.0,0.0,1.0,1.0,1.0,0.75,35.6,0.9047560511998829,0.25,0.0,0.0,0.6442798376083374,2.147077274322509,1.6774431450214504,0.020312388737996418,0.0,0,5bbad583-ffdd-4fa8-bd6e-b85fcb67fd0d,20260815,ecs-strict,benign-burst,0,quad9
4,4,4,4,438,1.0,1.0,0,0,0,0.0,0.0,0.0,1.0,1.0,1.0,0.75,284.57142857142856,0.7075240011862785,0.25,0.0,0.0,2.5150768756866455,2.5302907466888427,0.00441399705317439,0.0,0.0,0,7dfa91ce-7e2e-4e3b-9314-f10d87178f30,20260815,ecs-strict,benign-burst,0,opendns
4,4,4,4,496,1.0,1.0,0,0,0,0.0,0.0,0.0,1.0,1.0,1.0,0.75,66.75,1.005069746896485,0.25,0.0,0.0,2.506447196006775,2.5075993657112123,0.0003507414053982413,0.0,0.0,0,6f21d640-a421-4e6a-b9ad-b71f69b786ec,20260815,ecs-strict,benign-burst,0,opendns
4,4,4,4,457,1.0,1.0,0,0,0,0.0,0.0,0.0,1.0,1.0,1.0,0.75,2843.625,2.4603289235478143,0.25,0.0,0.0,2.5060048699378967,2.5070897817611693,0.00043540015241789104,0.0,0.0,0,960cbcdd-b8d6-42cd-8458-837792bbd887,20260815,ecs-strict,benign-burst,0,cloudflare
4,4,4,4,493,1.0,1.0,0,0,0,0.0,0.0,0.0,1.0,1.0,1.0,0.75,3632.1111111111113,1.9730621640474022,0.25,0.0,0.0,2.5072826147079468,2.5095099568367005,0.0006679648225103397,0.0,0.0,0,edc4f652-ea72-49a3-89bc-05a8ade4643b,20260815,ecs-strict,benign-burst,0,opendns
4,4,4,4,493,1.0,1.0,3,0,0,0.0,0.0,0.0,1.0,1.0,1.0,0.75,2418.4444444444443,2.7031080282893596,0.25,0.0,0.0,0.6410639882087708,2.1520709156990043,1.6998408827334905,0.011760393778483072,0.0,0,67eb46ba-926d-4821-8879-d29c4e14dbc2,20260815,ecs-strict,benign-burst,0,cloudflare
4,4,4,4,508,1.0,1.0,3,0,0,0.0,0.0,0.0,1.0,1.0,1.0,0.75,2022.0,2.8165968374640444,0.25,0.0,0.0,0.005487501621246338,0.012491035461425777,0.9090208089576398,0.005279183387756348,0.0,0,5797caeb-9a90-4d30-9ce2-1801f054988a,20260815,ecs-strict,benign-burst,0,google
4,4,4,4,372,1.0,1.0,1,0,0,0.0,0.0,0.0,1.0,1.0,1.0,0.75,78.0,0.6942636187980671,0.25,0.0,0.0,1.8792677521705627,2.50539892911911,0.5766573216935289,0.0021317005157470703,0.0,0,43a60620-1210-4a1b-9e8f-6910f3d9c0bd,20260815,ecs-strict,benign-burst,0,quad9
4,4,4,4,573,1.0,1.0,4,0,0,0.0,0.0,0.0,1.0,1.0,1.0,0.75,120.46666666666667,0.9575296349837631,0.25,0.0,0.0,0.005608499050140381,0.01309648752212524,0.9550932320256242,0.0054032206535339355,0.0,0,87079e20-6667-4619-add8-99ffbf9792ce,20260815,ecs-strict,benign-burst,0,quad9
4,4,4,4,556,1.0,1.0,4,0,0,0.0,0.0,0.0,1.0,1.0,1.0,0.75,1530.0714285714287,3.238212959369669,0.25,0.0,0.0,0.0022608041763305664,0.0033336400985717767,0.34967055190555146,0.001970648765563965,0.0,0,ccf0898e-2c0a-4e87-8fb1-86d5882f9973,20260815,ecs-strict,benign-burst,0,quad9
4,4,4,4,451,1.0,1.0,4,0,0,0.0,0.0,0.0,1.0,1.0,1.0,0.75,2796.0,1.973579681373986,0.25,0.0,0.0,0.002988457679748535,0.0032618045806884766,0.11064285149307013,0.002782285213470459,0.0,0,3c372e42-ebb5-4d6f-aa5c-2ce3b015dc86,20260815,ecs-strict,benign-burst,0,quad9
4,4,4,4,458,1.0,1.0,4,0,0,0.0,0.0,0.0,1.0,1.0,1.0,0.75,762.25,2.448409137914512,0.25,0.0,0.0,0.010587692260742188,0.022632563114166258,0.9077399161922728,0.01048511266708374,0.0,0,7deef060-0b2a-4f7f-a129-e147090a7b54,20260815,ecs-strict,benign-burst,0,cloudflare
4,4,4,4,542,1.0,1.0,1,0,0,0.0,0.0,0.0,1.0,1.0,1.0,0.75,1668.642857142857,3.1465985637084417,0.25,0.0,0.0,1.8924669027328491,2.5397164106369017,0.5733755082126304,0.013039588928222656,0.0,0,20dd9afd-9367-4476-b075-2de9033b8e1e,20260815,ecs-strict,benign-burst,0,opendns
4,4,4,4,575,1.0,1.0,3,0,0,0.0,0.0,0.0,1.0,1.0,1.0,0.75,2926.4166666666665,2.2198061300559124,0.25,0.0,0.0,0.006029069423675537,0.013616394996643062,0.9032483093662337,0.005414307117462158,0.0,0,f53e98de-24aa-42f1-9b61-913da1a1524a,20260815,ecs-strict,benign-burst,0,quad9
4,4,4,4,468,1.0,1.0,4,0,0,0.0,0.0,0.0,1.0,1.0,1.0,0.75,1426.0,2.4726758305486087,0.25,0.0,0.0,0.018607258796691895,0.03757548332214355,0.7745480781690441,0.018382132053375244,0.0,0,60e70d68-4f0b-443b-a1c7-ae5a5e6b9a47,20260815,ecs-strict,benign-burst,0,opendns
4,4,4,4,453,1.0,1.0,4,0,0,0.0,0.0,0.0,1.0,1.0,1.0,0.75,2014.5714285714287,2.0148604658817417,0.25,0.0,0.0,0.013337910175323486,0.027990424633026117,0.8502833581061806,0.012706279754638672,0.0,0,4aec39c7-d2d7-476c-b14a-7b546dda48f5,20260815,ecs-strict,benign-burst,0,cloudflare
4,4,4,4,421,1.0,1.0,4,0,0,0.0,0.0,0.0,1.0,1.0,1.0,0.75,4073.4,1.8533901464344127,0.25,0.0,0.0,0.005943596363067627,0.01411499977111816,0.9819858538375296,0.00546872615814209,0.0,0,0ed2c810-e43f-439c-ace3-3bba8f73f724,20260815,ecs-strict,benign-burst,0,quad9
4,4,4,4,522,1.0,1.0,3,0,0,0.0,0.0,0.0,1.0,1.0,1.0,0.75,208.33333333333334,1.86997155058573,0.25,0.0,0.0,0.004926145076751709,0.012767052650451655,1.1459946620125518,0.004826188087463379,0.0,0,b5f7d35f-5737-4c00-9dfb-ceb55567c161,20260815,ecs-strict,benign-burst,0,google
4,4,4,4,630,1.0,1.0,2,0,0,0.0,0.0,0.0,1.0,1.0,1.0,0.75,202.44444444444446,0.7460239729260346,0.25,0.0,0.0,1.2586787939071655,2.504628539085388,0.989839857450689,0.012618184089660645,0.0,0,61053bd4-b763-4ffb-906e-90875b0e007f,20260815,ecs-strict,benign-burst,0,cloudflare
4,4,4,4,532,1.0,1.0,4,0,0,0.0,0.0,0.0,1.0,1.0,1.0,0.75,671.1538461538462,1.4471815404597752,0.25,0.0,0.0,0.001990020275115967,0.002164900302886963,0.06492961665218773,0.0018088221549987793,0.0,0,25744e0c-41fc-4afe-a26d-5de9d2a7a71f,20260815,ecs-strict,benign-burst,0,google
4,4,4,4,446,1.0,1.0,0,0,0,0.0,0.0,0.0,1.0,1.0,1.0,0.75,103.125,1.1190806931567283,0.25,0.0,0.0,2.534893751144409,2.5616622090339662,0.008134479040040145,0.0,0.0,0,8e58c3d3-9226-466d-bee1-3ff22f30ca9e,20260815,ecs-strict,benign-burst,0,opendns
4,4,4,4,457,1.0,1.0,4,0,0,0.0,0.0,0.0,1.0,1.0,1.0,0.75,3030.5714285714284,2.328486576281935,0.25,0.0,0.0,0.0031949281692504883,0.004018890857696533,0.2870963586201992,0.003107011318206787,0.0,0,2df61d87-a051-4be4-afe7-2fdc17e521d5,20260815,ecs-strict,benign-burst,0,google
4,4,4,4,554,1.0,1.0,3,0,0,0.0,0.0,0.0,1.0,1.0,1.0,0.75,4288.615384615385,1.6944915958170774,0.25,0.0,0.0,0.0057228803634643555,0.013677465915679927,0.9976118980527598,0.005366981029510498,0.0,0,4e936588-fe66-4112-a490-b77be35db3ee,20260815,ecs-strict,benign-burst,0,opendns
4,4,4,4,436,1.0,1.0,4,0,0,0.0,0.0,0.0,1.0,1.0,1.0,0.75,1393.875,0.7734526334662657,0.25,0.0,0.0,0.00897306203842163,0.02592740058898925,1.3578511547234928,0.00878232717514038,0.0,0,b76bf12f-42b1-4e51-9272-3a68ad3c3dff,20260815,ecs-strict,benign-burst,0,opendns
4,4,4,4,468,1.0,1.0,4,0,0,0.0,0.0,0.0,1.0,1.0,1.0,0.75,141.8181818181818,1.5273113566906176,0.25,0.0,0.0,0.01553201675415039,0.028287732601165766,0.6385862066093683,0.01549440622329712,0.0,0,9ad6aef1-4057-44db-8ed0-b10c4698f5f3,20260815,ecs-strict,benign-burst,0,opendns
4,4,4,4,504,1.0,1.0,4,0,0,0.0,0.0,0.0,1.0,1.0,1.0,0.75,137.8181818181818,0.7984097583157985,0.25,0.0,0.0,0.012646257877349854,0.03748714923858641,1.4095716244436065,0.012317836284637451,0.0,0,7d16325f-1692-4b35-8fa8-9f07cd639fdd,20260815,ecs-strict,benign-burst,0,opendns
4,4,4,4,490,1.0,1.0,4,0,0,0.0,0.0,0.0,1.0,1.0,1.0,0.75,76.36363636363636,0.9306295871996703,0.25,0.0,0.0,0.021866798400878906,0.04759641885757445,0.8649711540982449,0.020872771739959717,0.0,0,f1f3c458-5c03-4925-99e7-3b67d64d330e,20260815,ecs-strict,benign-burst,0,quad9
4,4,4,4,424,1.0,1.0,4,0,0,0.0,0.0,0.0,1.0,1.0,1.0,0.75,3416.5,2.1967985267021937,0.25,0.0,0.0,0.043271422386169434,0.11101915836334225,1.1176406604436457,0.0429455041885376,0.0,0,9afcf3cc-1b36-422e-b0f1-47331b2002b6,20260815,ecs-strict,benign-burst,0,quad9
4,4,4,4,550,1.0,1.0,4,0,0,0.0,0.0,0.0,1.0,1.0,1.0,0.75,1716.923076923077,3.343044300630253,0.25,0.0,0.0,0.05931204557418823,0.1462101578712463,1.04868567576257,0.059218406677246094,0.0,0,0edc678c-5dc8-4431-8c4c-5308b1b5d1aa,20260815,ecs-strict,benign-burst,0,quad9
4,4,4,4,492,1.0,1.0,3,0,0,0.0,0.0,0.0,1.0,1.0,1.0,0.75,2323.222222222222,2.72180029501749,0.25,0.0,0.0,0.6309479475021362,2.1412806630134575,1.7274598128515495,0.0013928413391113281,0.0,0,3de6e683-d0c2-4272-a068-ade8b71b6af5,20260815,ecs-strict,benign-burst,0,cloudflare
4,4,4,4,517,1.0,1.0,0,0,0,0.0,0.0,0.0,1.0,1.0,1.0,0.75,1483.8181818181818,2.9665689506614363,0.25,0.0,0.0,3.1407161355018616,4.638930583000183,0.343370327025373,0.0,0.0,0,6aacfb53-d959-4435-a47c-7810bdb4914d,20260815,ecs-strict,benign-burst,0,cloudflare
4,4,4,4,438,1.0,1.0,4,0,0,0.0,0.0,0.0,1.0,1.0,1.0,0.75,135.25,0.7702227960255659,0.25,0.0,0.0,0.006856262683868408,0.014447844028472897,0.7978903196234255,0.006479918956756592,0.0,0,de667846-3931-4a71-b309-c519e93b6b7e,20260815,ecs-strict,benign-burst,0,quad9
4,4,4,4,380,1.0,1.0,4,0,0,0.0,0.0,0.0,1.0,1.0,0.75,0.5,170.25,1.279630158844632,0.25,0.0,0.0,0.009298145771026611,0.027255237102508535,1.3933799930142081,0.009120404720306396,0.0,0,05c0b960-3a22-4c85-89cc-ad561396c4f9,20260815,ecs-strict,benign-burst,0,quad9
3,3,3,3,348,1.0,1.0,1,0,0,0.0,0.0,0.0,1.0,1.0,1.0,0.6666666666666667,132.71428571428572,0.6896608559817831,0.3333333333333333,0.0,0.0,2.504140297571818,4.75666229724884,0.8159996361910672,0.001708984375,0.0,0,8a483441-c782-4561-b04a-e639f517b8d8,20260815,ecs-strict,benign-burst,0,google
4,4,4,4,493,1.0,1.0,4,0,0,0.0,0.0,0.0,1.0,1.0,1.0,0.75,181.8,0.5657593158931348,0.25,0.0,0.0,0.0020636916160583496,0.0025794506072998047,0.19914933704790114,0.0017952322959899902,0.0,0,0b80a691-9d9f-45b9-94a2-f6655bfee40a,20260815,ecs-strict,benign-burst,0,cloudflare
4,4,4,4,508,1.0,1.0,4,0,0,0.0,0.0,0.0,1.0,1.0,1.0,0.75,1771.6666666666667,0.9774338701511525,0.25,0.0,0.0,0.0048209428787231445,0.012022900581359859,1.071756390007888,0.004474997520446777,0.0,0,250543c3-b1ea-4f75-b72f-27323a49a8a4,20260815,ecs-strict,benign-burst,0,opendns
4,4,4,4,392,1.0,1.0,4,0,0,0.0,0.0,0.0,1.0,1.0,1.0,0.75,4274.8,1.856074728756109,0.25,0.0,0.0,0.0171930193901062,0.03221535682678222,0.6946587637302973,0.017011642456054688,0.0,0,d44f6913-5cc5-46d2-8151-f955425674bc,20260815,ecs-strict,benign-burst,0,opendns
4,4,4,4,416,1.0,1.0,4,0,0,0.0,0.0,0.0,1.0,1.0,1.0,0.75,54.142857142857146,1.8610394814057376,0.25,0.0,0.0,0.009844541549682617,0.028529870510101307,1.3644812195163756,0.00936967134475708,0.0,0,14d27d48-e5fd-4e64-ae83-271ffa8174d2,20260815,ecs-strict,benign-burst,0,cloudflare
4,4,4,4,382,1.0,1.0,4,0,0,0.0,0.0,0.0,1.0,1.0,1.0,0.75,222.5,0.4238145054244912,0.25,0.0,0.0,0.0021954774856567383,0.002810406684875488,0.20145426231840763,0.0019907355308532715,0.0,0,489c8574-6676-4876-871e-8475a0436220,20260815,ecs-strict,benign-burst,0,opendns
4,4,4,4,410,1.0,1.0,4,0,0,0.0,0.0,0.0,1.0,1.0,1.0,0.75,3999.8,1.8039286412491142,0.25,0.0,0.0,0.0015802979469299316,0.0019500494003295897,0.19872139381130852,0.0014464855194091797,0.0,0,1fa8b6b0-0be6-44ca-86e7-b13f23ba0770,20260815,ecs-strict,benign-burst,0,opendns
4,4,4,4,628,1.0,1.0,4,0,0,0.0,0.0,0.0,1.0,1.0,1.0,0.75,203.07142857142858,0.5700694905134858,0.25,0.0,0.0,0.007826030254364014,0.013883137702941894,0.7509143340672604,0.007711648941040039,0.0,0,1d5c69cb-7374-4acc-80a5-363180853f15,20260815,ecs-strict,benign-burst,0,google
4,4,4,4,424,1.0,1.0,4,0,0,0.0,0.0,0.0,1.0,1.0,1.0,0.75,362.3333333333333,1.1491051144617561,0.25,0.0,0.0,0.005108356475830078,0.012185359001159664,0.9855167058051952,0.005000770092010498,0.0,0,101620ee-2e99-409d-83f2-de320422c921,20260815,ecs-strict,benign-burst,0,quad9
4,4,4,4,642,1.0,1.0,4,0,0,0.0,0.0,0.0,1.0,1.0,1.0,0.75,126.57894736842105,0.5492435478071345,0.25,0.0,0.0,0.011391520500183105,0.03423222303390502,1.4447615379004388,0.011223673820495605,0.0,0,a6adf689-6539-43d2-8d1c-a95acc812d3f,20260815,ecs-strict,benign-burst,0,google
4,4,4,4,572,1.0,1.0,4,0,0,0.0,0.0,0.0,1.0,1.0,1.0,0.75,245.6875,0.3656448720867709,0.25,0.0,0.0,0.005186915397644043,0.011968088150024411,0.9413770623527687,0.004892468452453613,0.0,0,37d97c93-7b92-44ea-b031-1b5736ed30a3,20260815,ecs-strict,benign-burst,0,opendns
4,4,4,4,530,1.0,1.0,4,0,0,0.0,0.0,0.0,1.0,1.0,1.0,0.75,60.07692307692308,0.7680324073991714,0.25,0.0,0.0,0.009224116802215576,0.01750894784927368,0.7995144576610596,0.009031057357788086,0.0,0,fe49c38e-b38e-4dd9-a5ee-3b240b91fdcc,20260815,ecs-strict,benign-burst,0,opendns
4,4,4,4,422,1.0,1.0,4,0,0,0.0,0.0,0.0,1.0,1.0,1.0,0.75,1183.4285714285713,1.2929343931936452,0.25,0.0,0.0,0.004684567451477051,0.011701679229736323,1.0751853537670102,0.00460207462310791,0.0,0,5e422075-76c7-487b-b4f6-e1b278bf90f4,20260815,ecs-strict,benign-burst,0,google
4,4,4,4,481,1.0,1.0,3,0,0,0.0,0.0,0.0,1.0,1.0,1.0,0.75,206.88888888888889,1.1546249334536571,0.25,0.0,0.0,0.6305798888206482,2.130921721458434,1.715843401798459,0.005842129389444987,0.0,0,5370b903-cc90-4f16-9869-a89ec4117e9f,20260815,ecs-strict,benign-burst,0,google
4,4,4,4,528,1.0,1.0,0,0,0,0.0,0.0,0.0,1.0,1.0,1.0,0.75,238.41666666666666,0.3511216732857212,0.25,0.0,0.0,2.50480717420578,2.5052814722061156,0.00013811077299622166,0.0,0.0,0,27aa8a0c-e5df-4648-b8a1-2cd163f858ad,20260815,ecs-strict,benign-burst,0,quad9
4,4,4,4,434,1.0,1.0,0,0,0,0.0,0.0,0.0,1.0,1.0,1.0,0.75,45.142857142857146,0.4707218646572172,0.25,0.0,0.0,2.512341260910034,2.5165026426315307,0.0020920482578454546,0.0,0.0,0,0cd2a48a-ff49-475f-b62d-df8353d97693,20260815,ecs-strict,benign-burst,0,cloudflare
4,4,4,4,412,1.0,1.0,2,0,0,0.0,0.0,0.0,1.0,1.0,1.0,0.75,669.3333333333334,1.4819305539650398,0.25,0.0,0.0,1.8811694383621216,4.629756093025207,1.1010469845375763,0.008072257041931152,0.0,0,0efd4e36-8433-4900-b1f9-65bd0aae9bd6,20260815,ecs-strict,benign-burst,0,quad9
4,4,4,4,488,1.0,1.0,0,0,0,0.0,0.0,0.0,1.0,1.0,1.0,0.75,1347.6363636363637,2.6397644591758347,0.25,0.0,0.0,2.5049169659614563,2.505698764324188,0.00026461309219984755,0.0,0.0,0,e3f1cfcc-4a18-46bb-9c04-877632c59c23,20260815,ecs-strict,benign-burst,0,opendns
4,4,4,4,482,1.0,1.0,1,0,0,0.0,0.0,0.0,1.0,1.0,1.0,0.75,2577.3333333333335,2.5622487685341984,0.25,0.0,0.0,1.8785625100135803,2.504251790046692,0.5766856823581499,0.0020105838775634766,0.0,0,681fe522-ea03-4f59-af60-db36f4cffa92,20260815,ecs-strict,benign-burst,0,google
4,4,4,4,523,1.0,1.0,3,0,0,0.0,0.0,0.0,1.0,1.0,1.0,0.75,2754.818181818182,1.5378452770944895,0.25,0.0,0.0,0.0052422285079956055,0.01206250190734863,0.9261276263297601,0.004878044128417969,0.0,0,2f382e8f-66aa-4d7e-9e50-cf49b63e8fbe,20260815,ecs-strict,benign-burst,0,opendns
4,4,4,4,584,1.0,1.0,4,0,0,0.0,0.0,0.0,1.0,1.0,1.0,0.75,164.8,0.8810579314200849,0.25,0.0,0.0,0.009174704551696777,0.016557765007019044,0.7145824177718942,0.008608460426330566,0.0,0,c82f3d8c-2973-4bca-9a22-81cc085f2391,20260815,ecs-strict,benign-burst,0,quad9
4,4,4,4,482,1.0,1.0,4,0,0,0.0,0.0,0.0,1.0,1.0,1.0,0.75,77.11111111111111,0.9658349995652659,0.25,0.0,0.0,0.013819217681884766,0.029686963558197017,0.8754887326847515,0.013311207294464111,0.0,0,a1e7545b-468d-415d-aeab-3be58c189285,20260815,ecs-strict,benign-burst,0,google
4,4,4,4,457,1.0,1.0,3,0,0,0.0,0.0,0.0,1.0,1.0,1.0,0.75,2445.3333333333335,2.1741708084489924,0.25,0.0,0.0,0.010827898979187012,0.02345964908599853,0.875131638818264,0.010307073593139648,0.0,0,cc924058-fa1c-4419-9ef3-f085dc00ab76,20260815,ecs-strict,benign-burst,0,google
4,4,4,4,548,1.0,1.0,4,0,0,0.0,0.0,0.0,1.0,1.0,1.0,0.75,117.14285714285714,0.6568406346095235,0.25,0.0,0.0,0.013993501663208008,0.032231771945953364,0.9557975875159522,0.013872683048248291,0.0,0,4311e3f8-ef9e-446f-8588-2c84cdbc5c3c,20260815,ecs-strict,benign-burst,0,opendns
4,4,4,4,528,1.0,1.0,4,0,0,0.0,0.0,0.0,1.0,1.0,1.0,0.75,196.07692307692307,0.670848561177615,0.25,0.0,0.0,0.005955696105957031,0.013732278347015377,0.9286924055650034,0.005419433116912842,0.0,0,c2707e54-e191-4fe8-81a8-d1ea81b45666,20260815,ecs-strict,benign-burst,0,opendns
4,4,4,4,416,1.0,1.0,4,0,0,0.0,0.0,0.0,1.0,1.0,1.0,0.75,273.1666666666667,1.6367477081223694,0.25,0.0,0.0,0.007942736148834229,0.01406111717224121,0.7145864762175058,0.007648766040802002,0.0,0,fad210b5-aa96-4222-becd-e4fc3188aa2c,20260815,ecs-strict,benign-burst,0,quad9
1,1,1,1,113,1.0,1.0,1,1,1,1.0,1.0,0.0,-0.0,-0.0,1.0,0.0,2708.0,0.0,1.0,0.0,0.0,0.0034079551696777344,0.0034079551696777344,0.0,0.003257274627685547,0.0,0,a6474176-804b-4939-aacf-6cc3ae121ae0,20260815,ecs-strict,adverse-ecs-omit,1,local-adverse-authority
4,4,4,4,467,1.0,1.0,4,0,0,0.0,0.0,0.0,1.0,1.0,1.0,0.75,112.71428571428571,1.0622143316153936,0.25,0.0,0.0,0.04092484712600708,0.10479594469070432,1.115717453225766,0.040704309940338135,0.0,0,d6625033-b3de-47a5-8495-f2976364e5f4,20260815,ecs-strict,benign-burst,0,cloudflare
1,1,1,1,123,1.0,1.0,1,1,1,1.0,1.0,0.0,-0.0,-0.0,1.0,0.0,300.0,0.0,1.0,0.0,0.0,0.004064083099365234,0.004064083099365234,0.0,0.0038709640502929688,0.0,0,235ea552-b324-4fd1-9592-1b0b045c3e02,20260815,ecs-strict,adverse-ecs-omit,1,local-adverse-authority
1,1,1,1,114,1.0,1.0,1,1,1,1.0,0.0,0.0,-0.0,-0.0,1.0,0.0,17.0,0.0,1.0,0.0,0.0,0.005130767822265625,0.005130767822265625,0.0,0.004982709884643555,0.0,0,5e8aacf2-ef67-4330-9135-181783d0bb97,20260815,ecs-strict,adverse-ecs-omit,1,local-adverse-authority
4,4,4,4,423,1.0,1.0,4,0,0,0.0,0.0,0.0,1.0,1.0,1.0,0.75,2436.5,2.0386563308539474,0.25,0.0,0.0,0.03642982244491577,0.10639806985855099,1.3652778549201474,0.03630173206329346,0.0,0,f31d1399-1d99-4de6-9afc-dc0481b04088,20260815,ecs-strict,benign-burst,0,opendns
4,4,4,4,620,1.0,1.0,0,0,0,0.0,0.0,0.0,1.0,1.0,1.0,0.75,426.5,1.3669600681446674,0.25,0.0,0.0,2.5322460532188416,2.599093461036682,0.019007760849911057,0.0,0.0,0,9c4aa677-18c7-4843-9237-5719b27e06a9,20260815,ecs-strict,benign-burst,0,opendns
1,1,1,1,153,1.0,1.0,1,1,1,1.0,1.0,0.0,-0.0,-0.0,1.0,0.0,2075.0,0.0,1.0,0.0,0.0,0.015832185745239258,0.015832185745239258,0.0,0.01567554473876953,0.0,0,f744ca9f-67db-4a7f-b73b-d8672fa6ea47,20260815,ecs-strict,adverse-ecs-omit,1,local-adverse-authority
1,1,1,1,145,1.0,1.0,1,1,1,1.0,1.0,0.0,-0.0,-0.0,1.0,0.0,253.0,0.0,1.0,0.0,0.0,0.003633260726928711,0.003633260726928711,0.0,0.003480672836303711,0.0,0,0003eb6d-2aad-460d-bd52-5cc78a366756,20260815,ecs-strict,adverse-ecs-omit,1,local-adverse-authority
4,4,4,4,584,1.0,1.0,2,0,0,0.0,0.0,0.0,1.0,1.0,1.0,0.75,536.8235294117648,0.8284592840894438,0.25,0.0,0.0,2.5086129307746887,5.008285677433014,0.9964299270402387,0.00856161117553711,0.0,0,08497e2e-7408-4308-9db8-2b798d530875,20260815,ecs-strict,benign-burst,0,cloudflare
1,1,1,1,97,1.0,1.0,1,1,1,1.0,1.0,0.0,-0.0,-0.0,1.0,0.0,7245.0,0.0,1.0,0.0,0.0,0.0024056434631347656,0.0024056434631347656,0.0,0.002233743667602539,0.0,0,d787cd29-aa30-4566-b3d7-61c297c4fe13,20260815,ecs-strict,adverse-ecs-omit,1,local-adverse-authority
1,1,1,1,99,1.0,1.0,1,1,1,1.0,1.0,0.0,-0.0,-0.0,1.0,0.0,20.0,0.0,1.0,0.0,0.0,0.026818513870239258,0.026818513870239258,0.0,0.02659440040588379,0.0,0,0241f6ad-9891-4b31-83fa-a1a59fa989d4,20260815,ecs-strict,adverse-ecs-omit,1,local-adverse-authority
1,1,1,1,208,1.0,1.0,1,1,1,1.0,0.0,0.0,-0.0,-0.0,1.0,0.0,243.0,0.0,1.0,0.0,0.0,0.003327608108520508,0.003327608108520508,0.0,0.0031528472900390625,0.0,0,b18f03b7-240e-4832-8593-8d793125258e,20260815,ecs-strict,adverse-ecs-omit,1,local-adverse-authority
4,4,4,4,459,1.0,1.0,1,0,0,0.0,0.0,0.0,1.0,1.0,1.0,0.75,2728.875,2.5103770030176853,0.25,0.0,0.0,1.8924521803855896,2.538703238964081,0.571556047308726,0.01907205581665039,0.0,0,7a2bdd5b-91cb-48d9-b0e2-a9540650a827,20260815,ecs-strict,benign-burst,0,opendns
1,1,1,1,99,1.0,1.0,1,1,1,1.0,1.0,0.0,-0.0,-0.0,1.0,0.0,6.0,0.0,1.0,0.0,0.0,0.0040514469146728516,0.0040514469146728516,0.0,0.0037453174591064453,0.0,0,cd06abbb-da20-44b8-a6c9-bcf2b6729260,20260815,ecs-strict,adverse-ecs-omit,1,local-adverse-authority
1,1,1,1,214,1.0,1.0,1,1,1,1.0,0.0,0.0,-0.0,-0.0,1.0,0.0,300.0,0.0,1.0,0.0,0.0,0.004272937774658203,0.004272937774658203,0.0,0.004037141799926758,0.0,0,04f28c65-614f-4b53-a950-64253c23bd96,20260815,ecs-strict,adverse-ecs-omit,1,local-adverse-authority
1,1,1,1,134,1.0,1.0,1,1,1,1.0,0.0,0.0,-0.0,-0.0,1.0,0.0,12.0,0.0,1.0,0.0,0.0,0.0015249252319335938,0.0015249252319335938,0.0,0.0013744831085205078,0.0,0,50d87440-3a0e-441c-8da7-7fe9c589fd02,20260815,ecs-strict,adverse-ecs-omit,1,local-adverse-authority
1,1,1,1,195,1.0,1.0,1,1,1,1.0,1.0,0.0,-0.0,-0.0,1.0,0.0,300.0,0.0,1.0,0.0,0.0,0.0034427642822265625,0.0034427642822265625,0.0,0.0032930374145507812,0.0,0,31a09e4d-1beb-48a4-a797-968e45eda69f,20260815,ecs-strict,adverse-ecs-omit,1,local-adverse-authority
1,1,1,1,167,1.0,1.0,1,1,1,1.0,1.0,0.0,-0.0,-0.0,1.0,0.0,14.0,0.0,1.0,0.0,0.0,0.004410982131958008,0.004410982131958008,0.0,0.004232883453369141,0.0,0,d0bcfb5b-bb0b-4a5b-bfa2-77a4fa2c1139,20260815,ecs-strict,adverse-ecs-omit,1,local-adverse-authority
1,1,1,1,160,1.0,1.0,1,1,1,1.0,0.0,0.0,-0.0,-0.0,1.0,0.0,300.0,0.0,1.0,0.0,0.0,0.034673452377319336,0.034673452377319336,0.0,0.034459590911865234,0.0,0,7ad2f2e5-47f4-4d1f-8214-7ccd08099ab8,20260815,ecs-strict,adverse-ecs-omit,1,local-adverse-authority
4,4,4,4,587,1.0,1.0,2,0,0,0.0,0.0,0.0,1.0,1.0,1.0,0.75,145.0,0.9449785935203255,0.25,0.0,0.0,1.2629137635231018,2.517400324344635,0.9931986090711049,0.008492708206176758,0.0,0,8106053b-d863-40d3-97cf-c41383b0aa7d,20260815,ecs-strict,benign-burst,0,quad9
1,1,1,1,147,1.0,1.0,1,1,1,1.0,1.0,0.0,-0.0,-0.0,1.0,0.0,60.0,0.0,1.0,0.0,0.0,0.0022220611572265625,0.0022220611572265625,0.0,0.001999378204345703,0.0,0,dbaf4904-aa2b-42a8-bb0a-2aa97468a179,20260815,ecs-strict,adverse-ecs-omit,1,local-adverse-authority
1,1,1,1,105,1.0,1.0,1,1,1,1.0,1.0,0.0,-0.0,-0.0,1.0,0.0,226.0,0.0,1.0,0.0,0.0,0.0018832683563232422,0.0018832683563232422,0.0,0.0016963481903076172,0.0,0,69c0a240-6749-4ea6-84ee-03110024d684,20260815,ecs-strict,adverse-ecs-omit,1,local-adverse-authority
1,1,1,1,117,1.0,1.0,1,1,1,1.0,1.0,0.0,-0.0,-0.0,1.0,0.0,23.0,0.0,1.0,0.0,0.0,0.003233194351196289,0.003233194351196289,0.0,0.0030617713928222656,0.0,0,d3fcf19b-9faf-426b-bca5-2c56570906ce,20260815,ecs-strict,adverse-ecs-omit,1,local-adverse-authority
1,1,1,1,105,1.0,1.0,1,1,1,1.0,1.0,0.0,-0.0,-0.0,1.0,0.0,8956.0,0.0,1.0,0.0,0.0,0.015179872512817383,0.015179872512817383,0.0,0.014977216720581055,0.0,0,7fe7e194-3cff-45d7-b962-9d47fa811713,20260815,ecs-strict,adverse-ecs-omit,1,local-adverse-authority
1,1,1,1,217,1.0,1.0,1,1,1,1.0,1.0,0.0,-0.0,-0.0,1.0,0.0,20.0,0.0,1.0,0.0,0.0,0.012887239456176758,0.012887239456176758,0.0,0.012761592864990234,0.0,0,d116814b-5387-4c36-afe4-a044f36af1c7,20260815,ecs-strict,adverse-ecs-omit,1,local-adverse-authority
1,1,1,1,117,1.0,1.0,1,1,1,1.0,1.0,0.0,-0.0,-0.0,1.0,0.0,19063.0,0.0,1.0,0.0,0.0,0.033219099044799805,0.033219099044799805,0.0,0.033041954040527344,0.0,0,a4b81421-de79-4a18-9cbc-c73dbc8869df,20260815,ecs-strict,adverse-ecs-omit,1,local-adverse-authority
1,1,1,1,193,1.0,1.0,1,1,1,1.0,1.0,0.0,-0.0,-0.0,1.0,0.0,300.0,0.0,1.0,0.0,0.0,0.0026814937591552734,0.0026814937591552734,0.0,0.0024738311767578125,0.0,0,f3b690ea-a17e-45a4-b86f-d7032b7cb558,20260815,ecs-strict,adverse-ecs-omit,1,local-adverse-authority
1,1,1,1,109,1.0,1.0,1,1,1,1.0,1.0,0.0,-0.0,-0.0,1.0,0.0,60.0,0.0,1.0,0.0,0.0,0.005633831024169922,0.005633831024169922,0.0,0.005385160446166992,0.0,0,b7cce5de-f4fd-469c-b31c-3f3ec6197b00,20260815,ecs-strict,adverse-ecs-omit,1,local-adverse-authority
1,1,1,1,150,1.0,1.0,1,1,1,1.0,0.0,0.0,-0.0,-0.0,1.0,0.0,60.0,0.0,1.0,0.0,0.0,0.012650489807128906,0.012650489807128906,0.0,0.012460947036743164,0.0,0,907c0eb7-1b11-45b2-b069-b8f52b93eb9f,20260815,ecs-strict,adverse-ecs-omit,1,local-adverse-authority
1,1,1,1,155,1.0,1.0,1,1,1,1.0,1.0,0.0,-0.0,-0.0,1.0,0.0,24.0,0.0,1.0,0.0,0.0,0.0023622512817382812,0.0023622512817382812,0.0,0.0021245479583740234,0.0,0,8323bb5a-9bcf-459f-ae03-e3be5c1e843c,20260815,ecs-strict,adverse-ecs-omit,1,local-adverse-authority
1,1,1,1,115,1.0,1.0,1,1,1,1.0,1.0,0.0,-0.0,-0.0,1.0,0.0,300.0,0.0,1.0,0.0,0.0,0.01833486557006836,0.01833486557006836,0.0,0.01814866065979004,0.0,0,350c339d-f24c-45a8-bb99-ee841595b8a0,20260815,ecs-strict,adverse-ecs-omit,1,local-adverse-authority
1,1,1,1,127,1.0,1.0,1,1,1,1.0,1.0,0.0,-0.0,-0.0,1.0,0.0,22.0,0.0,1.0,0.0,0.0,0.0037670135498046875,0.0037670135498046875,0.0,0.0035839080810546875,0.0,0,b23ae60e-ad69-4af0-a69f-b8936de55292,20260815,ecs-strict,adverse-ecs-omit,1,local-adverse-authority
1,1,1,1,115,1.0,1.0,1,1,1,1.0,1.0,0.0,-0.0,-0.0,1.0,0.0,300.0,0.0,1.0,0.0,0.0,0.002134561538696289,0.002134561538696289,0.0,0.0019223690032958984,0.0,0,8af28220-e867-4be4-b70f-513b719bd034,20260815,ecs-strict,adverse-ecs-omit,1,local-adverse-authority
1,1,1,1,111,1.0,1.0,1,1,1,1.0,1.0,0.0,-0.0,-0.0,1.0,0.0,1157.0,0.0,1.0,0.0,0.0,0.035810232162475586,0.035810232162475586,0.0,0.0356440544128418,0.0,0,bd8d5681-c989-4a10-b83e-1e44a66aba95,20260815,ecs-strict,adverse-ecs-omit,1,local-adverse-authority
1,1,1,1,124,1.0,1.0,1,1,1,1.0,0.0,0.0,-0.0,-0.0,1.0,0.0,2705.0,0.0,1.0,0.0,0.0,0.01408839225769043,0.01408839225769043,0.0,0.01385354995727539,0.0,0,32516c04-1fc9-4a4a-b22d-40865042181e,20260815,ecs-strict,adverse-ecs-omit,1,local-adverse-authority
1,1,1,1,193,1.0,1.0,1,1,1,1.0,1.0,0.0,-0.0,-0.0,1.0,0.0,300.0,0.0,1.0,0.0,0.0,0.0032248497009277344,0.0032248497009277344,0.0,0.0029990673065185547,0.0,0,c9bacde0-1d9a-4bb8-92d9-7c4196328b44,20260815,ecs-strict,adverse-ecs-omit,1,local-adverse-authority
1,1,1,1,136,1.0,1.0,1,1,1,1.0,0.0,0.0,-0.0,-0.0,1.0,0.0,60.0,0.0,1.0,0.0,0.0,0.004332304000854492,0.004332304000854492,0.0,0.004099607467651367,0.0,0,4b88c003-c51a-41d7-bc1c-58cca807a343,20260815,ecs-strict,adverse-ecs-omit,1,local-adverse-authority
1,1,1,1,235,1.0,1.0,1,1,1,1.0,1.0,0.0,-0.0,-0.0,1.0,0.0,30.0,0.0,1.0,0.0,0.0,0.018100500106811523,0.018100500106811523,0.0,0.017899513244628906,0.0,0,4caf7129-ac91-4929-9664-6879eb3e19c0,20260815,ecs-strict,adverse-ecs-omit,1,local-adverse-authority
1,1,1,1,142,1.0,1.0,1,1,1,1.0,0.0,0.0,-0.0,-0.0,1.0,0.0,54.0,0.0,1.0,0.0,0.0,0.02586507797241211,0.02586507797241211,0.0,0.025667667388916016,0.0,0,6a2b7a03-4731-444d-b029-da7543b11fa5,20260815,ecs-strict,adverse-ecs-omit,1,local-adverse-authority
1,1,1,1,116,1.0,1.0,1,1,1,1.0,0.0,0.0,-0.0,-0.0,1.0,0.0,4550.0,0.0,1.0,0.0,0.0,0.002384185791015625,0.002384185791015625,0.0,0.0022308826446533203,0.0,0,02116657-6915-49e3-b553-f5f67b27548a,20260815,ecs-strict,adverse-ecs-omit,1,local-adverse-authority
1,1,1,1,136,1.0,1.0,1,1,1,1.0,0.0,0.0,-0.0,-0.0,1.0,0.0,36.0,0.0,1.0,0.0,0.0,0.0021169185638427734,0.0021169185638427734,0.0,0.0019507408142089844,0.0,0,7c26e49b-57f4-443e-85e0-4f3246e04dd9,20260815,ecs-strict,adverse-ecs-omit,1,local-adverse-authority
1,1,1,1,115,1.0,1.0,1,1,1,1.0,1.0,0.0,-0.0,-0.0,1.0,0.0,12725.0,0.0,1.0,0.0,0.0,0.0032885074615478516,0.0032885074615478516,0.0,0.0031747817993164062,0.0,0,b1bd2297-485b-440f-af2a-03d365c18cba,20260815,ecs-strict,adverse-ecs-omit,1,local-adverse-authority
1,1,1,1,111,1.0,1.0,1,1,1,1.0,1.0,0.0,-0.0,-0.0,1.0,0.0,56.0,0.0,1.0,0.0,0.0,0.013325929641723633,0.013325929641723633,0.0,0.013178110122680664,0.0,0,9d224e9a-825d-4537-a248-e22f07afbea7,20260815,ecs-strict,adverse-ecs-omit,1,local-adverse-authority
1,1,1,1,127,1.0,1.0,1,1,1,1.0,1.0,0.0,-0.0,-0.0,1.0,0.0,12.0,0.0,1.0,0.0,0.0,0.0021696090698242188,0.0021696090698242188,0.0,0.0020246505737304688,0.0,0,6c618484-cecf-4aba-8693-6e564f9e6afd,20260815,ecs-strict,adverse-ecs-omit,1,local-adverse-authority
1,1,1,1,121,1.0,1.0,1,1,1,1.0,1.0,0.0,-0.0,-0.0,1.0,0.0,293.0,0.0,1.0,0.0,0.0,0.015429973602294922,0.015429973602294922,0.0,0.015268087387084961,0.0,0,7965367e-a9da-4fe6-b063-d2ae2f31e66f,20260815,ecs-strict,adverse-ecs-omit,1,local-adverse-authority
1,1,1,1,173,1.0,1.0,1,1,1,1.0,1.0,0.0,-0.0,-0.0,1.0,0.0,300.0,0.0,1.0,0.0,0.0,0.002553224563598633,0.002553224563598633,0.0,0.002231597900390625,0.0,0,8dcd75f6-2703-4505-a4d9-e43971fd2c7c,20260815,ecs-strict,adverse-ecs-omit,1,local-adverse-authority
1,1,1,1,145,1.0,1.0,1,1,1,1.0,1.0,0.0,-0.0,-0.0,1.0,0.0,60.0,0.0,1.0,0.0,0.0,0.015606880187988281,0.015606880187988281,0.0,0.015388727188110352,0.0,0,5ebece09-2b15-4032-94c4-0b9645c8fb5b,20260815,ecs-strict,adverse-ecs-omit,1,local-adverse-authority
1,1,1,1,116,1.0,1.0,1,1,1,1.0,0.0,0.0,-0.0,-0.0,1.0,0.0,249.0,0.0,1.0,0.0,0.0,0.005083799362182617,0.005083799362182617,0.0,0.004928112030029297,0.0,0,d390057b-c097-4e7c-b867-dd11438ac3b0,20260815,ecs-strict,adverse-ecs-omit,1,local-adverse-authority
1,1,1,1,139,1.0,1.0,1,1,1,1.0,1.0,0.0,-0.0,-0.0,1.0,0.0,60.0,0.0,1.0,0.0,0.0,0.0381927490234375,0.0381927490234375,0.0,0.03793454170227051,0.0,0,10744dbf-d6b3-4da3-9ae2-a966512c7c83,20260815,ecs-strict,adverse-ecs-omit,1,local-adverse-authority
1,1,1,1,129,1.0,1.0,1,1,1,1.0,1.0,0.0,-0.0,-0.0,1.0,0.0,1.0,0.0,1.0,0.0,0.0,0.0452878475189209,0.0452878475189209,0.0,0.045052528381347656,0.0,0,13d38331-e0d8-42d5-8cb8-de7df137d259,20260815,ecs-strict,adverse-ecs-omit,1,local-adverse-authority
1,1,1,1,165,1.0,1.0,1,1,1,1.0,1.0,0.0,-0.0,-0.0,1.0,0.0,60.0,0.0,1.0,0.0,0.0,0.03618335723876953,0.03618335723876953,0.0,0.03592514991760254,0.0,0,cc7a1215-8213-4943-97af-0b54345ca342,20260815,ecs-strict,adverse-ecs-omit,1,local-adverse-authority
1,1,1,1,164,1.0,1.0,1,1,1,1.0,0.0,0.0,-0.0,-0.0,1.0,0.0,850.0,0.0,1.0,0.0,0.0,0.0028221607208251953,0.0028221607208251953,0.0,0.0026624202728271484,0.0,0,89b9396f-7d59-47f3-93f6-a4737637daf0,20260815,ecs-strict,adverse-ecs-omit,1,local-adverse-authority
1,1,1,1,109,1.0,1.0,1,1,1,1.0,1.0,0.0,-0.0,-0.0,1.0,0.0,300.0,0.0,1.0,0.0,0.0,0.0037529468536376953,0.0037529468536376953,0.0,0.003384113311767578,0.0,0,86bf9ea5-f3e7-4827-80bc-fa642e0090c2,20260815,ecs-strict,adverse-ecs-omit,1,local-adverse-authority
1,1,1,1,114,1.0,1.0,1,1,1,1.0,0.0,0.0,-0.0,-0.0,1.0,0.0,300.0,0.0,1.0,0.0,0.0,0.013021230697631836,0.013021230697631836,0.0,0.012683629989624023,0.0,0,ce92add3-1cba-4dba-92dd-71b47347c72d,20260815,ecs-strict,adverse-ecs-omit,1,local-adverse-authority
1,1,1,1,119,1.0,1.0,1,1,1,1.0,1.0,0.0,-0.0,-0.0,1.0,0.0,17700.0,0.0,1.0,0.0,0.0,0.01153874397277832,0.01153874397277832,0.0,0.011397600173950195,0.0,0,bd502a69-9504-4b59-9bb7-0ea4e48edb5c,20260815,ecs-strict,adverse-ecs-omit,1,local-adverse-authority
1,1,1,1,117,1.0,1.0,1,1,1,1.0,1.0,0.0,-0.0,-0.0,1.0,0.0,30.0,0.0,1.0,0.0,0.0,0.0019378662109375,0.0019378662109375,0.0,0.0017664432525634766,0.0,0,471c94fc-6226-49c0-ac13-6d2e5c331f7a,20260815,ecs-strict,adverse-ecs-omit,1,local-adverse-authority
1,1,1,1,115,1.0,1.0,1,1,1,1.0,1.0,0.0,-0.0,-0.0,1.0,0.0,2889.0,0.0,1.0,0.0,0.0,0.012003898620605469,0.012003898620605469,0.0,0.01180267333984375,0.0,0,1eeecba3-00be-44cd-af26-9279e9f8d9a3,20260815,ecs-strict,adverse-ecs-omit,1,local-adverse-authority
1,1,1,1,114,1.0,1.0,1,1,1,1.0,0.0,0.0,-0.0,-0.0,1.0,0.0,246.0,0.0,1.0,0.0,0.0,0.04293012619018555,0.04293012619018555,0.0,0.04278445243835449,0.0,0,abaa4224-d059-4cce-bb7f-b29707d1dc10,20260815,ecs-strict,adverse-ecs-omit,1,local-adverse-authority
1,1,1,1,151,1.0,1.0,1,1,1,1.0,1.0,0.0,-0.0,-0.0,1.0,0.0,190.0,0.0,1.0,0.0,0.0,0.0017952919006347656,0.0017952919006347656,0.0,0.001611471176147461,0.0,0,28f91b63-af21-4bb7-b743-0d1773bf2ed7,20260815,ecs-strict,adverse-ecs-omit,1,local-adverse-authority
1,1,1,1,103,1.0,1.0,1,1,1,1.0,1.0,0.0,-0.0,-0.0,1.0,0.0,300.0,0.0,1.0,0.0,0.0,0.0035936832427978516,0.0035936832427978516,0.0,0.003439188003540039,0.0,0,7bacfb39-8d25-4250-b3ad-a96b2c36b417,20260815,ecs-strict,adverse-ecs-omit,1,local-adverse-authority
1,1,1,1,125,1.0,1.0,1,1,1,1.0,1.0,0.0,-0.0,-0.0,1.0,0.0,298.0,0.0,1.0,0.0,0.0,0.018126487731933594,0.018126487731933594,0.0,0.017983675003051758,0.0,0,dc19a455-b652-4696-9ffe-b7595142a790,20260815,ecs-strict,adverse-ecs-omit,1,local-adverse-authority
1,1,1,1,153,1.0,1.0,1,1,1,1.0,1.0,0.0,-0.0,-0.0,1.0,0.0,60.0,0.0,1.0,0.0,0.0,0.012977123260498047,0.012977123260498047,0.0,0.012830734252929688,0.0,0,70647447-058c-4d58-8566-41e9fd1d2a95,20260815,ecs-strict,adverse-ecs-omit,1,local-adverse-authority
1,1,1,1,111,1.0,1.0,1,1,1,1.0,1.0,0.0,-0.0,-0.0,1.0,0.0,300.0,0.0,1.0,0.0,0.0,0.004910707473754883,0.004910707473754883,0.0,0.004822969436645508,0.0,0,cc731359-c526-45b6-bc91-6f19ec9eeb92,20260815,ecs-strict,adverse-ecs-omit,1,local-adverse-authority
1,1,1,1,116,1.0,1.0,1,1,1,1.0,0.0,0.0,-0.0,-0.0,1.0,0.0,22.0,0.0,1.0,0.0,0.0,0.0030117034912109375,0.0030117034912109375,0.0,0.002184629440307617,0.0,0,a895e6c4-e3a7-43e2-aa4b-3b49d8514799,20260815,ecs-strict,adverse-ecs-omit,1,local-adverse-authority
1,1,1,1,129,1.0,1.0,1,1,1,1.0,1.0,0.0,-0.0,-0.0,1.0,0.0,11.0,0.0,1.0,0.0,0.0,0.004366874694824219,0.004366874694824219,0.0,0.003951311111450195,0.0,0,8e512a41-2cf7-4a5f-8487-06fc68794775,20260815,ecs-strict,adverse-ecs-omit,1,local-adverse-authority
1,1,1,1,161,1.0,1.0,1,1,1,1.0,1.0,0.0,-0.0,-0.0,1.0,0.0,60.0,0.0,1.0,0.0,0.0,0.0037844181060791016,0.0037844181060791016,0.0,0.0036830902099609375,0.0,0,c06c4306-a20a-41a3-8c60-41a58684aed8,20260815,ecs-strict,adverse-ecs-omit,1,local-adverse-authority
1,1,1,1,193,1.0,1.0,1,1,1,1.0,1.0,0.0,-0.0,-0.0,1.0,0.0,300.0,0.0,1.0,0.0,0.0,0.005280494689941406,0.005280494689941406,0.0,0.004083395004272461,0.0,0,74f263ce-97df-441e-95c8-9bf1d3d06839,20260815,ecs-strict,adverse-ecs-omit,1,local-adverse-authority
1,1,1,1,127,1.0,1.0,1,1,1,1.0,1.0,0.0,-0.0,-0.0,1.0,0.0,300.0,0.0,1.0,0.0,0.0,0.0029027462005615234,0.0029027462005615234,0.0,0.0027658939361572266,0.0,0,81c0f0e3-0a46-4862-ab27-4196eaadb281,20260815,ecs-strict,adverse-ecs-omit,1,local-adverse-authority
1,1,1,1,177,1.0,1.0,1,1,1,1.0,1.0,0.0,-0.0,-0.0,1.0,0.0,11.0,0.0,1.0,0.0,0.0,0.0034685134887695312,0.0034685134887695312,0.0,0.003263235092163086,0.0,0,04633d3f-015c-40b4-a72a-860c9a44f754,20260815,ecs-strict,adverse-ecs-omit,1,local-adverse-authority
1,1,1,1,127,1.0,1.0,1,1,1,1.0,1.0,0.0,-0.0,-0.0,1.0,0.0,20173.0,0.0,1.0,0.0,0.0,0.0171964168548584,0.0171964168548584,0.0,0.016776084899902344,0.0,0,ae1b14a7-a0c7-4f1e-bf57-40c04fedf390,20260815,ecs-strict,adverse-ecs-omit,1,local-adverse-authority
1,1,1,1,128,1.0,1.0,1,1,1,1.0,0.0,0.0,-0.0,-0.0,1.0,0.0,15705.0,0.0,1.0,0.0,0.0,0.002971649169921875,0.002971649169921875,0.0,0.0028603076934814453,0.0,0,283274ad-4c86-440e-ad6c-19c83b79b825,20260815,ecs-strict,adverse-ecs-omit,1,local-adverse-authority
1,1,1,1,95,1.0,1.0,1,1,1,1.0,1.0,0.0,-0.0,-0.0,1.0,0.0,10.0,0.0,1.0,0.0,0.0,0.0025377273559570312,0.0025377273559570312,0.0,0.0024340152740478516,0.0,0,5ad9eed5-3fb9-4ebb-b944-be5da3c3ca0c,20260815,ecs-strict,adverse-ecs-omit,1,local-adverse-authority
1,1,1,1,113,1.0,1.0,1,1,1,1.0,1.0,0.0,-0.0,-0.0,1.0,0.0,300.0,0.0,1.0,0.0,0.0,0.015565872192382812,0.015565872192382812,0.0,0.01543736457824707,0.0,0,146e5e47-e8c5-404d-a2f5-12316cc8f75c,20260815,ecs-strict,adverse-ecs-omit,1,local-adverse-authority
1,1,1,1,103,1.0,1.0,1,1,1,1.0,1.0,0.0,-0.0,-0.0,1.0,0.0,297.0,0.0,1.0,0.0,0.0,0.037084341049194336,0.037084341049194336,0.0,0.036466360092163086,0.0,0,52c8ee0f-01f1-4064-ab9a-425ea2862b45,20260815,ecs-strict,adverse-ecs-omit,1,local-adverse-authority
1,1,1,1,125,1.0,1.0,1,1,1,1.0,1.0,0.0,-0.0,-0.0,1.0,0.0,300.0,0.0,1.0,0.0,0.0,0.013581991195678711,0.013581991195678711,0.0,0.013370990753173828,0.0,0,1156a8df-f09a-4472-aa54-ba675dc4d620,20260815,ecs-strict,adverse-ecs-omit,1,local-adverse-authority
1,1,1,1,135,1.0,1.0,1,1,1,1.0,1.0,0.0,-0.0,-0.0,1.0,0.0,270.0,0.0,1.0,0.0,0.0,0.0018188953399658203,0.0018188953399658203,0.0,0.0017521381378173828,0.0,0,ed72e493-45eb-48a0-b7ad-8b959530cc4a,20260815,ecs-strict,adverse-ecs-omit,1,local-adverse-authority
1,1,1,1,151,1.0,1.0,1,1,1,1.0,1.0,0.0,-0.0,-0.0,1.0,0.0,48.0,0.0,1.0,0.0,0.0,0.016109704971313477,0.016109704971313477,0.0,0.016022682189941406,0.0,0,0038d191-5cf3-4e2f-8f2e-265c67ee311b,20260815,ecs-strict,adverse-ecs-omit,1,local-adverse-authority
1,1,1,1,163,1.0,1.0,1,1,1,1.0,1.0,0.0,-0.0,-0.0,1.0,0.0,60.0,0.0,1.0,0.0,0.0,0.0043182373046875,0.0043182373046875,0.0,0.0026297569274902344,0.0,0,346e1b3b-a0b0-4539-9410-51c821e4b2eb,20260815,ecs-strict,adverse-ecs-omit,1,local-adverse-authority
1,1,1,1,124,1.0,1.0,1,1,1,1.0,0.0,0.0,-0.0,-0.0,1.0,0.0,276.0,0.0,1.0,0.0,0.0,0.03019094467163086,0.03019094467163086,0.0,0.030057668685913086,0.0,0,62c69dd1-9835-4784-a17a-91950f0c5627,20260815,ecs-strict,adverse-ecs-omit,1,local-adverse-authority
1,1,1,1,107,1.0,1.0,1,1,1,1.0,1.0,0.0,-0.0,-0.0,1.0,0.0,3297.0,0.0,1.0,0.0,0.0,0.038613319396972656,0.038613319396972656,0.0,0.03845620155334473,0.0,0,f7ae1b45-a421-4f54-ba0a-35c4dff3db30,20260815,ecs-strict,adverse-ecs-omit,1,local-adverse-authority
1,1,1,1,131,1.0,1.0,1,1,1,1.0,1.0,0.0,-0.0,-0.0,1.0,0.0,295.0,0.0,1.0,0.0,0.0,0.03699207305908203,0.03699207305908203,0.0,0.03672218322753906,0.0,0,8d11e0e8-d940-4621-a1f9-2b5d755fc213,20260815,ecs-strict,adverse-ecs-omit,1,local-adverse-authority
1,1,1,1,131,1.0,1.0,1,1,1,1.0,1.0,0.0,-0.0,-0.0,1.0,0.0,40.0,0.0,1.0,0.0,0.0,0.0017101764678955078,0.0017101764678955078,0.0,0.0015976428985595703,0.0,0,28318a2d-f2a4-437c-a79b-3799d4596141,20260815,ecs-strict,adverse-ecs-omit,1,local-adverse-authority
1,1,1,1,155,1.0,1.0,1,1,1,1.0,1.0,0.0,-0.0,-0.0,1.0,0.0,60.0,0.0,1.0,0.0,0.0,0.020753145217895508,0.020753145217895508,0.0,0.02057027816772461,0.0,0,059e0531-df44-4d9e-b669-0b1aacd17160,20260815,ecs-strict,adverse-ecs-omit,1,local-adverse-authority
1,1,1,1,127,1.0,1.0,1,1,1,1.0,1.0,0.0,-0.0,-0.0,1.0,0.0,41.0,0.0,1.0,0.0,0.0,0.016284942626953125,0.016284942626953125,0.0,0.01611495018005371,0.0,0,788b26a9-1e26-47f2-9c75-014858c26f3f,20260815,ecs-strict,adverse-ecs-omit,1,local-adverse-authority
1,1,1,1,162,1.0,1.0,1,1,1,1.0,0.0,0.0,-0.0,-0.0,1.0,0.0,3009.0,0.0,1.0,0.0,0.0,0.022495269775390625,0.022495269775390625,0.0,0.02233290672302246,0.0,0,02f578f1-4aeb-499d-b8ca-32aafd3cd0e0,20260815,ecs-strict,adverse-ecs-omit,1,local-adverse-authority
1,1,1,1,125,1.0,1.0,1,1,1,1.0,1.0,0.0,-0.0,-0.0,1.0,0.0,236.0,0.0,1.0,0.0,0.0,0.001974821090698242,0.001974821090698242,0.0,0.001814126968383789,0.0,0,24e16679-f431-40ae-adc1-a63668408f3f,20260815,ecs-strict,adverse-ecs-omit,1,local-adverse-authority
1,1,1,1,101,1.0,1.0,1,1,1,1.0,1.0,0.0,-0.0,-0.0,1.0,0.0,2401.0,0.0,1.0,0.0,0.0,0.03025197982788086,0.03025197982788086,0.0,0.03009939193725586,0.0,0,f7254334-74ff-447e-bbcd-30a87b08c3eb,20260815,ecs-strict,adverse-ecs-omit,1,local-adverse-authority
1,1,1,1,119,1.0,1.0,1,1,1,1.0,1.0,0.0,-0.0,-0.0,1.0,0.0,10.0,0.0,1.0,0.0,0.0,0.0028395652770996094,0.0028395652770996094,0.0,0.002717256546020508,0.0,0,2f99d74a-d542-4517-a98b-3778cc74d137,20260815,ecs-strict,adverse-ecs-omit,1,local-adverse-authority
1,1,1,1,129,1.0,1.0,1,1,1,1.0,1.0,0.0,-0.0,-0.0,1.0,0.0,300.0,0.0,1.0,0.0,0.0,0.016376495361328125,0.016376495361328125,0.0,0.016220808029174805,0.0,0,71bc0776-e2f9-4368-a058-e050fbbbb9e8,20260815,ecs-strict,adverse-ecs-omit,1,local-adverse-authority
1,1,1,1,103,1.0,1.0,1,1,1,1.0,1.0,0.0,-0.0,-0.0,1.0,0.0,300.0,0.0,1.0,0.0,0.0,0.015909433364868164,0.015909433364868164,0.0,0.015755414962768555,0.0,0,dc697509-65c9-4c1f-b706-dd8489084aa7,20260815,ecs-strict,adverse-ecs-omit,1,local-adverse-authority
1,1,1,1,157,1.0,1.0,1,1,1,1.0,1.0,0.0,-0.0,-0.0,1.0,0.0,60.0,0.0,1.0,0.0,0.0,0.0021593570709228516,0.0021593570709228516,0.0,0.0020101070404052734,0.0,0,60f2b3d3-bbd8-40bf-9db9-18dbb9168078,20260815,ecs-strict,adverse-ecs-omit,1,local-adverse-authority
1,1,1,1,144,1.0,1.0,1,1,1,1.0,0.0,0.0,-0.0,-0.0,1.0,0.0,43.0,0.0,1.0,0.0,0.0,0.002938508987426758,0.002938508987426758,0.0,0.002673625946044922,0.0,0,b2e6df09-004f-4fc9-9406-1783c0b350d8,20260815,ecs-strict,adverse-ecs-mismatch,1,local-adverse-authority
1,1,1,1,168,1.0,1.0,1,1,1,1.0,0.0,0.0,-0.0,-0.0,1.0,0.0,183.0,0.0,1.0,0.0,0.0,0.0019774436950683594,0.0019774436950683594,0.0,0.00183868408203125,0.0,0,79922fc5-0a89-4a95-bf03-0a4e6a35e8ed,20260815,ecs-strict,adverse-ecs-mismatch,1,local-adverse-authority
1,1,1,1,162,1.0,1.0,1,1,1,1.0,0.0,0.0,-0.0,-0.0,1.0,0.0,3146.0,0.0,1.0,0.0,0.0,0.0022177696228027344,0.0022177696228027344,0.0,0.00208282470703125,0.0,0,4ecb5c2e-69de-4ef6-be1f-9d4cc92db534,20260815,ecs-strict,adverse-ecs-mismatch,1,local-adverse-authority
1,1,1,1,125,1.0,1.0,1,1,1,1.0,1.0,0.0,-0.0,-0.0,1.0,0.0,60.0,0.0,1.0,0.0,0.0,0.0038614273071289062,0.0038614273071289062,0.0,0.003695964813232422,0.0,0,687cfc5b-cbbd-4c4a-b5df-bdbfbb10b67a,20260815,ecs-strict,adverse-ecs-omit,1,local-adverse-authority
1,1,1,1,166,1.0,1.0,1,1,1,1.0,0.0,0.0,-0.0,-0.0,1.0,0.0,25.0,0.0,1.0,0.0,0.0,0.004836320877075195,0.004836320877075195,0.0,0.004666566848754883,0.0,0,f5fd2b8f-6169-4a23-a68c-a372eb9d173f,20260815,ecs-strict,adverse-ecs-mismatch,1,local-adverse-authority
1,1,1,1,116,1.0,1.0,1,1,1,1.0,0.0,1.0,-0.0,-0.0,1.0,0.0,9010.0,0.0,1.0,0.0,0.0,0.003694295883178711,0.003694295883178711,0.0,0.003252267837524414,0.0,0,02b203f0-b7d9-40b6-8059-790eaf4cd5fc,20260815,ecs-strict,adverse-ecs-mismatch,1,local-adverse-authority
1,1,1,1,128,1.0,1.0,1,1,1,1.0,0.0,0.0,-0.0,-0.0,1.0,0.0,211.0,0.0,1.0,0.0,0.0,0.0042095184326171875,0.0042095184326171875,0.0,0.004084348678588867,0.0,0,85f9791d-bfa0-4c9d-b7c1-915d79bedac4,20260815,ecs-strict,adverse-ecs-mismatch,1,local-adverse-authority
1,1,1,1,126,1.0,1.0,1,1,1,1.0,0.0,0.0,-0.0,-0.0,1.0,0.0,300.0,0.0,1.0,0.0,0.0,0.004205942153930664,0.004205942153930664,0.0,0.0041463375091552734,0.0,0,4cb01ae1-b5a0-477f-9d05-7c1bfd068f3a,20260815,ecs-strict,adverse-ecs-mismatch,1,local-adverse-authority
1,1,1,1,128,1.0,1.0,1,1,1,1.0,0.0,1.0,-0.0,-0.0,1.0,0.0,14078.0,0.0,1.0,0.0,0.0,0.0035257339477539062,0.0035257339477539062,0.0,0.0033936500549316406,0.0,0,7a8740bb-0d56-49fc-b621-b7b7f54e2e55,20260815,ecs-strict,adverse-ecs-mismatch,1,local-adverse-authority
1,1,1,1,158,1.0,1.0,1,1,1,1.0,0.0,1.0,-0.0,-0.0,1.0,0.0,148.0,0.0,1.0,0.0,0.0,0.012657642364501953,0.012657642364501953,0.0,0.012536048889160156,0.0,0,5b643643-2a5c-4949-a12f-9a433a08adab,20260815,ecs-strict,adverse-ecs-mismatch,1,local-adverse-authority
1,1,1,1,138,1.0,1.0,1,1,1,1.0,0.0,1.0,-0.0,-0.0,1.0,0.0,33.0,0.0,1.0,0.0,0.0,0.0033288002014160156,0.0033288002014160156,0.0,0.0032181739807128906,0.0,0,a709c8e7-abbf-4563-9f07-125281ed93ed,20260815,ecs-strict,adverse-ecs-mismatch,1,local-adverse-authority
1,1,1,1,178,1.0,1.0,1,1,1,1.0,0.0,0.0,-0.0,-0.0,1.0,0.0,975.0,0.0,1.0,0.0,0.0,0.012923240661621094,0.012923240661621094,0.0,0.012835025787353516,0.0,0,e4d64819-ea6d-4ec9-9922-138665d284ab,20260815,ecs-strict,adverse-ecs-mismatch,1,local-adverse-authority
1,1,1,1,166,1.0,1.0,1,1,1,1.0,0.0,1.0,-0.0,-0.0,1.0,0.0,1493.0,0.0,1.0,0.0,0.0,0.0038192272186279297,0.0038192272186279297,0.0,0.0036127567291259766,0.0,0,32586bef-680b-44e1-85fc-05b6782f8a7b,20260815,ecs-strict,adverse-ecs-mismatch,1,local-adverse-authority
1,1,1,1,120,1.0,1.0,1,1,1,1.0,0.0,0.0,-0.0,-0.0,1.0,0.0,36.0,0.0,1.0,0.0,0.0,0.0025365352630615234,0.0025365352630615234,0.0,0.0024073123931884766,0.0,0,9f31856f-58b4-4d13-b660-42fa5569ae8a,20260815,ecs-strict,adverse-ecs-mismatch,1,local-adverse-authority
1,1,1,1,142,1.0,1.0,1,1,1,1.0,0.0,1.0,-0.0,-0.0,1.0,0.0,41.0,0.0,1.0,0.0,0.0,0.0029976367950439453,0.0029976367950439453,0.0,0.002855062484741211,0.0,0,e2baa379-f62c-4cc3-95b8-64658c9c0e15,20260815,ecs-strict,adverse-ecs-mismatch,1,local-adverse-authority
1,1,1,1,128,1.0,1.0,1,1,1,1.0,0.0,1.0,-0.0,-0.0,1.0,0.0,18736.0,0.0,1.0,0.0,0.0,0.019962787628173828,0.019962787628173828,0.0,0.01982283592224121,0.0,0,a5a6b642-e1e2-4ea8-9041-4b05ffedec1c,20260815,ecs-strict,adverse-ecs-mismatch,1,local-adverse-authority
1,1,1,1,145,1.0,1.0,1,1,1,1.0,1.0,0.0,-0.0,-0.0,1.0,0.0,300.0,0.0,1.0,0.0,0.0,0.035080909729003906,0.035080909729003906,0.0,0.03490400314331055,0.0,0,6da264ab-eb68-4bb8-a4c6-7bf537d247f9,20260815,ecs-strict,adverse-ecs-omit,1,local-adverse-authority
1,1,1,1,120,1.0,1.0,1,1,1,1.0,0.0,1.0,-0.0,-0.0,1.0,0.0,2846.0,0.0,1.0,0.0,0.0,0.0019631385803222656,0.0019631385803222656,0.0,0.0018284320831298828,0.0,0,f3c767ed-4010-44f1-86b7-14f5f16c944f,20260815,ecs-strict,adverse-ecs-mismatch,1,local-adverse-authority
1,1,1,1,166,1.0,1.0,1,1,1,1.0,0.0,0.0,-0.0,-0.0,1.0,0.0,9.0,0.0,1.0,0.0,0.0,0.00425410270690918,0.00425410270690918,0.0,0.0041425228118896484,0.0,0,fddc584e-9717-4a5c-9ae2-db1f0ccde1bb,20260815,ecs-strict,adverse-ecs-mismatch,1,local-adverse-authority
1,1,1,1,168,1.0,1.0,1,1,1,1.0,0.0,1.0,-0.0,-0.0,1.0,0.0,60.0,0.0,1.0,0.0,0.0,0.01477670669555664,0.01477670669555664,0.0,0.014483451843261719,0.0,0,88c400c3-019b-4521-a464-1d4760e9171c,20260815,ecs-strict,adverse-ecs-mismatch,1,local-adverse-authority
1,1,1,1,118,1.0,1.0,1,1,1,1.0,0.0,0.0,-0.0,-0.0,1.0,0.0,35.0,0.0,1.0,0.0,0.0,0.06650424003601074,0.06650424003601074,0.0,0.06636810302734375,0.0,0,64801cbc-59be-4ec2-b625-fddf4887870b,20260815,ecs-strict,adverse-ecs-omit,1,local-adverse-authority
1,1,1,1,164,1.0,1.0,1,1,1,1.0,0.0,0.0,-0.0,-0.0,1.0,0.0,60.0,0.0,1.0,0.0,0.0,0.001806020736694336,0.001806020736694336,0.0,0.0016632080078125,0.0,0,698173c0-70d7-486c-bea3-c106cda64edf,20260815,ecs-strict,adverse-ecs-mismatch,1,local-adverse-authority
1,1,1,1,128,1.0,1.0,1,1,1,1.0,0.0,1.0,-0.0,-0.0,1.0,0.0,17953.0,0.0,1.0,0.0,0.0,0.015273809432983398,0.015273809432983398,0.0,0.015092611312866211,0.0,0,e9b53719-fd49-4344-802d-87c2fe738f18,20260815,ecs-strict,adverse-ecs-mismatch,1,local-adverse-authority
1,1,1,1,130,1.0,1.0,1,1,1,1.0,0.0,1.0,-0.0,-0.0,1.0,0.0,597.0,0.0,1.0,0.0,0.0,0.002530813217163086,0.002530813217163086,0.0,0.0023467540740966797,0.0,0,cb94f8ad-f51c-43b2-8115-1e88e0cf222f,20260815,ecs-strict,adverse-ecs-mismatch,1,local-adverse-authority
1,1,1,1,182,1.0,1.0,1,1,1,1.0,0.0,0.0,-0.0,-0.0,1.0,0.0,300.0,0.0,1.0,0.0,0.0,0.0023031234741210938,0.0023031234741210938,0.0,0.0021429061889648438,0.0,0,da71c3d4-8abb-42b1-afca-dd059b0bbd20,20260815,ecs-strict,adverse-ecs-mismatch,1,local-adverse-authority
1,1,1,1,114,1.0,1.0,1,1,1,1.0,0.0,1.0,-0.0,-0.0,1.0,0.0,600.0,0.0,1.0,0.0,0.0,0.12433791160583496,0.12433791160583496,0.0,0.12419295310974121,0.0,0,899bf19f-2499-4875-a337-38490ac410a3,20260815,ecs-strict,adverse-ecs-mismatch,1,local-adverse-authority
1,1,1,1,110,1.0,1.0,1,1,1,1.0,0.0,0.0,-0.0,-0.0,1.0,0.0,525.0,0.0,1.0,0.0,0.0,0.01388096809387207,0.01388096809387207,0.0,0.013687610626220703,0.0,0,c1696caa-e1df-46be-8a42-6303bd1849c7,20260815,ecs-strict,adverse-ecs-mismatch,1,local-adverse-authority
1,1,1,1,118,1.0,1.0,1,1,1,1.0,0.0,1.0,-0.0,-0.0,1.0,0.0,53.0,0.0,1.0,0.0,0.0,0.014484405517578125,0.014484405517578125,0.0,0.014317512512207031,0.0,0,b260011c-feea-4cbd-bce7-1363eba6e6e9,20260815,ecs-strict,adverse-ecs-mismatch,1,local-adverse-authority
1,1,1,1,164,1.0,1.0,1,1,1,1.0,0.0,1.0,-0.0,-0.0,1.0,0.0,224.0,0.0,1.0,0.0,0.0,0.017392873764038086,0.017392873764038086,0.0,0.01725292205810547,0.0,0,4f01137d-a964-406b-89a7-3e0ea29763d9,20260815,ecs-strict,adverse-ecs-mismatch,1,local-adverse-authority
1,1,1,1,117,1.0,1.0,1,1,1,1.0,1.0,0.0,-0.0,-0.0,1.0,0.0,300.0,0.0,1.0,0.0,0.0,0.034297943115234375,0.034297943115234375,0.0,0.03412222862243652,0.0,0,03123916-dbfa-44d1-be53-d70c30b195ea,20260815,ecs-strict,adverse-ecs-omit,1,local-adverse-authority
1,1,1,1,107,1.0,1.0,1,1,1,1.0,1.0,0.0,-0.0,-0.0,1.0,0.0,300.0,0.0,1.0,0.0,0.0,0.03370952606201172,0.03370952606201172,0.0,0.03308677673339844,0.0,0,431e5488-ca51-4b97-9f07-8b510cbf95a4,20260815,ecs-strict,adverse-ecs-omit,1,local-adverse-authority
1,1,1,1,150,1.0,1.0,1,1,1,1.0,0.0,0.0,-0.0,-0.0,1.0,0.0,238.0,0.0,1.0,0.0,0.0,0.0196840763092041,0.0196840763092041,0.0,0.01952362060546875,0.0,0,552743bd-6bb7-4eba-bdce-66cb9468b013,20260815,ecs-strict,adverse-ecs-mismatch,1,local-adverse-authority
1,1,1,1,210,1.0,1.0,1,1,1,1.0,0.0,0.0,-0.0,-0.0,1.0,0.0,67.0,0.0,1.0,0.0,0.0,0.00581049919128418,0.00581049919128418,0.0,0.0056574344635009766,0.0,0,72578ec7-4e28-48d3-97aa-618ff5f08466,20260815,ecs-strict,adverse-ecs-mismatch,1,local-adverse-authority
1,1,1,1,144,1.0,1.0,1,1,1,1.0,0.0,1.0,-0.0,-0.0,1.0,0.0,397.0,0.0,1.0,0.0,0.0,0.0016970634460449219,0.0016970634460449219,0.0,0.0015048980712890625,0.0,0,2f342a07-fb49-4bd6-b103-feed4c1756ff,20260815,ecs-strict,adverse-ecs-mismatch,1,local-adverse-authority
1,1,1,1,128,1.0,1.0,1,1,1,1.0,0.0,1.0,-0.0,-0.0,1.0,0.0,19869.0,0.0,1.0,0.0,0.0,0.0017399787902832031,0.0017399787902832031,0.0,0.0015940666198730469,0.0,0,0bab5afe-739a-474c-8f03-39e79e921bd0,20260815,ecs-strict,adverse-ecs-mismatch,1,local-adverse-authority
1,1,1,1,128,1.0,1.0,1,1,1,1.0,0.0,1.0,-0.0,-0.0,1.0,0.0,15335.0,0.0,1.0,0.0,0.0,0.005503177642822266,0.005503177642822266,0.0,0.005350351333618164,0.0,0,bd8731f4-9b81-4c81-90ba-9ddad2ff1966,20260815,ecs-strict,adverse-ecs-mismatch,1,local-adverse-authority
1,1,1,1,180,1.0,1.0,1,1,1,1.0,0.0,0.0,-0.0,-0.0,1.0,0.0,300.0,0.0,1.0,0.0,0.0,0.0036203861236572266,0.0036203861236572266,0.0,0.003456592559814453,0.0,0,73694247-8ca0-4b44-9c2f-436f4ec0ef8f,20260815,ecs-strict,adverse-ecs-mismatch,1,local-adverse-authority
1,1,1,1,110,1.0,1.0,1,1,1,1.0,0.0,0.0,-0.0,-0.0,1.0,0.0,2341.0,0.0,1.0,0.0,0.0,0.01648116111755371,0.01648116111755371,0.0,0.016340970993041992,0.0,0,54555664-ae47-401a-9f5a-324869dc82f4,20260815,ecs-strict,adverse-ecs-mismatch,1,local-adverse-authority
1,1,1,1,138,1.0,1.0,1,1,1,1.0,0.0,0.0,-0.0,-0.0,1.0,0.0,300.0,0.0,1.0,0.0,0.0,0.0028116703033447266,0.0028116703033447266,0.0,0.0025992393493652344,0.0,0,d5580a6e-8336-4d14-ac80-cdb56a6aa0ab,20260815,ecs-strict,adverse-ecs-mismatch,1,local-adverse-authority
1,1,1,1,166,1.0,1.0,1,1,1,1.0,0.0,1.0,-0.0,-0.0,1.0,0.0,60.0,0.0,1.0,0.0,0.0,0.0022170543670654297,0.0022170543670654297,0.0,0.0018794536590576172,0.0,0,8c79c723-2257-4ad8-8545-dd5e2d5fb11c,20260815,ecs-strict,adverse-ecs-mismatch,1,local-adverse-authority
4,4,4,4,420,1.0,1.0,3,0,0,0.0,0.0,0.0,1.0,1.0,1.0,0.75,370.2857142857143,1.0193816780687341,0.25,0.0,0.0,1.2575668692588806,4.2589029312133775,1.7213930803480886,0.007605393727620442,0.0,0,651c69dc-0ffc-4d59-ab21-8559ecb085aa,20260815,ecs-strict,benign-burst,0,google
1,1,1,1,126,1.0,1.0,1,1,1,1.0,0.0,1.0,-0.0,-0.0,1.0,0.0,30.0,0.0,1.0,0.0,0.0,0.002738475799560547,0.002738475799560547,0.0,0.0024149417877197266,0.0,0,891ee23b-7e08-412c-bec2-b71a9b83718a,20260815,ecs-strict,adverse-ecs-mismatch,1,local-adverse-authority
4,4,4,4,156,1.0,1.0,4,0,0,0.0,0.0,0.0,1.0,1.0,0.25,0.0,0.0,0.0,0.25,0.0,0.0,7.506060242652893,7.506318306922912,4.327776786449497e-05,7.5059040784835815,0.0,4,da807948-8842-4ae6-a7d1-6baa19bcaaf5,20260815,ecs-strict,benign-burst,0,google
1,1,1,1,228,1.0,1.0,1,1,1,1.0,0.0,0.0,-0.0,-0.0,1.0,0.0,20.0,0.0,1.0,0.0,0.0,0.02227187156677246,0.02227187156677246,0.0,0.021985530853271484,0.0,0,6dea0817-80c7-4ddb-a858-91b127483223,20260815,ecs-strict,adverse-ecs-mismatch,1,local-adverse-authority
1,1,1,1,128,1.0,1.0,1,1,1,1.0,0.0,0.0,-0.0,-0.0,1.0,0.0,21234.0,0.0,1.0,0.0,0.0,0.003717660903930664,0.003717660903930664,0.0,0.003515958786010742,0.0,0,f6c3d9f9-2d3c-41f8-b172-4f461492a895,20260815,ecs-strict,adverse-ecs-mismatch,1,local-adverse-authority
1,1,1,1,132,1.0,1.0,1,1,1,1.0,0.0,1.0,-0.0,-0.0,1.0,0.0,239.0,0.0,1.0,0.0,0.0,0.003251314163208008,0.003251314163208008,0.0,0.003003358840942383,0.0,0,149770c7-faf2-493d-bc9c-bf5d44189cb2,20260815,ecs-strict,adverse-ecs-mismatch,1,local-adverse-authority
1,1,1,1,134,1.0,1.0,1,1,1,1.0,0.0,1.0,-0.0,-0.0,1.0,0.0,300.0,0.0,1.0,0.0,0.0,0.00526738166809082,0.00526738166809082,0.0,0.0050814151763916016,0.0,0,f238df31-d10b-4bca-8e9d-4e30d47fa800,20260815,ecs-strict,adverse-ecs-mismatch,1,local-adverse-authority
1,1,1,1,114,1.0,1.0,1,1,1,1.0,0.0,1.0,-0.0,-0.0,1.0,0.0,300.0,0.0,1.0,0.0,0.0,0.001798868179321289,0.001798868179321289,0.0,0.0016698837280273438,0.0,0,07b7f9ed-d3a7-46f0-a18f-ba347e7f85b8,20260815,ecs-strict,adverse-ecs-mismatch,1,local-adverse-authority
1,1,1,1,208,1.0,1.0,1,1,1,1.0,0.0,0.0,-0.0,-0.0,1.0,0.0,269.0,0.0,1.0,0.0,0.0,0.002561807632446289,0.002561807632446289,0.0,0.002426624298095703,0.0,0,5f31e7bf-7295-4d97-bc8b-b371a42e8c1a,20260815,ecs-strict,adverse-ecs-mismatch,1,local-adverse-authority
1,1,1,1,114,1.0,1.0,1,1,1,1.0,0.0,1.0,-0.0,-0.0,1.0,0.0,13.0,0.0,1.0,0.0,0.0,0.01546931266784668,0.01546931266784668,0.0,0.015358448028564453,0.0,0,85c9b78a-fb00-406d-bb47-4eed9ef86937,20260815,ecs-strict,adverse-ecs-mismatch,1,local-adverse-authority
1,1,1,1,108,1.0,1.0,1,1,1,1.0,0.0,1.0,-0.0,-0.0,1.0,0.0,300.0,0.0,1.0,0.0,0.0,0.002782106399536133,0.002782106399536133,0.0,0.0026586055755615234,0.0,0,89eca542-2919-41a3-abdb-b0459454fa9b,20260815,ecs-strict,adverse-ecs-mismatch,1,local-adverse-authority
1,1,1,1,118,1.0,1.0,1,1,1,1.0,0.0,1.0,-0.0,-0.0,1.0,0.0,218.0,0.0,1.0,0.0,0.0,0.041033029556274414,0.041033029556274414,0.0,0.04090571403503418,0.0,0,e2a444b3-c528-4f6d-b2a9-80c6d0b2f078,20260815,ecs-strict,adverse-ecs-mismatch,1,local-adverse-authority
1,1,1,1,110,1.0,1.0,1,1,1,1.0,0.0,0.0,-0.0,-0.0,1.0,0.0,300.0,0.0,1.0,0.0,0.0,0.031217575073242188,0.031217575073242188,0.0,0.031069517135620117,0.0,0,947df6c8-f12b-428b-9c8a-cc1a9e12bd1e,20260815,ecs-strict,adverse-ecs-mismatch,1,local-adverse-authority
1,1,1,1,130,1.0,1.0,1,1,1,1.0,0.0,1.0,-0.0,-0.0,1.0,0.0,273.0,0.0,1.0,0.0,0.0,0.07707357406616211,0.07707357406616211,0.0,0.07694792747497559,0.0,0,2bba69b4-19c9-48c3-94e7-b68c0e382cce,20260815,ecs-strict,adverse-ecs-mismatch,1,local-adverse-authority
1,1,1,1,120,1.0,1.0,1,1,1,1.0,0.0,1.0,-0.0,-0.0,1.0,0.0,3600.0,0.0,1.0,0.0,0.0,0.012203454971313477,0.012203454971313477,0.0,0.012044668197631836,0.0,0,0ce69376-d92d-44f2-8df5-6c5881e17ef7,20260815,ecs-strict,adverse-ecs-mismatch,1,local-adverse-authority
1,1,1,1,150,1.0,1.0,1,1,1,1.0,0.0,1.0,-0.0,-0.0,1.0,0.0,60.0,0.0,1.0,0.0,0.0,0.002935647964477539,0.002935647964477539,0.0,0.002807140350341797,0.0,0,9a65f98c-dfe3-4cef-a08c-c2deeb319abe,20260815,ecs-strict,adverse-ecs-mismatch,1,local-adverse-authority
1,1,1,1,118,1.0,1.0,1,1,1,1.0,0.0,1.0,-0.0,-0.0,1.0,0.0,239.0,0.0,1.0,0.0,0.0,0.00471949577331543,0.00471949577331543,0.0,0.004596710205078125,0.0,0,b781a103-c924-46c0-99ec-7da5dcce3825,20260815,ecs-strict,adverse-ecs-mismatch,1,local-adverse-authority
1,1,1,1,136,1.0,1.0,1,1,1,1.0,0.0,1.0,-0.0,-0.0,1.0,0.0,300.0,0.0,1.0,0.0,0.0,0.03208756446838379,0.03208756446838379,0.0,0.03187847137451172,0.0,0,38b70f2a-c938-45ce-a3fc-bb02e1aca17a,20260815,ecs-strict,adverse-ecs-mismatch,1,local-adverse-authority
1,1,1,1,126,1.0,1.0,1,1,1,1.0,0.0,1.0,-0.0,-0.0,1.0,0.0,20.0,0.0,1.0,0.0,0.0,0.014883279800415039,0.014883279800415039,0.0,0.014701366424560547,0.0,0,8264efd9-98e0-43d4-b7c8-794ff1e3f8b0,20260815,ecs-strict,adverse-ecs-mismatch,1,local-adverse-authority
1,1,1,1,128,1.0,1.0,1,1,1,1.0,0.0,0.0,-0.0,-0.0,1.0,0.0,300.0,0.0,1.0,0.0,0.0,0.1586763858795166,0.1586763858795166,0.0,0.15848183631896973,0.0,0,803ec1ee-6d05-4ac1-aba0-8ebe61a7f65b,20260815,ecs-strict,adverse-ecs-mismatch,1,local-adverse-authority
1,1,1,1,126,1.0,1.0,1,1,1,1.0,0.0,0.0,-0.0,-0.0,1.0,0.0,20.0,0.0,1.0,0.0,0.0,0.13435626029968262,0.13435626029968262,0.0,0.13421368598937988,0.0,0,45a011bb-99be-46de-9e49-81b4bc473974,20260815,ecs-strict,adverse-ecs-mismatch,1,local-adverse-authority
1,1,1,1,124,1.0,1.0,1,1,1,1.0,0.0,1.0,-0.0,-0.0,1.0,0.0,300.0,0.0,1.0,0.0,0.0,0.0022346973419189453,0.0022346973419189453,0.0,0.0020711421966552734,0.0,0,92637f11-3aef-4908-bc85-28357a597923,20260815,ecs-strict,adverse-ecs-mismatch,1,local-adverse-authority
1,1,1,1,142,1.0,1.0,1,1,1,1.0,0.0,1.0,-0.0,-0.0,1.0,0.0,3.0,0.0,1.0,0.0,0.0,0.01737833023071289,0.01737833023071289,0.0,0.017240524291992188,0.0,0,854890cb-ccdd-4f30-813c-3220f647309f,20260815,ecs-strict,adverse-ecs-mismatch,1,local-adverse-authority
1,1,1,1,136,1.0,1.0,1,1,1,1.0,0.0,1.0,-0.0,-0.0,1.0,0.0,300.0,0.0,1.0,0.0,0.0,0.0020210742950439453,0.0020210742950439453,0.0,0.0018243789672851562,0.0,0,c97ca514-9aa8-48d1-90ff-bbb6d32e1703,20260815,ecs-strict,adverse-ecs-mismatch,1,local-adverse-authority
1,1,1,1,130,1.0,1.0,1,1,1,1.0,0.0,1.0,-0.0,-0.0,1.0,0.0,300.0,0.0,1.0,0.0,0.0,0.01378178596496582,0.01378178596496582,0.0,0.013635873794555664,0.0,0,a7c6f0df-64d5-4278-bec8-b45c9b0bf36e,20260815,ecs-strict,adverse-ecs-mismatch,1,local-adverse-authority
1,1,1,1,114,1.0,1.0,1,1,1,1.0,0.0,1.0,-0.0,-0.0,1.0,0.0,187.0,0.0,1.0,0.0,0.0,0.0021212100982666016,0.0021212100982666016,0.0,0.0019371509552001953,0.0,0,085fbdaa-6f39-4fbe-920a-e9145884adad,20260815,ecs-strict,adverse-ecs-mismatch,1,local-adverse-authority
1,1,1,1,118,1.0,1.0,1,1,1,1.0,0.0,0.0,-0.0,-0.0,1.0,0.0,600.0,0.0,1.0,0.0,0.0,0.0028684139251708984,0.0028684139251708984,0.0,0.0026006698608398438,0.0,0,70582d37-e694-47e0-b559-9a321f79a029,20260815,ecs-strict,adverse-ecs-mismatch,1,local-adverse-authority
1,1,1,1,110,1.0,1.0,1,1,1,1.0,0.0,1.0,-0.0,-0.0,1.0,0.0,6403.0,0.0,1.0,0.0,0.0,0.004010677337646484,0.004010677337646484,0.0,0.0037784576416015625,0.0,0,28f916ed-3ce7-4a6f-a486-84d3a01587ec,20260815,ecs-strict,adverse-ecs-mismatch,1,local-adverse-authority
1,1,1,1,174,1.0,1.0,1,1,1,1.0,0.0,1.0,-0.0,-0.0,1.0,0.0,21127.0,0.0,1.0,0.0,0.0,0.0031006336212158203,0.0031006336212158203,0.0,0.003053903579711914,0.0,0,ed6ea95d-4243-4c35-9fa7-264a5dbe53e3,20260815,ecs-strict,adverse-ecs-mismatch,1,local-adverse-authority
1,1,1,1,174,1.0,1.0,1,1,1,1.0,0.0,1.0,-0.0,-0.0,1.0,0.0,14596.0,0.0,1.0,0.0,0.0,0.05098724365234375,0.05098724365234375,0.0,0.05085897445678711,0.0,0,6974aa34-d342-4cfe-b531-44713805a483,20260815,ecs-strict,adverse-ecs-mismatch,1,local-adverse-authority
1,1,1,1,118,1.0,1.0,1,1,1,1.0,0.0,1.0,-0.0,-0.0,1.0,0.0,41.0,0.0,1.0,0.0,0.0,0.028922080993652344,0.028922080993652344,0.0,0.028809309005737305,0.0,0,d8511fc8-0b7c-4afd-95fc-cc563065a6f5,20260815,ecs-strict,adverse-ecs-mismatch,1,local-adverse-authority
1,1,1,1,122,1.0,1.0,1,1,1,1.0,0.0,0.0,-0.0,-0.0,1.0,0.0,300.0,0.0,1.0,0.0,0.0,0.014605045318603516,0.014605045318603516,0.0,0.014549732208251953,0.0,0,5ee85463-b0b3-4a00-aac0-c88e8e25d251,20260815,ecs-strict,adverse-ecs-mismatch,1,local-adverse-authority
1,1,1,1,162,1.0,1.0,1,1,1,1.0,0.0,1.0,-0.0,-0.0,1.0,0.0,300.0,0.0,1.0,0.0,0.0,0.0024292469024658203,0.0024292469024658203,0.0,0.0022034645080566406,0.0,0,1bba136e-0b33-412a-b79e-c43d63de0c08,20260815,ecs-strict,adverse-ecs-mismatch,1,local-adverse-authority
1,1,1,1,218,1.0,1.0,1,1,1,1.0,0.0,1.0,-0.0,-0.0,1.0,0.0,300.0,0.0,1.0,0.0,0.0,0.002348661422729492,0.002348661422729492,0.0,0.002094268798828125,0.0,0,c578bb92-3e3f-46cd-a1d3-b1f563868cb7,20260815,ecs-strict,adverse-ecs-mismatch,1,local-adverse-authority
1,1,1,1,162,1.0,1.0,1,1,1,1.0,0.0,1.0,-0.0,-0.0,1.0,0.0,45.0,0.0,1.0,0.0,0.0,0.003838062286376953,0.003838062286376953,0.0,0.0033485889434814453,0.0,0,09c98a0a-34e3-48fc-9ebc-6a7e70fab0c0,20260815,ecs-strict,adverse-ecs-mismatch,1,local-adverse-authority
1,1,1,1,166,1.0,1.0,1,1,1,1.0,0.0,1.0,-0.0,-0.0,1.0,0.0,1317.0,0.0,1.0,0.0,0.0,0.014719963073730469,0.014719963073730469,0.0,0.014209508895874023,0.0,0,1f303f34-8374-4a36-82df-e065aa1c1455,20260815,ecs-strict,adverse-ecs-mismatch,1,local-adverse-authority
1,1,1,1,116,1.0,1.0,1,1,1,1.0,0.0,1.0,-0.0,-0.0,1.0,0.0,300.0,0.0,1.0,0.0,0.0,0.016416549682617188,0.016416549682617188,0.0,0.015601873397827148,0.0,0,03a2225b-8de6-4e94-bdca-00b7d84eb25e,20260815,ecs-strict,adverse-ecs-mismatch,1,local-adverse-authority
1,1,1,1,206,1.0,1.0,1,1,1,1.0,0.0,1.0,-0.0,-0.0,1.0,0.0,300.0,0.0,1.0,0.0,0.0,0.005973339080810547,0.005973339080810547,0.0,0.005800008773803711,0.0,0,6b6bba56-3c0d-4fe7-a866-6685e0659bc6,20260815,ecs-strict,adverse-ecs-mismatch,1,local-adverse-authority
1,1,1,1,116,1.0,1.0,1,1,1,1.0,0.0,0.0,-0.0,-0.0,1.0,0.0,25.0,0.0,1.0,0.0,0.0,0.017690420150756836,0.017690420150756836,0.0,0.017562389373779297,0.0,0,cff75fd9-d8f2-4124-8998-deb68ccf7e2f,20260815,ecs-strict,adverse-ecs-mismatch,1,local-adverse-authority
1,1,1,1,116,1.0,1.0,1,1,1,1.0,0.0,1.0,-0.0,-0.0,1.0,0.0,20.0,0.0,1.0,0.0,0.0,0.013255596160888672,0.013255596160888672,0.0,0.013125181198120117,0.0,0,54afaa60-c4d7-49c3-b8b6-ebbe9f76d180,20260815,ecs-strict,adverse-ecs-mismatch,1,local-adverse-authority
1,1,1,1,104,1.0,1.0,1,1,1,1.0,0.0,0.0,-0.0,-0.0,1.0,0.0,129.0,0.0,1.0,0.0,0.0,0.0033676624298095703,0.0033676624298095703,0.0,0.003239154815673828,0.0,0,392a2412-3477-4442-a289-3a10352fb9f1,20260815,ecs-strict,adverse-ecs-mismatch,1,local-adverse-authority
1,1,1,1,146,1.0,1.0,1,1,1,1.0,0.0,0.0,-0.0,-0.0,1.0,0.0,493.0,0.0,1.0,0.0,0.0,0.003183126449584961,0.003183126449584961,0.0,0.002427816390991211,0.0,0,ff4c481b-8f1f-4362-af7c-a9c5e1c7fb65,20260815,ecs-strict,adverse-ecs-mismatch,1,local-adverse-authority
1,1,1,1,142,1.0,1.0,1,1,1,1.0,0.0,1.0,-0.0,-0.0,1.0,0.0,23.0,0.0,1.0,0.0,0.0,0.0023796558380126953,0.0023796558380126953,0.0,0.0021042823791503906,0.0,0,4a30fb0b-116a-4839-a7c3-8ceddad57f28,20260815,ecs-strict,adverse-ecs-mismatch,1,local-adverse-authority
1,1,1,1,126,1.0,1.0,1,1,1,1.0,0.0,1.0,-0.0,-0.0,1.0,0.0,241.0,0.0,1.0,0.0,0.0,0.015337944030761719,0.015337944030761719,0.0,0.015209197998046875,0.0,0,39d47442-5e3a-42a0-8f15-8104fab5baf5,20260815,ecs-strict,adverse-ecs-mismatch,1,local-adverse-authority
1,1,1,1,118,1.0,1.0,1,1,1,1.0,0.0,0.0,-0.0,-0.0,1.0,0.0,289.0,0.0,1.0,0.0,0.0,0.002080678939819336,0.002080678939819336,0.0,0.0019598007202148438,0.0,0,df0e8f0a-dea0-48ad-a8b2-7ab7384a6882,20260815,ecs-strict,adverse-ecs-mismatch,1,local-adverse-authority
1,1,1,1,118,1.0,1.0,1,1,1,1.0,0.0,0.0,-0.0,-0.0,1.0,0.0,5008.0,0.0,1.0,0.0,0.0,0.00362396240234375,0.00362396240234375,0.0,0.0033016204833984375,0.0,0,2d27b040-0511-4245-a64e-e8b4eda5b962,20260815,ecs-strict,adverse-ecs-mismatch,1,local-adverse-authority
1,1,1,1,380,1.0,1.0,1,1,1,1.0,0.0,0.0,-0.0,-0.0,1.0,0.0,66.0,0.0,1.0,0.0,0.0,0.0029358863830566406,0.0029358863830566406,0.0,0.0028066635131835938,0.0,0,aef14112-ccf0-4faf-92ca-6b6da76224e1,20260815,ecs-strict,adverse-ecs-mismatch,1,local-adverse-authority
1,1,1,1,206,1.0,1.0,1,1,1,1.0,0.0,0.0,-0.0,-0.0,1.0,0.0,174.0,0.0,1.0,0.0,0.0,0.0029277801513671875,0.0029277801513671875,0.0,0.002806425094604492,0.0,0,6e396b9b-18cd-45ec-bd13-d119209c0509,20260815,ecs-strict,adverse-ecs-mismatch,1,local-adverse-authority
1,1,1,1,212,1.0,1.0,1,1,1,1.0,0.0,1.0,-0.0,-0.0,1.0,0.0,300.0,0.0,1.0,0.0,0.0,0.01855635643005371,0.01855635643005371,0.0,0.018227100372314453,0.0,0,cbf7da7d-550a-4b9d-8881-0fb9c3767fae,20260815,ecs-strict,adverse-ecs-mismatch,1,local-adverse-authority
1,1,1,1,172,1.0,1.0,1,1,1,1.0,0.0,1.0,-0.0,-0.0,1.0,0.0,60.0,0.0,1.0,0.0,0.0,0.020301342010498047,0.020301342010498047,0.0,0.019671916961669922,0.0,0,cf545f33-0227-4d33-a076-de87246fac9d,20260815,ecs-strict,adverse-ecs-mismatch,1,local-adverse-authority
1,1,1,1,174,1.0,1.0,1,1,1,1.0,0.0,0.0,-0.0,-0.0,1.0,0.0,60.0,0.0,1.0,0.0,0.0,0.0017175674438476562,0.0017175674438476562,0.0,0.0015985965728759766,0.0,0,d4b3c6b3-d0b4-4515-98ae-4dd00596bb80,20260815,ecs-strict,adverse-ecs-mismatch,1,local-adverse-authority
1,1,1,1,134,1.0,1.0,1,1,1,1.0,0.0,1.0,-0.0,-0.0,1.0,0.0,120.0,0.0,1.0,0.0,0.0,0.0028226375579833984,0.0028226375579833984,0.0,0.0027179718017578125,0.0,0,de0a4f80-edbc-44f3-9b43-5f0b53c776c8,20260815,ecs-strict,adverse-ecs-mismatch,1,local-adverse-authority
6,10,6,10,1104,1.0,1.6666666666666667,5,6,6,1.0,0.0,0.0,1.0,1.0,0.5,0.4,196.0,0.0,0.1,0.0,0.0,0.01722064018249512,0.03868368864059448,0.7171993768720064,0.014667113622029623,5.424022674560547e-05,0,94785762-602b-4a95-b973-a48bd116c225,20260815,ecs-strict,adverse-conflict,1,local-adverse-authority
6,10,6,10,944,1.0,1.6666666666666667,5,6,6,1.0,0.0,0.0,1.0,1.0,0.5,0.4,37.0,0.0,0.1,0.0,0.0,0.021648669242858888,0.05004897117614746,0.7055134376122498,0.018720547358194988,2.777576446533203e-05,0,ae8e33c2-3fd3-466f-94ea-ca4bcb39cb92,20260815,ecs-strict,adverse-conflict,1,local-adverse-authority
6,10,6,10,912,1.0,1.6666666666666667,6,6,6,1.0,0.0,0.0,1.0,1.0,0.5,0.4,2221.0,0.0,0.1,0.0,0.0,0.01835155487060547,0.032473862171173096,0.628880035040055,0.014905850092569986,0.00018471479415893555,0,0c9eced5-d264-402f-a0e0-ea6de10d2d6a,20260815,ecs-strict,adverse-conflict,1,local-adverse-authority
6,10,6,10,992,1.0,1.6666666666666667,6,6,6,1.0,0.0,0.0,1.0,1.0,0.5,0.4,230.0,0.0,0.1,0.0,0.0,0.03064699172973633,0.05432137250900269,0.656696894359839,0.029810150464375813,3.319978713989258e-05,0,83552eef-57e4-429d-8026-58d576f3e482,20260815,ecs-strict,adverse-conflict,1,local-adverse-authority
1,1,1,1,118,1.0,1.0,1,1,1,1.0,0.0,1.0,-0.0,-0.0,1.0,0.0,300.0,0.0,1.0,0.0,0.0,0.003381967544555664,0.003381967544555664,0.0,0.003210783004760742,0.0,0,7e84b4da-6e1d-40b0-be7e-2f06ae0439f4,20260815,ecs-strict,adverse-ecs-mismatch,1,local-adverse-authority
6,10,6,10,992,1.0,1.6666666666666667,6,6,6,1.0,0.0,0.0,1.0,1.0,0.5,0.4,466.0,0.0,0.1,0.0,0.0,0.021919870376586915,0.04054253101348877,0.679800175771633,0.0200804869333903,4.082918167114258e-05,0,0c571a4e-d62c-423f-b044-6c2c13c2e3e3,20260815,ecs-strict,adverse-conflict,1,local-adverse-authority
1,1,1,1,124,1.0,1.0,1,1,1,1.0,0.0,1.0,-0.0,-0.0,1.0,0.0,300.0,0.0,1.0,0.0,0.0,0.005876064300537109,0.005876064300537109,0.0,0.0040509700775146484,0.0,0,1a8a30ee-4084-4d0a-a9c4-5eda35a8a65e,20260815,ecs-strict,adverse-ecs-mismatch,1,local-adverse-authority
6,11,6,11,1071,1.0,1.8333333333333333,6,6,6,1.0,0.0,0.0,1.0,1.0,0.5454545454545454,0.4545454545454546,300.0,0.0,0.09090909090909091,0.0,0.0,0.026748158714988014,0.05204975605010986,0.6124803036148572,0.02430446942647298,0.0001468658447265625,0,73f02abf-eb75-41a7-84ed-2738e5fa9194,20260815,ecs-strict,adverse-conflict,1,local-adverse-authority
1,1,1,1,114,1.0,1.0,1,1,1,1.0,0.0,0.0,-0.0,-0.0,1.0,0.0,300.0,0.0,1.0,0.0,0.0,0.018416166305541992,0.018416166305541992,0.0,0.017684221267700195,0.0,0,49731011-b9a4-4bee-8cc5-196aa5671d6f,20260815,ecs-strict,adverse-ecs-mismatch,1,local-adverse-authority
1,1,1,1,118,1.0,1.0,1,1,1,1.0,0.0,0.0,-0.0,-0.0,1.0,0.0,300.0,0.0,1.0,0.0,0.0,0.04987692832946777,0.04987692832946777,0.0,0.04975461959838867,0.0,0,088b220c-e802-4ae6-99bb-fc8fa4985dff,20260815,ecs-strict,adverse-ecs-mismatch,1,local-adverse-authority
1,1,1,1,114,1.0,1.0,1,1,1,1.0,0.0,0.0,-0.0,-0.0,1.0,0.0,39.0,0.0,1.0,0.0,0.0,0.1849825382232666,0.1849825382232666,0.0,0.18483567237854004,0.0,0,fb554d5d-8ad6-4830-b31d-ac28a3186be6,20260815,ecs-strict,adverse-ecs-mismatch,1,local-adverse-authority
6,9,6,9,1182,1.0,1.5,6,6,6,1.0,0.0,0.0,1.0,1.0,0.4444444444444444,0.33333333333333337,11.0,0.0,0.1111111111111111,0.0,0.0,0.022216531965467665,0.0499976634979248,0.7521612292314394,0.019522984822591145,0.0004207293192545573,0,185b71ae-90c1-4e40-835c-6a711fe92d5e,20260815,ecs-strict,adverse-conflict,1,local-adverse-authority
6,11,6,11,1060,1.0,1.8333333333333333,6,6,6,1.0,0.0,0.0,1.0,1.0,0.5454545454545454,0.4545454545454546,60.0,0.0,0.09090909090909091,0.0,0.0,0.024863719940185547,0.04548192024230957,0.6185726527168588,0.022288044293721516,4.453659057617188e-05,0,7b492ff3-7b15-4bfc-a0fa-fc6614f7ac2e,20260815,ecs-strict,adverse-conflict,1,local-adverse-authority
6,11,6,11,1348,1.0,1.8333333333333333,6,6,6,1.0,0.0,0.0,1.0,1.0,0.5454545454545454,0.4545454545454546,60.0,0.0,0.09090909090909091,0.0,0.0,0.022438872944224964,0.05665779113769531,0.8350265115738306,0.01956915855407715,5.183219909667969e-05,0,e6019c60-5b61-435b-b348-b83d9e7813b7,20260815,ecs-strict,adverse-conflict,1,local-adverse-authority
6,11,6,11,1077,1.0,1.8333333333333333,6,6,6,1.0,0.0,0.0,1.0,1.0,0.5454545454545454,0.4545454545454546,19.0,0.0,0.09090909090909091,0.0,0.0,0.024369738318703392,0.054036736488342285,0.7137970351464196,0.022747913996378582,6.799697875976562e-05,0,6d27649a-29ae-4a8b-a37e-0f2bfacb79d8,20260815,ecs-strict,adverse-conflict,1,local-adverse-authority
6,11,6,11,1207,1.0,1.8333333333333333,6,6,6,1.0,0.0,0.0,1.0,1.0,0.5454545454545454,0.4545454545454546,60.0,0.0,0.09090909090909091,0.0,0.0,0.022724173285744408,0.04045677185058594,0.4926659824452499,0.0219570795694987,0.00011715888977050781,0,c753d919-27b2-4cda-8670-4179b60c50cd,20260815,ecs-strict,adverse-conflict,1,local-adverse-authority
6,11,6,11,1241,1.0,1.8333333333333333,6,6,6,1.0,0.0,0.0,1.0,1.0,0.5454545454545454,0.4545454545454546,600.0,0.0,0.09090909090909091,0.0,0.0,0.03637081926519221,0.05685746669769287,0.47589829321613797,0.03531285127003988,5.1593780517578126e-05,0,09cddadf-8cda-4f21-8f5d-a7d6c7f02b78,20260815,ecs-strict,adverse-conflict,1,local-adverse-authority
6,12,6,12,1092,1.0,2.0,6,6,6,1.0,0.0,0.0,1.0,1.0,0.5833333333333334,0.5,54.0,0.0,0.08333333333333333,0.0,0.0,0.026680092016855877,0.05619274377822876,0.7918316863413679,0.026041189829508465,6.369749704996745e-05,0,21e01c53-92c8-4570-b0ec-c14369c52e4e,20260815,ecs-strict,adverse-conflict,1,local-adverse-authority
6,12,6,12,1152,1.0,2.0,6,6,6,1.0,0.0,0.0,1.0,1.0,0.5833333333333334,0.5,205.0,0.0,0.08333333333333333,0.0,0.0,0.014651656150817871,0.029389238357543944,0.560934964869195,0.014243642489115397,9.028116861979167e-05,0,5ad24518-d253-4a7d-bffe-b5ef35a651f3,20260815,ecs-strict,adverse-conflict,1,local-adverse-authority
6,10,6,10,1056,1.0,1.6666666666666667,6,6,6,1.0,0.0,0.0,1.0,1.0,0.5,0.4,208.0,0.0,0.1,0.0,0.0,0.0204390287399292,0.039451885223388675,0.5543412979430887,0.0169756015141805,5.370378494262695e-05,0,346d1d81-1eb5-45e8-80e3-3ae16770a896,20260815,ecs-strict,adverse-conflict,1,local-adverse-authority
6,11,6,11,1297,1.0,1.8333333333333333,6,6,6,1.0,0.0,0.0,1.0,1.0,0.5454545454545454,0.4545454545454546,300.0,0.0,0.09090909090909091,0.0,0.0,0.0418769663030451,0.06734693050384521,0.5354409638936619,0.037465691566467285,5.7697296142578125e-05,0,089f4c52-540b-486a-9872-caaab0568e21,20260815,ecs-strict,adverse-conflict,1,local-adverse-authority
6,10,6,10,1312,1.0,1.6666666666666667,6,6,6,1.0,0.0,0.0,1.0,1.0,0.5,0.4,60.0,0.0,0.1,0.0,0.0,0.013675069808959961,0.022508656978607176,0.5159651206670507,0.012287219365437826,3.9637088775634766e-05,0,5de81fae-7c7a-47e1-b9ab-5e0465e12a04,20260815,ecs-strict,adverse-conflict,1,local-adverse-authority
6,11,6,11,1416,1.0,1.8333333333333333,6,6,6,1.0,0.0,0.0,1.0,1.0,0.5454545454545454,0.4545454545454546,60.0,0.0,0.09090909090909091,0.0,0.0,0.02409594709222967,0.04723632335662842,0.6378152386806553,0.025446375211079914,0.0001739978790283203,0,c57cc776-c7b6-40fa-86d1-b0f2b0d0dae3,20260815,ecs-strict,adverse-conflict,1,local-adverse-authority
6,11,6,11,1574,1.0,1.8333333333333333,6,6,6,1.0,0.0,0.0,1.0,1.0,0.5454545454545454,0.4545454545454546,21.0,0.0,0.09090909090909091,0.0,0.0,0.02095829356800426,0.06235349178314209,0.9615861808769491,0.018627643585205078,0.0003695964813232422,0,4aa6acb9-458b-4c7e-b05f-0ef1fe415fde,20260815,ecs-strict,adverse-conflict,1,local-adverse-authority
6,11,6,11,1433,1.0,1.8333333333333333,6,6,6,1.0,0.0,0.0,1.0,1.0,0.5454545454545454,0.4545454545454546,246.0,0.0,0.09090909090909091,0.0,0.0,0.034936081279407845,0.08518850803375244,0.7800103512891783,0.03219989935557047,0.00010895729064941406,0,90f6782a-44e3-4c64-bf33-3d0336d5b615,20260815,ecs-strict,adverse-conflict,1,local-adverse-authority
6,11,6,11,1416,1.0,1.8333333333333333,6,6,6,1.0,0.0,0.0,1.0,1.0,0.5454545454545454,0.4545454545454546,60.0,0.0,0.09090909090909091,0.0,0.0,0.01234490221196955,0.019016385078430176,0.39696618709957066,0.01139394442240397,0.00022535324096679689,0,4a5ac526-7ac8-438d-95bb-96d46aaea909,20260815,ecs-strict,adverse-conflict,1,local-adverse-authority
6,11,6,11,1331,1.0,1.8333333333333333,6,6,6,1.0,0.0,0.0,1.0,1.0,0.45454545454545453,0.4545454545454546,60.0,0.0,0.09090909090909091,0.0,0.0,0.009645158594304865,0.018976569175720215,0.47314634784232107,0.008451581001281738,9.169578552246094e-05,0,68e56bf7-4117-4886-aa21-b801e774f5f6,20260815,ecs-strict,adverse-conflict,1,local-adverse-authority
6,11,6,11,1026,1.0,1.8333333333333333,6,6,6,1.0,0.0,0.0,1.0,1.0,0.5454545454545454,0.4545454545454546,573.0,0.0,0.09090909090909091,0.0,0.0,0.05240951884876598,0.1849055290222168,1.2073606063607296,0.04725209871927897,0.00023813247680664061,0,77209798-91e3-43d2-b91f-063d51e6e3e7,20260815,ecs-strict,adverse-conflict,1,local-adverse-authority
6,12,6,12,1074,1.0,2.0,6,6,6,1.0,0.0,0.0,1.0,1.0,0.5833333333333334,0.5,11.0,0.0,0.08333333333333333,0.0,0.0,0.025219897429148357,0.07353425025939941,0.8955319791654377,0.024451732635498047,0.00011773904164632161,0,5bc4ca1f-cfc8-4a6b-9007-f2dd018ff79b,20260815,ecs-strict,adverse-conflict,1,local-adverse-authority
6,10,6,10,1184,1.0,1.6666666666666667,6,6,6,1.0,0.0,0.0,1.0,1.0,0.5,0.4,3.0,0.0,0.1,0.0,0.0,0.0164931058883667,0.0475027322769165,0.9599989017499877,0.013927102088928223,5.340576171875e-05,0,6b7253a6-0510-4ed6-a4bc-1c6c5f3ee178,20260815,ecs-strict,adverse-conflict,1,local-adverse-authority
6,11,6,11,1269,1.0,1.8333333333333333,6,6,6,1.0,0.0,0.0,1.0,1.0,0.5454545454545454,0.4545454545454546,60.0,0.0,0.09090909090909091,0.0,0.0,0.027417009527033024,0.05569756031036377,0.766445434477565,0.024423837661743164,4.601478576660156e-05,0,54d49833-a53c-4cd9-9bbc-44fca6d5537b,20260815,ecs-strict,adverse-conflict,1,local-adverse-authority
6,10,6,10,1280,1.0,1.6666666666666667,6,6,6,1.0,0.0,0.0,1.0,1.0,0.5,0.4,228.0,0.0,0.1,0.0,0.0,0.014686393737792968,0.04278026819229126,0.9768709125180162,0.01314870516459147,0.0001646280288696289,0,3492cbc1-6860-4a14-b629-92b4fde0179c,20260815,ecs-strict,adverse-conflict,1,local-adverse-authority
6,11,6,11,975,1.0,1.8333333333333333,6,6,6,1.0,0.0,0.0,1.0,1.0,0.5454545454545454,0.4545454545454546,475.0,0.0,0.09090909090909091,0.0,0.0,0.027729793028397995,0.12021839618682861,1.5779457197351068,0.026524782180786133,3.3903121948242185e-05,0,3c30b70d-5f34-49ed-8ce5-15740ae99ebc,20260815,ecs-strict,adverse-conflict,1,local-adverse-authority
6,11,6,11,1071,1.0,1.8333333333333333,5,6,6,1.0,0.0,0.0,1.0,1.0,0.5454545454545454,0.4545454545454546,60.0,0.0,0.09090909090909091,0.0,0.0,0.04654559222134677,0.2111579179763794,1.6699224979892586,0.042171359062194824,0.00021944046020507812,0,013dcdcb-97b5-46bb-8f21-590b8dfe1bd1,20260815,ecs-strict,adverse-conflict,1,local-adverse-authority
6,10,6,10,1200,1.0,1.6666666666666667,6,6,6,1.0,0.0,0.0,1.0,1.0,0.5,0.4,300.0,0.0,0.1,0.0,0.0,0.0214587926864624,0.03723951578140259,0.5461411711688359,0.017907261848449707,4.8279762268066406e-05,0,0f126624-30e4-4c0d-b5ce-e62ebe0747ac,20260815,ecs-strict,adverse-conflict,1,local-adverse-authority
6,10,6,10,912,1.0,1.6666666666666667,6,6,6,1.0,0.0,0.0,1.0,1.0,0.5,0.4,21166.0,0.0,0.1,0.0,0.0,0.017331695556640624,0.03896839618682861,0.6664219780881834,0.014102737108866373,3.081560134887695e-05,0,b664b410-a3ae-4844-b1cc-eac47a518b93,20260815,ecs-strict,adverse-conflict,1,local-adverse-authority
6,11,6,11,1088,1.0,1.8333333333333333,6,6,6,1.0,0.0,0.0,1.0,1.0,0.5454545454545454,0.4545454545454546,3417.0,0.0,0.09090909090909091,0.0,0.0,0.023981787941672585,0.052312254905700684,0.7002893217860853,0.020643870035807293,0.0003058910369873047,0,dc7e4940-5f31-4651-84df-a78e7a637995,20260815,ecs-strict,adverse-conflict,1,local-adverse-authority
6,11,6,11,1128,1.0,1.8333333333333333,6,6,6,1.0,0.0,0.0,1.0,1.0,0.5454545454545454,0.4545454545454546,20442.0,0.0,0.09090909090909091,0.0,0.0,0.015669714320789684,0.041080594062805176,0.9570856783139966,0.016612768173217773,4.92095947265625e-05,0,9b28ec7e-59af-4728-86d5-d2b2abb6bad3,20260815,ecs-strict,adverse-conflict,1,local-adverse-authority
6,11,6,11,975,1.0,1.8333333333333333,6,6,6,1.0,0.0,0.0,1.0,1.0,0.5454545454545454,0.4545454545454546,60.0,0.0,0.09090909090909091,0.0,0.0,0.027231779965487393,0.05385172367095947,0.7427267983391813,0.024630069732666016,7.457733154296875e-05,0,217697e3-2647-47a0-89a1-46929fa3e73f,20260815,ecs-strict,adverse-conflict,1,local-adverse-authority
6,11,6,11,1122,1.0,1.8333333333333333,6,6,6,1.0,0.0,0.0,1.0,1.0,0.5454545454545454,0.4545454545454546,300.0,0.0,0.09090909090909091,0.0,0.0,0.018539818850430576,0.04276323318481445,0.6776388523460182,0.015386343002319336,8.263587951660157e-05,0,6230d0d9-a17c-4f15-8d6a-9c1802932ea5,20260815,ecs-strict,adverse-conflict,1,local-adverse-authority
6,10,6,10,1152,1.0,1.6666666666666667,6,6,6,1.0,0.0,0.0,1.0,1.0,0.5,0.4,220.0,0.0,0.1,0.0,0.0,0.02995619773864746,0.06131545305252075,0.6331319023337197,0.024243831634521484,4.178285598754883e-05,0,80b2cb66-d478-4481-bff6-86cc8eccc5ea,20260815,ecs-strict,adverse-conflict,1,local-adverse-authority
6,11,6,11,1060,1.0,1.8333333333333333,6,6,6,1.0,0.0,0.0,1.0,1.0,0.5454545454545454,0.4545454545454546,60.0,0.0,0.09090909090909091,0.0,0.0,0.012462550943548029,0.03519392013549805,0.8901576930252607,0.011403322219848633,0.00021352767944335938,0,f28547ff-f994-4f4e-be58-82935cfaf7c3,20260815,ecs-strict,adverse-conflict,1,local-adverse-authority
6,11,6,11,1331,1.0,1.8333333333333333,6,6,6,1.0,0.0,0.0,1.0,1.0,0.5454545454545454,0.4545454545454546,60.0,0.0,0.09090909090909091,0.0,0.0,0.046387065540660515,0.14037835597991943,0.9955559830420423,0.04198273022969564,0.00012254714965820312,0,449becb8-eb57-4004-8b28-675af35a1de1,20260815,ecs-strict,adverse-conflict,1,local-adverse-authority
6,9,6,9,849,1.0,1.5,6,6,6,1.0,0.0,0.0,1.0,1.0,0.4444444444444444,0.33333333333333337,687.0,0.0,0.1111111111111111,0.0,0.0,0.016378535164727107,0.0445462703704834,0.9565797500755757,0.015065789222717285,8.336702982584636e-05,0,eee984a9-c82f-484a-820f-773eb826ced3,20260815,ecs-strict,adverse-conflict,1,local-adverse-authority
6,10,6,10,1120,1.0,1.6666666666666667,6,6,6,1.0,0.0,0.0,1.0,1.0,0.5,0.4,57.0,0.0,0.1,0.0,0.0,0.013138055801391602,0.02692847251892088,0.6192152723223243,0.013541142145792643,4.941225051879883e-05,0,99b437df-eaa7-4c6d-b336-46837779d690,20260815,ecs-strict,adverse-conflict,1,local-adverse-authority
6,10,6,10,912,1.0,1.6666666666666667,6,6,6,1.0,0.0,0.0,1.0,1.0,0.5,0.4,19486.0,0.0,0.1,0.0,0.0,0.020750904083251955,0.038970887660980225,0.6788223088700459,0.022427995999654133,5.424022674560547e-05,0,860bcc44-5312-4e3d-85c0-f5b365cc1b53,20260815,ecs-strict,adverse-conflict,1,local-adverse-authority
6,11,6,11,1331,1.0,1.8333333333333333,6,6,6,1.0,0.0,0.0,1.0,1.0,0.5454545454545454,0.4545454545454546,300.0,0.0,0.09090909090909091,0.0,0.0,0.019824331456964665,0.0459139347076416,0.6910043567031592,0.01736438274383545,0.00021166801452636718,0,95517670-4edc-49d8-802e-b845f5fa496f,20260815,ecs-strict,adverse-conflict,1,local-adverse-authority
6,11,6,11,2670,1.0,1.8333333333333333,6,6,6,1.0,0.0,0.0,1.0,1.0,0.5454545454545454,0.4545454545454546,67.0,0.0,0.09090909090909091,0.0,0.0,0.052994641390713776,0.1444387435913086,0.8983622559227716,0.05045453707377116,0.0002887248992919922,0,85e5e7f5-eac6-4415-b59f-b29c46514396,20260815,ecs-strict,adverse-conflict,1,local-adverse-authority
6,8,6,8,842,1.0,1.3333333333333333,6,6,6,1.0,0.0,0.0,1.0,1.0,0.375,0.25,225.0,0.0,0.125,0.0,0.0,0.014828711748123169,0.029644429683685303,0.6173717780685103,0.01132341225941976,0.0003972053527832031,0,e808f59a-9f0d-4bf1-a36a-0eaa16fa2804,20260815,ecs-strict,adverse-conflict,1,local-adverse-authority
6,12,6,12,1110,1.0,2.0,6,6,6,1.0,0.0,0.0,1.0,1.0,0.5833333333333334,0.5,20.0,0.0,0.08333333333333333,0.0,0.0,0.03430831432342529,0.07962664365768432,0.6872374679434674,0.033342957496643066,0.0006304581960042318,0,df61bef0-bc33-4319-b4b1-0d51223fceb4,20260815,ecs-strict,adverse-conflict,1,local-adverse-authority
6,11,6,11,1105,1.0,1.8333333333333333,6,6,6,1.0,0.0,0.0,1.0,1.0,0.5454545454545454,0.4545454545454546,300.0,0.0,0.09090909090909091,0.0,0.0,0.023989937522194603,0.04995083808898926,0.6869213101014825,0.02251565456390381,0.00015535354614257813,0,b2692d87-3053-44c1-bbe0-b33666f93582,20260815,ecs-strict,adverse-conflict,1,local-adverse-authority
6,11,6,11,1077,1.0,1.8333333333333333,6,6,6,1.0,0.0,0.0,1.0,1.0,0.5454545454545454,0.4545454545454546,19.0,0.0,0.09090909090909091,0.0,0.0,0.03328152136369185,0.046314120292663574,0.3657182633623403,0.033002614974975586,4.024505615234375e-05,0,95c79cd0-b8d9-48af-99fa-95055fc26d08,20260815,ecs-strict,adverse-conflict,1,local-adverse-authority
6,11,6,11,1054,1.0,1.8333333333333333,5,6,6,1.0,0.0,0.0,1.0,1.0,0.5454545454545454,0.4545454545454546,600.0,0.0,0.09090909090909091,0.0,0.0,0.015346071936867454,0.032863497734069824,0.677886521510613,0.01340178648630778,0.0004066944122314453,0,c74d0da4-689e-44a8-a97a-a51117809db1,20260815,ecs-strict,adverse-conflict,1,local-adverse-authority
6,11,6,11,1399,1.0,1.8333333333333333,6,6,6,1.0,0.0,0.0,1.0,1.0,0.5454545454545454,0.4545454545454546,14.0,0.0,0.09090909090909091,0.0,0.0,0.018673181533813477,0.02972722053527832,0.45674188503828933,0.015489419301350912,0.0005124568939208985,0,16368693-335a-4da6-a209-bbcb45767c92,20260815,ecs-strict,adverse-conflict,1,local-adverse-authority
6,11,6,11,1077,1.0,1.8333333333333333,6,6,6,1.0,0.0,0.0,1.0,1.0,0.5454545454545454,0.4545454545454546,270.0,0.0,0.09090909090909091,0.0,0.0,0.013224233280528675,0.02890622615814209,0.6671266809352077,0.012062986691792807,0.00017952919006347656,0,77c5b6dd-fab0-4e87-88a4-b19bca07f194,20260815,ecs-strict,adverse-conflict,1,local-adverse-authority
6,10,6,10,1024,1.0,1.6666666666666667,6,6,6,1.0,0.0,0.0,1.0,1.0,0.5,0.4,205.0,0.0,0.1,0.0,0.0,0.050230789184570315,0.13354291915893554,0.8890621960650889,0.04432320594787598,0.00013148784637451172,0,a411fb4a-3ed4-4d6f-b682-0cc6688e842c,20260815,ecs-strict,adverse-conflict,1,local-adverse-authority
6,12,6,12,1392,1.0,2.0,6,6,6,1.0,0.0,0.0,1.0,1.0,0.5833333333333334,0.5,300.0,0.0,0.08333333333333333,0.0,0.0,0.03739166259765625,0.12400367259979247,1.066817968695411,0.036822001139322914,0.00015687942504882812,0,e58d98bd-5c83-4f5a-9705-5d20efd4f477,20260815,ecs-strict,adverse-conflict,1,local-adverse-authority
4,4,4,4,317,1.0,1.0,4,0,0,0.0,0.0,0.0,1.0,1.0,0.75,0.5,54.4,0.8970588235294117,0.5,0.0,0.0,3.7601261734962463,7.508063232898712,0.9966138411067093,3.7600165009498596,0.0,2,b2603c79-da76-497e-8bfa-83fef32687e5,20260815,ecs-strict,benign-burst,0,quad9
4,4,4,4,442,1.0,1.0,2,0,0,0.0,0.0,0.0,1.0,1.0,1.0,0.75,643.3333333333334,2.0554541939454345,0.25,0.0,0.0,2.523400902748108,5.02165641784668,0.9894858453720937,0.026461362838745117,0.0,0,9c06aedc-e404-4b33-9410-8728dbc76e98,20260815,ecs-strict,benign-burst,0,cloudflare
4,4,4,4,449,1.0,1.0,0,0,0,0.0,0.0,0.0,1.0,1.0,1.0,0.75,3955.3333333333335,1.8706903369443209,0.25,0.0,0.0,5.011655151844025,5.022557389736176,0.0015529779675790521,0.0,0.0,0,15a94cc3-c55c-44d2-8b99-38ca20a6a6a1,20260815,ecs-strict,benign-burst,0,quad9
6,11,6,11,1071,1.0,1.8333333333333333,6,6,6,1.0,0.0,0.0,1.0,1.0,0.5454545454545454,0.4545454545454546,297.0,0.0,0.09090909090909091,0.0,0.0,0.019401268525557083,0.024273157119750977,0.2462664187114427,0.01672796408335368,0.000823211669921875,0,d3880428-f916-46ca-bf50-8a62ae19f224,20260815,ecs-strict,adverse-conflict,1,local-adverse-authority
6,10,6,10,992,1.0,1.6666666666666667,6,6,6,1.0,0.0,0.0,1.0,1.0,0.5,0.4,108.0,0.0,0.1,0.0,0.0,0.022786211967468262,0.032502460479736324,0.3465781059686502,0.021384716033935547,0.0007767677307128906,0,978f5a46-eeaa-456f-bb1e-3af28ffbb5c5,20260815,ecs-strict,adverse-conflict,1,local-adverse-authority
6,9,6,9,990,1.0,1.5,4,6,6,1.0,0.0,0.0,1.0,1.0,0.4444444444444444,0.33333333333333337,600.0,0.0,0.1111111111111111,0.0,0.0,0.027106417549981013,0.051508331298828126,0.7383411415122001,0.02146025498708089,7.716814676920573e-05,0,bd48ae5f-10f3-4ac7-ba0f-5b0d20b3b679,20260815,ecs-strict,adverse-conflict,1,local-adverse-authority
6,10,6,10,1056,1.0,1.6666666666666667,5,6,6,1.0,0.0,0.0,1.0,1.0,0.5,0.4,300.0,0.0,0.1,0.0,0.0,0.03146958351135254,0.06259268522262573,0.6108073561610616,0.027345856030782063,0.0005487203598022461,0,7c21eda0-1932-43cd-9565-b8f0f4a8192e,20260815,ecs-strict,adverse-conflict,1,local-adverse-authority
6,11,6,11,1009,1.0,1.8333333333333333,6,6,6,1.0,0.0,0.0,1.0,1.0,0.5454545454545454,0.4545454545454546,32.0,0.0,0.09090909090909091,0.0,0.0,0.017290765588933773,0.02599787712097168,0.4444976127335735,0.013995806376139322,0.0008185386657714843,0,512f51d2-62d0-47eb-8641-f4a15c188be6,20260815,ecs-strict,adverse-conflict,1,local-adverse-authority
6,10,6,10,1520,1.0,1.6666666666666667,6,6,6,1.0,0.0,0.0,1.0,1.0,0.5,0.4,300.0,0.0,0.1,0.0,0.0,0.029803538322448732,0.07860759496688834,1.0167554466544961,0.0352639357248942,0.0005033612251281738,0,c6a2685a-4e93-4ce0-aefe-7b2872eabeb8,20260815,ecs-strict,adverse-conflict,1,local-adverse-authority
6,12,6,12,1146,1.0,2.0,6,6,6,1.0,0.0,0.0,1.0,1.0,0.5833333333333334,0.5,377.0,0.0,0.08333333333333333,0.0,0.0,0.02374879519144694,0.06715431213378906,0.9169723489788991,0.022943576176961262,0.00017658869425455728,0,e0aa2f7c-af33-4c57-a5b4-4a95d967b4a4,20260815,ecs-strict,adverse-conflict,1,local-adverse-authority
6,11,6,11,975,1.0,1.8333333333333333,6,6,6,1.0,0.0,0.0,1.0,1.0,0.5454545454545454,0.4545454545454546,10.0,0.0,0.09090909090909091,0.0,0.0,0.019648161801424893,0.03889918327331543,0.5260039067620114,0.016911864280700684,0.00011754035949707031,0,beee03f5-db21-4d68-9e35-18dc4825297b,20260815,ecs-strict,adverse-conflict,1,local-adverse-authority
6,11,6,11,975,1.0,1.8333333333333333,6,6,6,1.0,0.0,0.0,1.0,1.0,0.5454545454545454,0.4545454545454546,6117.0,0.0,0.09090909090909091,0.0,0.0,0.026303226297551937,0.038851141929626465,0.37451720742951966,0.025331775347391765,0.0004669666290283203,0,bdf73444-77c3-49bf-9658-1635787837f1,20260815,ecs-strict,adverse-conflict,1,local-adverse-authority
6,10,6,10,1040,1.0,1.6666666666666667,6,6,6,1.0,0.0,0.0,1.0,1.0,0.5,0.4,67.0,0.0,0.1,0.0,0.0,0.01956005096435547,0.029413080215454093,0.36446838974834467,0.018181999524434406,0.000736534595489502,0,5bce7b35-51af-4a26-b7d0-a591a6c88a95,20260815,ecs-strict,adverse-conflict,1,local-adverse-authority
6,8,6,8,1144,1.0,1.3333333333333333,5,6,6,1.0,0.0,0.0,1.0,1.0,0.375,0.25,30.0,0.0,0.125,0.0,0.0,0.009831994771957397,0.019829261302947997,0.6170727126613861,0.007175008455912272,0.0005685091018676758,0,54e54071-c3bc-4ab0-ae26-87e4f36e545f,20260815,ecs-strict,adverse-conflict,1,local-adverse-authority
6,12,6,12,1662,1.0,2.0,6,6,6,1.0,0.0,0.0,1.0,1.0,0.5833333333333334,0.5,272.0,0.0,0.08333333333333333,0.0,0.0,0.0134392778078715,0.021232175827026366,0.43166741248669904,0.011941154797871908,0.0008317232131958008,0,fd79d098-7539-41f8-b83f-a64f829d3503,20260815,ecs-strict,adverse-conflict,1,local-adverse-authority
6,11,6,11,1077,1.0,1.8333333333333333,6,6,6,1.0,0.0,0.0,1.0,1.0,0.5454545454545454,0.4545454545454546,2244.0,0.0,0.09090909090909091,0.0,0.0,0.05717327378012917,0.12582433223724365,0.6729123637494894,0.051579793294270836,5.8078765869140624e-05,0,75893b9c-824f-4255-85ca-4af02bbe0812,20260815,ecs-strict,adverse-conflict,1,local-adverse-authority
6,11,6,11,1263,1.0,1.8333333333333333,6,6,6,1.0,0.0,0.0,1.0,1.0,0.5454545454545454,0.4545454545454546,31.0,0.0,0.09090909090909091,0.0,0.0,0.044993465596979317,0.10103392601013184,0.620160082324538,0.04349259535471598,0.0003626823425292969,0,48c4c514-e3f1-4b0c-bc29-4494fdd770d6,20260815,ecs-strict,adverse-conflict,1,local-adverse-authority
6,11,6,11,1026,1.0,1.8333333333333333,6,6,6,1.0,0.0,0.0,1.0,1.0,0.5454545454545454,0.4545454545454546,174.0,0.0,0.09090909090909091,0.0,0.0,0.02757050774314187,0.04878723621368408,0.5442691197666498,0.02380247910817464,0.0005842208862304688,0,98e15cd1-af7e-4866-8398-897af66366f2,20260815,ecs-strict,adverse-conflict,1,local-adverse-authority
6,11,6,11,975,1.0,1.8333333333333333,5,6,6,1.0,0.0,0.0,1.0,1.0,0.5454545454545454,0.4545454545454546,89.0,0.0,0.09090909090909091,0.0,0.0,0.022871689362959427,0.03724479675292969,0.49404548257918107,0.01931595802307129,0.0005540847778320312,0,952f01d7-00bb-406d-8d60-e4063b41e996,20260815,ecs-strict,adverse-conflict,1,local-adverse-authority
6,10,6,10,960,1.0,1.6666666666666667,5,6,6,1.0,0.0,0.0,1.0,1.0,0.5,0.4,5135.0,0.0,0.1,0.0,0.0,0.02482743263244629,0.036890268325805664,0.33001164541760714,0.02156221866607666,8.785724639892578e-05,0,fbf4dfa4-3349-4004-b4da-c1a22cf7c220,20260815,ecs-strict,adverse-conflict,1,local-adverse-authority
4,4,4,4,334,1.0,1.0,3,0,0,0.0,0.0,0.0,1.0,1.0,0.5,0.25,300.0,0.0,0.5,0.0,0.0,6.256513595581055,7.506938529014588,0.34610493970838774,7.506417592366536,0.0,3,3fc3efdb-ae60-4d84-9b9b-8dfafa6fd3f2,20260815,ecs-strict,benign-burst,0,cloudflare
6,11,6,11,1167,1.0,1.8333333333333333,6,6,6,1.0,0.0,0.0,1.0,1.0,0.5454545454545454,0.4545454545454546,203.0,0.0,0.09090909090909091,0.0,0.0,0.045231537385420365,0.1365528106689453,0.9900984781625065,0.04004363218943278,0.0004211902618408203,0,b47d2803-c0a9-4bc4-8d6b-89bc1ef1a6d9,20260815,ecs-strict,adverse-conflict,1,local-adverse-authority
6,10,6,10,1136,1.0,1.6666666666666667,5,6,6,1.0,0.0,0.0,1.0,1.0,0.5,0.4,855.0,0.0,0.1,0.0,0.0,0.031035566329956056,0.05386751890182495,0.5133317129060441,0.029228607813517254,0.00036907196044921875,0,1d2abe9b-2ac3-4572-9e7e-6f29aa32725b,20260815,ecs-strict,adverse-conflict,1,local-adverse-authority
6,12,6,12,1110,1.0,2.0,6,6,6,1.0,0.0,0.0,1.0,1.0,0.5833333333333334,0.5,75.0,0.0,0.08333333333333333,0.0,0.0,0.026676019032796223,0.05649149417877197,0.5550825797550611,0.02384507656097412,4.466374715169271e-05,0,f964f7a9-8112-4228-b059-741ff25c122c,20260815,ecs-strict,adverse-conflict,1,local-adverse-authority
6,10,6,10,1264,1.0,1.6666666666666667,6,6,6,1.0,0.0,0.0,1.0,1.0,0.5,0.4,1483.0,0.0,0.1,0.0,0.0,0.029157114028930665,0.05432560443878174,0.5937326128804108,0.02502175172170003,0.0004687309265136719,0,e406f4c3-cefa-42fb-8f76-c2795ffd0676,20260815,ecs-strict,adverse-conflict,1,local-adverse-authority
6,11,6,11,1026,1.0,1.8333333333333333,6,6,6,1.0,0.0,0.0,1.0,1.0,0.5454545454545454,0.4545454545454546,60.0,0.0,0.09090909090909091,0.0,0.0,0.041501608761874115,0.1348884105682373,1.1142573286947082,0.037634809811909996,0.00034322738647460935,0,d8839b6b-d6da-463d-b95b-63565fe6036d,20260815,ecs-strict,adverse-conflict,1,local-adverse-authority
6,11,6,11,1201,1.0,1.8333333333333333,5,6,6,1.0,0.0,0.0,1.0,1.0,0.5454545454545454,0.4545454545454546,535.0,0.0,0.09090909090909091,0.0,0.0,0.02256982976740057,0.05659043788909912,0.7554416286732751,0.019368966420491535,0.00015726089477539063,0,525555e6-7fb1-4b2b-ab79-f462a395d694,20260815,ecs-strict,adverse-conflict,1,local-adverse-authority
6,11,6,11,1139,1.0,1.8333333333333333,5,6,6,1.0,0.0,0.0,1.0,1.0,0.5454545454545454,0.4545454545454546,7.0,0.0,0.09090909090909091,0.0,0.0,0.03154910694469105,0.060282349586486816,0.5974996394233811,0.025318622589111328,3.6382675170898436e-05,0,ae4b54df-4552-4b95-a56f-409ee35a0c83,20260815,ecs-strict,adverse-conflict,1,local-adverse-authority
6,9,6,9,1197,1.0,1.5,6,6,6,1.0,0.0,0.0,1.0,1.0,0.4444444444444444,0.33333333333333337,60.0,0.0,0.1111111111111111,0.0,0.0,0.010491821500990126,0.016912221908569336,0.5212870155187592,0.009282747904459635,4.1961669921875e-05,0,73818a27-c62e-4b7c-9168-4269e3565ad0,20260815,ecs-strict,adverse-conflict,1,local-adverse-authority
6,10,6,10,1088,1.0,1.6666666666666667,6,6,6,1.0,0.0,0.0,1.0,1.0,0.5,0.4,300.0,0.0,0.1,0.0,0.0,0.020578813552856446,0.050738859176635745,0.7908520332271962,0.018259286880493164,3.7729740142822266e-05,0,9fdd1f64-c00f-4e06-9207-2427875bd829,20260815,ecs-strict,adverse-conflict,1,local-adverse-authority
6,12,6,12,1260,1.0,2.0,6,6,6,1.0,0.0,0.0,1.0,1.0,0.5833333333333334,0.5,300.0,0.0,0.08333333333333333,0.0,0.0,0.022722244262695312,0.07248578071594239,1.0465877139043893,0.02251013120015462,3.981590270996094e-05,0,42cf3f9a-0816-4cc5-927d-b04e4161541c,20260815,ecs-strict,adverse-conflict,1,local-adverse-authority
6,9,6,9,984,1.0,1.5,5,6,6,1.0,0.0,0.0,1.0,1.0,0.4444444444444444,0.33333333333333337,20308.0,0.0,0.1111111111111111,0.0,0.0,0.04497541321648492,0.10812349319458003,0.8785216641875152,0.046201229095458984,0.00020607312520345053,0,a8f958d0-2dbd-4d24-8548-274cd92c748d,20260815,ecs-strict,adverse-conflict,1,local-adverse-authority
6,10,6,10,920,1.0,1.6666666666666667,6,6,6,1.0,0.6666666666666666,0.0,1.0,1.0,0.5,0.4,60.0,0.0,0.1,0.0,0.0,0.0342369556427002,0.05029284954071045,0.5598369751579947,0.03102290630340576,3.975629806518555e-05,0,ab1eaab8-be83-43d6-b560-03c940e9209b,20260815,ecs-strict,adverse-ecs-fanout,1,local-adverse-authority
6,11,6,11,1204,1.0,1.8333333333333333,6,6,6,1.0,0.8333333333333334,0.0,1.0,1.0,0.5454545454545454,0.4545454545454546,60.0,0.0,0.09090909090909091,0.0,0.0,0.016757509925148704,0.031096696853637695,0.5479339675752622,0.015204866727193197,5.5170059204101564e-05,0,c6f2085a-faaa-41fa-934b-a90c156e8198,20260815,ecs-strict,adverse-ecs-fanout,1,local-adverse-authority
6,10,6,10,888,1.0,1.6666666666666667,6,6,6,1.0,0.6666666666666666,0.0,1.0,1.0,0.5,0.4,68.0,0.0,0.1,0.0,0.0,0.011327457427978516,0.020412957668304442,0.5466413486538503,0.010980725288391113,2.7477741241455078e-05,0,8de00593-e336-49ab-a2c9-13b65d700ba1,20260815,ecs-strict,adverse-ecs-fanout,1,local-adverse-authority
6,9,6,9,993,1.0,1.5,6,6,6,1.0,0.5,0.0,1.0,1.0,0.4444444444444444,0.33333333333333337,3207.0,0.0,0.1111111111111111,0.0,0.0,0.02548429701063368,0.06216249465942383,0.8356763946032435,0.02320241928100586,3.20275624593099e-05,0,f81a10fb-66d6-4383-b975-d75d2835bc24,20260815,ecs-strict,adverse-ecs-fanout,1,local-adverse-authority
6,11,6,11,1125,1.0,1.8333333333333333,6,6,6,1.0,0.8333333333333334,0.0,1.0,1.0,0.45454545454545453,0.4545454545454546,188.0,0.0,0.09090909090909091,0.0,0.0,0.01859990033236417,0.05424666404724121,0.9587445510167106,0.0170746644337972,3.8957595825195314e-05,0,450d3462-e8e0-42d5-83d5-287e5be7e007,20260815,ecs-strict,adverse-ecs-fanout,1,local-adverse-authority
6,12,6,12,1224,1.0,2.0,6,6,6,1.0,1.0,0.0,1.0,1.0,0.5833333333333334,0.5,248.0,0.0,0.08333333333333333,0.0,0.0,0.018973171710968018,0.04531780481338501,0.8015714119960281,0.018592238426208496,3.365675608317057e-05,0,05d74988-f844-4310-9a83-5973224da040,20260815,ecs-strict,adverse-ecs-fanout,1,local-adverse-authority
6,11,6,11,865,1.0,1.8333333333333333,6,6,6,1.0,0.8333333333333334,0.0,1.0,1.0,0.5454545454545454,0.4545454545454546,258.0,0.0,0.09090909090909091,0.0,0.0,0.04128278385509144,0.10731315612792969,0.8601667861355178,0.037760297457377114,5.2309036254882814e-05,0,a5bd4ba7-7fd5-49b2-a5d5-86553c9f60d6,20260815,ecs-strict,adverse-ecs-fanout,1,local-adverse-authority
6,11,6,11,944,1.0,1.8333333333333333,6,6,6,1.0,0.8333333333333334,0.0,1.0,1.0,0.5454545454545454,0.4545454545454546,288.0,0.0,0.09090909090909091,0.0,0.0,0.01503101262179288,0.04546475410461426,1.0202561070748482,0.01379084587097168,3.8576126098632815e-05,0,f54ad150-4268-4f37-8d19-77e3ea3f89b4,20260815,ecs-strict,adverse-ecs-fanout,1,local-adverse-authority
6,11,6,11,1125,1.0,1.8333333333333333,5,6,6,1.0,0.8333333333333334,0.0,1.0,1.0,0.5454545454545454,0.4545454545454546,58.0,0.0,0.09090909090909091,0.0,0.0,0.021823709661310368,0.049364447593688965,0.7919923306904677,0.019571344057718914,4.00543212890625e-05,0,dc2a799d-bb63-42c2-9fb0-b98e5dbda0fe,20260815,ecs-strict,adverse-ecs-fanout,1,local-adverse-authority
6,11,6,11,814,1.0,1.8333333333333333,6,6,6,1.0,0.8333333333333334,0.0,1.0,1.0,0.5454545454545454,0.4545454545454546,171.0,0.0,0.09090909090909091,0.0,0.0,0.050251093777743255,0.18228530883789062,1.2509447577995485,0.0455931822458903,3.2281875610351564e-05,0,17ce7f5f-7cbb-4027-b846-f3f41a5b5595,20260815,ecs-strict,adverse-ecs-fanout,1,local-adverse-authority
6,11,6,11,916,1.0,1.8333333333333333,6,6,6,1.0,0.8333333333333334,0.0,1.0,1.0,0.5454545454545454,0.4545454545454546,572.0,0.0,0.09090909090909091,0.0,0.0,0.02858567237854004,0.04811668395996094,0.54175969966667,0.027162591616312664,3.910064697265625e-05,0,e56ff7b0-09cc-4c31-99dc-7f54c53ee0c3,20260815,ecs-strict,adverse-ecs-fanout,1,local-adverse-authority
6,11,6,11,899,1.0,1.8333333333333333,6,6,6,1.0,0.8333333333333334,0.0,1.0,1.0,0.5454545454545454,0.4545454545454546,1059.0,0.0,0.09090909090909091,0.0,0.0,0.04631456461819736,0.17939460277557373,1.3991792046396405,0.0431748628616333,4.3725967407226564e-05,0,62012ef2-7a65-43c3-8a69-1e5fa43c7666,20260815,ecs-strict,adverse-ecs-fanout,1,local-adverse-authority
6,11,6,11,1057,1.0,1.8333333333333333,6,6,6,1.0,0.8333333333333334,0.0,1.0,1.0,0.5454545454545454,0.4545454545454546,4.0,0.0,0.09090909090909091,0.0,0.0,0.023445953022349964,0.05431962013244629,0.7322705573396255,0.021205981572469074,4.606246948242187e-05,0,cab2a104-a3f3-4410-a143-1258656ab8e0,20260815,ecs-strict,adverse-ecs-fanout,1,local-adverse-authority
6,11,6,11,1108,1.0,1.8333333333333333,6,6,6,1.0,0.8333333333333334,0.0,1.0,1.0,0.5454545454545454,0.4545454545454546,300.0,0.0,0.09090909090909091,0.0,0.0,0.027729121121493252,0.043099045753479004,0.5027208407222555,0.028290351231892902,5.502700805664063e-05,0,c868ffc5-350e-4893-a0ba-ab8a7659e4e9,20260815,ecs-strict,adverse-ecs-fanout,1,local-adverse-authority
6,9,6,9,1086,1.0,1.5,6,6,6,1.0,0.5,0.0,1.0,1.0,0.4444444444444444,0.33333333333333337,300.0,0.0,0.1111111111111111,0.0,0.0,0.021416187286376953,0.04842686653137207,0.7623001884840084,0.01661570866902669,4.673004150390625e-05,0,02e91ba9-a3b2-4cc6-8017-a01c79511b73,20260815,ecs-strict,adverse-ecs-fanout,1,local-adverse-authority
6,9,6,9,918,1.0,1.5,6,6,6,1.0,0.5,0.0,1.0,1.0,0.4444444444444444,0.33333333333333337,21192.0,0.0,0.1111111111111111,0.0,0.0,0.0054746998680962455,0.007944250106811523,0.296225278000109,0.005066196123758952,2.9802322387695312e-05,0,719757e9-41c2-4e37-9c7b-f0800f4c3f68,20260815,ecs-strict,adverse-ecs-fanout,1,local-adverse-authority
6,8,6,8,1072,1.0,1.3333333333333333,6,6,6,1.0,0.3333333333333333,0.0,1.0,1.0,0.375,0.25,209.0,0.0,0.125,0.0,0.0,0.027803391218185425,0.04792859554290771,0.6246309992308083,0.02598269780476888,6.0558319091796875e-05,0,0658045c-ccf8-4863-9ada-966466e848b8,20260815,ecs-strict,adverse-ecs-fanout,1,local-adverse-authority
6,7,6,7,1015,1.0,1.1666666666666667,6,6,6,1.0,0.16666666666666666,0.0,1.0,1.0,0.2857142857142857,0.1428571428571429,3142.0,0.0,0.14285714285714285,0.0,0.0,0.03746250697544643,0.11660137176513671,1.339578967571187,0.0236508846282959,3.2901763916015625e-05,0,acc7e471-b2bb-4da2-b26f-c953efeb629b,20260815,ecs-strict,adverse-ecs-fanout,1,local-adverse-authority
6,8,6,8,826,1.0,1.3333333333333333,6,6,6,1.0,0.3333333333333333,0.0,1.0,1.0,0.375,0.25,34.0,0.0,0.125,0.0,0.0,0.010983765125274658,0.023337256908416745,0.760763853459793,0.009462833404541016,4.3511390686035156e-05,0,a70dcfba-fd4c-455c-92fa-990ce1a085ae,20260815,ecs-strict,adverse-ecs-fanout,1,local-adverse-authority
6,11,6,11,916,1.0,1.8333333333333333,6,6,6,1.0,0.8333333333333334,0.0,1.0,1.0,0.5454545454545454,0.4545454545454546,60.0,0.0,0.09090909090909091,0.0,0.0,0.008739818226207386,0.021126747131347656,0.6806411509197865,0.007534941037495931,2.70843505859375e-05,0,d4c5b7c3-ae7f-4f7b-9f34-17877cbac91d,20260815,ecs-strict,adverse-ecs-fanout,1,local-adverse-authority
6,10,6,10,1544,1.0,1.6666666666666667,6,6,6,1.0,0.6666666666666666,0.0,1.0,1.0,0.5,0.4,13.0,0.0,0.1,0.0,0.0,0.008130764961242676,0.01669515371322632,0.6186970536474556,0.007715781529744466,4.64320182800293e-05,0,280454bf-d570-40e1-bd3d-a992a2d4f61d,20260815,ecs-strict,adverse-ecs-fanout,1,local-adverse-authority
6,11,6,11,1323,1.0,1.8333333333333333,6,6,6,1.0,0.8333333333333334,0.0,1.0,1.0,0.5454545454545454,0.4545454545454546,36.0,0.0,0.09090909090909091,0.0,0.0,0.04588235508311878,0.117806077003479,0.935593756228327,0.041984001795450844,3.8003921508789064e-05,0,1d6d1f68-105d-425c-8558-bfad1c462335,20260815,ecs-strict,adverse-ecs-fanout,1,local-adverse-authority
6,10,6,10,968,1.0,1.6666666666666667,6,6,6,1.0,0.6666666666666666,0.0,1.0,1.0,0.5,0.4,300.0,0.0,0.1,0.0,0.0,0.04158937931060791,0.10853967666625977,0.8484384599834491,0.037643829981486,5.525350570678711e-05,0,b0556a6e-f93a-4229-b094-aa87488f3bef,20260815,ecs-strict,adverse-ecs-fanout,1,local-adverse-authority
6,9,6,9,918,1.0,1.5,6,6,6,1.0,0.5,0.0,1.0,1.0,0.4444444444444444,0.33333333333333337,20924.0,0.0,0.1111111111111111,0.0,0.0,0.00819291008843316,0.01853322982788086,0.6939212830928044,0.006255944569905599,3.258387247721354e-05,0,73141b83-3d3e-4ea8-bd65-d50eeb0a99ba,20260815,ecs-strict,adverse-ecs-fanout,1,local-adverse-authority
6,12,6,12,1128,1.0,2.0,6,6,6,1.0,1.0,0.0,1.0,1.0,0.5833333333333334,0.5,60.0,0.0,0.08333333333333333,0.0,0.0,0.04083625475565592,0.16781526803970337,1.420649130712676,0.040297508239746094,5.14984130859375e-05,0,2281774e-08bc-4eeb-be3d-683b8d816cbc,20260815,ecs-strict,adverse-ecs-fanout,1,local-adverse-authority
6,9,6,9,888,1.0,1.5,6,6,6,1.0,0.5,0.0,1.0,1.0,0.4444444444444444,0.33333333333333337,300.0,0.0,0.1111111111111111,0.0,0.0,0.013632085588243272,0.027157402038574214,0.5925573122665021,0.014267961184183756,4.172325134277344e-05,0,e81baec2-629e-418b-936c-615d31b74518,20260815,ecs-strict,adverse-ecs-fanout,1,local-adverse-authority
6,11,6,11,1272,1.0,1.8333333333333333,6,6,6,1.0,0.8333333333333334,0.0,1.0,1.0,0.5454545454545454,0.4545454545454546,2.0,0.0,0.09090909090909091,0.0,0.0,0.030074921521273525,0.0746006965637207,0.8422583592408158,0.027256488800048828,6.256103515625e-05,0,6fba7a05-6402-46d8-8c37-0fab9d179d09,20260815,ecs-strict,adverse-ecs-fanout,1,local-adverse-authority
6,11,6,11,1131,1.0,1.8333333333333333,6,6,6,1.0,0.8333333333333334,0.0,1.0,1.0,0.5454545454545454,0.4545454545454546,30.0,0.0,0.09090909090909091,0.0,0.0,0.04768642512234775,0.18851280212402344,1.4096025210407603,0.04440935452779134,5.2022933959960935e-05,0,c2d6696b-f787-4c18-b6c8-6e348b55725f,20260815,ecs-strict,adverse-ecs-fanout,1,local-adverse-authority
6,10,6,10,1112,1.0,1.6666666666666667,6,6,6,1.0,0.6666666666666666,0.0,1.0,1.0,0.5,0.4,36.0,0.0,0.1,0.0,0.0,0.010793709754943847,0.0204575777053833,0.5796051286978908,0.009028077125549316,6.29425048828125e-05,0,3b8807ad-e2e7-4f0d-91c6-a97224cad806,20260815,ecs-strict,adverse-ecs-fanout,1,local-adverse-authority
6,11,6,11,1063,1.0,1.8333333333333333,6,6,6,1.0,0.8333333333333334,0.0,1.0,1.0,0.5454545454545454,0.4545454545454546,68.0,0.0,0.09090909090909091,0.0,0.0,0.008495677601207386,0.019205689430236816,0.6249164678076965,0.007278641064961751,5.5170059204101564e-05,0,630a30f6-3714-4502-ac74-0351f554ea41,20260815,ecs-strict,adverse-ecs-fanout,1,local-adverse-authority
6,11,6,11,1340,1.0,1.8333333333333333,6,6,6,1.0,0.8333333333333334,0.0,1.0,1.0,0.5454545454545454,0.4545454545454546,60.0,0.0,0.09090909090909091,0.0,0.0,0.015971053730357777,0.05147135257720947,1.0851177730004435,0.014624635378519693,5.3548812866210936e-05,0,f1f48934-0d3b-42cd-8b08-f2dbb25e93e0,20260815,ecs-strict,adverse-ecs-fanout,1,local-adverse-authority
6,12,6,12,1002,1.0,2.0,6,6,6,1.0,1.0,0.0,1.0,1.0,0.5833333333333334,0.5,240.0,0.0,0.08333333333333333,0.0,0.0,0.026614268620808918,0.06814167499542237,0.8106500549031196,0.02600725491841634,5.706151326497396e-05,0,73e6fb6d-5f46-4745-a344-ca6c9c2c5dd5,20260815,ecs-strict,adverse-ecs-fanout,1,local-adverse-authority
6,11,6,11,950,1.0,1.8333333333333333,6,6,6,1.0,0.8333333333333334,0.0,1.0,1.0,0.5454545454545454,0.4545454545454546,39.0,0.0,0.09090909090909091,0.0,0.0,0.011256413026289507,0.025504112243652344,0.7091422674603641,0.010318795839945475,4.100799560546875e-05,0,775ee592-ee0c-4cf1-9162-ce436bb7d26a,20260815,ecs-strict,adverse-ecs-fanout,1,local-adverse-authority
6,10,6,10,1160,1.0,1.6666666666666667,6,6,6,1.0,0.6666666666666666,0.0,1.0,1.0,0.5,0.4,221.0,0.0,0.1,0.0,0.0,0.031064987182617188,0.06355049610137939,0.803562596654356,0.0268704096476237,6.318092346191406e-05,0,a0a43ae8-a5c8-44f3-91bd-4472ae1b8077,20260815,ecs-strict,adverse-ecs-fanout,1,local-adverse-authority
6,10,6,10,840,1.0,1.6666666666666667,6,6,6,1.0,0.6666666666666666,0.0,1.0,1.0,0.5,0.4,3171.0,0.0,0.1,0.0,0.0,0.048390316963195804,0.15286271572113036,1.1023092126520595,0.044375856717427574,4.357099533081055e-05,0,74b30dfd-1f5c-4b39-b823-b7af70495e10,20260815,ecs-strict,adverse-ecs-fanout,1,local-adverse-authority
6,11,6,11,1289,1.0,1.8333333333333333,6,6,6,1.0,0.8333333333333334,0.0,1.0,1.0,0.5454545454545454,0.4545454545454546,13769.0,0.0,0.09090909090909091,0.0,0.0,0.018939234993674538,0.042207956314086914,0.7650187623901639,0.017217000325520832,7.557868957519531e-05,0,0c912efa-caa5-4e8c-9da7-d933ef036181,20260815,ecs-strict,adverse-ecs-fanout,1,local-adverse-authority
6,12,6,12,1038,1.0,2.0,6,6,6,1.0,1.0,0.0,1.0,1.0,0.5833333333333334,0.5,600.0,0.0,0.08333333333333333,0.0,0.0,0.022294123967488606,0.04062330722808838,0.6430003287878971,0.021784106890360515,9.441375732421875e-05,0,9c0b3048-7cf0-4176-8e36-cbec2f162f84,20260815,ecs-strict,adverse-ecs-fanout,1,local-adverse-authority
6,10,6,10,1000,1.0,1.6666666666666667,6,6,6,1.0,0.6666666666666666,0.0,1.0,1.0,0.5,0.4,300.0,0.0,0.1,0.0,0.0,0.013849186897277831,0.023866140842437746,0.5167389257269211,0.013456304868062338,5.507469177246094e-05,0,7b18861d-82b9-40e4-8efe-5b4537b2e2b8,20260815,ecs-strict,adverse-ecs-fanout,1,local-adverse-authority
6,9,6,9,918,1.0,1.5,6,6,6,1.0,0.5,0.0,1.0,1.0,0.4444444444444444,0.33333333333333337,138.0,0.0,0.1111111111111111,0.0,0.0,0.020368787977430556,0.043617534637451175,0.8677663880105981,0.015704671541849773,3.870328267415365e-05,0,63ddeb05-6deb-4295-93cd-3e4bc6f15c97,20260815,ecs-strict,adverse-ecs-fanout,1,local-adverse-authority
6,11,6,11,1159,1.0,1.8333333333333333,6,6,6,1.0,0.8333333333333334,0.0,1.0,1.0,0.5454545454545454,0.4545454545454546,45.0,0.0,0.09090909090909091,0.0,0.0,0.02189274267716841,0.03941810131072998,0.6250018918596045,0.022371927897135418,5.397796630859375e-05,0,f4bb522a-7b52-4009-adb5-811d76a9fd3b,20260815,ecs-strict,adverse-ecs-fanout,1,local-adverse-authority
6,11,6,11,1063,1.0,1.8333333333333333,6,6,6,1.0,0.8333333333333334,0.0,1.0,1.0,0.5454545454545454,0.4545454545454546,21013.0,0.0,0.09090909090909091,0.0,0.0,0.04409933090209961,0.1553499698638916,1.2440124588300443,0.04033215840657552,7.772445678710938e-05,0,034a44e4-ad08-4c64-96cf-c0311dfc2854,20260815,ecs-strict,adverse-ecs-fanout,1,local-adverse-authority
6,10,6,10,888,1.0,1.6666666666666667,6,6,6,1.0,0.6666666666666666,0.0,1.0,1.0,0.5,0.4,26.0,0.0,0.1,0.0,0.0,0.023238420486450195,0.050852954387664795,0.7093048867623043,0.019319693247477215,3.820657730102539e-05,0,ed829e3a-b0cc-4aa2-87fa-9632e806a80a,20260815,ecs-strict,adverse-ecs-fanout,1,local-adverse-authority
6,9,6,9,1101,1.0,1.5,6,6,6,1.0,0.5,0.0,1.0,1.0,0.4444444444444444,0.33333333333333337,300.0,0.0,0.1111111111111111,0.0,0.0,0.026994069417317707,0.05843186378479004,0.7465594861944451,0.02175637086232503,5.7697296142578125e-05,0,351c3076-e1ef-4484-8844-8cfe27cc8a17,20260815,ecs-strict,adverse-ecs-fanout,1,local-adverse-authority
6,9,6,9,768,1.0,1.5,6,6,6,1.0,0.5,0.0,1.0,1.0,0.4444444444444444,0.33333333333333337,241.0,0.0,0.1111111111111111,0.0,0.0,0.027916113535563152,0.047287607192993165,0.639999558550865,0.021386106808980305,8.368492126464844e-05,0,8ad017df-c7f6-4276-bb49-64fe1d9f3cbc,20260815,ecs-strict,adverse-ecs-fanout,1,local-adverse-authority
6,11,6,11,865,1.0,1.8333333333333333,6,6,6,1.0,0.8333333333333334,0.0,1.0,1.0,0.5454545454545454,0.4545454545454546,1343.0,0.0,0.09090909090909091,0.0,0.0,0.014264691959727894,0.045091867446899414,1.0674871178542633,0.012826999028523764,4.787445068359375e-05,0,c10a1e23-e09f-4a78-8ba9-21b7f02544a0,20260815,ecs-strict,adverse-ecs-fanout,1,local-adverse-authority
6,10,6,10,888,1.0,1.6666666666666667,6,6,6,1.0,0.6666666666666666,0.0,1.0,1.0,0.5,0.4,600.0,0.0,0.1,0.0,0.0,0.04122426509857178,0.11959997415542603,0.9959193755034217,0.03665777047475179,4.7326087951660156e-05,0,800507d5-8c35-4470-ad76-3a648f8bf649,20260815,ecs-strict,adverse-ecs-fanout,1,local-adverse-authority
6,11,6,11,1142,1.0,1.8333333333333333,6,6,6,1.0,0.8333333333333334,0.0,1.0,1.0,0.5454545454545454,0.4545454545454546,24.0,0.0,0.09090909090909091,0.0,0.0,0.025517398660833187,0.06666433811187744,0.8267855861210388,0.024683237075805664,6.44683837890625e-05,0,ca6d8a5b-d511-40b6-9675-b232878b63f1,20260815,ecs-strict,adverse-ecs-fanout,1,local-adverse-authority
6,7,6,7,753,1.0,1.1666666666666667,6,6,6,1.0,0.16666666666666666,0.0,1.0,1.0,0.2857142857142857,0.1428571428571429,597.0,0.0,0.14285714285714285,0.0,0.0,0.016125508717128208,0.0283909797668457,0.596616896735387,0.014268159866333008,6.318092346191406e-05,0,4a134cdf-ff1e-4650-a18b-82059daabdb2,20260815,ecs-strict,adverse-ecs-fanout,1,local-adverse-authority
6,10,6,10,1048,1.0,1.6666666666666667,6,6,6,1.0,0.6666666666666666,0.0,1.0,1.0,0.5,0.4,50.0,0.0,0.1,0.0,0.0,0.012268161773681641,0.01724790334701538,0.4459172025447594,0.010603864987691244,4.2319297790527344e-05,0,6425b4d2-11a6-4a5b-8f2f-9c2c8ab67ede,20260815,ecs-strict,adverse-ecs-fanout,1,local-adverse-authority
6,10,6,10,1608,1.0,1.6666666666666667,6,6,6,1.0,0.6666666666666666,0.0,1.0,1.0,0.5,0.4,220.0,0.0,0.1,0.0,0.0,0.017731618881225587,0.04931883811950684,0.9224048236716091,0.01578700542449951,7.87973403930664e-05,0,515ffe0f-59b4-4149-8a6b-f9eb81600d81,20260815,ecs-strict,adverse-ecs-fanout,1,local-adverse-authority
6,9,6,9,954,1.0,1.5,6,6,6,1.0,0.0,0.0,1.0,1.0,0.4444444444444444,0.33333333333333337,300.0,0.0,0.1111111111111111,0.0,0.0,0.012580633163452148,0.032996177673339844,0.8881763389322741,0.00958855946858724,7.255872090657552e-05,0,21fd8f74-4399-4596-bbae-5744f8e127d5,20260815,ecs-strict,adverse-conflict,1,local-adverse-authority
6,8,6,8,828,1.0,1.3333333333333333,6,6,6,1.0,0.0,0.0,1.0,1.0,0.375,0.25,300.0,0.0,0.125,0.0,0.0,0.014282435178756714,0.03665578365325928,0.9416353798094717,0.010693709055582682,3.123283386230469e-05,0,1246e2a0-51c3-40f7-af1b-fd447c687340,20260815,ecs-strict,adverse-conflict,1,local-adverse-authority
6,10,6,10,992,1.0,1.6666666666666667,5,6,6,1.0,0.0,0.0,1.0,1.0,0.5,0.4,300.0,0.0,0.1,0.0,0.0,0.015184760093688965,0.024185776710510254,0.42788519814354203,0.012730598449707031,0.00024050474166870117,0,3faa4a82-74d6-4070-9ead-a1552ec2964b,20260815,ecs-strict,adverse-conflict,1,local-adverse-authority
6,10,6,10,1008,1.0,1.6666666666666667,5,6,6,1.0,0.0,0.0,1.0,1.0,0.5,0.4,300.0,0.0,0.1,0.0,0.0,0.02222630977630615,0.04261424541473388,0.5192476388785425,0.01816864808400472,0.0009604096412658691,0,6cad4d0e-ff7d-4ae2-aae7-d31e154d18ec,20260815,ecs-strict,adverse-conflict,1,local-adverse-authority
6,11,6,11,1094,1.0,1.8333333333333333,6,6,6,1.0,0.0,0.0,1.0,1.0,0.5454545454545454,0.4545454545454546,300.0,0.0,0.09090909090909091,0.0,0.0,0.03012934598055753,0.06793332099914551,0.6382204858226436,0.026485443115234375,0.00014619827270507814,0,858da24c-9cc6-41fb-aee9-7ca8bef2a84e,20260815,ecs-strict,adverse-conflict,1,local-adverse-authority
6,9,6,9,954,1.0,1.5,5,6,6,1.0,0.5,0.0,1.0,1.0,0.4444444444444444,0.33333333333333337,60.0,0.0,0.1111111111111111,0.0,0.0,0.04242255952623156,0.15224671363830566,1.393451624208359,0.03351279099782308,3.4650166829427086e-05,0,fb32d47c-00ea-4da5-8bff-027c6e0eca77,20260815,ecs-strict,adverse-ecs-fanout,1,local-adverse-authority
6,10,6,10,1368,1.0,1.6666666666666667,6,6,6,1.0,0.6666666666666666,0.0,1.0,1.0,0.5,0.4,21170.0,0.0,0.1,0.0,0.0,0.03114197254180908,0.05436829328536987,0.6345359570455692,0.02896749973297119,0.00047010183334350586,0,3222e354-fc56-4938-a4dc-3f96c84b37cf,20260815,ecs-strict,adverse-ecs-fanout,1,local-adverse-authority
6,11,6,11,1238,1.0,1.8333333333333333,5,6,6,1.0,0.8333333333333334,0.0,1.0,1.0,0.5454545454545454,0.4545454545454546,60.0,0.0,0.09090909090909091,0.0,0.0,0.019271157004616478,0.025269150733947754,0.24228057448518792,0.014945149421691895,0.0022084712982177734,0,69993987-d0f6-4b1b-9081-d4bd18de2742,20260815,ecs-strict,adverse-ecs-fanout,1,local-adverse-authority
6,10,6,10,992,1.0,1.6666666666666667,6,6,6,1.0,0.0,0.0,1.0,1.0,0.5,0.4,300.0,0.0,0.1,0.0,0.0,0.025910234451293944,0.04059840440750122,0.3914297078916423,0.022663315137227375,0.002022862434387207,0,0ebdbbef-374f-45fa-bd04-a00b7c3d756e,20260815,ecs-strict,adverse-conflict,1,local-adverse-authority
6,10,6,10,1072,1.0,1.6666666666666667,6,6,6,1.0,0.0,0.0,1.0,1.0,0.5,0.4,300.0,0.0,0.1,0.0,0.0,0.026779580116271972,0.05545573234558105,0.7513061015737773,0.022001107533772785,0.0003840923309326172,0,c352ab14-0097-44c2-b1eb-946d0ef32b1d,20260815,ecs-strict,adverse-conflict,1,local-adverse-authority
6,11,6,11,865,1.0,1.8333333333333333,5,6,6,1.0,0.8333333333333334,0.0,1.0,1.0,0.5454545454545454,0.4545454545454546,300.0,0.0,0.09090909090909091,0.0,0.0,0.024228334426879883,0.053691983222961426,0.6133716075108124,0.0182111660639445,0.0006245136260986328,0,b549036b-57bc-4842-8d34-6c69540a519c,20260815,ecs-strict,adverse-ecs-fanout,1,local-adverse-authority
6,10,6,10,1056,1.0,1.6666666666666667,6,6,6,1.0,0.0,0.0,1.0,1.0,0.5,0.4,300.0,0.0,0.1,0.0,0.0,0.029745960235595705,0.049034488201141355,0.4906546942455962,0.023381153742472332,0.0005339384078979492,0,f23d306e-e25f-4607-a2c9-fa82b7f85eb8,20260815,ecs-strict,adverse-conflict,1,local-adverse-authority
6,9,6,9,933,1.0,1.5,5,6,6,1.0,0.5,0.0,1.0,1.0,0.4444444444444444,0.33333333333333337,300.0,0.0,0.1111111111111111,0.0,0.0,0.01312067773607042,0.01740584373474121,0.25937542887954684,0.010604341824849447,0.0007894039154052734,0,b200d5f1-d0ab-4e08-9cb4-753a216f0920,20260815,ecs-strict,adverse-ecs-fanout,1,local-adverse-authority
6,9,6,9,879,1.0,1.5,5,6,6,1.0,0.0,0.0,1.0,1.0,0.4444444444444444,0.33333333333333337,300.0,0.0,0.1111111111111111,0.0,0.0,0.0325474739074707,0.05517287254333495,0.44616492986562767,0.02821981906890869,0.00046952565511067707,0,79501690-644d-429f-959c-9f7d2ee190b2,20260815,ecs-strict,adverse-conflict,1,local-adverse-authority
6,10,6,10,888,1.0,1.6666666666666667,5,6,6,1.0,0.6666666666666666,0.0,1.0,1.0,0.5,0.4,300.0,0.0,0.1,0.0,0.0,0.018580007553100585,0.03453928232192993,0.5317950554923222,0.014567136764526367,0.0004971027374267578,0,587ba6aa-d312-4a7d-a3e6-f2000471b86f,20260815,ecs-strict,adverse-ecs-fanout,1,local-adverse-authority
6,12,6,12,1458,1.0,2.0,6,6,6,1.0,1.0,0.0,1.0,1.0,0.5833333333333334,0.5,17.0,0.0,0.08333333333333333,0.0,0.0,0.019492228825887043,0.043581020832061765,0.5869035619070516,0.01569044589996338,0.0005286534627278646,0,a8360137-a676-4d3b-888e-7bf0d5cc9e9f,20260815,ecs-strict,adverse-ecs-fanout,1,local-adverse-authority
6,10,6,10,952,1.0,1.6666666666666667,6,6,6,1.0,0.6666666666666666,0.0,1.0,1.0,0.5,0.4,489.0,0.0,0.1,0.0,0.0,0.04089531898498535,0.0601955771446228,0.5225844174826376,0.035438736279805504,7.241964340209961e-05,0,75767b92-2a0f-48dd-b966-7faacf8b60ec,20260815,ecs-strict,adverse-ecs-fanout,1,local-adverse-authority
6,10,6,10,1048,1.0,1.6666666666666667,6,6,6,1.0,0.6666666666666666,0.0,1.0,1.0,0.5,0.4,17.0,0.0,0.1,0.0,0.0,0.030539703369140626,0.053053534030914305,0.4492440656225817,0.024794816970825195,0.00021839141845703125,0,a93e3523-ceb9-4043-82be-0d09fb33c02c,20260815,ecs-strict,adverse-ecs-fanout,1,local-adverse-authority
6,10,6,10,944,1.0,1.6666666666666667,5,6,6,1.0,0.0,0.0,1.0,1.0,0.5,0.4,300.0,0.0,0.1,0.0,0.0,0.0357783317565918,0.09830535650253296,0.9157771932794219,0.027820467948913574,0.0009018778800964355,0,93dc48d4-c303-4f1d-817b-1bb0edc4caa8,20260815,ecs-strict,adverse-conflict,1,local-adverse-authority
6,9,6,9,1146,1.0,1.5,6,6,6,1.0,0.5,0.0,1.0,1.0,0.4444444444444444,0.33333333333333337,60.0,0.0,0.1111111111111111,0.0,0.0,0.01570272445678711,0.02568583488464355,0.3751002345323477,0.014246106147766113,0.0006194909413655599,0,eb5dce70-7805-4755-8764-0f0132ca34c5,20260815,ecs-strict,adverse-ecs-fanout,1,local-adverse-authority
6,9,6,9,783,1.0,1.5,6,6,6,1.0,0.5,0.0,1.0,1.0,0.4444444444444444,0.33333333333333337,20.0,0.0,0.1111111111111111,0.0,0.0,0.022281726201375324,0.053167295455932614,0.7939904918357975,0.014997045199076334,0.0021518071492513022,0,135e8f24-42f3-477e-8f3b-d2f63c296b26,20260815,ecs-strict,adverse-ecs-fanout,1,local-adverse-authority
6,12,6,12,1284,1.0,2.0,6,6,6,1.0,1.0,0.0,1.0,1.0,0.5833333333333334,0.5,149.0,0.0,0.08333333333333333,0.0,0.0,0.03031337261199951,0.056694293022155756,0.4675431213992459,0.027512073516845703,0.0008256435394287109,0,06c7106e-abf7-4281-a725-dc18ea9bb2b9,20260815,ecs-strict,adverse-ecs-fanout,1,local-adverse-authority
6,9,6,9,858,1.0,1.5,5,6,6,1.0,0.5,0.0,1.0,1.0,0.4444444444444444,0.33333333333333337,3.0,0.0,0.1111111111111111,0.0,0.0,0.02245330810546875,0.031961679458618164,0.2966508510515391,0.018779635429382324,0.00030191739400227863,0,025f7665-9e52-4369-bba5-15e4474e9ad8,20260815,ecs-strict,adverse-ecs-fanout,1,local-adverse-authority
6,11,6,11,899,1.0,1.8333333333333333,6,6,6,1.0,0.8333333333333334,0.0,1.0,1.0,0.5454545454545454,0.4545454545454546,3506.0,0.0,0.09090909090909091,0.0,0.0,0.036328879269686615,0.06815683841705322,0.49080315607870734,0.03422160943349203,0.0013604164123535156,0,72ed7957-8231-4fa1-9893-d272aa91d114,20260815,ecs-strict,adverse-ecs-fanout,1,local-adverse-authority
6,8,6,8,1086,1.0,1.3333333333333333,5,6,6,1.0,0.3333333333333333,0.0,1.0,1.0,0.375,0.25,58.0,0.0,0.125,0.0,0.0,0.026691854000091553,0.05413578748703003,0.6517575287103807,0.0192871888478597,5.2928924560546875e-05,0,8340605b-3a86-467e-a2bb-8427049da281,20260815,ecs-strict,adverse-ecs-fanout,1,local-adverse-authority
6,10,6,10,872,1.0,1.6666666666666667,6,6,6,1.0,0.6666666666666666,0.0,1.0,1.0,0.5,0.4,60.0,0.0,0.1,0.0,0.0,0.028970503807067872,0.04651323556900024,0.36254637210330126,0.0279316504796346,0.00015032291412353516,0,d43c9460-fc25-428f-bb3e-122723e451e6,20260815,ecs-strict,adverse-ecs-fanout,1,local-adverse-authority
6,10,6,10,920,1.0,1.6666666666666667,6,6,6,1.0,0.6666666666666666,0.0,1.0,1.0,0.5,0.4,1544.0,0.0,0.1,0.0,0.0,0.04695794582366943,0.16346371173858643,1.2478067382572195,0.040870229403177895,0.00017577409744262695,0,386d3a68-2356-4e3a-91c8-b56ce4ef2c8a,20260815,ecs-strict,adverse-ecs-fanout,1,local-adverse-authority
6,10,6,10,952,1.0,1.6666666666666667,5,6,6,1.0,0.6666666666666666,0.0,1.0,1.0,0.5,0.4,20877.0,0.0,0.1,0.0,0.0,0.030008268356323243,0.052171730995178224,0.5103221200227847,0.026095032691955566,0.00018107891082763672,0,dff64790-92cf-4ed4-a986-e5cd4365de5a,20260815,ecs-strict,adverse-ecs-fanout,1,local-adverse-authority
6,11,6,11,1187,1.0,1.8333333333333333,6,6,6,1.0,0.8333333333333334,0.0,1.0,1.0,0.5454545454545454,0.4545454545454546,185.0,0.0,0.09090909090909091,0.0,0.0,0.025018388574773617,0.05393576622009277,0.558358300927665,0.02097936471303304,0.00026702880859375,0,f2c95606-61d1-4198-8aa4-f5269ec7daf5,20260815,ecs-strict,adverse-ecs-fanout,1,local-adverse-authority
6,10,6,10,1032,1.0,1.6666666666666667,5,6,6,1.0,0.6666666666666666,0.0,1.0,1.0,0.5,0.4,20.0,0.0,0.1,0.0,0.0,0.012941956520080566,0.018918192386627196,0.4073404354931373,0.010187864303588867,4.595518112182617e-05,0,b270cdf5-3859-433e-ba02-c3c25ffc9b3c,20260815,ecs-strict,adverse-ecs-fanout,1,local-adverse-authority
6,11,6,11,1108,1.0,1.8333333333333333,6,6,6,1.0,0.8333333333333334,0.0,1.0,1.0,0.5454545454545454,0.4545454545454546,417.0,0.0,0.09090909090909091,0.0,0.0,0.030396049672907047,0.04958367347717285,0.3662101147942041,0.02567179997762044,0.0010436534881591796,0,af063b31-0e78-467a-bdca-4fce6c7356cb,20260815,ecs-strict,adverse-ecs-fanout,1,local-adverse-authority
6,10,6,10,1272,1.0,1.6666666666666667,6,6,6,1.0,0.6666666666666666,0.0,1.0,1.0,0.5,0.4,244.0,0.0,0.1,0.0,0.0,0.029767107963562012,0.049720585346221924,0.550723632101381,0.023656010627746582,0.0003211498260498047,0,ad3cf14e-bfa1-4299-b188-b4f788622510,20260815,ecs-strict,adverse-ecs-fanout,1,local-adverse-authority
6,11,6,11,933,1.0,1.8333333333333333,5,6,6,1.0,0.8333333333333334,0.0,1.0,1.0,0.5454545454545454,0.4545454545454546,65.0,0.0,0.09090909090909091,0.0,0.0,0.02275187318975275,0.05055105686187744,0.6822843492117798,0.020950675010681152,0.00023622512817382811,0,9710ee0e-e661-469d-b426-3e3c3a24322e,20260815,ecs-strict,adverse-ecs-fanout,1,local-adverse-authority
6,10,6,10,1448,1.0,1.6666666666666667,6,6,6,1.0,0.6666666666666666,0.0,1.0,1.0,0.5,0.4,177.0,0.0,0.1,0.0,0.0,0.033421659469604494,0.06198117733001709,0.5568635914426866,0.030184507369995117,0.00038611888885498047,0,7f720c40-44d2-43d4-9c96-5553f2266a08,20260815,ecs-strict,adverse-ecs-fanout,1,local-adverse-authority
6,11,6,11,1114,1.0,1.8333333333333333,6,6,6,1.0,0.8333333333333334,0.0,1.0,1.0,0.5454545454545454,0.4545454545454546,300.0,0.0,0.09090909090909091,0.0,0.0,0.03488727049394087,0.05085396766662598,0.3175698900977117,0.03159936269124349,0.0017350196838378906,0,48127673-0e04-4690-8110-42434f3ef86e,20260815,ecs-strict,adverse-ecs-fanout,1,local-adverse-authority
6,10,6,10,1096,1.0,1.6666666666666667,6,6,6,1.0,0.6666666666666666,0.0,1.0,1.0,0.5,0.4,230.0,0.0,0.1,0.0,0.0,0.024565672874450682,0.04186488389968872,0.5020366843126517,0.022874315579732258,0.0003814697265625,0,4942f074-ee60-480f-ae35-3d374a42d87f,20260815,ecs-strict,adverse-ecs-fanout,1,local-adverse-authority
6,11,6,11,1091,1.0,1.8333333333333333,6,6,6,1.0,0.8333333333333334,0.0,1.0,1.0,0.5454545454545454,0.4545454545454546,590.0,0.0,0.09090909090909091,0.0,0.0,0.013081485574895685,0.02055680751800537,0.4289581190476339,0.013080199559529623,4.835128784179688e-05,0,618d67b4-ee1a-4e77-9aed-de94985e210e,20260815,ecs-strict,adverse-ecs-fanout,1,local-adverse-authority
6,9,6,9,978,1.0,1.5,6,6,6,1.0,0.5,0.0,1.0,1.0,0.4444444444444444,0.33333333333333337,45.0,0.0,0.1111111111111111,0.0,0.0,0.025562312867906358,0.04543800354003906,0.6390994531718194,0.020825544993082683,3.520647684733073e-05,0,b97103da-fad2-49fd-aa20-61543b6ff07c,20260815,ecs-strict,adverse-ecs-fanout,1,local-adverse-authority
6,10,6,10,1016,1.0,1.6666666666666667,6,6,6,1.0,0.6666666666666666,0.0,1.0,1.0,0.5,0.4,5018.0,0.0,0.1,0.0,0.0,0.015159511566162109,0.030340087413787842,0.6206448518028764,0.01266177495320638,3.808736801147461e-05,0,76c3ccfa-6d0c-4e22-92fb-699914621dac,20260815,ecs-strict,adverse-ecs-fanout,1,local-adverse-authority
6,10,6,10,856,1.0,1.6666666666666667,6,6,6,1.0,0.6666666666666666,0.0,1.0,1.0,0.5,0.4,531.0,0.0,0.1,0.0,0.0,0.04636545181274414,0.15338599681854248,1.169821645256936,0.03863231341044108,0.000462949275970459,0,5038fbb0-d6bc-43cd-8529-9d200d86d047,20260815,ecs-strict,adverse-ecs-fanout,1,local-adverse-authority
6,10,6,10,1080,1.0,1.6666666666666667,6,6,6,1.0,0.6666666666666666,0.0,1.0,1.0,0.5,0.4,196.0,0.0,0.1,0.0,0.0,0.054906153678894044,0.13067542314529418,0.7226359810762416,0.0441748301188151,0.0005601048469543457,0,4cc1197a-d9cf-4cde-a5ad-de57324eb5f5,20260815,ecs-strict,adverse-ecs-fanout,1,local-adverse-authority
6,10,6,10,968,1.0,1.6666666666666667,6,6,6,1.0,0.6666666666666666,0.0,1.0,1.0,0.5,0.4,231.0,0.0,0.1,0.0,0.0,0.02912576198577881,0.07340240478515625,0.7851024328398175,0.02644658088684082,4.398822784423828e-05,0,3e84910a-5166-4d96-a298-483014939afd,20260815,ecs-strict,adverse-ecs-fanout,1,local-adverse-authority
6,10,6,10,904,1.0,1.6666666666666667,6,6,6,1.0,0.6666666666666666,0.0,1.0,1.0,0.5,0.4,4621.0,0.0,0.1,0.0,0.0,0.0257767915725708,0.05764750242233276,0.6852556677869872,0.02060254414876302,3.629922866821289e-05,0,b0136344-1c56-44b4-a82b-434adf5818de,20260815,ecs-strict,adverse-ecs-fanout,1,local-adverse-authority
6,12,6,12,1098,1.0,2.0,6,6,6,1.0,1.0,0.0,1.0,1.0,0.5833333333333334,0.5,3.0,0.0,0.08333333333333333,0.0,0.0,0.0311009685198466,0.079302978515625,0.7664527146688965,0.029048720995585125,4.0253003438313804e-05,0,1214f4c4-34d8-4dfe-8205-227e5184f151,20260815,ecs-strict,adverse-ecs-fanout,1,local-adverse-authority
6,10,6,10,1240,1.0,1.6666666666666667,6,6,6,1.0,0.6666666666666666,0.0,1.0,1.0,0.5,0.4,60.0,0.0,0.1,0.0,0.0,0.009733009338378906,0.019847881793975827,0.6612078809392967,0.009746313095092773,3.3915042877197266e-05,0,b5f9e781-8a22-4b40-8e0e-fdcfa9b1aab0,20260815,ecs-strict,adverse-ecs-fanout,1,local-adverse-authority
6,9,6,9,843,1.0,1.5,6,6,6,1.0,0.5,0.0,1.0,1.0,0.4444444444444444,0.33333333333333337,20.0,0.0,0.1111111111111111,0.0,0.0,0.03521871566772461,0.07273535728454589,0.6836284662804419,0.034009178479512535,2.9246012369791668e-05,0,4ca77e96-32e6-4510-b9ce-98b8ff41d67d,20260815,ecs-strict,adverse-ecs-fanout,1,local-adverse-authority
6,9,6,9,1101,1.0,1.5,6,6,6,1.0,0.5,0.0,1.0,1.0,0.4444444444444444,0.33333333333333337,300.0,0.0,0.1111111111111111,0.0,0.0,0.035982767740885414,0.1206136703491211,1.2719537522361233,0.027011513710021973,0.00024215380350748697,0,9baea6a0-8e78-4567-9286-f7be7de75609,20260815,ecs-strict,adverse-ecs-fanout,1,local-adverse-authority
6,10,6,10,1336,1.0,1.6666666666666667,5,6,6,1.0,0.6666666666666666,0.0,1.0,1.0,0.5,0.4,300.0,0.0,0.1,0.0,0.0,0.041891050338745114,0.1397794723510742,1.185693101415037,0.0349807341893514,5.537271499633789e-05,0,b466960b-1bee-448a-9457-48b7175d9f42,20260815,ecs-strict,adverse-ecs-fanout,1,local-adverse-authority
6,12,6,12,1038,1.0,2.0,6,6,6,1.0,1.0,0.0,1.0,1.0,0.5833333333333334,0.5,60.0,0.0,0.08333333333333333,0.0,0.0,0.022430698076883953,0.06263939142227173,0.8915848160132439,0.0219951073328654,4.116694132486979e-05,0,ae808672-bf1b-46be-9722-1f61e669b080,20260815,ecs-strict,adverse-ecs-fanout,1,local-adverse-authority
6,10,6,10,952,1.0,1.6666666666666667,6,6,6,1.0,0.6666666666666666,0.0,1.0,1.0,0.5,0.4,30.0,0.0,0.1,0.0,0.0,0.013313794136047363,0.02901315689086914,0.666253628311529,0.011985500653584799,2.5928020477294922e-05,0,d4bfcb74-de02-4434-8138-c9aa0f751042,20260815,ecs-strict,adverse-ecs-fanout,1,local-adverse-authority
