n_client_queries,n_client_responses,n_upstream_queries,n_upstream_responses,total_wire_bytes,upstream_client_ratio,response_multiplicity,max_active_upstream,distinct_client_ecs,distinct_upstream_ecs,ecs_fanout,missing_ecs_rate,ecs_mismatch_rate,txid_entropy,sport_entropy,answer_uniqueness,answer_disagreement,ttl_mean,ttl_cv,rcode_diversity,servfail_rate,state_reuse_rate,client_latency_mean,client_latency_p95,client_latency_cv,upstream_latency_mean,response_race_gap_mean,n_timeouts,episode_id,seed,policy,condition,label,resolver_used
1,1,1,1,184,1.0,1.0,1,0,0,0.0,0.0,0.0,-0.0,-0.0,1.0,0.0,300.0,0.0,1.0,0.0,0.0,0.004160404205322266,0.004160404205322266,0.0,0.003154277801513672,0.0,0,d06eae4a-b64a-4a70-a2ac-49b52819f183,20260814,aggregate,benign-plain,0,opendns
1,1,1,1,358,1.0,1.0,1,0,0,0.0,0.0,0.0,-0.0,-0.0,1.0,0.0,209.0,0.0,1.0,0.0,0.0,0.0034537315368652344,0.0034537315368652344,0.0,0.002677440643310547,0.0,0,e8d3b406-d034-485e-ab9e-db3136c8c168,20260814,aggregate,benign-plain,0,cloudflare
1,1,1,1,110,1.0,1.0,1,0,0,0.0,0.0,0.0,-0.0,-0.0,1.0,0.0,3.0,0.0,1.0,0.0,0.0,0.0018868446350097656,0.0018868446350097656,0.0,0.0014095306396484375,0.0,0,ffce955f-7b4c-47f7-b3cc-0a577f1f7818,20260814,aggregate,benign-plain,0,google
1,1,1,1,110,1.0,1.0,1,0,0,0.0,0.0,0.0,-0.0,-0.0,1.0,0.0,45.0,0.0,1.0,0.0,0.0,0.0028166770935058594,0.0028166770935058594,0.0,0.0025620460510253906,0.0,0,5d3cb609-b477-4802-84fc-07b708ce2208,20260814,aggregate,benign-plain,0,cloudflare
1,1,1,1,272,1.0,1.0,1,0,0,0.0,0.0,0.0,-0.0,-0.0,1.0,0.0,70.0,0.0,1.0,0.0,0.0,0.005622148513793945,0.005622148513793945,0.0,0.004620075225830078,0.0,0,474e7080-58bd-4d2f-bae6-6fb4077df13c,20260814,aggregate,benign-plain,0,google
1,1,1,1,124,1.0,1.0,1,0,0,0.0,0.0,0.0,-0.0,-0.0,1.0,0.0,756.0,0.0,1.0,0.0,0.0,0.008360147476196289,0.008360147476196289,0.0,0.008088827133178711,0.0,0,7d2c5640-0a5b-40cd-8533-4c75ea9c156e,20260814,aggregate,benign-plain,0,cloudflare
1,1,1,1,140,1.0,1.0,1,0,0,0.0,0.0,0.0,-0.0,-0.0,1.0,0.0,41.0,0.0,1.0,0.0,0.0,0.00301361083984375,0.00301361083984375,0.0,0.002729177474975586,0.0,0,a28e1d69-5e0d-4134-a741-03ab3a752c9d,20260814,aggregate,benign-plain,0,cloudflare
1,1,1,1,144,1.0,1.0,1,0,0,0.0,0.0,0.0,-0.0,-0.0,1.0,0.0,60.0,0.0,1.0,0.0,0.0,0.016412019729614258,0.016412019729614258,0.0,0.01627826690673828,0.0,0,3f2aeec4-66cd-4bb3-8fd8-fcd5792fbadf,20260814,aggregate,benign-plain,0,opendns
1,1,1,1,102,1.0,1.0,1,0,0,0.0,0.0,0.0,-0.0,-0.0,1.0,0.0,20.0,0.0,1.0,0.0,0.0,0.023175954818725586,0.023175954818725586,0.0,0.02062225341796875,0.0,0,ae83ca41-a500-4bf5-af86-ddb5783e429f,20260814,aggregate,benign-plain,0,quad9
1,1,1,1,224,1.0,1.0,1,0,0,0.0,0.0,0.0,-0.0,-0.0,1.0,0.0,164.0,0.0,1.0,0.0,0.0,0.0023636817932128906,0.0023636817932128906,0.0,0.0017244815826416016,0.0,0,19823e6b-a70c-4c9b-ad5d-b66b3ced7728,20260814,aggregate,benign-plain,0,cloudflare
1,1,1,1,224,1.0,1.0,1,0,0,0.0,0.0,0.0,-0.0,-0.0,1.0,0.0,200.0,0.0,1.0,0.0,0.0,0.018772125244140625,0.018772125244140625,0.0,0.00617218017578125,0.0,0,d4966697-62bd-4beb-8c10-107ab560ad98,20260814,aggregate,benign-plain,0,cloudflare
1,1,1,1,122,1.0,1.0,1,0,0,0.0,0.0,0.0,-0.0,-0.0,1.0,0.0,13.0,0.0,1.0,0.0,0.0,0.025789737701416016,0.025789737701416016,0.0,0.024175643920898438,0.0,0,72e24fbb-3e90-4746-8053-db4ceee7378b,20260814,aggregate,benign-plain,0,quad9
1,1,1,1,98,1.0,1.0,1,0,0,0.0,0.0,0.0,-0.0,-0.0,1.0,0.0,300.0,0.0,1.0,0.0,0.0,0.015952587127685547,0.015952587127685547,0.0,0.015021085739135742,0.0,0,d246e4e2-fa57-423d-b66f-2a00eb0eace8,20260814,aggregate,benign-plain,0,cloudflare
1,1,1,1,96,1.0,1.0,1,0,0,0.0,0.0,0.0,-0.0,-0.0,1.0,0.0,532.0,0.0,1.0,0.0,0.0,0.022748470306396484,0.022748470306396484,0.0,0.02077937126159668,0.0,0,59090842-1d72-449d-9da8-1051486d2656,20260814,aggregate,benign-plain,0,google
1,1,1,1,136,1.0,1.0,1,0,0,0.0,0.0,0.0,-0.0,-0.0,1.0,0.0,1227.0,0.0,1.0,0.0,0.0,0.008186817169189453,0.008186817169189453,0.0,0.002041339874267578,0.0,0,df14d6f9-dbb9-4765-9747-9f762e8b3c97,20260814,aggregate,benign-plain,0,google
1,1,1,1,108,1.0,1.0,1,0,0,0.0,0.0,0.0,-0.0,-0.0,1.0,0.0,300.0,0.0,1.0,0.0,0.0,0.023352861404418945,0.023352861404418945,0.0,0.01518702507019043,0.0,0,e3332550-6c3b-41ed-93d0-9c3da143e0cf,20260814,aggregate,benign-plain,0,quad9
1,1,1,1,114,1.0,1.0,1,0,0,0.0,0.0,0.0,-0.0,-0.0,1.0,0.0,60.0,0.0,1.0,0.0,0.0,0.017847299575805664,0.017847299575805664,0.0,0.016656160354614258,0.0,0,38b1f353-5184-44f4-9735-0eb704074bf5,20260814,aggregate,benign-plain,0,quad9
1,1,1,1,96,1.0,1.0,1,0,0,0.0,0.0,0.0,-0.0,-0.0,1.0,0.0,87.0,0.0,1.0,0.0,0.0,0.003608226776123047,0.003608226776123047,0.0,0.003522634506225586,0.0,0,1dad7914-fd6e-4e85-90a1-893dbae62409,20260814,aggregate,benign-plain,0,quad9
1,1,1,1,156,1.0,1.0,1,0,0,0.0,0.0,0.0,-0.0,-0.0,1.0,0.0,22.0,0.0,1.0,0.0,0.0,0.0025794506072998047,0.0025794506072998047,0.0,0.0025382041931152344,0.0,0,9749dbd4-cb7c-43da-86f9-9b44e61c5b77,20260814,aggregate,benign-plain,0,opendns
1,1,1,1,92,1.0,1.0,1,0,0,0.0,0.0,0.0,-0.0,-0.0,1.0,0.0,300.0,0.0,1.0,0.0,0.0,0.026757001876831055,0.026757001876831055,0.0,0.026667356491088867,0.0,0,5a7d1d9c-2538-46ea-8021-2d64731f1ebf,20260814,aggregate,benign-plain,0,quad9
1,1,1,1,104,1.0,1.0,1,0,0,0.0,0.0,0.0,-0.0,-0.0,1.0,0.0,1432.0,0.0,1.0,0.0,0.0,0.00237274169921875,0.00237274169921875,0.0,0.0016894340515136719,0.0,0,38c8385e-df1b-4321-9da5-333550c4d87d,20260814,aggregate,benign-plain,0,quad9
1,1,1,1,102,1.0,1.0,1,0,0,0.0,0.0,0.0,-0.0,-0.0,1.0,0.0,107.0,0.0,1.0,0.0,0.0,0.0019876956939697266,0.0019876956939697266,0.0,0.00177764892578125,0.0,0,c85790be-6e11-48d7-a436-a02b5de3cba9,20260814,aggregate,benign-plain,0,opendns
1,1,1,1,96,1.0,1.0,1,0,0,0.0,0.0,0.0,-0.0,-0.0,1.0,0.0,211.0,0.0,1.0,0.0,0.0,0.0022907257080078125,0.0022907257080078125,0.0,0.0020923614501953125,0.0,0,a3fee400-9abc-46da-a255-a54dcaae4e96,20260814,aggregate,benign-plain,0,quad9
1,1,1,1,188,1.0,1.0,1,0,0,0.0,0.0,0.0,-0.0,-0.0,1.0,0.0,300.0,0.0,1.0,0.0,0.0,0.0045833587646484375,0.0045833587646484375,0.0,0.003863811492919922,0.0,0,f39d15ff-9651-4f21-8e85-def967982558,20260814,aggregate,benign-plain,0,opendns
1,1,1,1,114,1.0,1.0,1,0,0,0.0,0.0,0.0,-0.0,-0.0,1.0,0.0,91.0,0.0,1.0,0.0,0.0,0.0021212100982666016,0.0021212100982666016,0.0,0.0018239021301269531,0.0,0,533e2136-7213-44d6-9702-3c8ee1c01cfa,20260814,aggregate,benign-plain,0,google
1,1,1,1,156,1.0,1.0,1,0,0,0.0,0.0,0.0,-0.0,-0.0,1.0,0.0,8.0,0.0,1.0,0.0,0.0,0.0016779899597167969,0.0016779899597167969,0.0,0.0016324520111083984,0.0,0,b3d8cc69-d4d6-4eea-96d6-d273a331aedf,20260814,aggregate,benign-plain,0,cloudflare
1,1,1,1,126,1.0,1.0,1,0,0,0.0,0.0,0.0,-0.0,-0.0,1.0,0.0,154.0,0.0,1.0,0.0,0.0,0.0015685558319091797,0.0015685558319091797,0.0,0.001409769058227539,0.0,0,d1fbed62-f583-4554-992a-aae20184a374,20260814,aggregate,benign-plain,0,cloudflare
1,1,1,1,162,1.0,1.0,1,0,0,0.0,0.0,0.0,-0.0,-0.0,1.0,0.0,3.0,0.0,1.0,0.0,0.0,0.0017442703247070312,0.0017442703247070312,0.0,0.0016093254089355469,0.0,0,d5fd5283-573d-4eaa-aaa1-2105549e3baf,20260814,aggregate,benign-plain,0,google
1,1,1,1,94,1.0,1.0,1,0,0,0.0,0.0,0.0,-0.0,-0.0,1.0,0.0,27.0,0.0,1.0,0.0,0.0,0.0018069744110107422,0.0018069744110107422,0.0,0.0016574859619140625,0.0,0,6f1b3b8e-97d4-4bdf-8f2f-6bf04ead4f65,20260814,aggregate,benign-plain,0,quad9
1,1,1,1,96,1.0,1.0,1,0,0,0.0,0.0,0.0,-0.0,-0.0,1.0,0.0,199.0,0.0,1.0,0.0,0.0,0.0012509822845458984,0.0012509822845458984,0.0,0.0011577606201171875,0.0,0,3b16644d-1ab2-4fec-b868-e79d386ddde9,20260814,aggregate,benign-plain,0,google
1,1,1,1,96,1.0,1.0,1,0,0,0.0,0.0,0.0,-0.0,-0.0,1.0,0.0,493.0,0.0,1.0,0.0,0.0,0.0016942024230957031,0.0016942024230957031,0.0,0.0016241073608398438,0.0,0,271932c5-0316-4534-aa25-b67ed5dce289,20260814,aggregate,benign-plain,0,quad9
1,1,1,1,135,1.0,1.0,1,0,0,0.0,0.0,0.0,-0.0,-0.0,1.0,0.0,10557.5,0.9917594127397584,1.0,0.0,0.0,0.0018093585968017578,0.0018093585968017578,0.0,0.0016956329345703125,0.0,0,b19627d1-1a5f-4141-bf0c-388b41852e80,20260814,aggregate,benign-plain,0,google
1,1,1,1,150,1.0,1.0,1,0,0,0.0,0.0,0.0,-0.0,-0.0,1.0,0.0,60.0,0.0,1.0,0.0,0.0,0.03460526466369629,0.03460526466369629,0.0,0.015302896499633789,0.0,0,5df899c6-00f9-482e-8ddb-1eb9a55c4916,20260814,aggregate,benign-plain,0,quad9
1,1,1,1,108,1.0,1.0,1,0,0,0.0,0.0,0.0,-0.0,-0.0,1.0,0.0,300.0,0.0,1.0,0.0,0.0,0.04404425621032715,0.04404425621032715,0.0,0.04334616661071777,0.0,0,0eb79b7c-f23e-4e70-b379-8b3b21dc930d,20260814,aggregate,benign-plain,0,quad9
1,1,1,1,104,1.0,1.0,1,0,0,0.0,0.0,0.0,-0.0,-0.0,1.0,0.0,20339.0,0.0,1.0,0.0,0.0,0.002173185348510742,0.002173185348510742,0.0,0.00209808349609375,0.0,0,9e0cf6b4-adf5-4d99-ad9f-f2718795b874,20260814,aggregate,benign-plain,0,google
1,1,1,1,92,1.0,1.0,1,0,0,0.0,0.0,0.0,-0.0,-0.0,1.0,0.0,134.0,0.0,1.0,0.0,0.0,0.0019083023071289062,0.0019083023071289062,0.0,0.001703500747680664,0.0,0,bf45d6d0-8c09-4865-ba04-f0501678d5e7,20260814,aggregate,benign-plain,0,cloudflare
1,1,1,1,92,1.0,1.0,1,0,0,0.0,0.0,0.0,-0.0,-0.0,1.0,0.0,300.0,0.0,1.0,0.0,0.0,0.014299869537353516,0.014299869537353516,0.0,0.014259099960327148,0.0,0,84bcda29-66fa-4368-9ba2-2f7d4b0963ef,20260814,aggregate,benign-plain,0,quad9
1,1,1,1,136,1.0,1.0,1,0,0,0.0,0.0,0.0,-0.0,-0.0,1.0,0.0,60.0,0.0,1.0,0.0,0.0,0.01617741584777832,0.01617741584777832,0.0,0.016135692596435547,0.0,0,36de84cf-cfe4-4ac2-8600-3e9b38a4e3f2,20260814,aggregate,benign-plain,0,quad9
1,1,1,1,88,1.0,1.0,1,0,0,0.0,0.0,0.0,-0.0,-0.0,1.0,0.0,600.0,0.0,1.0,0.0,0.0,0.013831615447998047,0.013831615447998047,0.0,0.01363825798034668,0.0,0,78c88b26-5c24-4a33-af89-b5922db27ec5,20260814,aggregate,benign-plain,0,opendns
1,1,1,1,94,1.0,1.0,1,0,0,0.0,0.0,0.0,-0.0,-0.0,1.0,0.0,20.0,0.0,1.0,0.0,0.0,0.0195920467376709,0.0195920467376709,0.0,0.018936872482299805,0.0,0,6142135b-c3b1-489e-a6c7-6c5b0788fbc9,20260814,aggregate,benign-plain,0,cloudflare
1,1,1,1,116,1.0,1.0,1,0,0,0.0,0.0,0.0,-0.0,-0.0,1.0,0.0,21600.0,0.0,1.0,0.0,0.0,0.014194726943969727,0.014194726943969727,0.0,0.013779163360595703,0.0,0,d33d6ed3-302d-4351-9368-7552d1d2e0c4,20260814,aggregate,benign-plain,0,quad9
1,1,1,1,118,1.0,1.0,1,0,0,0.0,0.0,0.0,-0.0,-0.0,1.0,0.0,60.0,0.0,1.0,0.0,0.0,0.013399362564086914,0.013399362564086914,0.0,0.01331472396850586,0.0,0,b815e83f-cf60-4d65-ad97-47e2936ac86a,20260814,aggregate,benign-plain,0,opendns
1,1,1,1,135,1.0,1.0,1,0,0,0.0,0.0,0.0,-0.0,-0.0,1.0,0.0,7198.5,0.9749947905813712,1.0,0.0,0.0,0.02756977081298828,0.02756977081298828,0.0,0.02608323097229004,0.0,0,0b8331ae-e62b-4414-98fe-f4b673bc591c,20260814,aggregate,benign-plain,0,quad9
1,1,1,1,135,1.0,1.0,1,0,0,0.0,0.0,0.0,-0.0,-0.0,1.0,0.0,10736.0,0.9832339791356185,1.0,0.0,0.0,0.01939678192138672,0.01939678192138672,0.0,0.01934361457824707,0.0,0,1d468e22-c352-41f6-b884-1785e8d55eff,20260814,aggregate,benign-plain,0,quad9
1,1,1,1,140,1.0,1.0,1,0,0,0.0,0.0,0.0,-0.0,-0.0,1.0,0.0,60.0,0.0,1.0,0.0,0.0,0.03741168975830078,0.03741168975830078,0.0,0.035921335220336914,0.0,0,812ab8af-3bc1-4ec0-b667-eadf6d6a4623,20260814,aggregate,benign-plain,0,opendns
1,1,1,1,144,1.0,1.0,1,0,0,0.0,0.0,0.0,-0.0,-0.0,1.0,0.0,60.0,0.0,1.0,0.0,0.0,0.04379153251647949,0.04379153251647949,0.0,0.042315006256103516,0.0,0,62c55f5a-53b5-4779-ad4f-d93654b9ca39,20260814,aggregate,benign-plain,0,cloudflare
1,1,1,1,150,1.0,1.0,1,0,0,0.0,0.0,0.0,-0.0,-0.0,1.0,0.0,60.0,0.0,1.0,0.0,0.0,0.03115701675415039,0.03115701675415039,0.0,0.031124114990234375,0.0,0,8a3a2752-44f6-48b9-a856-15026c95f3db,20260814,aggregate,benign-plain,0,google
1,1,1,1,138,1.0,1.0,1,0,0,0.0,0.0,0.0,-0.0,-0.0,1.0,0.0,300.0,0.0,1.0,0.0,0.0,0.014584064483642578,0.014584064483642578,0.0,0.014478206634521484,0.0,0,4ed20cdc-229b-4715-8dbe-f5f758b67683,20260814,aggregate,benign-plain,0,opendns
1,1,1,1,195,1.0,1.0,1,0,0,0.0,0.0,0.0,-0.0,-0.0,1.0,0.0,526.0,1.2865877403836716,1.0,0.0,0.0,0.1121683120727539,0.1121683120727539,0.0,0.11210989952087402,0.0,0,b00ff10a-a20b-4401-86e5-698839bdbb31,20260814,aggregate,benign-plain,0,quad9
1,1,1,1,124,1.0,1.0,1,0,0,0.0,0.0,0.0,-0.0,-0.0,1.0,0.0,371.0,0.0,1.0,0.0,0.0,0.0022695064544677734,0.0022695064544677734,0.0,0.002045154571533203,0.0,0,bf14ddcd-6b77-4de2-8ce1-c7b86fa654b6,20260814,aggregate,benign-plain,0,quad9
1,1,1,1,106,1.0,1.0,1,0,0,0.0,0.0,0.0,-0.0,-0.0,1.0,0.0,20.0,0.0,1.0,0.0,0.0,0.019739151000976562,0.019739151000976562,0.0,0.01951432228088379,0.0,0,5b81de6b-937b-464a-8867-abb8f7214699,20260814,aggregate,benign-plain,0,cloudflare
1,1,1,1,110,1.0,1.0,1,0,0,0.0,0.0,0.0,-0.0,-0.0,1.0,0.0,9.0,0.0,1.0,0.0,0.0,0.001996755599975586,0.001996755599975586,0.0,0.0017452239990234375,0.0,0,c9c67151-a528-4638-bd00-1ef5ff88517a,20260814,aggregate,benign-plain,0,google
1,1,1,1,126,1.0,1.0,1,0,0,0.0,0.0,0.0,-0.0,-0.0,1.0,0.0,58.0,0.0,1.0,0.0,0.0,0.0018115043640136719,0.0018115043640136719,0.0,0.0016112327575683594,0.0,0,d6b09f42-96da-45e2-96de-dc2b5daa866d,20260814,aggregate,benign-plain,0,opendns
1,1,1,1,134,1.0,1.0,1,0,0,0.0,0.0,0.0,-0.0,-0.0,1.0,0.0,4.0,0.0,1.0,0.0,0.0,0.0017139911651611328,0.0017139911651611328,0.0,0.0015215873718261719,0.0,0,a58403c3-748f-4a75-b282-750f1310560b,20260814,aggregate,benign-plain,0,cloudflare
1,1,1,1,136,1.0,1.0,0,0,0,0.0,0.0,0.0,-0.0,-0.0,1.0,0.0,20.0,0.0,1.0,0.0,0.0,2.5054948329925537,2.5054948329925537,0.0,0.0,0.0,0,7ba024fe-1aac-4048-bd97-434ab6c705c1,20260814,aggregate,benign-plain,0,cloudflare
1,1,1,1,134,1.0,1.0,0,0,0,0.0,0.0,0.0,-0.0,-0.0,1.0,0.0,144.0,0.0,1.0,0.0,0.0,2.5058536529541016,2.5058536529541016,0.0,0.0,0.0,0,12e4bac0-da48-43e0-b114-53b8199f54f6,20260814,aggregate,benign-plain,0,google
1,1,1,1,96,1.0,1.0,0,0,0,0.0,0.0,0.0,-0.0,-0.0,1.0,0.0,208.0,0.0,1.0,0.0,0.0,2.5050601959228516,2.5050601959228516,0.0,0.0,0.0,0,c1cc69c4-a561-4dbc-acc2-f3dd061cb342,20260814,aggregate,benign-plain,0,quad9
1,1,1,1,106,1.0,1.0,1,0,0,0.0,0.0,0.0,-0.0,-0.0,1.0,0.0,3556.0,0.0,1.0,0.0,0.0,0.002194643020629883,0.002194643020629883,0.0,0.0020377635955810547,0.0,0,996b6470-b93c-4f21-886b-bb126490df81,20260814,aggregate,benign-plain,0,google
1,1,1,1,96,1.0,1.0,0,0,0,0.0,0.0,0.0,-0.0,-0.0,1.0,0.0,63.0,0.0,1.0,0.0,0.0,2.5047993659973145,2.5047993659973145,0.0,0.0,0.0,0,49c4d72d-8cf6-43bd-8847-235038b9f87c,20260814,aggregate,benign-plain,0,quad9
1,1,1,1,88,1.0,1.0,1,0,0,0.0,0.0,0.0,-0.0,-0.0,1.0,0.0,82.0,0.0,1.0,0.0,0.0,0.0016095638275146484,0.0016095638275146484,0.0,0.0014052391052246094,0.0,0,a19bf86a-401c-47ee-9abf-65bbd388c0f5,20260814,aggregate,benign-plain,0,cloudflare
1,1,1,1,122,1.0,1.0,1,0,0,0.0,0.0,0.0,-0.0,-0.0,1.0,0.0,230.0,0.0,1.0,0.0,0.0,0.0019876956939697266,0.0019876956939697266,0.0,0.0014567375183105469,0.0,0,22bc7e6e-06b5-4adc-922f-a3205be631c8,20260814,aggregate,benign-plain,0,cloudflare
1,1,1,1,224,1.0,1.0,1,0,0,0.0,0.0,0.0,-0.0,-0.0,1.0,0.0,197.0,0.0,1.0,0.0,0.0,0.0023810863494873047,0.0023810863494873047,0.0,0.0018374919891357422,0.0,0,0a30b5cf-1e71-48cd-a69c-fa58f0af4a40,20260814,aggregate,benign-plain,0,google
1,1,1,1,122,1.0,1.0,0,0,0,0.0,0.0,0.0,-0.0,-0.0,1.0,0.0,116.0,0.0,1.0,0.0,0.0,2.5038890838623047,2.5038890838623047,0.0,0.0,0.0,0,8e9a6d74-4731-4427-b5dd-fec6a1e6a48d,20260814,aggregate,benign-plain,0,quad9
1,1,1,1,120,1.0,1.0,0,0,0,0.0,0.0,0.0,-0.0,-0.0,1.0,0.0,8.0,0.0,1.0,0.0,0.0,2.5062341690063477,2.5062341690063477,0.0,0.0,0.0,0,dec5ddf4-9aa8-4587-b206-eb54e2afd0af,20260814,aggregate,benign-plain,0,quad9
1,1,1,1,92,1.0,1.0,1,0,0,0.0,0.0,0.0,-0.0,-0.0,1.0,0.0,300.0,0.0,1.0,0.0,0.0,0.0027129650115966797,0.0027129650115966797,0.0,0.002625703811645508,0.0,0,c5390ea4-ae6c-447f-ae6e-139e71e808b2,20260814,aggregate,benign-plain,0,opendns
1,1,1,1,118,1.0,1.0,1,0,0,0.0,0.0,0.0,-0.0,-0.0,1.0,0.0,148.0,0.0,1.0,0.0,0.0,0.0014543533325195312,0.0014543533325195312,0.0,0.00136566162109375,0.0,0,7584289b-5844-4d05-bf0c-35c433271a9d,20260814,aggregate,benign-plain,0,opendns
1,1,1,1,122,1.0,1.0,1,0,0,0.0,0.0,0.0,-0.0,-0.0,1.0,0.0,689.0,0.0,1.0,0.0,0.0,0.0016620159149169922,0.0016620159149169922,0.0,0.0015392303466796875,0.0,0,8c631460-424c-4a7e-856c-04bc89d98fd2,20260814,aggregate,benign-plain,0,google
1,1,1,1,110,1.0,1.0,1,0,0,0.0,0.0,0.0,-0.0,-0.0,1.0,0.0,82.0,0.0,1.0,0.0,0.0,0.001939535140991211,0.001939535140991211,0.0,0.0015172958374023438,0.0,0,62830578-11ca-446a-a5d9-ff8af1a5af16,20260814,aggregate,benign-plain,0,opendns
1,1,1,1,96,1.0,1.0,1,0,0,0.0,0.0,0.0,-0.0,-0.0,1.0,0.0,59.0,0.0,1.0,0.0,0.0,0.0019373893737792969,0.0019373893737792969,0.0,0.0018548965454101562,0.0,0,88d0d2b5-bdf8-403e-b76c-68683a93cf5f,20260814,aggregate,benign-plain,0,quad9
1,1,1,1,152,1.0,1.0,1,0,0,0.0,0.0,0.0,-0.0,-0.0,1.0,0.0,1342.0,0.0,1.0,0.0,0.0,0.0014033317565917969,0.0014033317565917969,0.0,0.0013353824615478516,0.0,0,d252a472-d237-4e1e-a59f-3c0845e8a00f,20260814,aggregate,benign-plain,0,google
1,1,1,1,116,1.0,1.0,1,0,0,0.0,0.0,0.0,-0.0,-0.0,1.0,0.0,17742.0,0.0,1.0,0.0,0.0,0.0009365081787109375,0.0009365081787109375,0.0,0.0008597373962402344,0.0,0,094826e4-81d2-449d-90eb-9dc93ee8a4b1,20260814,aggregate,benign-plain,0,opendns
1,1,1,1,86,1.0,1.0,1,0,0,0.0,0.0,0.0,-0.0,-0.0,1.0,0.0,365.0,0.0,1.0,0.0,0.0,0.0015935897827148438,0.0015935897827148438,0.0,0.0015208721160888672,0.0,0,1910a7c2-82c5-4ea1-80cb-7d9f77e3d780,20260814,aggregate,benign-plain,0,cloudflare
1,1,1,1,140,1.0,1.0,1,0,0,0.0,0.0,0.0,-0.0,-0.0,1.0,0.0,60.0,0.0,1.0,0.0,0.0,0.013615608215332031,0.013615608215332031,0.0,0.013362884521484375,0.0,0,a9e634fb-afc5-48be-925f-71453aca4b52,20260814,aggregate,benign-plain,0,quad9
1,1,1,1,134,1.0,1.0,1,0,0,0.0,0.0,0.0,-0.0,-0.0,1.0,0.0,202.0,0.0,1.0,0.0,0.0,0.0014140605926513672,0.0014140605926513672,0.0,0.0012552738189697266,0.0,0,c0a2ce58-e9f7-4124-8f05-83bd74209ecc,20260814,aggregate,benign-plain,0,quad9
1,1,1,1,92,1.0,1.0,1,0,0,0.0,0.0,0.0,-0.0,-0.0,1.0,0.0,1236.0,0.0,1.0,0.0,0.0,0.0018851757049560547,0.0018851757049560547,0.0,0.0017371177673339844,0.0,0,b7d375f0-0bac-4081-b1ad-f6eab48ba6b5,20260814,aggregate,benign-plain,0,quad9
1,1,1,1,96,1.0,1.0,1,0,0,0.0,0.0,0.0,-0.0,-0.0,1.0,0.0,20.0,0.0,1.0,0.0,0.0,0.01392364501953125,0.01392364501953125,0.0,0.013246297836303711,0.0,0,990ac8ee-ae33-4064-b9fb-909f34190164,20260814,aggregate,benign-plain,0,quad9
1,1,1,1,146,1.0,1.0,1,0,0,0.0,0.0,0.0,-0.0,-0.0,1.0,0.0,32.0,0.0,1.0,0.0,0.0,0.0017004013061523438,0.0017004013061523438,0.0,0.0015189647674560547,0.0,0,36e386c1-3753-4126-9416-2c12c70b6bea,20260814,aggregate,benign-plain,0,cloudflare
1,1,1,1,82,1.0,1.0,0,0,0,0.0,0.0,0.0,-0.0,-0.0,1.0,0.0,111.0,0.0,1.0,0.0,0.0,2.504929542541504,2.504929542541504,0.0,0.0,0.0,0,725a1125-b139-4d23-b238-0e253fb83ae6,20260814,aggregate,benign-plain,0,opendns
3,3,1,3,260,0.3333333333333333,1.0,1,1,1,1.0,0.0,0.0,-0.0,-0.0,0.3333333333333333,0.0,119.0,0.0,0.3333333333333333,0.0,0.6666666666666666,0.001342455546061198,0.0016557216644287108,0.19866025706701487,0.0013685226440429688,0.0,0,109c27bb-6cf6-428c-b927-82a518d49955,20260814,aggregate,benign-ecs-stable,0,cloudflare
1,1,1,1,137,1.0,1.0,0,0,0,0.0,0.0,0.0,-0.0,-0.0,1.0,0.0,10346.0,0.982601971776532,1.0,0.0,0.0,2.5280792713165283,2.5280792713165283,0.0,0.0,0.0,0,138984c3-33de-4db8-b665-17b51d865def,20260814,aggregate,benign-plain,0,quad9
3,3,1,3,376,0.3333333333333333,1.0,1,1,1,1.0,0.0,0.0,-0.0,-0.0,0.3333333333333333,0.0,5.0,0.0,0.3333333333333333,0.0,0.6666666666666666,0.002084493637084961,0.0023057222366333007,0.09595955322700532,0.0022568702697753906,0.0,0,0a8d5b59-2127-4041-8d3f-fa4cda02e8e2,20260814,aggregate,benign-ecs-stable,0,google
1,1,1,1,142,1.0,1.0,0,0,0,0.0,0.0,0.0,-0.0,-0.0,1.0,0.0,60.0,0.0,1.0,0.0,0.0,2.5360536575317383,2.5360536575317383,0.0,0.0,0.0,0,9db9c889-93ce-438b-a674-092c0bb6df00,20260814,aggregate,benign-plain,0,opendns
1,1,1,1,164,1.0,1.0,1,0,0,0.0,0.0,0.0,-0.0,-0.0,1.0,0.0,53.0,0.18678292333229557,1.0,0.0,0.0,0.01300358772277832,0.01300358772277832,0.0,0.012918233871459961,0.0,0,aa4e91e0-739f-44db-8c45-d2e40478b98c,20260814,aggregate,benign-plain,0,cloudflare
3,3,1,3,224,0.3333333333333333,1.0,1,1,1,1.0,0.0,0.0,-0.0,-0.0,0.3333333333333333,0.0,300.0,0.0,0.3333333333333333,0.0,0.6666666666666666,0.0034929116566975913,0.003706192970275879,0.06686486398593242,0.0035648345947265625,0.0,0,2700ec02-00db-4566-a358-ed6369ca231d,20260814,aggregate,benign-ecs-stable,0,cloudflare
1,1,1,1,88,1.0,1.0,1,0,0,0.0,0.0,0.0,-0.0,-0.0,1.0,0.0,300.0,0.0,1.0,0.0,0.0,0.02355790138244629,0.02355790138244629,0.0,0.023505449295043945,0.0,0,788250d9-d88a-44d1-be27-950a57985411,20260814,aggregate,benign-plain,0,opendns
3,3,1,3,268,0.3333333333333333,1.0,1,1,1,1.0,0.0,0.0,-0.0,-0.0,0.3333333333333333,0.0,300.0,0.0,0.3333333333333333,0.0,0.6666666666666666,0.002553224563598633,0.002747964859008789,0.06609260893889017,0.0025937557220458984,0.0,0,fa525c31-5001-4b1c-8c17-8f5db4ca737d,20260814,aggregate,benign-ecs-stable,0,opendns
3,3,1,3,376,0.3333333333333333,1.0,1,1,1,1.0,0.0,0.0,-0.0,-0.0,0.3333333333333333,0.0,3.0,0.0,0.3333333333333333,0.0,0.6666666666666666,0.0018875598907470703,0.002455329895019531,0.31116349777411184,0.0023975372314453125,0.0,0,796831df-9271-4f9b-9534-4f5eff4fda65,20260814,aggregate,benign-ecs-stable,0,opendns
1,1,1,1,100,1.0,1.0,1,0,0,0.0,0.0,0.0,-0.0,-0.0,1.0,0.0,60.0,0.0,1.0,0.0,0.0,0.018645763397216797,0.018645763397216797,0.0,0.018541812896728516,0.0,0,db14deb1-02e8-4ec5-b97f-20b2a661ec5e,20260814,aggregate,benign-plain,0,quad9
1,1,1,1,166,1.0,1.0,1,0,0,0.0,0.0,0.0,-0.0,-0.0,1.0,0.0,60.0,0.0,1.0,0.0,0.0,0.034890174865722656,0.034890174865722656,0.0,0.03482460975646973,0.0,0,091861d6-af2b-47ae-97a5-6d3eb706dc85,20260814,aggregate,benign-plain,0,quad9
3,3,1,3,244,0.3333333333333333,1.0,1,1,1,1.0,0.0,0.0,-0.0,-0.0,0.3333333333333333,0.0,124.0,0.0,0.3333333333333333,0.0,0.6666666666666666,0.0017723242441813152,0.0019751071929931642,0.09906366828740733,0.0018312931060791016,0.0,0,0aa376fd-a620-4faa-a2b9-287b965203f9,20260814,aggregate,benign-ecs-stable,0,quad9
1,1,1,1,134,1.0,1.0,0,0,0,0.0,0.0,0.0,-0.0,-0.0,1.0,0.0,60.0,0.0,1.0,0.0,0.0,2.517826795578003,2.517826795578003,0.0,0.0,0.0,0,426a23ca-9638-4c3d-b967-9950a7cfd988,20260814,aggregate,benign-plain,0,quad9
1,1,1,1,146,1.0,1.0,0,0,0,0.0,0.0,0.0,-0.0,-0.0,1.0,0.0,60.0,0.0,1.0,0.0,0.0,2.515763282775879,2.515763282775879,0.0,0.0,0.0,0,c5dadfbe-88f4-4fdf-b367-59c8abe45f40,20260814,aggregate,benign-plain,0,google
1,1,1,1,128,1.0,1.0,0,0,0,0.0,0.0,0.0,-0.0,-0.0,1.0,0.0,60.0,0.0,1.0,0.0,0.0,2.5189766883850098,2.5189766883850098,0.0,0.0,0.0,0,5b1f200e-a419-4698-8b39-b1c875a654b8,20260814,aggregate,benign-plain,0,opendns
3,3,1,3,260,0.3333333333333333,1.0,1,1,1,1.0,0.0,0.0,-0.0,-0.0,0.3333333333333333,0.0,60.0,0.0,0.3333333333333333,0.0,0.6666666666666666,0.018864154815673828,0.019179916381835936,0.013887639969041887,0.019141435623168945,0.0,0,f6ce6823-a52a-4e75-bf4f-2f6a6d2b0887,20260814,aggregate,benign-ecs-stable,0,opendns
3,3,1,3,272,0.3333333333333333,1.0,1,1,1,1.0,0.0,0.0,-0.0,-0.0,0.3333333333333333,0.0,300.0,0.0,0.3333333333333333,0.0,0.6666666666666666,0.002836465835571289,0.0030811548233032225,0.07611544992715676,0.0027828216552734375,0.0,0,fc1425cd-decf-4fee-865e-9fda56f282f3,20260814,aggregate,benign-ecs-stable,0,quad9
1,1,1,1,150,1.0,1.0,1,0,0,0.0,0.0,0.0,-0.0,-0.0,1.0,0.0,60.0,0.0,1.0,0.0,0.0,0.03787946701049805,0.03787946701049805,0.0,0.0378260612487793,0.0,0,38c8badb-7bb0-46d2-8018-8b09194fd95b,20260814,aggregate,benign-plain,0,cloudflare
3,3,1,3,532,0.3333333333333333,1.0,1,1,1,1.0,0.0,0.0,-0.0,-0.0,0.3333333333333333,0.0,165.0,0.0,0.3333333333333333,0.0,0.6666666666666666,0.0010952154795328777,0.0023582935333251952,0.9614528122589593,0.002050161361694336,0.0,0,1b683c2b-6026-4548-ae16-69a4d90af71e,20260814,aggregate,benign-ecs-stable,0,google
3,3,1,3,504,0.3333333333333333,1.0,1,1,1,1.0,0.0,0.0,-0.0,-0.0,0.3333333333333333,0.0,300.0,0.0,0.3333333333333333,0.0,0.6666666666666666,0.0028046766916910806,0.003635406494140625,0.26545387751959126,0.0029702186584472656,0.0,0,ebec493a-7b82-4df2-8e2c-921228165909,20260814,aggregate,benign-ecs-stable,0,quad9
3,3,1,3,284,0.3333333333333333,1.0,1,1,1,1.0,0.0,0.0,-0.0,-0.0,0.3333333333333333,0.0,300.0,0.0,0.3333333333333333,0.0,0.6666666666666666,0.003580331802368164,0.004172968864440918,0.15592383321678624,0.002716541290283203,0.0,0,af91eff0-1cc2-45ab-8db7-39a368801010,20260814,aggregate,benign-ecs-stable,0,google
3,3,1,3,361,0.3333333333333333,1.0,1,1,1,1.0,0.0,0.0,-0.0,-0.0,0.3333333333333333,0.0,5.0,0.0,0.3333333333333333,0.0,0.6666666666666666,0.001244942347208659,0.0016254663467407226,0.25912912952032824,0.001068115234375,0.0,0,8d94ab90-f5fb-4d44-87b6-c1e55c931cf4,20260814,aggregate,benign-ecs-stable,0,quad9
3,3,1,3,296,0.3333333333333333,1.0,1,1,1,1.0,0.0,0.0,-0.0,-0.0,0.3333333333333333,0.0,300.0,0.0,0.3333333333333333,0.0,0.6666666666666666,0.013624986012776693,0.01394193172454834,0.01951622749646617,0.013622760772705078,0.0,0,9184cb02-d3ce-404e-b654-c44e24b961b5,20260814,aggregate,benign-ecs-stable,0,cloudflare
1,1,1,1,100,1.0,1.0,0,0,0,0.0,0.0,0.0,-0.0,-0.0,1.0,0.0,20.0,0.0,1.0,0.0,0.0,2.546229839324951,2.546229839324951,0.0,0.0,0.0,0,a544b840-c728-41db-8009-3bc53d0c82c9,20260814,aggregate,benign-plain,0,google
3,3,1,3,248,0.3333333333333333,1.0,1,1,1,1.0,0.0,0.0,-0.0,-0.0,0.3333333333333333,0.0,60.0,0.0,0.3333333333333333,0.0,0.6666666666666666,0.01307527224222819,0.013196039199829101,0.008749459206539759,0.013061285018920898,0.0,0,1c75f28c-436c-4b4f-b2d5-b1ccf0a23b45,20260814,aggregate,benign-ecs-stable,0,google
3,3,1,3,1016,0.3333333333333333,1.0,1,1,1,1.0,0.0,0.0,-0.0,-0.0,0.3333333333333333,0.0,300.0,0.0,0.3333333333333333,0.0,0.6666666666666666,0.0033518473307291665,0.005087542533874512,0.6416665516311735,0.0031905174255371094,0.0,0,6f512147-01ac-4f07-a32c-4cfa3d32fa62,20260814,aggregate,benign-ecs-stable,0,quad9
3,3,1,3,400,0.3333333333333333,1.0,1,1,1,1.0,0.0,0.0,-0.0,-0.0,0.3333333333333333,0.0,60.0,0.0,0.3333333333333333,0.0,0.6666666666666666,0.028642813364664715,0.028834939002990723,0.005835238256800661,0.028606891632080078,0.0,0,23c9e4c5-99b3-41d0-bec6-78504a62e2db,20260814,aggregate,benign-ecs-stable,0,quad9
3,3,1,3,579,0.3333333333333333,1.0,1,1,1,1.0,0.0,0.0,-0.0,-0.0,0.3333333333333333,0.0,2.0,0.0,0.3333333333333333,0.0,0.6666666666666666,0.002775271733601888,0.004714775085449219,0.797189447532546,0.0041081905364990234,0.0,0,ccd4a5c5-3df0-44e3-92ca-f37c9fd98041,20260814,aggregate,benign-ecs-stable,0,quad9
3,3,1,3,353,0.3333333333333333,1.0,1,1,1,1.0,0.0,0.0,-0.0,-0.0,0.3333333333333333,0.0,300.0,0.0,0.3333333333333333,0.0,0.6666666666666666,0.004852692286173503,0.006273889541625976,0.24647035004369744,0.004906177520751953,0.0,0,6cdff06b-2e2e-4828-acd3-904cb153d299,20260814,aggregate,benign-ecs-stable,0,cloudflare
3,3,1,3,284,0.3333333333333333,1.0,1,1,1,1.0,0.0,0.0,-0.0,-0.0,0.3333333333333333,0.0,94.0,0.0,0.3333333333333333,0.0,0.6666666666666666,0.0023040771484375,0.0026126861572265624,0.12572500488108684,0.002089262008666992,0.0,0,4c75beb2-4756-4c08-bac7-a044438d7c71,20260814,aggregate,benign-ecs-stable,0,quad9
3,3,1,3,512,0.3333333333333333,1.0,1,1,1,1.0,0.0,0.0,-0.0,-0.0,0.3333333333333333,0.0,300.0,0.0,0.3333333333333333,0.0,0.6666666666666666,0.003070672353108724,0.0035543203353881835,0.1569428869939755,0.0030846595764160156,0.0,0,ef802896-caa0-459e-9d5b-85e9dfccc6b9,20260814,aggregate,benign-ecs-stable,0,google
3,3,1,3,380,0.3333333333333333,1.0,1,1,1,1.0,0.0,0.0,-0.0,-0.0,0.3333333333333333,0.0,60.0,0.0,0.3333333333333333,0.0,0.6666666666666666,0.015612284342447916,0.016361451148986815,0.045293125261350424,0.016387462615966797,0.0,0,1bf35e52-d45c-4018-8d20-1de03e9d7bbe,20260814,aggregate,benign-ecs-stable,0,opendns
3,3,1,3,244,0.3333333333333333,1.0,1,1,1,1.0,0.0,0.0,-0.0,-0.0,0.3333333333333333,0.0,300.0,0.0,0.3333333333333333,0.0,0.6666666666666666,0.0027448336283365884,0.0030530691146850586,0.1254342104698686,0.003020048141479492,0.0,0,be0962f5-66d4-41c4-8241-5b7cad058010,20260814,aggregate,benign-ecs-stable,0,quad9
3,3,1,3,388,0.3333333333333333,1.0,1,1,1,1.0,0.0,0.0,-0.0,-0.0,0.3333333333333333,0.0,300.0,0.0,0.3333333333333333,0.0,0.6666666666666666,0.002782583236694336,0.003589892387390137,0.2418722535536523,0.0030438899993896484,0.0,0,78013759-78c3-423d-a49e-b8c5041562fc,20260814,aggregate,benign-ecs-stable,0,cloudflare
3,3,1,3,256,0.3333333333333333,1.0,1,1,1,1.0,0.0,0.0,-0.0,-0.0,0.3333333333333333,0.0,60.0,0.0,0.3333333333333333,0.0,0.6666666666666666,0.02925594647725423,0.03026580810546875,0.02876550258175364,0.02964043617248535,0.0,0,fbc73318-0113-4256-9a12-683fc1a7ba0e,20260814,aggregate,benign-ecs-stable,0,google
3,3,1,3,464,0.3333333333333333,1.0,1,1,1,1.0,0.0,0.0,-0.0,-0.0,0.3333333333333333,0.0,146.0,0.0,0.3333333333333333,0.0,0.6666666666666666,0.0014028549194335938,0.0015451431274414063,0.09207103040731902,0.0014574527740478516,0.0,0,eb339edf-450e-47d3-816c-21ea96c32ae2,20260814,aggregate,benign-ecs-stable,0,google
3,3,1,3,571,0.3333333333333333,1.0,1,1,1,1.0,0.0,0.0,-0.0,-0.0,0.3333333333333333,0.0,300.0,0.0,0.3333333333333333,0.0,0.6666666666666666,0.002809921900431315,0.003044438362121582,0.07402859097510227,0.0027654170989990234,0.0,0,8d0215a6-4622-4be7-9d7c-be480b5b47bf,20260814,aggregate,benign-ecs-stable,0,quad9
3,3,1,3,380,0.3333333333333333,1.0,1,1,1,1.0,0.0,0.0,-0.0,-0.0,0.3333333333333333,0.0,60.0,0.0,0.3333333333333333,0.0,0.6666666666666666,0.014289538065592447,0.015413427352905273,0.06517088752444855,0.014958858489990234,0.0,0,05749409-89bf-4eb9-b428-895313b2057b,20260814,aggregate,benign-ecs-stable,0,opendns
3,3,1,3,252,0.3333333333333333,1.0,1,1,1,1.0,0.0,0.0,-0.0,-0.0,0.3333333333333333,0.0,28.0,0.0,0.3333333333333333,0.0,0.6666666666666666,0.001790761947631836,0.0021681785583496094,0.18789524891416137,0.002172708511352539,0.0,0,d45910de-3e39-4915-abb5-0602ad0d428f,20260814,aggregate,benign-ecs-stable,0,cloudflare
3,3,1,3,300,0.3333333333333333,1.0,1,1,1,1.0,0.0,0.0,-0.0,-0.0,0.3333333333333333,0.0,120.0,0.0,0.3333333333333333,0.0,0.6666666666666666,0.012439409891764322,0.012772202491760254,0.025456450093248973,0.012452840805053711,0.0,0,11826263-34a8-4e21-848c-040cb3c3f6d9,20260814,aggregate,benign-ecs-stable,0,google
3,3,1,3,408,0.3333333333333333,1.0,1,1,1,1.0,0.0,0.0,-0.0,-0.0,0.3333333333333333,0.0,60.0,0.0,0.3333333333333333,0.0,0.6666666666666666,0.030897219975789387,0.031120038032531737,0.006251069382287845,0.03020310401916504,0.0,0,3be31b74-4cce-451a-ab53-6adc77a149e4,20260814,aggregate,benign-ecs-stable,0,quad9
3,3,1,3,400,0.3333333333333333,1.0,1,1,1,1.0,0.0,0.0,-0.0,-0.0,0.3333333333333333,0.0,60.0,0.0,0.3333333333333333,0.0,0.6666666666666666,0.03043786684672038,0.03125612735748291,0.025962239549218433,0.03123927116394043,0.0,0,117e623b-34aa-442a-988f-af46128b05a7,20260814,aggregate,benign-ecs-stable,0,quad9
3,3,1,3,400,0.3333333333333333,1.0,1,1,1,1.0,0.0,0.0,-0.0,-0.0,0.3333333333333333,0.0,60.0,0.0,0.3333333333333333,0.0,0.6666666666666666,0.0431209405263265,0.04328043460845947,0.003201026984386058,0.04306459426879883,0.0,0,d13db044-1afd-42fc-9f94-9dd9f8a05e0a,20260814,aggregate,benign-ecs-stable,0,google
3,3,1,3,508,0.3333333333333333,1.0,1,1,1,1.0,0.0,0.0,-0.0,-0.0,0.3333333333333333,0.0,300.0,0.0,0.3333333333333333,0.0,0.6666666666666666,0.0033910274505615234,0.0037143468856811524,0.08813073282712611,0.0032715797424316406,0.0,0,c5eee764-8955-4408-9fcd-f440609b4136,20260814,aggregate,benign-ecs-stable,0,opendns
3,3,1,3,504,0.3333333333333333,1.0,1,1,1,1.0,0.0,0.0,-0.0,-0.0,0.3333333333333333,0.0,300.0,0.0,0.3333333333333333,0.0,0.6666666666666666,0.0021924972534179688,0.002734875679016113,0.2327193420921912,0.002649068832397461,0.0,0,7e9a575e-8680-4731-b770-281069112cec,20260814,aggregate,benign-ecs-stable,0,quad9
3,3,1,3,252,0.3333333333333333,1.0,1,1,1,1.0,0.0,0.0,-0.0,-0.0,0.3333333333333333,0.0,300.0,0.0,0.3333333333333333,0.0,0.6666666666666666,0.0031867027282714844,0.0039010524749755857,0.18829747561515878,0.003654003143310547,0.0,0,3e3d3bcd-d147-4d01-89b1-f3b85f7d7f51,20260814,aggregate,benign-ecs-stable,0,google
3,3,1,3,508,0.3333333333333333,1.0,1,1,1,1.0,0.0,0.0,-0.0,-0.0,0.3333333333333333,0.0,300.0,0.0,0.3333333333333333,0.0,0.6666666666666666,0.002971013387044271,0.0031598806381225586,0.05669034027154537,0.002843618392944336,0.0,0,7db413f9-58c9-44fc-9547-9858d397d824,20260814,aggregate,benign-ecs-stable,0,google
3,3,1,3,571,0.3333333333333333,1.0,1,1,1,1.0,0.0,0.0,-0.0,-0.0,0.3333333333333333,0.0,2.0,0.0,0.3333333333333333,0.0,0.6666666666666666,0.0020333131154378257,0.0022268295288085938,0.09298968229280115,0.002123117446899414,0.0,0,2889e5d6-831b-486c-b460-1d21db1a8054,20260814,aggregate,benign-ecs-stable,0,quad9
3,3,1,3,380,0.3333333333333333,1.0,1,1,1,1.0,0.0,0.0,-0.0,-0.0,0.3333333333333333,0.0,60.0,0.0,0.3333333333333333,0.0,0.6666666666666666,0.029590924580891926,0.030486249923706056,0.02626328739831012,0.030170917510986328,0.0,0,008c0026-7834-411e-b3ee-1c2868b84b56,20260814,aggregate,benign-ecs-stable,0,cloudflare
3,3,1,3,288,0.3333333333333333,1.0,1,1,1,1.0,0.0,0.0,-0.0,-0.0,0.3333333333333333,0.0,2.0,0.0,0.3333333333333333,0.0,0.6666666666666666,0.0023341973622639975,0.0028775930404663086,0.20621041657958417,0.0022084712982177734,0.0,0,9fce848a-19cd-4efc-adb4-9685138f9baf,20260814,aggregate,benign-ecs-stable,0,quad9
3,3,1,3,232,0.3333333333333333,1.0,1,1,1,1.0,0.0,0.0,-0.0,-0.0,0.3333333333333333,0.0,428.0,0.0,0.3333333333333333,0.0,0.6666666666666666,0.0029947757720947266,0.00338137149810791,0.12253491178091874,0.002415180206298828,0.0,0,c7b5cba4-22e3-45de-af5a-2b2f02463bd4,20260814,aggregate,benign-ecs-stable,0,quad9
3,3,1,3,392,0.3333333333333333,1.0,1,1,1,1.0,0.0,0.0,-0.0,-0.0,0.3333333333333333,0.0,60.0,0.0,0.3333333333333333,0.0,0.6666666666666666,0.035274505615234375,0.035758686065673825,0.014085675345842283,0.03574728965759277,0.0,0,6f27404f-87ac-4d7b-afdb-faadb9b12141,20260814,aggregate,benign-ecs-stable,0,google
3,3,1,3,256,0.3333333333333333,1.0,1,1,1,1.0,0.0,0.0,-0.0,-0.0,0.3333333333333333,0.0,99.0,0.0,0.3333333333333333,0.0,0.6666666666666666,0.001872698465983073,0.0030306816101074215,0.5117501222902471,0.0015480518341064453,0.0,0,daa7c2f1-e740-4912-b01f-4dfd3cbd892f,20260814,aggregate,benign-ecs-stable,0,google
3,3,1,3,528,0.3333333333333333,1.0,1,1,1,1.0,0.0,0.0,-0.0,-0.0,0.3333333333333333,0.0,300.0,0.0,0.3333333333333333,0.0,0.6666666666666666,0.003811915715535482,0.0043285608291625975,0.13020118834982533,0.0037589073181152344,0.0,0,1333522d-d4fe-4520-8e09-ed914a9aca67,20260814,aggregate,benign-ecs-stable,0,google
3,3,1,3,256,0.3333333333333333,1.0,1,1,1,1.0,0.0,0.0,-0.0,-0.0,0.3333333333333333,0.0,60.0,0.0,0.3333333333333333,0.0,0.6666666666666666,0.01764225959777832,0.017790579795837404,0.007243394026196079,0.017776966094970703,0.0,0,24e3d75d-cb89-441b-9266-20e2c54d781b,20260814,aggregate,benign-ecs-stable,0,cloudflare
3,3,1,3,464,0.3333333333333333,1.0,1,1,1,1.0,0.0,0.0,-0.0,-0.0,0.3333333333333333,0.0,300.0,0.0,0.3333333333333333,0.0,0.6666666666666666,0.0035994847615559897,0.004172039031982422,0.13960395202014253,0.0038290023803710938,0.0,0,b772d016-bbc2-4ac9-91ac-bc0a7e06ee0d,20260814,aggregate,benign-ecs-stable,0,cloudflare
3,3,1,3,392,0.3333333333333333,1.0,1,1,1,1.0,0.0,0.0,-0.0,-0.0,0.3333333333333333,0.0,60.0,0.0,0.3333333333333333,0.0,0.6666666666666666,0.001354535420735677,0.001776003837585449,0.2830531072077741,0.0017807483673095703,0.0,0,c14c0d96-8acb-4fb9-9066-aed1284c094e,20260814,aggregate,benign-ecs-stable,0,cloudflare
3,3,1,3,228,0.3333333333333333,1.0,1,1,1,1.0,0.0,0.0,-0.0,-0.0,0.3333333333333333,0.0,60.0,0.0,0.3333333333333333,0.0,0.6666666666666666,0.01932835578918457,0.019763970375061037,0.021422588227497496,0.019060850143432617,0.0,0,842eca58-a2bf-4910-aa00-53a063d55ac4,20260814,aggregate,benign-ecs-stable,0,google
3,3,1,3,554,0.3333333333333333,1.0,1,1,1,1.0,0.0,0.0,-0.0,-0.0,0.3333333333333333,0.0,106.0,0.38598627444299594,0.3333333333333333,0.0,0.6666666666666666,0.0022698243459065757,0.003084111213684082,0.4066065292132783,0.0030603408813476562,0.0,0,48f442f4-1bf9-4ebb-a333-875bbfd47cdb,20260814,aggregate,benign-ecs-stable,0,opendns
3,3,1,3,400,0.3333333333333333,1.0,1,1,1,1.0,0.0,0.0,-0.0,-0.0,0.3333333333333333,0.0,60.0,0.0,0.3333333333333333,0.0,0.6666666666666666,0.029842933019002277,0.030024218559265136,0.006562858860983892,0.02979731559753418,0.0,0,83095abb-0124-43af-87bf-59fe8a96b72d,20260814,aggregate,benign-ecs-stable,0,opendns
3,3,1,3,388,0.3333333333333333,1.0,1,1,1,1.0,0.0,0.0,-0.0,-0.0,0.3333333333333333,0.0,60.0,0.0,0.3333333333333333,0.0,0.6666666666666666,0.03813743591308594,0.038874697685241696,0.02124835568068608,0.036588430404663086,0.0,0,6537abdd-59a8-4b4d-b5ca-9569112d5a5c,20260814,aggregate,benign-ecs-stable,0,google
3,3,1,3,524,0.3333333333333333,1.0,1,1,1,1.0,0.0,0.0,-0.0,-0.0,0.3333333333333333,0.0,300.0,0.0,0.3333333333333333,0.0,0.6666666666666666,0.0029861927032470703,0.0038999080657958984,0.2542777424198945,0.003717184066772461,0.0,0,3b0ea26f-bf27-4bda-ab1e-2b630d7e2f1d,20260814,aggregate,benign-ecs-stable,0,cloudflare
3,3,1,3,244,0.3333333333333333,1.0,1,1,1,1.0,0.0,0.0,-0.0,-0.0,0.3333333333333333,0.0,300.0,0.0,0.3333333333333333,0.0,0.6666666666666666,0.0030840237935384116,0.0032492160797119142,0.04667624347884777,0.0032258033752441406,0.0,0,a6953652-341c-4541-81a1-eab53b2b874c,20260814,aggregate,benign-ecs-stable,0,google
3,3,1,3,232,0.3333333333333333,1.0,1,1,1,1.0,0.0,0.0,-0.0,-0.0,0.3333333333333333,0.0,1148.0,0.0,0.3333333333333333,0.0,0.6666666666666666,0.002296606699625651,0.0029278039932250977,0.3082659692002027,0.002148866653442383,0.0,0,d30cc995-0a07-4070-854a-53327d3d5b3e,20260814,aggregate,benign-ecs-stable,0,google
3,3,1,3,524,0.3333333333333333,1.0,1,1,1,1.0,0.0,0.0,-0.0,-0.0,0.3333333333333333,0.0,3.0,0.0,0.3333333333333333,0.0,0.6666666666666666,0.0020271937052408853,0.0023230791091918947,0.12886504603084065,0.0021924972534179688,0.0,0,60d72c3b-38ff-4b56-9c80-202dfdeee217,20260814,aggregate,benign-ecs-stable,0,opendns
3,3,1,3,380,0.3333333333333333,1.0,1,1,1,1.0,0.0,0.0,-0.0,-0.0,0.3333333333333333,0.0,60.0,0.0,0.3333333333333333,0.0,0.6666666666666666,0.0150911013285319,0.016022086143493652,0.058089187601680387,0.015630483627319336,0.0,0,311cf89a-f5cb-4dac-85f2-c41b3fbdf100,20260814,aggregate,benign-ecs-stable,0,quad9
3,3,1,3,256,0.3333333333333333,1.0,1,1,1,1.0,0.0,0.0,-0.0,-0.0,0.3333333333333333,0.0,300.0,0.0,0.3333333333333333,0.0,0.6666666666666666,0.0030205249786376953,0.0032227277755737306,0.06275138326848624,0.0030112266540527344,0.0,0,71a2bcd3-2bba-4a5d-8392-b1d121fc2024,20260814,aggregate,benign-ecs-stable,0,cloudflare
3,3,1,3,404,0.3333333333333333,1.0,1,1,1,1.0,0.0,0.0,-0.0,-0.0,0.3333333333333333,0.0,60.0,0.0,0.3333333333333333,0.0,0.6666666666666666,0.014746904373168945,0.01569693088531494,0.05384452355697664,0.014868736267089844,0.0,0,955ae2c6-72c5-465d-82df-8e369736c0f7,20260814,aggregate,benign-ecs-stable,0,quad9
3,3,1,3,396,0.3333333333333333,1.0,1,1,1,1.0,0.0,0.0,-0.0,-0.0,0.3333333333333333,0.0,60.0,0.0,0.3333333333333333,0.0,0.6666666666666666,0.04237008094787598,0.04254672527313232,0.0036059427754549984,0.04240059852600098,0.0,0,adb74189-e1ae-464d-9e36-9d93c538a8c9,20260814,aggregate,benign-ecs-stable,0,opendns
3,3,1,3,256,0.3333333333333333,1.0,1,1,1,1.0,0.0,0.0,-0.0,-0.0,0.3333333333333333,0.0,1997.0,0.0,0.3333333333333333,0.0,0.6666666666666666,0.0013591448465983074,0.0029866933822631832,0.9971767672100391,0.002062559127807617,0.0,0,256e1fb0-0499-4adc-8145-bb31d2ef71ea,20260814,aggregate,benign-ecs-stable,0,cloudflare
3,3,1,3,412,0.3333333333333333,1.0,1,1,1,1.0,0.0,0.0,-0.0,-0.0,0.3333333333333333,0.0,60.0,0.0,0.3333333333333333,0.0,0.6666666666666666,0.016216437021891277,0.016780686378479005,0.030378495305583134,0.01611948013305664,0.0,0,370270fb-8179-4b27-8d95-65161682ba14,20260814,aggregate,benign-ecs-stable,0,google
3,3,1,3,554,0.3333333333333333,1.0,1,1,1,1.0,0.0,0.0,-0.0,-0.0,0.3333333333333333,0.0,72.66666666666667,0.5786729519522239,0.3333333333333333,0.0,0.6666666666666666,0.001660744349161784,0.0029809713363647457,0.6923671723838138,0.003083944320678711,0.0,0,47f17710-6da4-4a99-935e-dc18ea065004,20260814,aggregate,benign-ecs-stable,0,quad9
3,3,1,3,424,0.3333333333333333,1.0,1,1,1,1.0,0.0,0.0,-0.0,-0.0,0.3333333333333333,0.0,60.0,0.0,0.3333333333333333,0.0,0.6666666666666666,0.01746829350789388,0.017861652374267577,0.01987085990236765,0.017494916915893555,0.0,0,d4190a69-9699-416b-bcde-90bf78089cc1,20260814,aggregate,benign-ecs-stable,0,opendns
3,3,1,3,508,0.3333333333333333,1.0,1,1,1,1.0,0.0,0.0,-0.0,-0.0,0.3333333333333333,0.0,300.0,0.0,0.3333333333333333,0.0,0.6666666666666666,0.0051186879475911455,0.005516457557678223,0.0669222070200878,0.004697322845458984,0.0,0,7f879adc-6d30-419f-be55-6e01827c9246,20260814,aggregate,benign-ecs-stable,0,opendns
3,3,1,3,392,0.3333333333333333,1.0,1,1,1,1.0,0.0,0.0,-0.0,-0.0,0.3333333333333333,0.0,60.0,0.0,0.3333333333333333,0.0,0.6666666666666666,0.031717141469319664,0.03190639019012451,0.0050333560969622266,0.03186678886413574,0.0,0,7aa980e6-a41a-43d0-a712-a7f4ec0699d9,20260814,aggregate,benign-ecs-stable,0,opendns
3,3,1,3,420,0.3333333333333333,1.0,1,1,1,1.0,0.0,0.0,-0.0,-0.0,0.3333333333333333,0.0,60.0,0.0,0.3333333333333333,0.0,0.6666666666666666,0.042656501134236656,0.0428555965423584,0.003962634906264464,0.04268956184387207,0.0,0,86ee4cac-c3ae-467e-a840-59928bbb8bbb,20260814,aggregate,benign-ecs-stable,0,opendns
3,3,1,3,440,0.3333333333333333,1.0,1,1,1,1.0,0.0,0.0,-0.0,-0.0,0.3333333333333333,0.0,60.0,0.0,0.3333333333333333,0.0,0.6666666666666666,0.03108493487040202,0.03156700134277344,0.013967187965627594,0.030881404876708984,0.0,0,ddab0819-9881-40a2-ab21-21d525aaea21,20260814,aggregate,benign-ecs-stable,0,cloudflare
3,3,1,3,331,0.3333333333333333,1.0,1,1,1,1.0,0.0,0.0,-0.0,-0.0,0.3333333333333333,0.0,91.0,0.0,0.3333333333333333,0.0,0.6666666666666666,0.0018395582834879558,0.002113676071166992,0.12497547358397822,0.0015819072723388672,0.0,0,7163457a-5b9b-4077-942b-abd84f77399a,20260814,aggregate,benign-ecs-stable,0,opendns
3,3,1,3,420,0.3333333333333333,1.0,1,1,1,1.0,0.0,0.0,-0.0,-0.0,0.3333333333333333,0.0,60.0,0.0,0.3333333333333333,0.0,0.6666666666666666,0.03081059455871582,0.031380724906921384,0.019002099037444212,0.030144691467285156,0.0,0,fa16f77c-cd70-4a9b-8f70-fefca2aca2c9,20260814,aggregate,benign-ecs-stable,0,google
3,3,1,3,380,0.3333333333333333,1.0,1,1,1,1.0,0.0,0.0,-0.0,-0.0,0.3333333333333333,0.0,60.0,0.0,0.3333333333333333,0.0,0.6666666666666666,0.04286877314249674,0.043840670585632326,0.022697703260756846,0.043855905532836914,0.0,0,d42243e4-8d9f-48cb-a3ef-db263d1eb9ee,20260814,aggregate,benign-ecs-stable,0,cloudflare
3,3,1,3,392,0.3333333333333333,1.0,1,1,1,1.0,0.0,0.0,-0.0,-0.0,0.3333333333333333,0.0,60.0,0.0,0.3333333333333333,0.0,0.6666666666666666,0.035149733225504555,0.036034226417541504,0.02238249395831844,0.036078453063964844,0.0,0,0bd8217e-4f4c-49ba-91d9-c377e6f3c4d2,20260814,aggregate,benign-ecs-stable,0,quad9
3,3,1,3,524,0.3333333333333333,1.0,1,1,1,1.0,0.0,0.0,-0.0,-0.0,0.3333333333333333,0.0,4.0,0.0,0.3333333333333333,0.0,0.6666666666666666,0.0020804405212402344,0.0022904157638549806,0.08747014441384961,0.0021288394927978516,0.0,0,c90d52d0-5898-452a-90c2-c7fe87eeb93e,20260814,aggregate,benign-ecs-stable,0,google
3,3,1,3,361,0.3333333333333333,1.0,0,1,1,1.0,0.0,0.0,-0.0,-0.0,0.3333333333333333,0.0,2.0,0.0,0.3333333333333333,0.0,0.6666666666666666,2.5022997856140137,2.5038982629776,0.0005680451551258647,0.0,0.0,0,72fc7cca-ee3d-4f54-9419-d194b75eb9aa,20260814,aggregate,benign-ecs-stable,0,opendns
3,3,1,3,288,0.3333333333333333,1.0,0,1,1,1.0,0.0,0.0,-0.0,-0.0,0.3333333333333333,0.0,10.0,0.0,0.3333333333333333,0.0,0.6666666666666666,2.5048956076304116,2.5062095880508424,0.0005497140214463247,0.0,0.0,0,f398231d-992d-4dee-8baf-805fd75d6ce5,20260814,aggregate,benign-ecs-stable,0,cloudflare
3,3,2,3,676,0.6666666666666666,1.0,1,1,1,0.5,0.0,0.0,1.0,1.0,0.3333333333333333,0.0,300.0,0.0,0.3333333333333333,0.0,0.3333333333333333,0.8388238747914633,2.258651614189148,1.4080659880083386,0.002794504165649414,0.0,0,bc08dd73-c000-494e-b172-48ec3b830647,20260814,aggregate,benign-ecs-stable,0,cloudflare
3,3,1,3,284,0.3333333333333333,1.0,0,1,1,1.0,0.0,0.0,-0.0,-0.0,0.3333333333333333,0.0,2.0,0.0,0.3333333333333333,0.0,0.6666666666666666,2.5073354244232178,2.508582854270935,0.0004208376188480331,0.0,0.0,0,13ca3c40-7e7b-44cd-963e-1034472c1e8f,20260814,aggregate,benign-ecs-stable,0,cloudflare
3,3,1,3,392,0.3333333333333333,1.0,1,1,1,1.0,0.0,0.0,-0.0,-0.0,0.3333333333333333,0.0,57.0,0.0,0.3333333333333333,0.0,0.6666666666666666,0.0026407241821289062,0.003134918212890625,0.19787753558525262,0.0020236968994140625,0.0,0,b9b9c3da-b03a-4512-a391-cd079a217baf,20260814,aggregate,benign-ecs-stable,0,quad9
3,3,1,3,512,0.3333333333333333,1.0,0,1,1,1.0,0.0,0.0,-0.0,-0.0,0.3333333333333333,0.0,300.0,0.0,0.3333333333333333,0.0,0.6666666666666666,2.5130091508229575,2.514671540260315,0.0007223848631216105,0.0,0.0,0,c5f518c1-7127-4d06-8705-0db2b599f5a5,20260814,aggregate,benign-ecs-stable,0,cloudflare
3,3,1,3,280,0.3333333333333333,1.0,0,1,1,1.0,0.0,0.0,-0.0,-0.0,0.3333333333333333,0.0,5.0,0.0,0.3333333333333333,0.0,0.6666666666666666,2.5142687956492105,2.514474964141846,6.934406409513701e-05,0.0,0.0,0,a0e62903-5164-4bbf-b8cd-2a200073fc6b,20260814,aggregate,benign-ecs-stable,0,cloudflare
3,3,1,3,396,0.3333333333333333,1.0,1,1,1,1.0,0.0,0.0,-0.0,-0.0,0.3333333333333333,0.0,60.0,0.0,0.3333333333333333,0.0,0.6666666666666666,0.01463786760965983,0.015068674087524414,0.02746199538758142,0.014847517013549805,0.0,0,7bf3dea8-8c9b-46a2-a4db-dc5aa601051c,20260814,aggregate,benign-ecs-stable,0,opendns
3,3,1,3,228,0.3333333333333333,1.0,1,1,1,1.0,0.0,0.0,-0.0,-0.0,0.3333333333333333,0.0,60.0,0.0,0.3333333333333333,0.0,0.6666666666666666,0.012357473373413086,0.012805771827697755,0.030903097192432588,0.012474775314331055,0.0,0,e1e773f1-a691-4598-a6e1-4beb9fb85152,20260814,aggregate,benign-ecs-stable,0,quad9
4,4,1,4,324,0.25,1.0,1,4,1,1.0,0.0,0.0,-0.0,-0.0,0.25,0.0,120.0,0.0,0.25,0.0,0.75,0.0019847750663757324,0.0023813962936401365,0.17088098185552592,0.0021576881408691406,0.0,0,27d4f1c6-b59a-46e1-9f04-5a3f802f66e2,20260814,aggregate,benign-ecs-geo,0,cloudflare
4,4,1,4,614,0.25,1.0,1,4,1,1.0,0.0,0.0,-0.0,-0.0,0.25,0.0,300.0,0.0,0.25,0.0,0.75,0.0037418603897094727,0.004085409641265869,0.0731472611886743,0.003697633743286133,0.0,0,3241fb9e-f207-4a8a-bbd5-200de74fa420,20260814,aggregate,benign-ecs-geo,0,opendns
4,4,2,4,416,0.5,1.0,1,4,2,1.0,0.0,0.0,1.0,1.0,0.25,0.0,16.75,0.07755451377174077,0.25,0.0,0.5,0.0016489624977111816,0.0024755835533142086,0.37625834954368004,0.0015401840209960938,0.0,0,b2f9447f-84ac-4280-ac94-2ae15de7698b,20260814,aggregate,benign-ecs-geo,0,quad9
4,4,1,4,803,0.25,1.0,1,4,1,1.0,0.0,0.0,-0.0,-0.0,0.25,0.0,300.0,0.0,0.25,0.0,0.75,0.002925395965576172,0.0033864378929138184,0.12339201141427088,0.002849578857421875,0.0,0,6f2b82a1-df7a-4f4d-9b96-e47398d1fcf2,20260814,aggregate,benign-ecs-geo,0,cloudflare
4,4,1,4,359,0.25,1.0,1,4,1,1.0,0.0,0.0,-0.0,-0.0,0.25,0.0,300.0,0.0,0.25,0.0,0.75,0.0031450986862182617,0.0033648371696472167,0.06074756582876306,0.0030469894409179688,0.0,0,26ed90e5-3d8d-4145-882a-f515b47cb169,20260814,aggregate,benign-ecs-geo,0,quad9
3,3,1,3,516,0.3333333333333333,1.0,0,1,1,1.0,0.0,0.0,-0.0,-0.0,0.3333333333333333,0.0,300.0,0.0,0.3333333333333333,0.0,0.6666666666666666,2.505596876144409,2.5063368320465087,0.0002444124314834301,0.0,0.0,0,438e39b3-1ddf-4649-958d-d5eb371ebe15,20260814,aggregate,benign-ecs-stable,0,opendns
4,4,1,4,339,0.25,1.0,1,4,1,1.0,0.0,0.0,-0.0,-0.0,0.25,0.0,300.0,0.0,0.25,0.0,0.75,0.002877473831176758,0.003241240978240967,0.09820925659642285,0.0031011104583740234,0.0,0,1dd75317-23c9-42a8-b4f0-e67c3efeb477,20260814,aggregate,benign-ecs-geo,0,google
4,4,1,4,383,0.25,1.0,1,4,1,1.0,0.0,0.0,-0.0,-0.0,0.25,0.0,3.0,0.0,0.25,0.0,0.75,0.0014673471450805664,0.001908433437347412,0.2726536446051588,0.0015456676483154297,0.0,0,2d7e16a4-226b-4b92-876f-0b5be78eb6b4,20260814,aggregate,benign-ecs-geo,0,google
4,4,1,4,378,0.25,1.0,1,4,1,1.0,0.0,0.0,-0.0,-0.0,0.25,0.0,49.0,0.0,0.25,0.0,0.75,0.0013284683227539062,0.0016388416290283201,0.17606010062990207,0.00146484375,0.0,0,dfb0a5c3-1ca3-419c-84b1-015f42a433e9,20260814,aggregate,benign-ecs-geo,0,cloudflare
3,3,1,3,440,0.3333333333333333,1.0,0,1,1,1.0,0.0,0.0,-0.0,-0.0,0.3333333333333333,0.0,60.0,0.0,0.3333333333333333,0.0,0.6666666666666666,2.536176919937134,2.537160563468933,0.00035407241118094984,0.0,0.0,0,dcc78f12-ad92-4c7f-8358-32a798a34976,20260814,aggregate,benign-ecs-stable,0,quad9
1,1,1,1,108,1.0,1.0,0,0,0,0.0,0.0,0.0,-0.0,-0.0,1.0,0.0,20.0,0.0,1.0,0.0,0.0,5.0174946784973145,5.0174946784973145,0.0,0.0,0.0,0,d7099f61-91e5-48c2-af95-f8e37d59ad5b,20260814,aggregate,benign-plain,0,quad9
3,3,1,3,396,0.3333333333333333,1.0,0,1,1,1.0,0.0,0.0,-0.0,-0.0,0.3333333333333333,0.0,60.0,0.0,0.3333333333333333,0.0,0.6666666666666666,2.5205325285593667,2.5207648515701293,7.723017711875084e-05,0.0,0.0,0,7c2faaf1-6ecf-4b78-b46f-dbe2b808ce00,20260814,aggregate,benign-ecs-stable,0,quad9
4,4,2,4,370,0.5,1.0,1,4,2,1.0,0.0,0.0,1.0,1.0,0.25,0.0,53.0,0.0,0.25,0.0,0.5,0.0020809173583984375,0.003041279315948486,0.38405518291316204,0.0027152299880981445,0.0,0,37005bb7-dca4-44be-9b8c-460ed9c1d194,20260814,aggregate,benign-ecs-geo,0,cloudflare
4,4,1,4,359,0.25,1.0,1,4,1,1.0,0.0,0.0,-0.0,-0.0,0.25,0.0,300.0,0.0,0.25,0.0,0.75,0.0035305023193359375,0.004392993450164795,0.23687775361632887,0.0038099288940429688,0.0,0,6dc33c2d-8c2b-4264-ba3e-45a5723db801,20260814,aggregate,benign-ecs-geo,0,opendns
3,3,1,3,288,0.3333333333333333,1.0,0,1,1,1.0,0.0,0.0,-0.0,-0.0,0.3333333333333333,0.0,16.0,0.0,0.3333333333333333,0.0,0.6666666666666666,2.5075113773345947,2.5076504707336427,4.8655542337929944e-05,0.0,0.0,0,51c5dd51-13c5-4f6d-acb4-17cbcbc4ff80,20260814,aggregate,benign-ecs-stable,0,quad9
3,3,1,3,392,0.3333333333333333,1.0,0,1,1,1.0,0.0,0.0,-0.0,-0.0,0.3333333333333333,0.0,60.0,0.0,0.3333333333333333,0.0,0.6666666666666666,2.5457541147867837,2.5473581314086915,0.0005762341744896198,0.0,0.0,0,cee6afab-18c5-4f64-971f-0e18337b048a,20260814,aggregate,benign-ecs-stable,0,quad9
4,4,1,4,778,0.25,1.0,1,4,1,1.0,0.0,0.0,-0.0,-0.0,0.25,0.0,300.0,0.0,0.25,0.0,0.75,0.002131521701812744,0.0031305074691772455,0.3447110350080523,0.002918720245361328,0.0,0,d55208b1-8594-4e8e-98f6-83663aac9b0a,20260814,aggregate,benign-ecs-geo,0,opendns
4,4,1,4,664,0.25,1.0,1,4,1,1.0,0.0,0.0,-0.0,-0.0,0.25,0.0,300.0,0.0,0.25,0.0,0.75,0.003066122531890869,0.003894555568695068,0.2540273096293553,0.003395557403564453,0.0,0,17362e1c-e8d9-488f-b3e0-52d54b443679,20260814,aggregate,benign-ecs-geo,0,cloudflare
3,3,1,3,416,0.3333333333333333,1.0,1,1,1,1.0,0.0,0.0,-0.0,-0.0,0.3333333333333333,0.0,60.0,0.0,0.3333333333333333,0.0,0.6666666666666666,0.03795170783996582,0.03851850032806396,0.014411166350952943,0.0378875732421875,0.0,0,7441a663-0295-41d6-bfaa-9b3b03a8f212,20260814,aggregate,benign-ecs-stable,0,cloudflare
3,3,1,3,300,0.3333333333333333,1.0,0,1,1,1.0,0.0,0.0,-0.0,-0.0,0.3333333333333333,0.0,120.0,0.0,0.3333333333333333,0.0,0.6666666666666666,2.520711104075114,2.520991253852844,0.00011162723442557735,0.0,0.0,0,304e5185-1fc4-4899-aaa9-f7e3a0cdae5a,20260814,aggregate,benign-ecs-stable,0,opendns
3,3,1,3,228,0.3333333333333333,1.0,0,1,1,1.0,0.0,0.0,-0.0,-0.0,0.3333333333333333,0.0,60.0,0.0,0.3333333333333333,0.0,0.6666666666666666,2.546384572982788,2.5472498416900633,0.0002889740648302002,0.0,0.0,0,f2905bbe-cc50-4705-879e-09c90b500985,20260814,aggregate,benign-ecs-stable,0,cloudflare
4,4,1,4,546,0.25,1.0,1,4,1,1.0,0.0,0.0,-0.0,-0.0,0.25,0.0,60.0,0.0,0.25,0.0,0.75,0.018481314182281494,0.018773198127746582,0.012922856110458045,0.018734455108642578,0.0,0,c03ebb23-e2ac-43ff-ba0f-e0465fd86863,20260814,aggregate,benign-ecs-geo,0,opendns
4,4,1,4,383,0.25,1.0,1,4,1,1.0,0.0,0.0,-0.0,-0.0,0.25,0.0,13.0,0.0,0.25,0.0,0.75,0.0012668967247009277,0.0031224727630615227,1.0762473823250218,0.0027005672454833984,0.0,0,b81ccd9c-3099-4e07-8236-0bfe020f6828,20260814,aggregate,benign-ecs-geo,0,opendns
3,3,1,3,400,0.3333333333333333,1.0,1,1,1,1.0,0.0,0.0,-0.0,-0.0,0.3333333333333333,0.0,60.0,0.0,0.3333333333333333,0.0,0.6666666666666666,0.03949530919392904,0.03997499942779541,0.010147497481203577,0.03962230682373047,0.0,0,3ae8aa3e-e300-4527-ab0b-b91eef9f8e47,20260814,aggregate,benign-ecs-stable,0,google
3,3,1,3,232,0.3333333333333333,1.0,1,1,1,1.0,0.0,0.0,-0.0,-0.0,0.3333333333333333,0.0,60.0,0.0,0.3333333333333333,0.0,0.6666666666666666,0.04194005330403646,0.04246203899383545,0.010425435207205423,0.04194283485412598,0.0,0,b8234215-c3e3-4fba-9f36-645eaf42a05b,20260814,aggregate,benign-ecs-stable,0,cloudflare
4,4,1,4,720,0.25,1.0,1,4,1,1.0,0.0,0.0,-0.0,-0.0,0.25,0.0,97.33333333333333,0.3167021375807368,0.25,0.0,0.75,0.003652334213256836,0.006382358074188231,0.5809449829365865,0.0047757625579833984,0.0,0,be9fd1a4-36e6-4c31-a44d-e2f5e83a8693,20260814,aggregate,benign-ecs-geo,0,google
4,4,2,4,358,0.5,1.0,1,4,2,1.0,0.0,0.0,1.0,1.0,0.5,0.25,236.0,0.4697086935780006,0.25,0.0,0.5,0.0021341443061828613,0.003560781478881836,0.6643272285828404,0.003068208694458008,0.0,0,3a4c31a9-af36-4ad7-bd77-b3190923a11e,20260814,aggregate,benign-ecs-geo,0,google
4,4,1,4,720,0.25,1.0,1,4,1,1.0,0.0,0.0,-0.0,-0.0,0.25,0.0,90.0,0.526421258654878,0.25,0.0,0.75,0.0011782050132751465,0.0023652553558349606,0.8257707468753811,0.0018239021301269531,0.0,0,4ccd3e0a-d875-4dc1-bc43-e8bd08970ef7,20260814,aggregate,benign-ecs-geo,0,cloudflare
4,4,1,4,468,0.25,1.0,1,4,1,1.0,0.0,0.0,-0.0,-0.0,0.25,0.0,300.0,0.0,0.25,0.0,0.75,0.011866509914398193,0.014735591411590575,0.2288810103081936,0.014933586120605469,0.0,0,77124247-653b-4011-b429-699cada12714,20260814,aggregate,benign-ecs-geo,0,opendns
4,4,1,4,324,0.25,1.0,1,4,1,1.0,0.0,0.0,-0.0,-0.0,0.25,0.0,300.0,0.0,0.25,0.0,0.75,0.003041207790374756,0.004974913597106933,0.4992951893022742,0.003977298736572266,0.0,0,5fed8c7e-ac6d-484b-8d6a-a66b665389d9,20260814,aggregate,benign-ecs-geo,0,google
4,4,1,4,329,0.25,1.0,1,4,1,1.0,0.0,0.0,-0.0,-0.0,0.25,0.0,60.0,0.0,0.25,0.0,0.75,0.041227102279663086,0.04206947088241577,0.016317861034623623,0.04172325134277344,0.0,0,6803fad3-7413-4566-9d29-d78b8c31be3e,20260814,aggregate,benign-ecs-geo,0,cloudflare
4,4,1,4,334,0.25,1.0,1,4,1,1.0,0.0,0.0,-0.0,-0.0,0.25,0.0,300.0,0.0,0.25,0.0,0.75,0.002675771713256836,0.0034704327583312987,0.23265782959116263,0.0032722949981689453,0.0,0,0de072b7-7db4-409e-980e-cfd85628387d,20260814,aggregate,benign-ecs-geo,0,google
4,4,1,4,314,0.25,1.0,1,4,1,1.0,0.0,0.0,-0.0,-0.0,0.25,0.0,60.0,0.0,0.25,0.0,0.75,0.012854456901550293,0.014734601974487303,0.10808639371691477,0.014845609664916992,0.0,0,0fcae0e3-6de0-4aae-8ef3-369976ea8065,20260814,aggregate,benign-ecs-geo,0,opendns
4,4,1,4,501,0.25,1.0,1,4,1,1.0,0.0,0.0,-0.0,-0.0,0.25,0.0,300.0,0.0,0.25,0.0,0.75,0.0029144287109375,0.0032235026359558106,0.08017906761439043,0.0029375553131103516,0.0,0,faba60fe-fd90-42e0-acf0-79c661c53741,20260814,aggregate,benign-ecs-geo,0,quad9
4,4,1,4,364,0.25,1.0,1,4,1,1.0,0.0,0.0,-0.0,-0.0,0.25,0.0,300.0,0.0,0.25,0.0,0.75,0.015565991401672363,0.017668259143829346,0.12126594487232534,0.016109943389892578,0.0,0,d8f3922f-90ae-48c6-a33a-8c8cf8e08081,20260814,aggregate,benign-ecs-geo,0,opendns
4,4,1,4,506,0.25,1.0,1,4,1,1.0,0.0,0.0,-0.0,-0.0,0.25,0.0,60.0,0.0,0.25,0.0,0.75,0.03443628549575806,0.0354644775390625,0.024068098034907965,0.03514361381530762,0.0,0,4afa9ff9-6c65-48cb-aa30-8a71bf6aa94e,20260814,aggregate,benign-ecs-geo,0,opendns
4,4,1,4,669,0.25,1.0,1,4,1,1.0,0.0,0.0,-0.0,-0.0,0.25,0.0,300.0,0.0,0.25,0.0,0.75,0.0024499893188476562,0.0029345631599426267,0.17007050970059204,0.00262451171875,0.0,0,617ca97a-050a-40fe-ba5c-7809a4a7af48,20260814,aggregate,benign-ecs-geo,0,quad9
4,4,1,4,654,0.25,1.0,1,4,1,1.0,0.0,0.0,-0.0,-0.0,0.25,0.0,300.0,0.0,0.25,0.0,0.75,0.002392590045928955,0.00268479585647583,0.09335561537641678,0.002419710159301758,0.0,0,10429d7b-188c-4266-8980-6e1be1593131,20260814,aggregate,benign-ecs-geo,0,opendns
4,4,1,4,447,0.25,1.0,1,4,1,1.0,0.0,0.0,-0.0,-0.0,0.25,0.0,60.0,0.0,0.25,0.0,0.75,0.013241231441497803,0.013475906848907471,0.01343231938476268,0.013331890106201172,0.0,0,0eaa8a85-b9b1-4a92-ba06-e68d46ba8eb7,20260814,aggregate,benign-ecs-geo,0,google
4,4,1,4,314,0.25,1.0,1,4,1,1.0,0.0,0.0,-0.0,-0.0,0.25,0.0,60.0,0.0,0.25,0.0,0.75,0.019016742706298828,0.01991846561431885,0.0454432953142168,0.019547224044799805,0.0,0,5ff6718d-bba9-4ffd-b8b0-1ad22b2f2355,20260814,aggregate,benign-ecs-geo,0,opendns
4,4,1,4,289,0.25,1.0,1,4,1,1.0,0.0,0.0,-0.0,-0.0,0.25,0.0,60.0,0.0,0.25,0.0,0.75,0.02360844612121582,0.025192999839782713,0.05384513047349461,0.02320384979248047,0.0,0,633d973b-0565-4229-bd61-a21c7c3145b1,20260814,aggregate,benign-ecs-geo,0,google
4,4,1,4,664,0.25,1.0,1,4,1,1.0,0.0,0.0,-0.0,-0.0,0.25,0.0,300.0,0.0,0.25,0.0,0.75,0.011606216430664062,0.011880612373352051,0.018819246058651914,0.011592388153076172,0.0,0,3cab46d0-1592-45b6-b826-f03345bc3a78,20260814,aggregate,benign-ecs-geo,0,cloudflare
4,4,1,4,526,0.25,1.0,1,4,1,1.0,0.0,0.0,-0.0,-0.0,0.25,0.0,60.0,0.0,0.25,0.0,0.75,0.03075730800628662,0.033283913135528566,0.06470939012384491,0.031365156173706055,0.0,0,cd504680-7b51-42d5-ac2c-bda962984c9f,20260814,aggregate,benign-ecs-geo,0,quad9
4,4,1,4,324,0.25,1.0,1,4,1,1.0,0.0,0.0,-0.0,-0.0,0.25,0.0,60.0,0.0,0.25,0.0,0.75,0.0199127197265625,0.020473062992095947,0.022797200550727308,0.018842458724975586,0.0,0,d87dbfc1-fc07-4528-869b-01098e3779c5,20260814,aggregate,benign-ecs-geo,0,cloudflare
4,4,1,4,664,0.25,1.0,1,4,1,1.0,0.0,0.0,-0.0,-0.0,0.25,0.0,300.0,0.0,0.25,0.0,0.75,0.006780266761779785,0.0071394920349121095,0.05348376128942279,0.006493568420410156,0.0,0,248528a7-6f89-45a8-a96c-03344da559a1,20260814,aggregate,benign-ecs-geo,0,google
4,4,1,4,521,0.25,1.0,1,4,1,1.0,0.0,0.0,-0.0,-0.0,0.25,0.0,60.0,0.0,0.25,0.0,0.75,0.04344874620437622,0.04404237270355225,0.012266620762043852,0.04368257522583008,0.0,0,5b655adf-6910-41c5-bbbe-b5a35c5c150b,20260814,aggregate,benign-ecs-geo,0,quad9
4,4,1,4,383,0.25,1.0,1,4,1,1.0,0.0,0.0,-0.0,-0.0,0.25,0.0,20.0,0.0,0.25,0.0,0.75,0.015313804149627686,0.015660440921783446,0.019842218189140098,0.015395879745483398,0.0,0,97b810cb-5e5e-4615-8442-cde31bb07eef,20260814,aggregate,benign-ecs-geo,0,quad9
4,4,2,4,430,0.5,1.0,1,4,2,1.0,0.0,0.0,1.0,1.0,0.5,0.25,200.25,0.28759395431543155,0.25,0.0,0.5,0.00278550386428833,0.003803634643554687,0.4012132097885875,0.003367185592651367,0.0,0,79cb3518-b163-41f7-8a34-04fec3e03039,20260814,aggregate,benign-ecs-geo,0,opendns
4,4,1,4,541,0.25,1.0,1,4,1,1.0,0.0,0.0,-0.0,-0.0,0.25,0.0,60.0,0.0,0.25,0.0,0.75,0.04763984680175781,0.048266589641571045,0.009658165926237392,0.04764509201049805,0.0,0,74b87240-288c-4b4d-ae92-43ee0495c271,20260814,aggregate,benign-ecs-geo,0,cloudflare
4,4,1,4,511,0.25,1.0,1,4,1,1.0,0.0,0.0,-0.0,-0.0,0.25,0.0,60.0,0.0,0.25,0.0,0.75,0.04237443208694458,0.04431030750274658,0.03819016590988074,0.04409313201904297,0.0,0,94bb7f81-f1ad-4294-9c78-4023a6f8ddbf,20260814,aggregate,benign-ecs-geo,0,cloudflare
4,4,1,4,289,0.25,1.0,1,4,1,1.0,0.0,0.0,-0.0,-0.0,0.25,0.0,143.0,0.0,0.25,0.0,0.75,0.006445765495300293,0.007605469226837158,0.1536110042984105,0.005052804946899414,0.0,0,a31edc55-1b9d-460c-afe2-c4cc76a656e4,20260814,aggregate,benign-ecs-geo,0,quad9
4,4,2,4,530,0.5,1.0,1,4,2,1.0,0.0,0.0,1.0,1.0,0.5,0.5,300.0,0.0,0.25,0.0,0.5,0.004152059555053711,0.006251478195190429,0.38902078925814365,0.004861950874328613,0.0,0,8c3e9951-bbd2-4a64-af30-255fb4c356df,20260814,aggregate,benign-ecs-geo,0,quad9
4,4,2,4,690,0.5,1.0,1,4,2,1.0,0.0,0.0,1.0,1.0,0.5,0.25,75.75,1.7091854503732486,0.25,0.0,0.5,0.0026529431343078613,0.005909550189971922,0.9004923411057792,0.0043517351150512695,0.0,0,ed11b692-0f93-4bfa-b044-daf6bdd729f4,20260814,aggregate,benign-ecs-geo,0,google
4,4,1,4,679,0.25,1.0,1,4,1,1.0,0.0,0.0,-0.0,-0.0,0.25,0.0,300.0,0.0,0.25,0.0,0.75,0.0024944543838500977,0.005067193508148192,0.7741289189360767,0.005415916442871094,0.0,0,eede9c71-94c8-4b49-9bad-556c361c3953,20260814,aggregate,benign-ecs-geo,0,cloudflare
4,4,1,4,304,0.25,1.0,1,4,1,1.0,0.0,0.0,-0.0,-0.0,0.25,0.0,22.0,0.0,0.25,0.0,0.75,0.019403278827667236,0.0203568696975708,0.03919000346395457,0.02026987075805664,0.0,0,89a7162b-c15b-43b8-9fba-22f1d2137b9b,20260814,aggregate,benign-ecs-geo,0,cloudflare
4,4,1,4,309,0.25,1.0,1,4,1,1.0,0.0,0.0,-0.0,-0.0,0.25,0.0,300.0,0.0,0.25,0.0,0.75,0.005237221717834473,0.007438397407531738,0.3235494147564577,0.006596088409423828,0.0,0,c1e27896-c3d1-4f6d-a70c-fe742b2f0a5e,20260814,aggregate,benign-ecs-geo,0,opendns
4,4,1,4,447,0.25,1.0,1,4,1,1.0,0.0,0.0,-0.0,-0.0,0.25,0.0,60.0,0.0,0.25,0.0,0.75,0.039750099182128906,0.040753734111785886,0.021402075838277988,0.040273427963256836,0.0,0,2274c2b0-8b8c-4550-be1d-d97dedc62ca7,20260814,aggregate,benign-ecs-geo,0,opendns
4,4,1,4,654,0.25,1.0,1,4,1,1.0,0.0,0.0,-0.0,-0.0,0.25,0.0,300.0,0.0,0.25,0.0,0.75,0.0031135082244873047,0.00518198013305664,0.47692118841705705,0.0047228336334228516,0.0,0,69ead58c-9576-4fd1-8442-87ebc64cad58,20260814,aggregate,benign-ecs-geo,0,google
4,4,1,4,383,0.25,1.0,1,4,1,1.0,0.0,0.0,-0.0,-0.0,0.25,0.0,20.0,0.0,0.25,0.0,0.75,0.014418244361877441,0.01724104881286621,0.1717227577996696,0.015143156051635742,0.0,0,03d4aa2a-4d67-48bb-9a06-2cd997c092c4,20260814,aggregate,benign-ecs-geo,0,cloudflare
4,4,2,4,480,0.5,1.0,1,4,2,1.0,0.0,0.0,1.0,1.0,0.5,0.25,216.33333333333334,0.5469454609486084,0.25,0.0,0.5,0.0034689903259277344,0.005874514579772949,0.6970720946098653,0.004487156867980957,0.0,0,f61f4714-e655-4150-9e44-8e6ca8b90609,20260814,aggregate,benign-ecs-geo,0,google
4,4,2,4,454,0.5,1.0,1,4,2,1.0,0.0,0.0,1.0,1.0,0.5,0.5,60.8,1.9671052631578947,0.25,0.0,0.5,0.003568708896636963,0.004794049263000488,0.34054316660871115,0.0030628442764282227,0.0,0,f836464d-1191-43c4-8bf5-3e113ae9900b,20260814,aggregate,benign-ecs-geo,0,opendns
4,4,1,4,368,0.25,1.0,1,4,1,1.0,0.0,0.0,-0.0,-0.0,0.25,0.0,11.0,0.0,0.25,0.0,0.75,0.0022125840187072754,0.003407037258148193,0.4043684917141772,0.002446413040161133,0.0,0,c0847fa3-d815-422f-8b70-1eb9ae76d48d,20260814,aggregate,benign-ecs-geo,0,cloudflare
4,4,2,4,334,0.5,1.0,1,4,2,1.0,0.0,0.0,1.0,1.0,0.5,0.25,61.75,0.31555581514412745,0.25,0.0,0.5,0.003613591194152832,0.004989111423492431,0.5606517455744222,0.0028791427612304688,0.0,0,7f954d04-b5f0-45ec-9a3d-86c3e82e04a3,20260814,aggregate,benign-ecs-geo,0,quad9
4,4,1,4,324,0.25,1.0,1,4,1,1.0,0.0,0.0,-0.0,-0.0,0.25,0.0,1994.0,0.0,0.25,0.0,0.75,0.004074692726135254,0.0053854227066040036,0.3619447423711032,0.0015919208526611328,0.0,0,2d4c5f7b-6315-44e4-b730-0cd027fc449a,20260814,aggregate,benign-ecs-geo,0,quad9
4,4,1,4,314,0.25,1.0,1,4,1,1.0,0.0,0.0,-0.0,-0.0,0.25,0.0,60.0,0.0,0.25,0.0,0.75,0.014527201652526855,0.01730729341506958,0.15566316005500413,0.01627826690673828,0.0,0,25c77426-e7ac-4f64-8b47-258f5984fca2,20260814,aggregate,benign-ecs-geo,0,google
4,4,2,4,562,0.5,1.0,1,4,2,1.0,0.0,0.0,1.0,1.0,0.5,0.25,75.75,1.7091854503732486,0.25,0.0,0.5,0.0028415322303771973,0.005917382240295409,0.7874472480402706,0.004132866859436035,0.0,0,576bf658-2412-4626-9366-913963d7130b,20260814,aggregate,benign-ecs-geo,0,google
4,4,1,4,743,0.25,1.0,1,4,1,1.0,0.0,0.0,-0.0,-0.0,0.25,0.0,300.0,0.0,0.25,0.0,0.75,0.003970146179199219,0.005094945430755615,0.22421948034943728,0.0035266876220703125,0.0,0,5fe1f0a8-848c-487c-a01b-2526625f9eda,20260814,aggregate,benign-ecs-geo,0,opendns
4,4,2,4,442,0.5,1.0,1,4,2,1.0,0.0,0.0,1.0,1.0,0.5,0.25,237.71428571428572,0.2269153101262111,0.25,0.0,0.5,0.0026181936264038086,0.004024279117584228,0.5607339835495585,0.003521442413330078,0.0,0,d7b53889-6e42-4f41-a71d-b78e647db0b3,20260814,aggregate,benign-ecs-geo,0,opendns
4,4,1,4,753,0.25,1.0,1,4,1,1.0,0.0,0.0,-0.0,-0.0,0.25,0.0,300.0,0.0,0.25,0.0,0.75,0.004881620407104492,0.006085419654846191,0.18608203781653232,0.00435185432434082,0.0,0,62be7eda-4883-46ac-adfc-b0b64545350b,20260814,aggregate,benign-ecs-geo,0,quad9
4,4,2,4,550,0.5,1.0,1,4,2,1.0,0.0,0.0,1.0,1.0,0.5,0.25,300.0,0.0,0.25,0.0,0.5,0.00488811731338501,0.007170307636260986,0.6109443937380439,0.004994034767150879,0.0,0,fe5cd173-0f0e-4c34-bdee-65bf43d3fa11,20260814,aggregate,benign-ecs-geo,0,quad9
4,4,1,4,359,0.25,1.0,1,4,1,1.0,0.0,0.0,-0.0,-0.0,0.25,0.0,300.0,0.0,0.25,0.0,0.75,0.0020400285720825195,0.0029491901397705076,0.3644942534721578,0.0030150413513183594,0.0,0,6303dd2a-02ea-4e4d-9649-ec0079511d7f,20260814,aggregate,benign-ecs-geo,0,cloudflare
4,4,1,4,516,0.25,1.0,1,4,1,1.0,0.0,0.0,-0.0,-0.0,0.25,0.0,60.0,0.0,0.25,0.0,0.75,0.0432971715927124,0.04375035762786865,0.007897118515847,0.043546438217163086,0.0,0,32484973-6540-4f8f-a946-2a2b346d38e8,20260814,aggregate,benign-ecs-geo,0,cloudflare
4,4,1,4,511,0.25,1.0,1,4,1,1.0,0.0,0.0,-0.0,-0.0,0.25,0.0,60.0,0.0,0.25,0.0,0.75,0.03531605005264282,0.03787461519241333,0.06105507167486662,0.03806424140930176,0.0,0,e5d791b5-29e9-4556-b168-fc0adb403f71,20260814,aggregate,benign-ecs-geo,0,google
4,4,1,4,491,0.25,1.0,1,4,1,1.0,0.0,0.0,-0.0,-0.0,0.25,0.0,60.0,0.0,0.25,0.0,0.75,0.03130996227264404,0.035412025451660153,0.12282004858069605,0.03570246696472168,0.0,0,6afe11d7-b667-44f4-8394-ed115a3c48b8,20260814,aggregate,benign-ecs-geo,0,cloudflare
4,4,1,4,423,0.25,1.0,1,4,1,1.0,0.0,0.0,-0.0,-0.0,0.25,0.0,69.0,0.0,0.25,0.0,0.75,0.0037441253662109375,0.004655015468597412,0.26872922529989735,0.002874612808227539,0.0,0,8f38f255-84e2-41b3-8449-fa53cd360149,20260814,aggregate,benign-ecs-geo,0,quad9
4,4,1,4,511,0.25,1.0,1,4,1,1.0,0.0,0.0,-0.0,-0.0,0.25,0.0,60.0,0.0,0.25,0.0,0.75,0.026529908180236816,0.03020271062850952,0.1103035874879544,0.03060317039489746,0.0,0,64d183ce-c74c-4b2b-8820-3436be53a627,20260814,aggregate,benign-ecs-geo,0,google
4,4,1,4,531,0.25,1.0,1,4,1,1.0,0.0,0.0,-0.0,-0.0,0.25,0.0,60.0,0.0,0.25,0.0,0.75,0.013553202152252197,0.015423524379730224,0.1784169731429883,0.015136480331420898,0.0,0,b2559592-12f1-4489-bd86-ec549bccb625,20260814,aggregate,benign-ecs-geo,0,cloudflare
4,4,1,4,536,0.25,1.0,1,4,1,1.0,0.0,0.0,-0.0,-0.0,0.25,0.0,60.0,0.0,0.25,0.0,0.75,0.040733516216278076,0.044073498249053954,0.07602333062940245,0.04295682907104492,0.0,0,057169c5-4c87-45aa-9cb6-88830822f2e9,20260814,aggregate,benign-ecs-geo,0,opendns
4,4,1,4,501,0.25,1.0,1,4,1,1.0,0.0,0.0,-0.0,-0.0,0.25,0.0,60.0,0.0,0.25,0.0,0.75,0.0350109338760376,0.037150347232818605,0.059722368369652064,0.03669023513793945,0.0,0,e5d29ba1-fa86-4f43-8e3d-66fc8b4e0fe6,20260814,aggregate,benign-ecs-geo,0,cloudflare
4,4,1,4,536,0.25,1.0,1,4,1,1.0,0.0,0.0,-0.0,-0.0,0.25,0.0,60.0,0.0,0.25,0.0,0.75,0.0438728928565979,0.04656872749328613,0.05486222066642824,0.04561901092529297,0.0,0,3a10eaa2-7057-47e4-858f-438538085dfe,20260814,aggregate,benign-ecs-geo,0,quad9
4,4,1,4,486,0.25,1.0,1,4,1,1.0,0.0,0.0,-0.0,-0.0,0.25,0.0,60.0,0.0,0.25,0.0,0.75,0.031962454319000244,0.035667479038238525,0.08703203283898658,0.03520011901855469,0.0,0,0fb960b2-eae4-46a6-a697-c6f0d0245045,20260814,aggregate,benign-ecs-geo,0,quad9
4,4,1,4,486,0.25,1.0,1,4,1,1.0,0.0,0.0,-0.0,-0.0,0.25,0.0,60.0,0.0,0.25,0.0,0.75,0.037039995193481445,0.0384618878364563,0.03360415382529198,0.03620409965515137,0.0,0,36154e4e-c339-4484-bd80-6bcfab12c8a1,20260814,aggregate,benign-ecs-geo,0,opendns
4,4,1,4,486,0.25,1.0,1,4,1,1.0,0.0,0.0,-0.0,-0.0,0.25,0.0,60.0,0.0,0.25,0.0,0.75,0.03175574541091919,0.03299993276596069,0.0349536477245867,0.03267836570739746,0.0,0,a9e7f77f-43e9-4b9a-a1a4-3bb0f362e16f,20260814,aggregate,benign-ecs-geo,0,opendns
4,4,1,4,329,0.25,1.0,1,4,1,1.0,0.0,0.0,-0.0,-0.0,0.25,0.0,60.0,0.0,0.25,0.0,0.75,0.019479990005493164,0.019788455963134766,0.013030838934083692,0.019501209259033203,0.0,0,8895f2d2-bf93-4e7d-8418-21c7d7426be6,20260814,aggregate,benign-ecs-geo,0,quad9
4,4,1,4,378,0.25,1.0,1,4,1,1.0,0.0,0.0,-0.0,-0.0,0.25,0.0,300.0,0.0,0.25,0.0,0.75,0.014186084270477295,0.014461898803710937,0.014784124916411512,0.014335155487060547,0.0,0,6f014941-eaa9-4cd8-8009-94dacc06d875,20260814,aggregate,benign-ecs-geo,0,cloudflare
4,4,1,4,324,0.25,1.0,1,4,1,1.0,0.0,0.0,-0.0,-0.0,0.25,0.0,5038.0,0.0,0.25,0.0,0.75,0.0017814040184020996,0.002199912071228027,0.1722187573244233,0.0019214153289794922,0.0,0,0818044c-a808-43fa-abb7-a34e31ef6a8c,20260814,aggregate,benign-ecs-geo,0,quad9
4,4,2,4,418,0.5,1.0,1,4,2,1.0,0.0,0.0,1.0,1.0,0.5,0.25,235.5,0.47438334220039313,0.25,0.0,0.5,0.6283010840415955,2.1290959239006035,1.7237332561783316,0.0031206607818603516,0.0,0,134db959-7dbe-4b7d-a655-411037f7ce99,20260814,aggregate,benign-ecs-geo,0,google
4,4,2,4,714,0.5,1.0,1,4,2,1.0,0.0,0.0,1.0,1.0,0.5,0.5,161.5,0.8575851393188855,0.25,0.0,0.5,1.2539952397346497,2.506807017326355,0.9988726037570846,0.002260446548461914,0.0,0,f885fa7c-c6b6-4320-9e82-8640bb8da615,20260814,aggregate,benign-ecs-geo,0,opendns
4,4,1,4,368,0.25,1.0,0,4,1,1.0,0.0,0.0,-0.0,-0.0,0.25,0.0,17.0,0.0,0.25,0.0,0.75,2.506052017211914,2.507097578048706,0.00031197020660666245,0.0,0.0,0,deb1f175-4130-4640-bfa6-bf1b9367d10d,20260814,aggregate,benign-ecs-geo,0,google
4,4,1,4,664,0.25,1.0,0,4,1,1.0,0.0,0.0,-0.0,-0.0,0.25,0.0,300.0,0.0,0.25,0.0,0.75,2.5051689743995667,2.5056052923202516,0.00013739450001943072,0.0,0.0,0,369c870b-c6ad-48a5-a860-ddcaefa16fcb,20260814,aggregate,benign-ecs-geo,0,opendns
4,4,1,4,664,0.25,1.0,0,4,1,1.0,0.0,0.0,-0.0,-0.0,0.25,0.0,300.0,0.0,0.25,0.0,0.75,2.505165696144104,2.505387377738953,7.082683854906003e-05,0.0,0.0,0,01493f2e-226d-4297-82d2-033e7d3eab0f,20260814,aggregate,benign-ecs-geo,0,cloudflare
4,4,1,4,359,0.25,1.0,0,4,1,1.0,0.0,0.0,-0.0,-0.0,0.25,0.0,300.0,0.0,0.25,0.0,0.75,2.5083699226379395,2.508641016483307,8.050457659633291e-05,0.0,0.0,0,55546ad6-d228-4d1b-b255-b6cf572380ab,20260814,aggregate,benign-ecs-geo,0,quad9
4,4,1,4,491,0.25,1.0,0,4,1,1.0,0.0,0.0,-0.0,-0.0,0.25,0.0,60.0,0.0,0.25,0.0,0.75,2.5174660682678223,2.5189749240875243,0.00042999714213845275,0.0,0.0,0,eb3750ee-603a-42bc-bb06-a417d43ec0f9,20260814,aggregate,benign-ecs-geo,0,google
4,4,1,4,383,0.25,1.0,1,4,1,1.0,0.0,0.0,-0.0,-0.0,0.25,0.0,120.0,0.0,0.25,0.0,0.75,0.011901319026947021,0.01306588649749756,0.08529395601328524,0.012962818145751953,0.0,0,cab43b22-34d1-450e-bc9d-03cf92c3b73a,20260814,aggregate,benign-ecs-geo,0,opendns
4,4,1,4,329,0.25,1.0,0,4,1,1.0,0.0,0.0,-0.0,-0.0,0.25,0.0,60.0,0.0,0.25,0.0,0.75,2.518260180950165,2.518885576725006,0.00021408446398252112,0.0,0.0,0,9e093292-79e9-4aae-a552-d40048e2c2ac,20260814,aggregate,benign-ecs-geo,0,opendns
4,4,4,4,538,1.0,1.0,4,0,0,0.0,0.0,0.0,1.0,1.0,1.0,0.75,1851.2,2.530147330332326,0.25,0.0,0.0,0.0057457685470581055,0.014147508144378658,1.0502941342703513,0.005386650562286377,0.0,0,bd280504-4c4a-4981-b282-29f0fe9dffaf,20260814,aggregate,benign-burst,0,opendns
4,4,4,4,429,1.0,1.0,4,0,0,0.0,0.0,0.0,1.0,1.0,1.0,0.75,2932.0,2.199931336668005,0.25,0.0,0.0,0.007938921451568604,0.013564074039459228,0.7011066252382818,0.007663905620574951,0.0,0,271a6203-d882-4b86-95b3-8d36e0652090,20260814,aggregate,benign-burst,0,quad9
4,4,1,4,531,0.25,1.0,0,4,1,1.0,0.0,0.0,-0.0,-0.0,0.25,0.0,60.0,0.0,0.25,0.0,0.75,2.5184390544891357,2.518659257888794,7.371535905787934e-05,0.0,0.0,0,fdfabd4a-22c0-4382-b955-19118813ad0b,20260814,aggregate,benign-ecs-geo,0,google
4,4,4,4,512,1.0,1.0,3,0,0,0.0,0.0,0.0,1.0,1.0,1.0,0.75,115.23076923076923,0.3183706811628246,0.25,0.0,0.0,0.007278263568878174,0.018969929218292228,1.153270261249333,0.006843626499176025,0.0,0,8556ed05-b6bf-4dd6-93c4-551cb161628d,20260814,aggregate,benign-burst,0,cloudflare
4,4,4,4,593,1.0,1.0,3,0,0,0.0,0.0,0.0,1.0,1.0,1.0,0.75,1053.75,3.2121937603798516,0.25,0.0,0.0,0.0020818114280700684,0.002348637580871582,0.09926659919474078,0.0015772581100463867,0.0,0,63470908-dac0-40b4-9fa5-bf1cb530b932,20260814,aggregate,benign-burst,0,cloudflare
4,4,1,4,511,0.25,1.0,0,4,1,1.0,0.0,0.0,-0.0,-0.0,0.25,0.0,60.0,0.0,0.25,0.0,0.75,2.5413846373558044,2.5426556348800657,0.0004356050409035996,0.0,0.0,0,6c245777-ad9e-4989-97a8-7d50010481f9,20260814,aggregate,benign-ecs-geo,0,quad9
4,4,4,4,422,1.0,1.0,3,0,0,0.0,0.0,0.0,1.0,1.0,1.0,0.75,531.5714285714286,1.5081436130774597,0.25,0.0,0.0,0.010308504104614258,0.019971704483032225,0.7417255139382014,0.009802937507629395,0.0,0,a068ddb3-f90b-46d8-b86b-3f6478031121,20260814,aggregate,benign-burst,0,cloudflare
4,4,4,4,471,1.0,1.0,3,0,0,0.0,0.0,0.0,1.0,1.0,1.0,0.75,111.11111111111111,0.49681384843822535,0.25,0.0,0.0,0.00856173038482666,0.024707436561584462,1.3558249892432566,0.008332967758178711,0.0,0,dfba2f9e-903b-4201-b4df-e74209ce5f1e,20260814,aggregate,benign-burst,0,google
4,4,4,4,546,1.0,1.0,3,0,0,0.0,0.0,0.0,1.0,1.0,1.0,0.75,304.3076923076923,1.2817741086935024,0.25,0.0,0.0,0.0061945319175720215,0.013986063003540035,0.8981189371326835,0.005748927593231201,0.0,0,2ca4307e-3144-4dea-82ab-7e158abe7960,20260814,aggregate,benign-burst,0,opendns
4,4,4,4,488,1.0,1.0,4,0,0,0.0,0.0,0.0,1.0,1.0,1.0,0.75,247.66666666666666,0.8135648735274518,0.25,0.0,0.0,0.004561901092529297,0.007487428188323974,0.46135254287368516,0.003870368003845215,0.0,0,735976b2-fab8-47de-abee-5a13c9621b3e,20260814,aggregate,benign-burst,0,cloudflare
4,4,4,4,464,1.0,1.0,4,0,0,0.0,0.0,0.0,1.0,1.0,1.0,0.75,164.75,0.427293742616995,0.25,0.0,0.0,0.008691191673278809,0.014718139171600341,0.6845236989188265,0.008350491523742676,0.0,0,4d4ebbe7-150c-4229-92d5-6a05c8741bdd,20260814,aggregate,benign-burst,0,cloudflare
4,4,1,4,383,0.25,1.0,0,4,1,1.0,0.0,0.0,-0.0,-0.0,0.25,0.0,20.0,0.0,0.25,0.0,0.75,2.5151681303977966,2.5155390977859495,0.00010783607482363516,0.0,0.0,0,199d01f9-eb34-4760-9a9f-36dfe7cbe1f6,20260814,aggregate,benign-ecs-geo,0,google
4,4,1,4,516,0.25,1.0,0,4,1,1.0,0.0,0.0,-0.0,-0.0,0.25,0.0,60.0,0.0,0.25,0.0,0.75,2.516562283039093,2.517153537273407,0.00020354069582017835,0.0,0.0,0,d33aaf25-0002-4b2d-bf6f-92c7437c1f8b,20260814,aggregate,benign-ecs-geo,0,google
4,4,4,4,504,1.0,1.0,4,0,0,0.0,0.0,0.0,1.0,1.0,1.0,0.75,369.09090909090907,2.517370192302488,0.25,0.0,0.0,0.010576426982879639,0.027040135860443106,1.119056871754241,0.01022416353225708,0.0,0,07683256-c46f-47e0-8309-ba50e1f871e8,20260814,aggregate,benign-burst,0,opendns
4,4,4,4,448,1.0,1.0,3,0,0,0.0,0.0,0.0,1.0,1.0,1.0,0.75,485.8888888888889,0.7292979573124705,0.25,0.0,0.0,0.007620513439178467,0.021045327186584466,1.2616454720827903,0.007385551929473877,0.0,0,380bc4ba-fceb-4ee7-9889-5814a20753de,20260814,aggregate,benign-burst,0,google
4,4,4,4,514,1.0,1.0,4,0,0,0.0,0.0,0.0,1.0,1.0,1.0,0.75,486.8333333333333,0.7395126436313334,0.25,0.0,0.0,0.008314847946166992,0.014208877086639402,0.5154935853291106,0.007831215858459473,0.0,0,945af971-d795-4e1f-b80f-aadde8af6426,20260814,aggregate,benign-burst,0,quad9
4,4,4,4,558,1.0,1.0,3,0,0,0.0,0.0,0.0,1.0,1.0,1.0,0.75,106.28571428571429,0.7637909995194564,0.25,0.0,0.0,0.02010500431060791,0.03587789535522461,0.6419630660024346,0.01960080862045288,0.0,0,c4bcb594-773e-4a20-8794-1cf72a9e1aa1,20260814,aggregate,benign-burst,0,google
4,4,4,4,446,1.0,1.0,4,0,0,0.0,0.0,0.0,1.0,1.0,1.0,0.75,35.0,0.6436855332844115,0.25,0.0,0.0,0.014038503170013428,0.032246470451354974,0.9421080914668718,0.013652443885803223,0.0,0,2e5f3cc3-9a95-4634-953e-16d9fbe1a275,20260814,aggregate,benign-burst,0,quad9
4,4,4,4,479,1.0,1.0,3,0,0,0.0,0.0,0.0,1.0,1.0,1.0,0.75,107.85714285714286,1.1139001976292564,0.25,0.0,0.0,0.009167253971099854,0.02006682157516479,0.8472128240268688,0.007660627365112305,0.0,0,c828641b-c4bf-4bfa-955e-82eb61cd269d,20260814,aggregate,benign-burst,0,google
4,4,4,4,433,1.0,1.0,3,0,0,0.0,0.0,0.0,1.0,1.0,1.0,0.75,4023.1666666666665,1.9309134179948417,0.25,0.0,0.0,0.01096498966217041,0.020176315307617185,0.6543632004596042,0.010391473770141602,0.0,0,41841724-3f28-4ae2-8d9f-98a07dba8d98,20260814,aggregate,benign-burst,0,opendns
4,4,4,4,455,1.0,1.0,3,0,0,0.0,0.0,0.0,1.0,1.0,1.0,0.75,2585.6,1.9002710247682157,0.25,0.0,0.0,0.013039708137512207,0.026489555835723873,0.7818490504791511,0.01214069128036499,0.0,0,4f08cbef-3ddf-4cc2-8bb4-02f4e6c326fe,20260814,aggregate,benign-burst,0,opendns
4,4,4,4,540,1.0,1.0,3,0,0,0.0,0.0,0.0,1.0,1.0,1.0,0.75,108.5,1.5226143980369664,0.25,0.0,0.0,0.014991819858551025,0.030257308483123774,0.7494493660560606,0.014072954654693604,0.0,0,e2901472-7d0d-4a80-bcb9-f80e2b8011d7,20260814,aggregate,benign-burst,0,google
4,4,4,4,540,1.0,1.0,4,0,0,0.0,0.0,0.0,1.0,1.0,1.0,0.75,3805.5714285714284,1.555707732866532,0.25,0.0,0.0,0.010259747505187988,0.0270574927330017,1.169089355378868,0.009645283222198486,0.0,0,f6311a73-a8e8-4900-ae34-b1386a4615d1,20260814,aggregate,benign-burst,0,opendns
4,4,1,4,526,0.25,1.0,0,4,1,1.0,0.0,0.0,-0.0,-0.0,0.25,0.0,60.0,0.0,0.25,0.0,0.75,2.5562029480934143,2.556638741493225,0.0001407848143833492,0.0,0.0,0,9f1da30e-2950-4e3a-a9eb-b88a82f6729b,20260814,aggregate,benign-ecs-geo,0,google
4,4,4,4,566,1.0,1.0,2,0,0,0.0,0.0,0.0,1.0,1.0,1.0,0.75,66.57142857142857,1.1255318778877892,0.25,0.0,0.0,0.011541903018951416,0.031094825267791736,1.2162586488715765,0.0109291672706604,0.0,0,14fca55e-133e-414b-880d-7e3ea56a82f2,20260814,aggregate,benign-burst,0,quad9
4,4,4,4,496,1.0,1.0,2,0,0,0.0,0.0,0.0,1.0,1.0,1.0,0.75,846.5384615384615,1.2152309666777648,0.25,0.0,0.0,0.6653478741645813,2.1517505407333366,1.5988788607259756,0.0509192148844401,0.0,0,34da8f2d-e073-4d1e-be74-33a0ae75dd5b,20260814,aggregate,benign-burst,0,google
4,4,4,4,466,1.0,1.0,0,0,0,0.0,0.0,0.0,1.0,1.0,1.0,0.75,4276.888888888889,1.5481138227330786,0.25,0.0,0.0,2.5042462944984436,2.505341041088104,0.00038348046460834356,0.0,0.0,0,a9f57d75-fbee-4d3e-bd22-9fe37603858d,20260814,aggregate,benign-burst,0,cloudflare
4,4,4,4,748,1.0,1.0,3,0,0,0.0,0.0,0.0,1.0,1.0,1.0,0.75,203.88,0.6891199623227946,0.25,0.0,0.0,0.640304684638977,2.1382936477661123,1.6841170170805546,0.015963315963745117,0.0,0,54d95df2-be69-4a14-9b19-00698f1e8a53,20260814,aggregate,benign-burst,0,google
4,4,1,1,114,0.25,1.0,0,4,1,1.0,0.0,0.0,-0.0,-0.0,0.5,0.25,300.0,0.0,0.5,0.0,0.75,5.003090739250183,5.0084223508834835,0.000761271412468614,0.0,0.0,3,b6256c66-bae8-48ec-a5f5-3f7612e5e1a3,20260814,aggregate,benign-ecs-geo,0,google
4,4,4,4,514,1.0,1.0,0,0,0,0.0,0.0,0.0,1.0,1.0,1.0,0.75,91.63636363636364,1.3886500645006619,0.25,0.0,0.0,2.5051557421684265,2.5057286858558654,0.0002558449894855021,0.0,0.0,0,b2c8528f-68ed-41fe-83ca-b9f9b36ea79b,20260814,aggregate,benign-burst,0,quad9
4,4,4,4,491,1.0,1.0,0,0,0,0.0,0.0,0.0,1.0,1.0,1.0,0.75,4845.333333333333,1.7911199041085222,0.25,0.0,0.0,2.50834196805954,2.515503466129303,0.002032641986087926,0.0,0.0,0,063f52bb-10e7-4158-8601-4fae1c08b3ed,20260814,aggregate,benign-burst,0,cloudflare
4,4,4,4,536,1.0,1.0,0,0,0,0.0,0.0,0.0,1.0,1.0,1.0,0.75,188.6153846153846,0.5239005787949744,0.25,0.0,0.0,2.5116171836853027,2.5175907135009767,0.0023600682725161254,0.0,0.0,0,43587f21-465a-4c78-8474-74f8d23f4b3a,20260814,aggregate,benign-burst,0,opendns
4,4,4,4,438,1.0,1.0,3,0,0,0.0,0.0,0.0,1.0,1.0,1.0,0.75,4045.8333333333335,1.9477548352050025,0.25,0.0,0.0,0.008623242378234863,0.015123915672302245,0.7243639340120316,0.008202970027923584,0.0,0,084188c1-5007-4a80-aee5-f7784eb75efd,20260814,aggregate,benign-burst,0,cloudflare
4,4,4,4,400,1.0,1.0,0,0,0,0.0,0.0,0.0,1.0,1.0,1.0,0.75,4008.4,1.9224029968949918,0.25,0.0,0.0,2.5093641877174377,2.5152762174606322,0.0021967190209657155,0.0,0.0,0,6bab007d-9dd8-4054-b533-8168faece978,20260814,aggregate,benign-burst,0,quad9
4,4,4,4,517,1.0,1.0,1,0,0,0.0,0.0,0.0,1.0,1.0,1.0,0.75,1979.8,2.8399822466861813,0.25,0.0,0.0,1.8803009986877441,2.5069602966308593,0.5764641356133317,0.002759218215942383,0.0,0,814bee0f-6016-491c-acb9-4c8c1d34d6a2,20260814,aggregate,benign-burst,0,cloudflare
4,4,4,4,402,1.0,1.0,2,0,0,0.0,0.0,0.0,1.0,1.0,1.0,0.75,385.6,0.5729804438843262,0.25,0.0,0.0,1.2677492499351501,2.5342538237571715,0.993448474897048,0.006966590881347656,0.0,0,b87fc8ab-a2b3-449a-8698-3149f0a10cdf,20260814,aggregate,benign-burst,0,cloudflare
4,4,4,4,542,1.0,1.0,4,0,0,0.0,0.0,0.0,1.0,1.0,1.0,0.75,1542.857142857143,0.7703612000878697,0.25,0.0,0.0,0.006310641765594482,0.014169478416442867,0.889608589323554,0.0058127641677856445,0.0,0,f394bde2-f1d1-4b0c-959e-d87a36f62114,20260814,aggregate,benign-burst,0,google
4,4,4,4,522,1.0,1.0,3,0,0,0.0,0.0,0.0,1.0,1.0,1.0,0.75,6642.307692307692,1.4670018054369258,0.25,0.0,0.0,0.007776200771331787,0.01449334621429443,0.6287527825145433,0.006595194339752197,0.0,0,1a3e44e1-928e-460d-a7ce-a26af16f1347,20260814,aggregate,benign-burst,0,quad9
4,4,4,4,548,1.0,1.0,3,0,0,0.0,0.0,0.0,1.0,1.0,1.0,0.75,1979.0,2.8642059162919975,0.25,0.0,0.0,0.01650524139404297,0.024771857261657714,0.5285018521332091,0.015930116176605225,0.0,0,b8b42f7c-3f4c-45b3-bb93-f817fe3e377e,20260814,aggregate,benign-burst,0,opendns
4,4,4,4,533,1.0,1.0,0,0,0,0.0,0.0,0.0,1.0,1.0,1.0,0.75,103.72727272727273,1.282759305987508,0.25,0.0,0.0,2.5095221400260925,2.5177297949790955,0.0023265109069940094,0.0,0.0,0,a38253d3-3ec9-4c71-a719-87039360033b,20260814,aggregate,benign-burst,0,cloudflare
4,4,4,4,516,1.0,1.0,3,0,0,0.0,0.0,0.0,1.0,1.0,1.0,0.75,125.1,2.0535988487963,0.25,0.0,0.0,0.002817690372467041,0.0034841418266296385,0.2263407862613202,0.0025755763053894043,0.0,0,170abd97-1910-4e26-895e-0e4a8efd731b,20260814,aggregate,benign-burst,0,google
4,4,4,4,467,1.0,1.0,4,0,0,0.0,0.0,0.0,1.0,1.0,1.0,0.75,1810.7777777777778,2.7235734400710805,0.25,0.0,0.0,0.007226407527923584,0.014274132251739497,0.7016443937339221,0.006645917892456055,0.0,0,3290d47f-1ae8-42f6-9435-7367d3d98dd0,20260814,aggregate,benign-burst,0,cloudflare
4,4,4,4,484,1.0,1.0,3,0,0,0.0,0.0,0.0,1.0,1.0,1.0,0.75,832.3636363636364,1.1688933169875166,0.25,0.0,0.0,0.007398843765258789,0.013664340972900388,0.6020958780262758,0.0067716240882873535,0.0,0,8099d40d-95c9-4b7a-a7ce-21b6d4f6704e,20260814,aggregate,benign-burst,0,cloudflare
4,4,4,4,764,1.0,1.0,4,0,0,0.0,0.0,0.0,1.0,1.0,1.0,0.75,94.16,0.8405617629034136,0.25,0.0,0.0,0.009697437286376953,0.028201854228973377,1.375426588503492,0.009420216083526611,0.0,0,53c38e56-6b94-4136-b2d4-249637514640,20260814,aggregate,benign-burst,0,cloudflare
4,4,4,4,579,1.0,1.0,0,0,0,0.0,0.0,0.0,1.0,1.0,1.0,0.75,479.90909090909093,1.6288759834473692,0.25,0.0,0.0,2.5096817016601562,2.520812177658081,0.0031891023984933664,0.0,0.0,0,3b186eb0-cf0c-417e-85f8-6fdb7b63a055,20260814,aggregate,benign-burst,0,cloudflare
4,4,4,4,514,1.0,1.0,4,0,0,0.0,0.0,0.0,1.0,1.0,1.0,0.75,37.54545454545455,0.29753524763788153,0.25,0.0,0.0,0.011791229248046875,0.02210121154785156,0.6533969092114733,0.010626137256622314,0.0,0,4640cd56-03f9-4e93-8cea-20beed555cd7,20260814,aggregate,benign-burst,0,cloudflare
4,4,4,4,500,1.0,1.0,0,0,0,0.0,0.0,0.0,1.0,1.0,1.0,0.75,69.27272727272727,0.40518678205570424,0.25,0.0,0.0,2.5232385396957397,2.537185990810394,0.005223391793264943,0.0,0.0,0,aab3b1a7-ecc2-4498-af33-55607a7611f3,20260814,aggregate,benign-burst,0,google
4,4,4,4,580,1.0,1.0,3,0,0,0.0,0.0,0.0,1.0,1.0,1.0,0.75,279.2,1.1229167504274622,0.25,0.0,0.0,0.025834977626800537,0.05116457939147948,0.7636478841041539,0.025451600551605225,0.0,0,96ce6885-1c99-49e4-9c24-6c677ecb0158,20260814,aggregate,benign-burst,0,quad9
4,4,4,4,514,1.0,1.0,4,0,0,0.0,0.0,0.0,1.0,1.0,1.0,0.75,670.9090909090909,1.1644668268028144,0.25,0.0,0.0,0.01125425100326538,0.015014874935150146,0.40758686372680475,0.010993897914886475,0.0,0,b8fe4187-db41-4f0e-8638-640c3aebc6b1,20260814,aggregate,benign-burst,0,cloudflare
4,4,4,4,564,1.0,1.0,4,0,0,0.0,0.0,0.0,1.0,1.0,1.0,0.75,4376.846153846154,1.4294673670456257,0.25,0.0,0.0,0.010384440422058105,0.029066181182861316,1.292001442102574,0.01011514663696289,0.0,0,9f0c4bc6-e5ae-4aab-bdc1-50b3c0f7e0db,20260814,aggregate,benign-burst,0,google
4,4,4,4,450,1.0,1.0,3,0,0,0.0,0.0,0.0,1.0,1.0,1.0,0.75,383.75,1.2145906744350015,0.25,0.0,0.0,0.022159934043884277,0.04200063943862915,0.8767679306792815,0.021900177001953125,0.0,0,154d960a-de9f-4097-9739-d54150da4c5a,20260814,aggregate,benign-burst,0,opendns
4,4,4,4,422,1.0,1.0,1,0,0,0.0,0.0,0.0,1.0,1.0,1.0,0.75,114.85714285714286,1.1140724379923108,0.25,0.0,0.0,1.9097101092338562,2.5844775915145872,0.5770695950167705,0.0015506744384765625,0.0,0,f1dfad16-8192-4bd5-8d9f-024ae311f1e1,20260814,aggregate,benign-burst,0,opendns
4,4,4,4,554,1.0,1.0,4,0,0,0.0,0.0,0.0,1.0,1.0,1.0,0.75,188.0,0.6368778530679049,0.25,0.0,0.0,0.04568326473236084,0.11598771810531613,1.09811716252483,0.04516869783401489,0.0,0,4068923d-c146-4b61-abdf-198db09b556e,20260814,aggregate,benign-burst,0,quad9
4,4,4,4,496,1.0,1.0,1,0,0,0.0,0.0,0.0,1.0,1.0,1.0,0.75,125.2,0.8286778744285467,0.25,0.0,0.0,1.8883314728736877,2.517008900642395,0.5729869460775914,0.014235496520996094,0.0,0,63a83f31-cdcb-45f7-b301-85db642e0caa,20260814,aggregate,benign-burst,0,cloudflare
4,4,4,4,430,1.0,1.0,0,0,0,0.0,0.0,0.0,1.0,1.0,1.0,0.75,80.5,1.0357783045203828,0.25,0.0,0.0,2.507896840572357,2.515694320201874,0.002223640751766202,0.0,0.0,0,cb60209e-0b6d-49ee-86f5-a870c4229e20,20260814,aggregate,benign-burst,0,quad9
4,4,4,4,524,1.0,1.0,0,0,0,0.0,0.0,0.0,1.0,1.0,1.0,0.75,3853.2727272727275,2.0028496016388635,0.25,0.0,0.0,2.510727286338806,2.517231273651123,0.002538438395970659,0.0,0.0,0,3cf7e1c6-0e6a-4393-8eee-fbc6e48b035e,20260814,aggregate,benign-burst,0,opendns
4,4,4,4,494,1.0,1.0,1,0,0,0.0,0.0,0.0,1.0,1.0,1.0,0.75,84.27272727272727,1.1901145078655488,0.25,0.0,0.0,1.890026867389679,2.5210264682769776,0.5732176861696369,0.012870073318481445,0.0,0,212e9a33-fadd-4b2d-b9d8-82dd509297c4,20260814,aggregate,benign-burst,0,google
4,4,4,4,422,1.0,1.0,0,0,0,0.0,0.0,0.0,1.0,1.0,1.0,0.75,223.8,0.41805867093878385,0.25,0.0,0.0,2.512158453464508,2.5198415160179137,0.0028504388447351805,0.0,0.0,0,9ea3fb33-3149-442c-b43f-7691f0ec8621,20260814,aggregate,benign-burst,0,quad9
4,4,4,4,464,1.0,1.0,4,0,0,0.0,0.0,0.0,1.0,1.0,1.0,0.75,192.0,0.6541509087804842,0.25,0.0,0.0,0.0033653974533081055,0.004398822784423827,0.22974549379150924,0.0029507875442504883,0.0,0,14b51788-77ac-40eb-b883-2b3ea80aa904,20260814,aggregate,benign-burst,0,google
4,4,4,4,553,1.0,1.0,1,0,0,0.0,0.0,0.0,1.0,1.0,1.0,0.75,1753.3333333333333,2.4174081402815863,0.25,0.0,0.0,1.886793613433838,2.52823144197464,0.5764213864967351,0.002500772476196289,0.0,0,44300bbc-1c60-4d9b-af11-5dd1159bc86a,20260814,aggregate,benign-burst,0,google
4,4,4,4,392,1.0,1.0,4,0,0,0.0,0.0,0.0,1.0,1.0,1.0,0.75,1195.0,0.902701682672865,0.25,0.0,0.0,0.0022380948066711426,0.0025960445404052735,0.1541482202659998,0.001934051513671875,0.0,0,4daa73bb-0bc5-498e-9073-3f4c86e138d9,20260814,aggregate,benign-burst,0,google
4,4,4,4,618,1.0,1.0,3,0,0,0.0,0.0,0.0,1.0,1.0,1.0,0.75,169.11111111111111,0.5120774023032094,0.25,0.0,0.0,0.0027144551277160645,0.0035116434097290034,0.21342259347889656,0.002160012722015381,0.0,0,6308c3f8-8a5d-47e7-a098-3f60ef9ff2ab,20260814,aggregate,benign-burst,0,cloudflare
4,4,4,4,458,1.0,1.0,4,0,0,0.0,0.0,0.0,1.0,1.0,1.0,0.75,3421.8888888888887,1.5931529493905257,0.25,0.0,0.0,0.0022194981575012207,0.002638435363769531,0.13613190679453557,0.001989126205444336,0.0,0,41bc9d32-1d29-4477-980b-51624919c7c9,20260814,aggregate,benign-burst,0,quad9
4,4,4,4,568,1.0,1.0,0,0,0,0.0,0.0,0.0,1.0,1.0,1.0,0.75,40.0,0.68044103344816,0.25,0.0,0.0,2.513483226299286,2.532699370384216,0.005488987251790639,0.0,0.0,0,e236f54a-d235-473f-a13d-697834367db7,20260814,aggregate,benign-burst,0,quad9
4,4,4,4,529,1.0,1.0,1,0,0,0.0,0.0,0.0,1.0,1.0,1.0,0.75,186.5,0.72104340415293,0.25,0.0,0.0,1.885310709476471,2.513962137699127,0.5730058809819863,0.013865470886230469,0.0,0,fef62086-d11f-4595-8f75-e3e02e65297c,20260814,aggregate,benign-burst,0,opendns
4,4,4,4,500,1.0,1.0,0,0,0,0.0,0.0,0.0,1.0,1.0,1.0,0.75,105.81818181818181,1.1387916403007596,0.25,0.0,0.0,2.51200407743454,2.521011769771576,0.0028197244853266417,0.0,0.0,0,5352192c-b732-4cdd-8ee6-02e37cf989f4,20260814,aggregate,benign-burst,0,quad9
4,4,4,4,537,1.0,1.0,0,0,0,0.0,0.0,0.0,1.0,1.0,1.0,0.75,168.07692307692307,1.5173508413386936,0.25,0.0,0.0,2.5152398347854614,2.5406362771987916,0.007232117926993825,0.0,0.0,0,4d536d46-8552-4585-b5c0-185f7e20ed2d,20260814,aggregate,benign-burst,0,cloudflare
4,4,4,4,478,1.0,1.0,1,0,0,0.0,0.0,0.0,1.0,1.0,1.0,0.75,367.7,1.0488751037679969,0.25,0.0,0.0,1.8898539543151855,2.538635230064392,0.5767738754048077,0.0016276836395263672,0.0,0,9aa61067-dff7-4420-b046-f6dcff0c91e9,20260814,aggregate,benign-burst,0,google
4,4,4,4,594,1.0,1.0,0,0,0,0.0,0.0,0.0,1.0,1.0,1.0,0.75,278.25,0.20681074938240737,0.25,0.0,0.0,2.515520989894867,2.5386239767074583,0.006606455350834421,0.0,0.0,0,9e49c63c-8e3b-45f4-887f-908305116ee2,20260814,aggregate,benign-burst,0,cloudflare
4,4,4,4,542,1.0,1.0,3,0,0,0.0,0.0,0.0,1.0,1.0,1.0,0.75,607.1428571428571,1.0995508362611033,0.25,0.0,0.0,0.017282307147979736,0.03186351060867309,0.6508432961199404,0.016736388206481934,0.0,0,99b69a8f-1be7-4197-82b3-d5d992af4c29,20260814,aggregate,benign-burst,0,quad9
4,4,4,4,422,1.0,1.0,3,0,0,0.0,0.0,0.0,1.0,1.0,1.0,0.75,66.28571428571429,0.7464989628564653,0.25,0.0,0.0,0.015346348285675049,0.03194512128829956,0.8167927690890098,0.014267027378082275,0.0,0,8a835e80-cfe0-413d-9cb2-64fddcfcb02b,20260814,aggregate,benign-burst,0,google
4,4,4,4,448,1.0,1.0,4,0,0,0.0,0.0,0.0,1.0,1.0,1.0,0.75,214.0,1.3926779244159198,0.25,0.0,0.0,0.013604044914245605,0.036624538898468006,1.2112734310997353,0.012961387634277344,0.0,0,42bb9c61-5b28-4657-aeb9-bdd909ffe598,20260814,aggregate,benign-burst,0,cloudflare
4,4,4,4,513,1.0,1.0,4,0,0,0.0,0.0,0.0,1.0,1.0,1.0,0.75,13600.636363636364,0.7497504713923536,0.25,0.0,0.0,0.0065988898277282715,0.01747360229492187,1.1805521025163526,0.006404101848602295,0.0,0,ac864a4e-a60a-4c21-ac06-5996e2d1a834,20260814,aggregate,benign-burst,0,cloudflare
4,4,4,4,496,1.0,1.0,3,0,0,0.0,0.0,0.0,1.0,1.0,1.0,0.75,94.63636363636364,0.44600052780960453,0.25,0.0,0.0,0.005929708480834961,0.01542582511901855,1.1530925758518404,0.005356013774871826,0.0,0,06f15853-0442-488a-921b-c25b39c9c7e1,20260814,aggregate,benign-burst,0,google
4,4,4,4,490,1.0,1.0,4,0,0,0.0,0.0,0.0,1.0,1.0,1.0,0.75,438.4,2.4182062344478488,0.25,0.0,0.0,0.015371084213256836,0.03672910928726195,0.9976107312223643,0.014657199382781982,0.0,0,e1c60aee-c5ab-4804-a932-85cbf4b4a8ad,20260814,aggregate,benign-burst,0,quad9
4,4,4,4,470,1.0,1.0,0,0,0,0.0,0.0,0.0,1.0,1.0,1.0,0.75,59.77777777777778,0.45224236282998687,0.25,0.0,0.0,2.513135015964508,2.5288924098014833,0.004535016666041935,0.0,0.0,0,0bad670d-a814-4d84-bfb4-2e05ed18e395,20260814,aggregate,benign-burst,0,opendns
4,4,4,4,486,1.0,1.0,4,0,0,0.0,0.0,0.0,1.0,1.0,1.0,0.75,108.72727272727273,1.0927911322376889,0.25,0.0,0.0,0.018969058990478516,0.03142123222351074,0.6357626245859738,0.018583178520202637,0.0,0,16e7f57d-72d9-4ead-b9ce-5363bda800a8,20260814,aggregate,benign-burst,0,cloudflare
4,4,4,4,390,1.0,1.0,4,0,0,0.0,0.0,0.0,1.0,1.0,1.0,0.75,350.8,0.2924826794040606,0.25,0.0,0.0,0.022922396659851074,0.05622788667678832,1.0660722773569329,0.022702455520629883,0.0,0,4683eb3c-7872-4f06-a369-8b58f8564a0e,20260814,aggregate,benign-burst,0,quad9
4,4,4,4,466,1.0,1.0,4,0,0,0.0,0.0,0.0,1.0,1.0,1.0,0.75,248.22222222222223,0.32482097287394707,0.25,0.0,0.0,0.03549015522003174,0.10893968343734738,1.4762454862227414,0.03534090518951416,0.0,0,759a0d67-e088-4cc0-92f2-796dbb45c2ff,20260814,aggregate,benign-burst,0,cloudflare
4,4,4,4,460,1.0,1.0,4,0,0,0.0,0.0,0.0,1.0,1.0,1.0,0.75,468.8888888888889,0.8643137460503558,0.25,0.0,0.0,0.006628751754760742,0.01804038286209106,1.2409503071634165,0.00645679235458374,0.0,0,fc9d6e19-1b5b-41bc-b5bf-8b212bf6b656,20260814,aggregate,benign-burst,0,opendns
4,4,4,4,415,1.0,1.0,3,0,0,0.0,0.0,0.0,1.0,1.0,1.0,0.75,4715.2,1.5908654761942287,0.25,0.0,0.0,0.6332127451896667,2.1325362443923943,1.7064570221722193,0.009012858072916666,0.0,0,8226e3e6-55d1-451c-a44d-adce8bd3b1fa,20260814,aggregate,benign-burst,0,cloudflare
4,4,4,4,518,1.0,1.0,4,0,0,0.0,0.0,0.0,1.0,1.0,1.0,0.75,141.5,0.6338891703430423,0.25,0.0,0.0,0.0018443465232849121,0.002433657646179199,0.22796243800644958,0.0016750097274780273,0.0,0,275e724b-64de-475d-9173-f249f83cbd98,20260814,aggregate,benign-burst,0,quad9
4,4,4,4,469,1.0,1.0,0,0,0,0.0,0.0,0.0,1.0,1.0,1.0,0.75,3652.625,1.8791253005051645,0.25,0.0,0.0,2.504751741886139,2.506221902370453,0.0004502407915367481,0.0,0.0,0,383cd009-bed7-4d06-bb09-6c25c17d9935,20260814,aggregate,benign-burst,0,google
4,4,4,4,492,1.0,1.0,0,0,0,0.0,0.0,0.0,1.0,1.0,1.0,0.75,217.2,0.3538105040204529,0.25,0.0,0.0,2.504186987876892,2.504706597328186,0.00014945483643902138,0.0,0.0,0,32d262d9-c49c-4e5f-a09c-dd7fc223d384,20260814,aggregate,benign-burst,0,google
4,4,4,4,466,1.0,1.0,0,0,0,0.0,0.0,0.0,1.0,1.0,0.75,0.5,5954.285714285715,1.5226954048508248,0.25,0.0,0.0,2.508062481880188,2.5166457533836364,0.002434183871873232,0.0,0.0,0,a50ee450-2f9c-4e5b-8e44-01d1c7e6ea57,20260814,aggregate,benign-burst,0,quad9
4,4,4,4,470,1.0,1.0,1,0,0,0.0,0.0,0.0,1.0,1.0,1.0,0.75,131.33333333333334,0.9192093124006755,0.25,0.0,0.0,1.893615186214447,2.5173802614212035,0.5663298534129526,0.035382747650146484,0.0,0,5267c222-dc6a-429d-b21a-e213bcd6fdc6,20260814,aggregate,benign-burst,0,quad9
4,4,4,4,434,1.0,1.0,0,0,0,0.0,0.0,0.0,1.0,1.0,1.0,0.75,1675.0,0.8939737853997487,0.25,0.0,0.0,2.5099979043006897,2.516519248485565,0.002456788704838253,0.0,0.0,0,1f4b75c0-34ab-454e-aa7f-f5575560a8b0,20260814,aggregate,benign-burst,0,quad9
4,4,4,4,548,1.0,1.0,0,0,0,0.0,0.0,0.0,1.0,1.0,1.0,0.75,1353.0,1.0523468442071158,0.25,0.0,0.0,2.5043575763702393,2.506223499774933,0.0005651231123244375,0.0,0.0,0,490f80da-1c79-4bfc-8720-0065a946ab7e,20260814,aggregate,benign-burst,0,cloudflare
1,1,1,1,129,1.0,1.0,1,1,1,1.0,1.0,0.0,-0.0,-0.0,1.0,0.0,37.0,0.0,1.0,0.0,0.0,0.0066814422607421875,0.0066814422607421875,0.0,0.006592750549316406,0.0,0,1910dd0c-c23b-4f51-85f9-ba57a776e62e,20260814,aggregate,adverse-ecs-omit,1,local-adverse-authority
4,4,4,4,444,1.0,1.0,0,0,0,0.0,0.0,0.0,1.0,1.0,1.0,0.75,1124.625,0.882297087462265,0.25,0.0,0.0,2.510095775127411,2.5165353178977967,0.002175590297849916,0.0,0.0,0,d93579ea-aa00-4902-8d81-40ace5be0dfe,20260814,aggregate,benign-burst,0,opendns
4,4,4,4,428,1.0,1.0,2,0,0,0.0,0.0,0.0,1.0,1.0,1.0,0.75,932.1428571428571,1.3674170769302079,0.25,0.0,0.0,1.8815494775772095,4.630271542072295,1.101163641269666,0.007376432418823242,0.0,0,051572d8-ba16-4789-9de7-a8b58d457981,20260814,aggregate,benign-burst,0,opendns
1,1,1,1,150,1.0,1.0,1,1,1,1.0,0.0,0.0,-0.0,-0.0,1.0,0.0,3159.0,0.0,1.0,0.0,0.0,0.0019195079803466797,0.0019195079803466797,0.0,0.0015845298767089844,0.0,0,56d83203-793c-4d81-aba3-e3ed003df616,20260814,aggregate,adverse-ecs-omit,1,local-adverse-authority
1,1,1,1,163,1.0,1.0,1,1,1,1.0,1.0,0.0,-0.0,-0.0,1.0,0.0,21600.0,0.0,1.0,0.0,0.0,0.007340669631958008,0.007340669631958008,0.0,0.005898475646972656,0.0,0,f5f802d9-2221-44d8-a1d9-5396679c9da8,20260814,aggregate,adverse-ecs-omit,1,local-adverse-authority
1,1,1,1,180,1.0,1.0,1,1,1,1.0,0.0,0.0,-0.0,-0.0,1.0,0.0,127.0,0.0,1.0,0.0,0.0,0.007266044616699219,0.007266044616699219,0.0,0.006954669952392578,0.0,0,3c65fc00-8b8a-4647-a60d-0d695f70902e,20260814,aggregate,adverse-ecs-omit,1,local-adverse-authority
4,4,4,4,434,1.0,1.0,0,0,0,0.0,0.0,0.0,1.0,1.0,1.0,0.75,87.28571428571429,1.0135757122601918,0.25,0.0,0.0,2.5214878916740417,2.541317582130432,0.005788589583117415,0.0,0.0,0,e5f1f2fb-d8fb-4ad7-b52c-804882a0c508,20260814,aggregate,benign-burst,0,quad9
1,1,1,1,143,1.0,1.0,1,1,1,1.0,1.0,0.0,-0.0,-0.0,1.0,0.0,31.0,0.0,1.0,0.0,0.0,0.012398958206176758,0.012398958206176758,0.0,0.01217794418334961,0.0,0,e9bb16bb-38e4-4518-be11-37209423d731,20260814,aggregate,adverse-ecs-omit,1,local-adverse-authority
4,4,4,4,504,1.0,1.0,0,0,0,0.0,0.0,0.0,1.0,1.0,1.0,0.75,92.9090909090909,0.6719812912991682,0.25,0.0,0.0,2.522086262702942,2.535765194892883,0.00449815947401529,0.0,0.0,0,450c707b-1eda-459a-ab4f-41b175922081,20260814,aggregate,benign-burst,0,google
4,4,4,4,604,1.0,1.0,4,0,0,0.0,0.0,0.0,1.0,1.0,1.0,0.75,243.53333333333333,0.46859049588274737,0.25,0.0,0.0,0.020788073539733887,0.04008791446685791,0.8442301178240889,0.02034968137741089,0.0,0,0e2feb78-7001-4df3-9da0-3eb05a7368b0,20260814,aggregate,benign-burst,0,opendns
1,1,1,1,164,1.0,1.0,1,1,1,1.0,0.0,0.0,-0.0,-0.0,1.0,0.0,600.0,0.0,1.0,0.0,0.0,0.019618749618530273,0.019618749618530273,0.0,0.01865077018737793,0.0,0,f9cf39a1-a458-4248-a399-7995cef85b45,20260814,aggregate,adverse-ecs-omit,1,local-adverse-authority
1,1,1,1,103,1.0,1.0,1,1,1,1.0,1.0,0.0,-0.0,-0.0,1.0,0.0,222.0,0.0,1.0,0.0,0.0,0.034157752990722656,0.034157752990722656,0.0,0.034017086029052734,0.0,0,98b07f3b-e8f3-49e6-bd02-6405d4729e7b,20260814,aggregate,adverse-ecs-omit,1,local-adverse-authority
1,1,1,1,174,1.0,1.0,1,1,1,1.0,0.0,0.0,-0.0,-0.0,1.0,0.0,52.0,0.0,1.0,0.0,0.0,0.003977537155151367,0.003977537155151367,0.0,0.003676891326904297,0.0,0,22fbe069-0f87-4b5b-8709-83b82819326c,20260814,aggregate,adverse-ecs-omit,1,local-adverse-authority
1,1,1,1,99,1.0,1.0,1,1,1,1.0,1.0,0.0,-0.0,-0.0,1.0,0.0,2465.0,0.0,1.0,0.0,0.0,0.0043795108795166016,0.0043795108795166016,0.0,0.003289461135864258,0.0,0,6c0c6541-a86f-4e09-9230-f9833724f2b7,20260814,aggregate,adverse-ecs-omit,1,local-adverse-authority
1,1,1,1,99,1.0,1.0,1,1,1,1.0,1.0,0.0,-0.0,-0.0,1.0,0.0,35.0,0.0,1.0,0.0,0.0,0.0027310848236083984,0.0027310848236083984,0.0,0.0026426315307617188,0.0,0,d640e433-d61b-4969-900a-168c99543df3,20260814,aggregate,adverse-ecs-omit,1,local-adverse-authority
4,4,4,4,442,1.0,1.0,0,0,0,0.0,0.0,0.0,1.0,1.0,1.0,0.75,70.875,0.3387299585428051,0.25,0.0,0.0,2.5124271512031555,2.5291154861450194,0.004756664759672346,0.0,0.0,0,b1e62c4f-e353-420f-832d-9aa123a69af3,20260814,aggregate,benign-burst,0,cloudflare
1,1,1,1,127,1.0,1.0,1,1,1,1.0,1.0,0.0,-0.0,-0.0,1.0,0.0,98.0,0.0,1.0,0.0,0.0,0.0029916763305664062,0.0029916763305664062,0.0,0.0027976036071777344,0.0,0,d5efd7c8-530a-4ae1-b0f6-95c3ec624e0a,20260814,aggregate,adverse-ecs-omit,1,local-adverse-authority
1,1,1,1,139,1.0,1.0,1,1,1,1.0,1.0,0.0,-0.0,-0.0,1.0,0.0,30.0,0.0,1.0,0.0,0.0,0.006909847259521484,0.006909847259521484,0.0,0.005291938781738281,0.0,0,ea71bd6e-2e4d-4bca-944c-45fee8f6bf0d,20260814,aggregate,adverse-ecs-omit,1,local-adverse-authority
1,1,1,1,189,1.0,1.0,1,1,1,1.0,1.0,0.0,-0.0,-0.0,1.0,0.0,486.0,0.0,1.0,0.0,0.0,0.004208564758300781,0.004208564758300781,0.0,0.002154111862182617,0.0,0,aa7297b6-5b4a-4a01-a057-09fb1d05576f,20260814,aggregate,adverse-ecs-omit,1,local-adverse-authority
1,1,1,1,225,1.0,1.0,1,1,1,1.0,1.0,0.0,-0.0,-0.0,1.0,0.0,76.0,0.0,1.0,0.0,0.0,0.013056516647338867,0.013056516647338867,0.0,0.012862682342529297,0.0,0,bd7a585a-3559-4c2f-94e2-f4b31b5c6c7c,20260814,aggregate,adverse-ecs-omit,1,local-adverse-authority
1,1,1,1,121,1.0,1.0,1,1,1,1.0,1.0,0.0,-0.0,-0.0,1.0,0.0,20.0,0.0,1.0,0.0,0.0,0.014937400817871094,0.014937400817871094,0.0,0.014823198318481445,0.0,0,20fb3484-42ea-44c1-8c06-0e9512202210,20260814,aggregate,adverse-ecs-omit,1,local-adverse-authority
1,1,1,1,111,1.0,1.0,1,1,1,1.0,1.0,0.0,-0.0,-0.0,1.0,0.0,1482.0,0.0,1.0,0.0,0.0,0.024213075637817383,0.024213075637817383,0.0,0.022728443145751953,0.0,0,fd749679-8d7a-4c38-8fa8-08f1ea8102f8,20260814,aggregate,adverse-ecs-omit,1,local-adverse-authority
1,1,1,1,120,1.0,1.0,1,1,1,1.0,0.0,0.0,-0.0,-0.0,1.0,0.0,5815.0,0.0,1.0,0.0,0.0,0.006661891937255859,0.006661891937255859,0.0,0.005276918411254883,0.0,0,774bfd3b-59a6-4950-b06e-209ae8825275,20260814,aggregate,adverse-ecs-omit,1,local-adverse-authority
1,1,1,1,105,1.0,1.0,1,1,1,1.0,1.0,0.0,-0.0,-0.0,1.0,0.0,940.0,0.0,1.0,0.0,0.0,0.00485682487487793,0.00485682487487793,0.0,0.004045724868774414,0.0,0,daadf340-a896-43e3-92cc-3c5884976e66,20260814,aggregate,adverse-ecs-omit,1,local-adverse-authority
1,1,1,1,128,1.0,1.0,1,1,1,1.0,0.0,0.0,-0.0,-0.0,1.0,0.0,9652.0,0.0,1.0,0.0,0.0,0.001705169677734375,0.001705169677734375,0.0,0.0016181468963623047,0.0,0,7a174482-5c69-4a52-8332-88ba870bb029,20260814,aggregate,adverse-ecs-omit,1,local-adverse-authority
1,1,1,1,124,1.0,1.0,1,1,1,1.0,0.0,0.0,-0.0,-0.0,1.0,0.0,66.0,0.0,1.0,0.0,0.0,0.007092475891113281,0.007092475891113281,0.0,0.004338264465332031,0.0,0,2ec2d15d-89c6-490c-92c8-369f08705220,20260814,aggregate,adverse-ecs-omit,1,local-adverse-authority
1,1,1,1,133,1.0,1.0,1,1,1,1.0,1.0,0.0,-0.0,-0.0,1.0,0.0,162.0,0.0,1.0,0.0,0.0,0.0027856826782226562,0.0027856826782226562,0.0,0.0027043819427490234,0.0,0,bd0d58d6-1f7b-4f2e-bb79-50f4c9e3510e,20260814,aggregate,adverse-ecs-omit,1,local-adverse-authority
1,1,1,1,206,1.0,1.0,1,1,1,1.0,0.0,0.0,-0.0,-0.0,1.0,0.0,68.0,0.0,1.0,0.0,0.0,0.002936840057373047,0.002936840057373047,0.0,0.0026710033416748047,0.0,0,1ff3480b-ca72-40e7-86bf-f23ff0c469b6,20260814,aggregate,adverse-ecs-omit,1,local-adverse-authority
1,1,1,1,101,1.0,1.0,1,1,1,1.0,1.0,0.0,-0.0,-0.0,1.0,0.0,301.0,0.0,1.0,0.0,0.0,0.0028104782104492188,0.0028104782104492188,0.0,0.0027031898498535156,0.0,0,7a8865af-73e5-4619-b857-ee2a0a150a43,20260814,aggregate,adverse-ecs-omit,1,local-adverse-authority
1,1,1,1,111,1.0,1.0,1,1,1,1.0,1.0,0.0,-0.0,-0.0,1.0,0.0,2257.0,0.0,1.0,0.0,0.0,0.0034685134887695312,0.0034685134887695312,0.0,0.002869844436645508,0.0,0,cb7e6516-8a7a-4f7a-9ca1-761866a97efb,20260814,aggregate,adverse-ecs-omit,1,local-adverse-authority
4,4,4,4,546,1.0,1.0,0,0,0,0.0,0.0,0.0,1.0,1.0,1.0,0.75,121.64285714285714,0.6807997657271234,0.25,0.0,0.0,2.5255094170570374,2.540290594100952,0.005577856335169517,0.0,0.0,0,c49a68fd-bd31-47db-8784-1fdfea0b2961,20260814,aggregate,benign-burst,0,opendns
1,1,1,1,283,1.0,1.0,1,1,1,1.0,1.0,0.0,-0.0,-0.0,1.0,0.0,43.0,0.0,1.0,0.0,0.0,0.01359248161315918,0.01359248161315918,0.0,0.013491153717041016,0.0,0,2d2d7662-9cd9-4901-bcdd-66de1efccd1b,20260814,aggregate,adverse-ecs-omit,1,local-adverse-authority
1,1,1,1,123,1.0,1.0,1,1,1,1.0,1.0,0.0,-0.0,-0.0,1.0,0.0,20.0,0.0,1.0,0.0,0.0,0.002149820327758789,0.002149820327758789,0.0,0.002003192901611328,0.0,0,f3f23772-9e91-4bad-a1d2-f67844a50bc5,20260814,aggregate,adverse-ecs-omit,1,local-adverse-authority
1,1,1,1,151,1.0,1.0,1,1,1,1.0,1.0,0.0,-0.0,-0.0,1.0,0.0,40.0,0.0,1.0,0.0,0.0,0.011955738067626953,0.011955738067626953,0.0,0.011796951293945312,0.0,0,786b2d5f-1fc1-4f6a-87e2-89a6e49cb722,20260814,aggregate,adverse-ecs-omit,1,local-adverse-authority
1,1,1,1,107,1.0,1.0,1,1,1,1.0,1.0,0.0,-0.0,-0.0,1.0,0.0,89.0,0.0,1.0,0.0,0.0,0.0023055076599121094,0.0023055076599121094,0.0,0.0022156238555908203,0.0,0,60a4831d-cf16-4d1f-9af8-80250542ed66,20260814,aggregate,adverse-ecs-omit,1,local-adverse-authority
1,1,1,1,164,1.0,1.0,1,1,1,1.0,0.0,0.0,-0.0,-0.0,1.0,0.0,60.0,0.0,1.0,0.0,0.0,0.0021660327911376953,0.0021660327911376953,0.0,0.001928091049194336,0.0,0,f0f43b62-d15b-494e-984b-ee6922435fe4,20260814,aggregate,adverse-ecs-omit,1,local-adverse-authority
1,1,1,1,203,1.0,1.0,1,1,1,1.0,1.0,0.0,-0.0,-0.0,1.0,0.0,19.0,0.0,1.0,0.0,0.0,0.01296544075012207,0.01296544075012207,0.0,0.01258540153503418,0.0,0,cc621122-5aa8-4ed0-bdaa-b35d41d9b8d4,20260814,aggregate,adverse-ecs-omit,1,local-adverse-authority
1,1,1,1,158,1.0,1.0,1,1,1,1.0,0.0,0.0,-0.0,-0.0,1.0,0.0,2842.0,0.0,1.0,0.0,0.0,0.0017101764678955078,0.0017101764678955078,0.0,0.0016293525695800781,0.0,0,c7ac36c6-a2fe-41eb-89b6-cce9a17ca645,20260814,aggregate,adverse-ecs-omit,1,local-adverse-authority
1,1,1,1,114,1.0,1.0,1,1,1,1.0,0.0,0.0,-0.0,-0.0,1.0,0.0,317.0,0.0,1.0,0.0,0.0,0.04038596153259277,0.04038596153259277,0.0,0.04011845588684082,0.0,0,d4200bb2-9a23-4c9f-961d-0a4989eb0346,20260814,aggregate,adverse-ecs-omit,1,local-adverse-authority
1,1,1,1,117,1.0,1.0,1,1,1,1.0,1.0,0.0,-0.0,-0.0,1.0,0.0,9.0,0.0,1.0,0.0,0.0,0.002442598342895508,0.002442598342895508,0.0,0.002336740493774414,0.0,0,58d1d294-593f-4132-a069-f4389261453f,20260814,aggregate,adverse-ecs-omit,1,local-adverse-authority
1,1,1,1,115,1.0,1.0,1,1,1,1.0,1.0,0.0,-0.0,-0.0,1.0,0.0,6011.0,0.0,1.0,0.0,0.0,0.012804746627807617,0.012804746627807617,0.0,0.012696504592895508,0.0,0,8745cc13-1890-4140-bc41-b0a48948162c,20260814,aggregate,adverse-ecs-omit,1,local-adverse-authority
1,1,1,1,99,1.0,1.0,1,1,1,1.0,1.0,0.0,-0.0,-0.0,1.0,0.0,157.0,0.0,1.0,0.0,0.0,0.015084028244018555,0.015084028244018555,0.0,0.014748096466064453,0.0,0,21efef04-33a0-4baf-8dc0-57e7ff7feff3,20260814,aggregate,adverse-ecs-omit,1,local-adverse-authority
1,1,1,1,147,1.0,1.0,1,1,1,1.0,1.0,0.0,-0.0,-0.0,1.0,0.0,55.0,0.0,1.0,0.0,0.0,0.03572368621826172,0.03572368621826172,0.0,0.0350804328918457,0.0,0,b6443289-a1e9-4d24-9136-54a8325c9662,20260814,aggregate,adverse-ecs-omit,1,local-adverse-authority
1,1,1,1,97,1.0,1.0,1,1,1,1.0,1.0,0.0,-0.0,-0.0,1.0,0.0,352.0,0.0,1.0,0.0,0.0,0.0022072792053222656,0.0022072792053222656,0.0,0.001924276351928711,0.0,0,1b9054e8-136c-4ad3-b430-bfcb03ee3341,20260814,aggregate,adverse-ecs-omit,1,local-adverse-authority
1,1,1,1,153,1.0,1.0,1,1,1,1.0,1.0,0.0,-0.0,-0.0,1.0,0.0,3095.0,0.0,1.0,0.0,0.0,0.0025153160095214844,0.0025153160095214844,0.0,0.001790761947631836,0.0,0,303ef6f7-6114-4f39-84b2-4f335ea6b732,20260814,aggregate,adverse-ecs-omit,1,local-adverse-authority
1,1,1,1,135,1.0,1.0,1,1,1,1.0,1.0,0.0,-0.0,-0.0,1.0,0.0,11.0,0.0,1.0,0.0,0.0,0.004309654235839844,0.004309654235839844,0.0,0.003561735153198242,0.0,0,06067ea1-cc32-4c35-8391-88a3dd3b83b5,20260814,aggregate,adverse-ecs-omit,1,local-adverse-authority
1,1,1,1,156,1.0,1.0,1,1,1,1.0,0.0,0.0,-0.0,-0.0,1.0,0.0,60.0,0.0,1.0,0.0,0.0,0.0054056644439697266,0.0054056644439697266,0.0,0.005246639251708984,0.0,0,e6738f28-3c1e-48d6-bae0-ad26ef1f4daa,20260814,aggregate,adverse-ecs-omit,1,local-adverse-authority
1,1,1,1,110,1.0,1.0,1,1,1,1.0,0.0,0.0,-0.0,-0.0,1.0,0.0,694.0,0.0,1.0,0.0,0.0,0.04992198944091797,0.04992198944091797,0.0,0.048897743225097656,0.0,0,6dbd3412-7738-41c2-9b21-9c8cc2a10def,20260814,aggregate,adverse-ecs-omit,1,local-adverse-authority
1,1,1,1,139,1.0,1.0,1,1,1,1.0,1.0,0.0,-0.0,-0.0,1.0,0.0,3088.0,0.0,1.0,0.0,0.0,0.004603385925292969,0.004603385925292969,0.0,0.004518270492553711,0.0,0,ee10f494-cafb-43ed-b49f-a5493056c924,20260814,aggregate,adverse-ecs-omit,1,local-adverse-authority
1,1,1,1,126,1.0,1.0,1,1,1,1.0,0.0,0.0,-0.0,-0.0,1.0,0.0,287.0,0.0,1.0,0.0,0.0,0.04911184310913086,0.04911184310913086,0.0,0.048586130142211914,0.0,0,5623716e-17ad-47e2-ae3e-fc65042b2e31,20260814,aggregate,adverse-ecs-omit,1,local-adverse-authority
1,1,1,1,99,1.0,1.0,1,1,1,1.0,1.0,0.0,-0.0,-0.0,1.0,0.0,157.0,0.0,1.0,0.0,0.0,0.005761146545410156,0.005761146545410156,0.0,0.005648136138916016,0.0,0,c47c136b-9ee9-4849-8cdc-2ade8a662870,20260814,aggregate,adverse-ecs-omit,1,local-adverse-authority
1,1,1,1,174,1.0,1.0,1,1,1,1.0,0.0,0.0,-0.0,-0.0,1.0,0.0,940.0,0.0,1.0,0.0,0.0,0.01628422737121582,0.01628422737121582,0.0,0.015491962432861328,0.0,0,fe171114-11a4-424a-bf80-81916c04467d,20260814,aggregate,adverse-ecs-omit,1,local-adverse-authority
1,1,1,1,111,1.0,1.0,1,1,1,1.0,1.0,0.0,-0.0,-0.0,1.0,0.0,133.0,0.0,1.0,0.0,0.0,0.002147197723388672,0.002147197723388672,0.0,0.0020627975463867188,0.0,0,cd1f4f8d-05a5-4131-91ba-1eebc18d32cd,20260814,aggregate,adverse-ecs-omit,1,local-adverse-authority
1,1,1,1,110,1.0,1.0,1,1,1,1.0,0.0,0.0,-0.0,-0.0,1.0,0.0,813.0,0.0,1.0,0.0,0.0,0.03240084648132324,0.03240084648132324,0.0,0.03202033042907715,0.0,0,a6108baf-c39a-4096-a744-a8743c14d143,20260814,aggregate,adverse-ecs-omit,1,local-adverse-authority
1,1,1,1,123,1.0,1.0,1,1,1,1.0,1.0,0.0,-0.0,-0.0,1.0,0.0,300.0,0.0,1.0,0.0,0.0,0.005907535552978516,0.005907535552978516,0.0,0.005794048309326172,0.0,0,e96db27a-5618-40ba-811b-437ab61cb7ac,20260814,aggregate,adverse-ecs-omit,1,local-adverse-authority
1,1,1,1,143,1.0,1.0,1,1,1,1.0,1.0,0.0,-0.0,-0.0,1.0,0.0,71.0,0.0,1.0,0.0,0.0,0.002447843551635742,0.002447843551635742,0.0,0.002072572708129883,0.0,0,fd127695-b7c8-4990-9f78-4e79602abe79,20260814,aggregate,adverse-ecs-omit,1,local-adverse-authority
1,1,1,1,158,1.0,1.0,1,1,1,1.0,0.0,0.0,-0.0,-0.0,1.0,0.0,60.0,0.0,1.0,0.0,0.0,0.0344395637512207,0.0344395637512207,0.0,0.03321671485900879,0.0,0,185b33c3-2ccc-407a-bd3f-cdc84155f858,20260814,aggregate,adverse-ecs-omit,1,local-adverse-authority
1,1,1,1,174,1.0,1.0,1,1,1,1.0,0.0,0.0,-0.0,-0.0,1.0,0.0,1418.0,0.0,1.0,0.0,0.0,0.04554176330566406,0.04554176330566406,0.0,0.045311689376831055,0.0,0,732c6213-c62f-4e13-b330-4e38503a6896,20260814,aggregate,adverse-ecs-omit,1,local-adverse-authority
1,1,1,1,161,1.0,1.0,1,1,1,1.0,1.0,0.0,-0.0,-0.0,1.0,0.0,60.0,0.0,1.0,0.0,0.0,0.04156947135925293,0.04156947135925293,0.0,0.04124808311462402,0.0,0,b9660f12-f36b-447c-b883-e026be88b0bb,20260814,aggregate,adverse-ecs-omit,1,local-adverse-authority
1,1,1,1,133,1.0,1.0,1,1,1,1.0,1.0,0.0,-0.0,-0.0,1.0,0.0,211.0,0.0,1.0,0.0,0.0,0.011424779891967773,0.011424779891967773,0.0,0.011312246322631836,0.0,0,cbaf6b3a-7462-4d0d-aa9c-1beebdfe7f25,20260814,aggregate,adverse-ecs-omit,1,local-adverse-authority
1,1,1,1,119,1.0,1.0,1,1,1,1.0,1.0,0.0,-0.0,-0.0,1.0,0.0,60.0,0.0,1.0,0.0,0.0,0.005302906036376953,0.005302906036376953,0.0,0.005172014236450195,0.0,0,a407dd04-2ed6-4fbc-af09-1e8247bbb4f0,20260814,aggregate,adverse-ecs-omit,1,local-adverse-authority
1,1,1,1,103,1.0,1.0,1,1,1,1.0,1.0,0.0,-0.0,-0.0,1.0,0.0,121.0,0.0,1.0,0.0,0.0,0.002001523971557617,0.002001523971557617,0.0,0.0018727779388427734,0.0,0,556f7ee4-c257-4efb-90a2-8b40caa281fd,20260814,aggregate,adverse-ecs-omit,1,local-adverse-authority
1,1,1,1,117,1.0,1.0,1,1,1,1.0,1.0,0.0,-0.0,-0.0,1.0,0.0,20868.0,0.0,1.0,0.0,0.0,0.0026187896728515625,0.0026187896728515625,0.0,0.002439737319946289,0.0,0,89d1a694-bb50-43f5-88f4-3dd34db1546c,20260814,aggregate,adverse-ecs-omit,1,local-adverse-authority
1,1,1,1,111,1.0,1.0,1,1,1,1.0,1.0,0.0,-0.0,-0.0,1.0,0.0,221.0,0.0,1.0,0.0,0.0,0.028554677963256836,0.028554677963256836,0.0,0.028426647186279297,0.0,0,ba5982a2-d4a8-4b2d-859e-660ba6c0baab,20260814,aggregate,adverse-ecs-omit,1,local-adverse-authority
1,1,1,1,113,1.0,1.0,1,1,1,1.0,1.0,0.0,-0.0,-0.0,1.0,0.0,20.0,0.0,1.0,0.0,0.0,0.03818368911743164,0.03818368911743164,0.0,0.038047075271606445,0.0,0,08afdcce-b49d-437c-92cd-c7c2354e7b36,20260814,aggregate,adverse-ecs-omit,1,local-adverse-authority
1,1,1,1,122,1.0,1.0,1,1,1,1.0,0.0,0.0,-0.0,-0.0,1.0,0.0,297.0,0.0,1.0,0.0,0.0,0.0015838146209716797,0.0015838146209716797,0.0,0.0014493465423583984,0.0,0,18e5637e-61b1-41b4-96d1-3ec372a44ade,20260814,aggregate,adverse-ecs-omit,1,local-adverse-authority
1,1,1,1,107,1.0,1.0,1,1,1,1.0,1.0,0.0,-0.0,-0.0,1.0,0.0,46.0,0.0,1.0,0.0,0.0,0.03556513786315918,0.03556513786315918,0.0,0.03547239303588867,0.0,0,284dfb85-f341-4182-9fed-d49ab58c217d,20260814,aggregate,adverse-ecs-omit,1,local-adverse-authority
1,1,1,1,203,1.0,1.0,1,1,1,1.0,1.0,0.0,-0.0,-0.0,1.0,0.0,300.0,0.0,1.0,0.0,0.0,0.0029485225677490234,0.0029485225677490234,0.0,0.002875089645385742,0.0,0,a573dd5e-c168-4970-a0f8-9f127d9226f9,20260814,aggregate,adverse-ecs-omit,1,local-adverse-authority
1,1,1,1,130,1.0,1.0,1,1,1,1.0,0.0,0.0,-0.0,-0.0,1.0,0.0,56.0,0.0,1.0,0.0,0.0,0.002547740936279297,0.002547740936279297,0.0,0.0024483203887939453,0.0,0,4536e832-d700-41f0-b163-a09d50d46668,20260814,aggregate,adverse-ecs-omit,1,local-adverse-authority
1,1,1,1,117,1.0,1.0,1,1,1,1.0,1.0,0.0,-0.0,-0.0,1.0,0.0,20545.0,0.0,1.0,0.0,0.0,0.04211878776550293,0.04211878776550293,0.0,0.04201793670654297,0.0,0,524a23ea-26de-443d-8b0d-56bc1b6cf41e,20260814,aggregate,adverse-ecs-omit,1,local-adverse-authority
1,1,1,1,195,1.0,1.0,1,1,1,1.0,1.0,0.0,-0.0,-0.0,1.0,0.0,32.0,0.0,1.0,0.0,0.0,0.014908552169799805,0.014908552169799805,0.0,0.014800310134887695,0.0,0,eee60e58-9cf6-43e6-bae5-8b8038b4c165,20260814,aggregate,adverse-ecs-omit,1,local-adverse-authority
1,1,1,1,150,1.0,1.0,1,1,1,1.0,0.0,0.0,-0.0,-0.0,1.0,0.0,60.0,0.0,1.0,0.0,0.0,0.0020494461059570312,0.0020494461059570312,0.0,0.0019373893737792969,0.0,0,a723bec4-71e7-4841-a610-77e135c704ae,20260814,aggregate,adverse-ecs-omit,1,local-adverse-authority
1,1,1,1,117,1.0,1.0,1,1,1,1.0,1.0,0.0,-0.0,-0.0,1.0,0.0,4508.0,0.0,1.0,0.0,0.0,0.002396106719970703,0.002396106719970703,0.0,0.002286195755004883,0.0,0,a80051b0-ebc8-4d54-881e-25dc696c7a84,20260814,aggregate,adverse-ecs-omit,1,local-adverse-authority
1,1,1,1,154,1.0,1.0,1,1,1,1.0,0.0,0.0,-0.0,-0.0,1.0,0.0,13.0,0.0,1.0,0.0,0.0,0.002506256103515625,0.002506256103515625,0.0,0.002361774444580078,0.0,0,5a85d679-5654-4c95-ae3b-4395bb865182,20260814,aggregate,adverse-ecs-omit,1,local-adverse-authority
1,1,1,1,119,1.0,1.0,1,1,1,1.0,1.0,0.0,-0.0,-0.0,1.0,0.0,93.0,0.0,1.0,0.0,0.0,0.0015652179718017578,0.0015652179718017578,0.0,0.0014705657958984375,0.0,0,fd3446f0-b30d-42e6-8b4e-37d1ec5033c4,20260814,aggregate,adverse-ecs-omit,1,local-adverse-authority
1,1,1,1,123,1.0,1.0,1,1,1,1.0,1.0,0.0,-0.0,-0.0,1.0,0.0,42.0,0.0,1.0,0.0,0.0,0.0020225048065185547,0.0020225048065185547,0.0,0.0019197463989257812,0.0,0,d5127ec4-7784-4293-b3ef-2081ef09abdc,20260814,aggregate,adverse-ecs-omit,1,local-adverse-authority
1,1,1,1,139,1.0,1.0,1,1,1,1.0,1.0,0.0,-0.0,-0.0,1.0,0.0,57.0,0.0,1.0,0.0,0.0,0.03308677673339844,0.03308677673339844,0.0,0.03299117088317871,0.0,0,8bb69579-096d-453e-9876-342c17d2a813,20260814,aggregate,adverse-ecs-omit,1,local-adverse-authority
1,1,1,1,95,1.0,1.0,1,1,1,1.0,1.0,0.0,-0.0,-0.0,1.0,0.0,60.0,0.0,1.0,0.0,0.0,0.003025054931640625,0.003025054931640625,0.0,0.002858400344848633,0.0,0,d81e42a6-27c1-4ae8-a477-4bde36618384,20260814,aggregate,adverse-ecs-omit,1,local-adverse-authority
1,1,1,1,161,1.0,1.0,1,1,1,1.0,1.0,0.0,-0.0,-0.0,1.0,0.0,60.0,0.0,1.0,0.0,0.0,0.011629819869995117,0.011629819869995117,0.0,0.011455535888671875,0.0,0,40b80804-bfc7-4505-a433-230b1d169f52,20260814,aggregate,adverse-ecs-omit,1,local-adverse-authority
1,1,1,1,127,1.0,1.0,1,1,1,1.0,1.0,0.0,-0.0,-0.0,1.0,0.0,165.0,0.0,1.0,0.0,0.0,0.0281829833984375,0.0281829833984375,0.0,0.028080463409423828,0.0,0,2f239973-e933-42ca-853e-2e4432be061c,20260814,aggregate,adverse-ecs-omit,1,local-adverse-authority
1,1,1,1,111,1.0,1.0,1,1,1,1.0,1.0,0.0,-0.0,-0.0,1.0,0.0,300.0,0.0,1.0,0.0,0.0,0.0030045509338378906,0.0030045509338378906,0.0,0.0028486251831054688,0.0,0,8ec5927e-9157-4b35-8d3a-19c62a96a410,20260814,aggregate,adverse-ecs-omit,1,local-adverse-authority
1,1,1,1,140,1.0,1.0,1,1,1,1.0,0.0,0.0,-0.0,-0.0,1.0,0.0,1595.0,0.0,1.0,0.0,0.0,0.024713516235351562,0.024713516235351562,0.0,0.024611949920654297,0.0,0,e518b0fa-62da-488a-ae32-3653ad1021a5,20260814,aggregate,adverse-ecs-omit,1,local-adverse-authority
1,1,1,1,107,1.0,1.0,1,1,1,1.0,1.0,0.0,-0.0,-0.0,1.0,0.0,77.0,0.0,1.0,0.0,0.0,0.003354787826538086,0.003354787826538086,0.0,0.0032329559326171875,0.0,0,7927cb5a-61a1-4909-b300-4c56c56788fc,20260814,aggregate,adverse-ecs-omit,1,local-adverse-authority
1,1,1,1,155,1.0,1.0,1,1,1,1.0,1.0,0.0,-0.0,-0.0,1.0,0.0,20391.0,0.0,1.0,0.0,0.0,0.017240047454833984,0.017240047454833984,0.0,0.017132043838500977,0.0,0,5eb69e69-93a2-4ee0-ba11-6ddcf6e9a9cb,20260814,aggregate,adverse-ecs-omit,1,local-adverse-authority
1,1,1,1,120,1.0,1.0,1,1,1,1.0,0.0,0.0,-0.0,-0.0,1.0,0.0,22.0,0.0,1.0,0.0,0.0,0.02150440216064453,0.02150440216064453,0.0,0.021388769149780273,0.0,0,fba7fb1d-f7b6-4144-9067-14c607d94b3b,20260814,aggregate,adverse-ecs-omit,1,local-adverse-authority
1,1,1,1,140,1.0,1.0,1,1,1,1.0,0.0,0.0,-0.0,-0.0,1.0,0.0,22.0,0.0,1.0,0.0,0.0,0.003110647201538086,0.003110647201538086,0.0,0.0029866695404052734,0.0,0,b4aa20b4-5881-4979-bc0c-9ac9f903b848,20260814,aggregate,adverse-ecs-mismatch,1,local-adverse-authority
1,1,1,1,112,1.0,1.0,1,1,1,1.0,0.0,1.0,-0.0,-0.0,1.0,0.0,600.0,0.0,1.0,0.0,0.0,0.001980304718017578,0.001980304718017578,0.0,0.0018420219421386719,0.0,0,e266f48f-28de-4d68-a3ca-7f6d4420d7ec,20260814,aggregate,adverse-ecs-mismatch,1,local-adverse-authority
1,1,1,1,118,1.0,1.0,1,1,1,1.0,0.0,1.0,-0.0,-0.0,1.0,0.0,17.0,0.0,1.0,0.0,0.0,0.0020265579223632812,0.0020265579223632812,0.0,0.0018906593322753906,0.0,0,a53c7eb7-7519-4db9-aafd-7a6a40a2b989,20260814,aggregate,adverse-ecs-mismatch,1,local-adverse-authority
1,1,1,1,126,1.0,1.0,1,1,1,1.0,0.0,0.0,-0.0,-0.0,1.0,0.0,163.0,0.0,1.0,0.0,0.0,0.013567447662353516,0.013567447662353516,0.0,0.013398885726928711,0.0,0,285a9ad5-32f5-4d11-bc80-a498622329c2,20260814,aggregate,adverse-ecs-mismatch,1,local-adverse-authority
1,1,1,1,168,1.0,1.0,1,1,1,1.0,0.0,1.0,-0.0,-0.0,1.0,0.0,300.0,0.0,1.0,0.0,0.0,0.0022411346435546875,0.0022411346435546875,0.0,0.002104520797729492,0.0,0,4de9e27c-c483-4e47-8c8b-5ed6d5d436ed,20260814,aggregate,adverse-ecs-mismatch,1,local-adverse-authority
1,1,1,1,168,1.0,1.0,1,1,1,1.0,0.0,0.0,-0.0,-0.0,1.0,0.0,60.0,0.0,1.0,0.0,0.0,0.019654035568237305,0.019654035568237305,0.0,0.019515275955200195,0.0,0,30859f49-d583-43dc-a113-35a7d6f6be74,20260814,aggregate,adverse-ecs-mismatch,1,local-adverse-authority
1,1,1,1,148,1.0,1.0,1,1,1,1.0,0.0,0.0,-0.0,-0.0,1.0,0.0,282.0,0.0,1.0,0.0,0.0,0.0015599727630615234,0.0015599727630615234,0.0,0.0014574527740478516,0.0,0,88599c8b-756d-4ccc-8664-f1ab7979f721,20260814,aggregate,adverse-ecs-mismatch,1,local-adverse-authority
1,1,1,1,164,1.0,1.0,1,1,1,1.0,0.0,0.0,-0.0,-0.0,1.0,0.0,2838.0,0.0,1.0,0.0,0.0,0.013712644577026367,0.013712644577026367,0.0,0.013637304306030273,0.0,0,6195e489-7367-41fb-9abf-b600140598cb,20260814,aggregate,adverse-ecs-mismatch,1,local-adverse-authority
1,1,1,1,116,1.0,1.0,1,1,1,1.0,0.0,0.0,-0.0,-0.0,1.0,0.0,300.0,0.0,1.0,0.0,0.0,0.0011763572692871094,0.0011763572692871094,0.0,0.0010514259338378906,0.0,0,fe5ddd97-8435-4946-b883-69666f6dedd4,20260814,aggregate,adverse-ecs-mismatch,1,local-adverse-authority
1,1,1,1,128,1.0,1.0,1,1,1,1.0,0.0,1.0,-0.0,-0.0,1.0,0.0,8353.0,0.0,1.0,0.0,0.0,0.02724289894104004,0.02724289894104004,0.0,0.027077198028564453,0.0,0,48c4da24-40aa-4200-9f02-27e0e88a44df,20260814,aggregate,adverse-ecs-mismatch,1,local-adverse-authority
1,1,1,1,138,1.0,1.0,1,1,1,1.0,0.0,1.0,-0.0,-0.0,1.0,0.0,5.0,0.0,1.0,0.0,0.0,0.002462148666381836,0.002462148666381836,0.0,0.0023250579833984375,0.0,0,32579504-d332-48bd-8f95-87e9c452f633,20260814,aggregate,adverse-ecs-mismatch,1,local-adverse-authority
1,1,1,1,178,1.0,1.0,1,1,1,1.0,0.0,0.0,-0.0,-0.0,1.0,0.0,52.0,0.0,1.0,0.0,0.0,0.003854036331176758,0.003854036331176758,0.0,0.003777742385864258,0.0,0,c363cab2-1a83-4f5e-aa69-06819ba1a675,20260814,aggregate,adverse-ecs-mismatch,1,local-adverse-authority
1,1,1,1,206,1.0,1.0,1,1,1,1.0,0.0,1.0,-0.0,-0.0,1.0,0.0,300.0,0.0,1.0,0.0,0.0,0.0033228397369384766,0.0033228397369384766,0.0,0.003214120864868164,0.0,0,8e36704b-a4ca-43e8-9ad9-ed4f63e749f5,20260814,aggregate,adverse-ecs-mismatch,1,local-adverse-authority
1,1,1,1,168,1.0,1.0,1,1,1,1.0,0.0,0.0,-0.0,-0.0,1.0,0.0,60.0,0.0,1.0,0.0,0.0,0.03396773338317871,0.03396773338317871,0.0,0.03384280204772949,0.0,0,4857cbe0-8a06-46f3-b7bd-775f578d7eba,20260814,aggregate,adverse-ecs-mismatch,1,local-adverse-authority
1,1,1,1,216,1.0,1.0,1,1,1,1.0,0.0,0.0,-0.0,-0.0,1.0,0.0,72.0,0.0,1.0,0.0,0.0,0.004739999771118164,0.004739999771118164,0.0,0.004631996154785156,0.0,0,b9f6444f-6e9f-40cc-b749-5b7e16a44fb6,20260814,aggregate,adverse-ecs-mismatch,1,local-adverse-authority
1,1,1,1,210,1.0,1.0,1,1,1,1.0,0.0,0.0,-0.0,-0.0,1.0,0.0,300.0,0.0,1.0,0.0,0.0,0.0037453174591064453,0.0037453174591064453,0.0,0.0036611557006835938,0.0,0,02fcdb9d-2ec1-4a13-a651-cb9bef0bb8ab,20260814,aggregate,adverse-ecs-mismatch,1,local-adverse-authority
1,1,1,1,110,1.0,1.0,1,1,1,1.0,0.0,0.0,-0.0,-0.0,1.0,0.0,476.0,0.0,1.0,0.0,0.0,0.016675949096679688,0.016675949096679688,0.0,0.016563892364501953,0.0,0,c261624a-7c55-43ce-8a67-d7ab3d10f33b,20260814,aggregate,adverse-ecs-mismatch,1,local-adverse-authority
1,1,1,1,118,1.0,1.0,1,1,1,1.0,0.0,1.0,-0.0,-0.0,1.0,0.0,2021.0,0.0,1.0,0.0,0.0,0.031041860580444336,0.031041860580444336,0.0,0.030930519104003906,0.0,0,dd61ee28-4f9f-420d-b4f5-45c95def6ebd,20260814,aggregate,adverse-ecs-mismatch,1,local-adverse-authority
1,1,1,1,214,1.0,1.0,1,1,1,1.0,0.0,0.0,-0.0,-0.0,1.0,0.0,62.0,0.0,1.0,0.0,0.0,0.0014688968658447266,0.0014688968658447266,0.0,0.001386880874633789,0.0,0,bce1ba10-a647-4074-97df-027f3236edb6,20260814,aggregate,adverse-ecs-mismatch,1,local-adverse-authority
1,1,1,1,128,1.0,1.0,1,1,1,1.0,0.0,1.0,-0.0,-0.0,1.0,0.0,30.0,0.0,1.0,0.0,0.0,0.004940032958984375,0.004940032958984375,0.0,0.004814624786376953,0.0,0,69fc1a4f-d4ea-4508-a345-9b2db74c8b28,20260814,aggregate,adverse-ecs-mismatch,1,local-adverse-authority
1,1,1,1,148,1.0,1.0,1,1,1,1.0,0.0,0.0,-0.0,-0.0,1.0,0.0,86.0,0.0,1.0,0.0,0.0,0.02344965934753418,0.02344965934753418,0.0,0.023350000381469727,0.0,0,680d3cb4-73eb-493c-81fb-c66244912c66,20260814,aggregate,adverse-ecs-mismatch,1,local-adverse-authority
1,1,1,1,124,1.0,1.0,1,1,1,1.0,0.0,1.0,-0.0,-0.0,1.0,0.0,260.0,0.0,1.0,0.0,0.0,0.029267072677612305,0.029267072677612305,0.0,0.029160022735595703,0.0,0,c0be9467-645e-4843-9f18-2645bb12fe8c,20260814,aggregate,adverse-ecs-mismatch,1,local-adverse-authority
1,1,1,1,110,1.0,1.0,1,1,1,1.0,0.0,1.0,-0.0,-0.0,1.0,0.0,600.0,0.0,1.0,0.0,0.0,0.002819538116455078,0.002819538116455078,0.0,0.0026619434356689453,0.0,0,a8fd656f-3fec-416a-9d2e-42a8a0b6215c,20260814,aggregate,adverse-ecs-mismatch,1,local-adverse-authority
1,1,1,1,118,1.0,1.0,1,1,1,1.0,0.0,0.0,-0.0,-0.0,1.0,0.0,1.0,0.0,1.0,0.0,0.0,0.0394899845123291,0.0394899845123291,0.0,0.03934526443481445,0.0,0,9eb6c8b9-4319-4ef6-8707-f150cb5daf32,20260814,aggregate,adverse-ecs-mismatch,1,local-adverse-authority
1,1,1,1,184,1.0,1.0,1,1,1,1.0,0.0,0.0,-0.0,-0.0,1.0,0.0,102.0,0.0,1.0,0.0,0.0,0.019008159637451172,0.019008159637451172,0.0,0.018880367279052734,0.0,0,2256e18f-2ae7-42e6-85a8-4801ceb26d6b,20260814,aggregate,adverse-ecs-mismatch,1,local-adverse-authority
1,1,1,1,162,1.0,1.0,1,1,1,1.0,0.0,0.0,-0.0,-0.0,1.0,0.0,60.0,0.0,1.0,0.0,0.0,0.01773357391357422,0.01773357391357422,0.0,0.017583370208740234,0.0,0,c7b4f965-17d1-42a1-a489-96b854956589,20260814,aggregate,adverse-ecs-mismatch,1,local-adverse-authority
1,1,1,1,164,1.0,1.0,1,1,1,1.0,0.0,0.0,-0.0,-0.0,1.0,0.0,60.0,0.0,1.0,0.0,0.0,0.017443180084228516,0.017443180084228516,0.0,0.01731562614440918,0.0,0,7ef4a707-6d68-44db-9ec6-e3edf080d3e4,20260814,aggregate,adverse-ecs-mismatch,1,local-adverse-authority
1,1,1,1,214,1.0,1.0,1,1,1,1.0,0.0,1.0,-0.0,-0.0,1.0,0.0,1.0,0.0,1.0,0.0,0.0,0.003238677978515625,0.003238677978515625,0.0,0.0031251907348632812,0.0,0,ef5d4c0f-e8b8-4f5c-9575-1dbfab9a95de,20260814,aggregate,adverse-ecs-mismatch,1,local-adverse-authority
1,1,1,1,166,1.0,1.0,1,1,1,1.0,0.0,0.0,-0.0,-0.0,1.0,0.0,60.0,0.0,1.0,0.0,0.0,0.018015384674072266,0.018015384674072266,0.0,0.017822742462158203,0.0,0,dd54639d-6af5-41ed-b6cd-f6ebe93934fe,20260814,aggregate,adverse-ecs-mismatch,1,local-adverse-authority
1,1,1,1,146,1.0,1.0,1,1,1,1.0,0.0,1.0,-0.0,-0.0,1.0,0.0,6.0,0.0,1.0,0.0,0.0,0.002805948257446289,0.002805948257446289,0.0,0.002670764923095703,0.0,0,cbb46400-dc0c-404d-a982-e5502b12497a,20260814,aggregate,adverse-ecs-mismatch,1,local-adverse-authority
1,1,1,1,294,1.0,1.0,1,1,1,1.0,0.0,1.0,-0.0,-0.0,1.0,0.0,300.0,0.0,1.0,0.0,0.0,0.0015163421630859375,0.0015163421630859375,0.0,0.001384735107421875,0.0,0,75fbd12f-7a68-4255-bf14-1c3a051b8937,20260814,aggregate,adverse-ecs-mismatch,1,local-adverse-authority
1,1,1,1,118,1.0,1.0,1,1,1,1.0,0.0,1.0,-0.0,-0.0,1.0,0.0,575.0,0.0,1.0,0.0,0.0,0.003351449966430664,0.003351449966430664,0.0,0.003221273422241211,0.0,0,7cb46525-8f17-48fd-ad57-fe780eb36bcc,20260814,aggregate,adverse-ecs-mismatch,1,local-adverse-authority
1,1,1,1,150,1.0,1.0,1,1,1,1.0,0.0,0.0,-0.0,-0.0,1.0,0.0,60.0,0.0,1.0,0.0,0.0,0.014675617218017578,0.014675617218017578,0.0,0.014554262161254883,0.0,0,cd788aec-e388-4576-9499-cee7d1195af4,20260814,aggregate,adverse-ecs-mismatch,1,local-adverse-authority
1,1,1,1,168,1.0,1.0,1,1,1,1.0,0.0,0.0,-0.0,-0.0,1.0,0.0,50.0,0.0,1.0,0.0,0.0,0.0017232894897460938,0.0017232894897460938,0.0,0.0016145706176757812,0.0,0,dc9da60c-67bb-4509-840a-9395b832a497,20260814,aggregate,adverse-ecs-mismatch,1,local-adverse-authority
1,1,1,1,134,1.0,1.0,1,1,1,1.0,0.0,1.0,-0.0,-0.0,1.0,0.0,19.0,0.0,1.0,0.0,0.0,0.0033485889434814453,0.0033485889434814453,0.0,0.0032231807708740234,0.0,0,994a1d32-de74-426c-aa56-cb5c2adc9710,20260814,aggregate,adverse-ecs-mismatch,1,local-adverse-authority
1,1,1,1,162,1.0,1.0,1,1,1,1.0,0.0,0.0,-0.0,-0.0,1.0,0.0,60.0,0.0,1.0,0.0,0.0,0.016029834747314453,0.016029834747314453,0.0,0.015921831130981445,0.0,0,551d33a4-84ac-4ff8-8fd5-5d57d9189cdb,20260814,aggregate,adverse-ecs-mismatch,1,local-adverse-authority
1,1,1,1,116,1.0,1.0,1,1,1,1.0,0.0,1.0,-0.0,-0.0,1.0,0.0,300.0,0.0,1.0,0.0,0.0,0.003979206085205078,0.003979206085205078,0.0,0.003815174102783203,0.0,0,94d5c820-301e-495c-b95f-8cd6bf4fd752,20260814,aggregate,adverse-ecs-mismatch,1,local-adverse-authority
1,1,1,1,122,1.0,1.0,1,1,1,1.0,0.0,1.0,-0.0,-0.0,1.0,0.0,60.0,0.0,1.0,0.0,0.0,0.002347707748413086,0.002347707748413086,0.0,0.002200603485107422,0.0,0,b9db23c6-dda7-417e-a299-d97e1228e7f9,20260814,aggregate,adverse-ecs-mismatch,1,local-adverse-authority
1,1,1,1,168,1.0,1.0,1,1,1,1.0,0.0,1.0,-0.0,-0.0,1.0,0.0,50.0,0.0,1.0,0.0,0.0,0.0028450489044189453,0.0028450489044189453,0.0,0.0027425289154052734,0.0,0,d60e4dba-7ee7-4988-a1a3-07c6b17067dd,20260814,aggregate,adverse-ecs-mismatch,1,local-adverse-authority
1,1,1,1,204,1.0,1.0,1,1,1,1.0,0.0,1.0,-0.0,-0.0,1.0,0.0,101.0,0.0,1.0,0.0,0.0,0.004145145416259766,0.004145145416259766,0.0,0.004008293151855469,0.0,0,bcc6d841-7ee3-4b93-93ab-4ae89e50d8ae,20260814,aggregate,adverse-ecs-mismatch,1,local-adverse-authority
1,1,1,1,208,1.0,1.0,1,1,1,1.0,0.0,1.0,-0.0,-0.0,1.0,0.0,45.0,0.0,1.0,0.0,0.0,0.0027985572814941406,0.0027985572814941406,0.0,0.0026798248291015625,0.0,0,1e1661dc-d961-4b5c-bffb-e7fc3139c4eb,20260814,aggregate,adverse-ecs-mismatch,1,local-adverse-authority
1,1,1,1,188,1.0,1.0,1,1,1,1.0,0.0,0.0,-0.0,-0.0,1.0,0.0,60.0,0.0,1.0,0.0,0.0,0.015123128890991211,0.015123128890991211,0.0,0.014876127243041992,0.0,0,5ccc13ec-2cd0-4114-9d98-15129503b744,20260814,aggregate,adverse-ecs-mismatch,1,local-adverse-authority
1,1,1,1,140,1.0,1.0,1,1,1,1.0,0.0,1.0,-0.0,-0.0,1.0,0.0,15.0,0.0,1.0,0.0,0.0,0.014604568481445312,0.014604568481445312,0.0,0.014441967010498047,0.0,0,35531be9-4982-450e-b726-a03635c4b034,20260814,aggregate,adverse-ecs-mismatch,1,local-adverse-authority
1,1,1,1,140,1.0,1.0,1,1,1,1.0,0.0,0.0,-0.0,-0.0,1.0,0.0,300.0,0.0,1.0,0.0,0.0,0.03050827980041504,0.03050827980041504,0.0,0.03041243553161621,0.0,0,778bc22e-c228-4032-b912-293e8ecf3383,20260814,aggregate,adverse-ecs-mismatch,1,local-adverse-authority
1,1,1,1,136,1.0,1.0,1,1,1,1.0,0.0,1.0,-0.0,-0.0,1.0,0.0,39.0,0.0,1.0,0.0,0.0,0.0018622875213623047,0.0018622875213623047,0.0,0.0017490386962890625,0.0,0,8a020942-4503-497f-8ac4-36ac45823b23,20260814,aggregate,adverse-ecs-mismatch,1,local-adverse-authority
1,1,1,1,114,1.0,1.0,1,1,1,1.0,0.0,1.0,-0.0,-0.0,1.0,0.0,300.0,0.0,1.0,0.0,0.0,0.01334381103515625,0.01334381103515625,0.0,0.01326894760131836,0.0,0,ab717e84-d6f3-4795-960d-6b4a2616774f,20260814,aggregate,adverse-ecs-mismatch,1,local-adverse-authority
1,1,1,1,124,1.0,1.0,1,1,1,1.0,0.0,1.0,-0.0,-0.0,1.0,0.0,20520.0,0.0,1.0,0.0,0.0,0.0033826828002929688,0.0033826828002929688,0.0,0.003289461135864258,0.0,0,8f8d3aa8-e14f-40eb-a1a2-2b25fc447fc6,20260814,aggregate,adverse-ecs-mismatch,1,local-adverse-authority
1,1,1,1,136,1.0,1.0,1,1,1,1.0,0.0,0.0,-0.0,-0.0,1.0,0.0,300.0,0.0,1.0,0.0,0.0,0.002433300018310547,0.002433300018310547,0.0,0.0022058486938476562,0.0,0,45cef59e-d3af-4ac6-9811-c3903cbd28f2,20260814,aggregate,adverse-ecs-mismatch,1,local-adverse-authority
1,1,1,1,158,1.0,1.0,1,1,1,1.0,0.0,1.0,-0.0,-0.0,1.0,0.0,60.0,0.0,1.0,0.0,0.0,0.0024499893188476562,0.0024499893188476562,0.0,0.0023126602172851562,0.0,0,20686e0f-35c1-4b37-9a5d-f0df8a8bf76f,20260814,aggregate,adverse-ecs-mismatch,1,local-adverse-authority
1,1,1,1,204,1.0,1.0,1,1,1,1.0,0.0,1.0,-0.0,-0.0,1.0,0.0,92.0,0.0,1.0,0.0,0.0,0.002433300018310547,0.002433300018310547,0.0,0.002289295196533203,0.0,0,c9eae551-df37-4684-990c-091ba8347b22,20260814,aggregate,adverse-ecs-mismatch,1,local-adverse-authority
1,1,1,1,178,1.0,1.0,1,1,1,1.0,0.0,0.0,-0.0,-0.0,1.0,0.0,2634.0,0.0,1.0,0.0,0.0,0.0015530586242675781,0.0015530586242675781,0.0,0.0014238357543945312,0.0,0,06a5e23e-037a-49b6-b395-3ed77cb23e14,20260814,aggregate,adverse-ecs-mismatch,1,local-adverse-authority
1,1,1,1,168,1.0,1.0,1,1,1,1.0,0.0,0.0,-0.0,-0.0,1.0,0.0,2252.0,0.0,1.0,0.0,0.0,0.014568328857421875,0.014568328857421875,0.0,0.014459609985351562,0.0,0,4c2d751f-4150-4ba0-bcad-6cb09ce5a42b,20260814,aggregate,adverse-ecs-mismatch,1,local-adverse-authority
1,1,1,1,156,1.0,1.0,1,1,1,1.0,0.0,0.0,-0.0,-0.0,1.0,0.0,300.0,0.0,1.0,0.0,0.0,0.0024728775024414062,0.0024728775024414062,0.0,0.0023615360260009766,0.0,0,1cfecc5c-a4c8-4c16-a1b0-5ef45678cd46,20260814,aggregate,adverse-ecs-mismatch,1,local-adverse-authority
1,1,1,1,132,1.0,1.0,1,1,1,1.0,0.0,1.0,-0.0,-0.0,1.0,0.0,517.0,0.0,1.0,0.0,0.0,0.0028204917907714844,0.0028204917907714844,0.0,0.0026960372924804688,0.0,0,3316acd4-fc5c-4ddb-a3e4-401ecfc7abff,20260814,aggregate,adverse-ecs-mismatch,1,local-adverse-authority
1,1,1,1,150,1.0,1.0,1,1,1,1.0,0.0,0.0,-0.0,-0.0,1.0,0.0,60.0,0.0,1.0,0.0,0.0,0.0016238689422607422,0.0016238689422607422,0.0,0.0014834403991699219,0.0,0,f973cc27-e106-4e5c-901f-d16ba72e45e3,20260814,aggregate,adverse-ecs-mismatch,1,local-adverse-authority
1,1,1,1,130,1.0,1.0,1,1,1,1.0,0.0,1.0,-0.0,-0.0,1.0,0.0,300.0,0.0,1.0,0.0,0.0,0.0019915103912353516,0.0019915103912353516,0.0,0.001833200454711914,0.0,0,e614a847-0601-4f2f-aed6-02e054a947a0,20260814,aggregate,adverse-ecs-mismatch,1,local-adverse-authority
1,1,1,1,109,1.0,1.0,1,1,1,1.0,1.0,0.0,-0.0,-0.0,1.0,0.0,300.0,0.0,1.0,0.0,0.0,0.0030024051666259766,0.0030024051666259766,0.0,0.0027272701263427734,0.0,0,80731700-190f-484c-a7ec-7630a3f7c964,20260814,aggregate,adverse-ecs-omit,1,local-adverse-authority
1,1,1,1,150,1.0,1.0,1,1,1,1.0,0.0,0.0,-0.0,-0.0,1.0,0.0,22.0,0.0,1.0,0.0,0.0,0.016500234603881836,0.016500234603881836,0.0,0.016362428665161133,0.0,0,1b97679e-c453-4c80-a575-edea86ce3a6b,20260814,aggregate,adverse-ecs-mismatch,1,local-adverse-authority
1,1,1,1,99,1.0,1.0,1,1,1,1.0,1.0,0.0,-0.0,-0.0,1.0,0.0,300.0,0.0,1.0,0.0,0.0,0.0041658878326416016,0.0041658878326416016,0.0,0.0033845901489257812,0.0,0,86ac1405-baf7-4a81-adee-ff95c3a8d92e,20260814,aggregate,adverse-ecs-omit,1,local-adverse-authority
1,1,1,1,294,1.0,1.0,1,1,1,1.0,0.0,1.0,-0.0,-0.0,1.0,0.0,299.0,0.0,1.0,0.0,0.0,0.0038230419158935547,0.0038230419158935547,0.0,0.003624439239501953,0.0,0,dcfb7f37-6deb-46b7-a3c6-bd5284ac7406,20260814,aggregate,adverse-ecs-mismatch,1,local-adverse-authority
1,1,1,1,108,1.0,1.0,1,1,1,1.0,0.0,0.0,-0.0,-0.0,1.0,0.0,686.0,0.0,1.0,0.0,0.0,0.0033164024353027344,0.0033164024353027344,0.0,0.003223896026611328,0.0,0,27d5b011-13be-4a43-a842-db76756ac582,20260814,aggregate,adverse-ecs-mismatch,1,local-adverse-authority
1,1,1,1,110,1.0,1.0,1,1,1,1.0,0.0,0.0,-0.0,-0.0,1.0,0.0,300.0,0.0,1.0,0.0,0.0,0.01691889762878418,0.01691889762878418,0.0,0.01622629165649414,0.0,0,2344f357-9354-468d-8c7d-1a4ac1da950d,20260814,aggregate,adverse-ecs-omit,1,local-adverse-authority
1,1,1,1,118,1.0,1.0,1,1,1,1.0,0.0,0.0,-0.0,-0.0,1.0,0.0,300.0,0.0,1.0,0.0,0.0,0.00413823127746582,0.00413823127746582,0.0,0.003389596939086914,0.0,0,8b9db5d2-64da-413d-9c17-0f846cd14b5f,20260814,aggregate,adverse-ecs-omit,1,local-adverse-authority
1,1,1,1,113,1.0,1.0,1,1,1,1.0,1.0,0.0,-0.0,-0.0,1.0,0.0,300.0,0.0,1.0,0.0,0.0,0.018671751022338867,0.018671751022338867,0.0,0.018390178680419922,0.0,0,fcdce36b-fc1f-4373-942d-fc1ef6cd3fbd,20260814,aggregate,adverse-ecs-omit,1,local-adverse-authority
1,1,1,1,116,1.0,1.0,1,1,1,1.0,0.0,0.0,-0.0,-0.0,1.0,0.0,300.0,0.0,1.0,0.0,0.0,0.015531301498413086,0.015531301498413086,0.0,0.015439748764038086,0.0,0,2783be4b-c85a-4544-955d-1a7718e87b83,20260814,aggregate,adverse-ecs-omit,1,local-adverse-authority
1,1,1,1,99,1.0,1.0,1,1,1,1.0,1.0,0.0,-0.0,-0.0,1.0,0.0,300.0,0.0,1.0,0.0,0.0,0.004342555999755859,0.004342555999755859,0.0,0.0035512447357177734,0.0,0,95361895-afd3-43f0-9db7-18c7d2dc94d7,20260814,aggregate,adverse-ecs-omit,1,local-adverse-authority
1,1,1,1,206,1.0,1.0,1,1,1,1.0,0.0,0.0,-0.0,-0.0,1.0,0.0,147.0,0.0,1.0,0.0,0.0,0.001443624496459961,0.001443624496459961,0.0,0.0013401508331298828,0.0,0,61baeb84-8264-4580-9f1c-5a3fb98d6abc,20260814,aggregate,adverse-ecs-mismatch,1,local-adverse-authority
1,1,1,1,116,1.0,1.0,1,1,1,1.0,0.0,1.0,-0.0,-0.0,1.0,0.0,9131.0,0.0,1.0,0.0,0.0,0.00863027572631836,0.00863027572631836,0.0,0.008213281631469727,0.0,0,9bb7673c-d18a-4229-85b3-4dc2a259c30b,20260814,aggregate,adverse-ecs-mismatch,1,local-adverse-authority
1,1,1,1,109,1.0,1.0,1,1,1,1.0,1.0,0.0,-0.0,-0.0,1.0,0.0,300.0,0.0,1.0,0.0,0.0,0.006036520004272461,0.006036520004272461,0.0,0.005518198013305664,0.0,0,0fbebbb3-ac12-4478-b10c-8500129c2b78,20260814,aggregate,adverse-ecs-omit,1,local-adverse-authority
1,1,1,1,114,1.0,1.0,1,1,1,1.0,0.0,1.0,-0.0,-0.0,1.0,0.0,300.0,0.0,1.0,0.0,0.0,0.0161895751953125,0.0161895751953125,0.0,0.016106128692626953,0.0,0,dbd40c39-63b0-4c72-a047-83e3de9209bc,20260814,aggregate,adverse-ecs-mismatch,1,local-adverse-authority
1,1,1,1,116,1.0,1.0,1,1,1,1.0,0.0,0.0,-0.0,-0.0,1.0,0.0,300.0,0.0,1.0,0.0,0.0,0.015292882919311523,0.015292882919311523,0.0,0.015131711959838867,0.0,0,86f7ffc0-03cd-4d63-8bb0-d7dc362bc39f,20260814,aggregate,adverse-ecs-omit,1,local-adverse-authority
1,1,1,1,140,1.0,1.0,1,1,1,1.0,0.0,1.0,-0.0,-0.0,1.0,0.0,300.0,0.0,1.0,0.0,0.0,0.003312826156616211,0.003312826156616211,0.0,0.002908468246459961,0.0,0,ed64aebc-bc53-4fce-ba9c-e7027f41b252,20260814,aggregate,adverse-ecs-mismatch,1,local-adverse-authority
1,1,1,1,168,1.0,1.0,1,1,1,1.0,0.0,1.0,-0.0,-0.0,1.0,0.0,30.0,0.0,1.0,0.0,0.0,0.004186868667602539,0.004186868667602539,0.0,0.0035316944122314453,0.0,0,873dfbfd-1559-46b1-8329-d5130c8a8912,20260814,aggregate,adverse-ecs-mismatch,1,local-adverse-authority
1,1,1,1,140,1.0,1.0,1,1,1,1.0,0.0,1.0,-0.0,-0.0,1.0,0.0,2.0,0.0,1.0,0.0,0.0,0.015128135681152344,0.015128135681152344,0.0,0.01493382453918457,0.0,0,f966058c-69e8-40d8-bb17-50564278c1ca,20260814,aggregate,adverse-ecs-mismatch,1,local-adverse-authority
1,1,1,1,158,1.0,1.0,1,1,1,1.0,0.0,1.0,-0.0,-0.0,1.0,0.0,60.0,0.0,1.0,0.0,0.0,0.004572391510009766,0.004572391510009766,0.0,0.0043222904205322266,0.0,0,e247c134-df6d-4574-964b-8dc652567250,20260814,aggregate,adverse-ecs-mismatch,1,local-adverse-authority
1,1,1,1,130,1.0,1.0,1,1,1,1.0,0.0,0.0,-0.0,-0.0,1.0,0.0,23.0,0.0,1.0,0.0,0.0,0.015180587768554688,0.015180587768554688,0.0,0.015084981918334961,0.0,0,433ee8f8-1de8-45fb-8377-723f84a5d60b,20260814,aggregate,adverse-ecs-mismatch,1,local-adverse-authority
1,1,1,1,108,1.0,1.0,1,1,1,1.0,0.0,0.0,-0.0,-0.0,1.0,0.0,21116.0,0.0,1.0,0.0,0.0,0.0018932819366455078,0.0018932819366455078,0.0,0.0018110275268554688,0.0,0,20b343fe-4bf6-4dcc-8804-aadbdff54c45,20260814,aggregate,adverse-ecs-mismatch,1,local-adverse-authority
1,1,1,1,168,1.0,1.0,1,1,1,1.0,0.0,0.0,-0.0,-0.0,1.0,0.0,801.0,0.0,1.0,0.0,0.0,0.0022683143615722656,0.0022683143615722656,0.0,0.002183198928833008,0.0,0,9a1156f9-a569-45e5-ad79-9371bbd5644f,20260814,aggregate,adverse-ecs-mismatch,1,local-adverse-authority
1,1,1,1,214,1.0,1.0,1,1,1,1.0,0.0,1.0,-0.0,-0.0,1.0,0.0,300.0,0.0,1.0,0.0,0.0,0.027674436569213867,0.027674436569213867,0.0,0.027271270751953125,0.0,0,aa6e0eed-202f-4a2c-bf6c-8bc7c5220435,20260814,aggregate,adverse-ecs-mismatch,1,local-adverse-authority
1,1,1,1,198,1.0,1.0,1,1,1,1.0,0.0,1.0,-0.0,-0.0,1.0,0.0,20221.0,0.0,1.0,0.0,0.0,0.03463482856750488,0.03463482856750488,0.0,0.03331136703491211,0.0,0,d9302aca-68fb-4e4c-89cf-683d0c23773b,20260814,aggregate,adverse-ecs-mismatch,1,local-adverse-authority
1,1,1,1,103,1.0,1.0,1,1,1,1.0,1.0,0.0,-0.0,-0.0,1.0,0.0,300.0,0.0,1.0,0.0,0.0,0.027942419052124023,0.027942419052124023,0.0,0.027747631072998047,0.0,0,76fba873-1340-46ec-9462-b89121e6428f,20260814,aggregate,adverse-ecs-omit,1,local-adverse-authority
1,1,1,1,160,1.0,1.0,1,1,1,1.0,0.0,1.0,-0.0,-0.0,1.0,0.0,60.0,0.0,1.0,0.0,0.0,0.0024373531341552734,0.0024373531341552734,0.0,0.0023114681243896484,0.0,0,51054e01-a0f2-461c-934e-4770c4d55122,20260814,aggregate,adverse-ecs-mismatch,1,local-adverse-authority
1,1,1,1,156,1.0,1.0,1,1,1,1.0,0.0,1.0,-0.0,-0.0,1.0,0.0,41.0,0.0,1.0,0.0,0.0,0.036130428314208984,0.036130428314208984,0.0,0.035669803619384766,0.0,0,b261bdc6-7335-4b21-ba00-5ba3035888e8,20260814,aggregate,adverse-ecs-mismatch,1,local-adverse-authority
1,1,1,1,126,1.0,1.0,1,1,1,1.0,0.0,1.0,-0.0,-0.0,1.0,0.0,64.0,0.0,1.0,0.0,0.0,0.040360212326049805,0.040360212326049805,0.0,0.040106773376464844,0.0,0,ade7f7e8-0514-4233-adbd-99bab2981481,20260814,aggregate,adverse-ecs-mismatch,1,local-adverse-authority
1,1,1,1,116,1.0,1.0,1,1,1,1.0,0.0,0.0,-0.0,-0.0,1.0,0.0,300.0,0.0,1.0,0.0,0.0,0.03994607925415039,0.03994607925415039,0.0,0.03888583183288574,0.0,0,9f4da376-cfac-49b2-bb75-544280cce4a6,20260814,aggregate,adverse-ecs-omit,1,local-adverse-authority
1,1,1,1,122,1.0,1.0,1,1,1,1.0,0.0,0.0,-0.0,-0.0,1.0,0.0,86.0,0.0,1.0,0.0,0.0,0.019031047821044922,0.019031047821044922,0.0,0.018915414810180664,0.0,0,90c5468b-5864-47e6-8c90-364ace9c97c0,20260814,aggregate,adverse-ecs-mismatch,1,local-adverse-authority
1,1,1,1,117,1.0,1.0,1,1,1,1.0,1.0,0.0,-0.0,-0.0,1.0,0.0,300.0,0.0,1.0,0.0,0.0,0.06306123733520508,0.06306123733520508,0.0,0.0628366470336914,0.0,0,108d8d3e-d795-423a-8d54-3d88e2b5d40b,20260814,aggregate,adverse-ecs-omit,1,local-adverse-authority
1,1,1,1,122,1.0,1.0,1,1,1,1.0,0.0,1.0,-0.0,-0.0,1.0,0.0,60.0,0.0,1.0,0.0,0.0,0.0418856143951416,0.0418856143951416,0.0,0.041788578033447266,0.0,0,d9e7d809-b481-4b66-a90c-7f22d57f6c2d,20260814,aggregate,adverse-ecs-mismatch,1,local-adverse-authority
1,1,1,1,136,1.0,1.0,1,1,1,1.0,0.0,1.0,-0.0,-0.0,1.0,0.0,99.0,0.0,1.0,0.0,0.0,0.0019495487213134766,0.0019495487213134766,0.0,0.0018553733825683594,0.0,0,e29b865c-e6ee-452a-a606-e8c3bc4e4d7b,20260814,aggregate,adverse-ecs-mismatch,1,local-adverse-authority
1,1,1,1,144,1.0,1.0,1,1,1,1.0,0.0,0.0,-0.0,-0.0,1.0,0.0,17701.0,0.0,1.0,0.0,0.0,0.005059242248535156,0.005059242248535156,0.0,0.0039520263671875,0.0,0,57fa3d14-818c-4660-81e2-08f42e92eacc,20260814,aggregate,adverse-ecs-mismatch,1,local-adverse-authority
1,1,1,1,110,1.0,1.0,1,1,1,1.0,0.0,0.0,-0.0,-0.0,1.0,0.0,60.0,0.0,1.0,0.0,0.0,0.03268909454345703,0.03268909454345703,0.0,0.03255319595336914,0.0,0,82e37519-e11f-4844-a7ee-b5a4bf96cde3,20260814,aggregate,adverse-ecs-mismatch,1,local-adverse-authority
6,12,1,12,868,0.16666666666666666,2.0,1,6,1,1.0,0.0,0.0,-0.0,-0.0,0.16666666666666666,0.5,1114.0,0.0,0.08333333333333333,0.0,0.8333333333333334,0.021644870440165203,0.022079610824584962,0.012039792015029974,0.021908998489379883,4.9591064453125e-05,0,61cef903-9e09-4644-be52-3ab9b35fa261,20260814,aggregate,adverse-conflict,1,local-adverse-authority
1,1,1,1,126,1.0,1.0,1,1,1,1.0,0.0,0.0,-0.0,-0.0,1.0,0.0,30.0,0.0,1.0,0.0,0.0,0.03259873390197754,0.03259873390197754,0.0,0.032469987869262695,0.0,0,c02876cb-a7ec-48e5-928a-1c4966f82d45,20260814,aggregate,adverse-ecs-mismatch,1,local-adverse-authority
6,6,1,6,659,0.16666666666666666,1.0,1,6,1,1.0,0.0,0.0,-0.0,-0.0,0.16666666666666666,0.0,53.0,0.0,0.16666666666666666,0.0,0.8333333333333334,0.0022761027018229165,0.0026211142539978027,0.1204191794829004,0.002115964889526367,0.0,0,a1797424-9b0e-4c38-ba43-1650e660f2fb,20260814,aggregate,adverse-conflict,1,local-adverse-authority
6,12,1,12,1021,0.16666666666666666,2.0,1,6,1,1.0,0.0,0.0,-0.0,-0.0,0.16666666666666666,0.5,219.0,0.0,0.08333333333333333,0.0,0.8333333333333334,0.0026356379191080728,0.0031104087829589844,0.12081572891143809,0.0028963088989257812,3.814697265625e-05,0,86a5acd3-d892-4751-b338-aa09531cba03,20260814,aggregate,adverse-conflict,1,local-adverse-authority
6,12,1,12,1208,0.16666666666666666,2.0,1,6,1,1.0,0.0,0.0,-0.0,-0.0,0.16666666666666666,0.5,60.0,0.0,0.08333333333333333,0.0,0.8333333333333334,0.004891633987426758,0.0054514408111572266,0.07419720015753589,0.005155324935913086,4.76837158203125e-05,0,70db2451-762e-42cd-9369-6f8b64f8bc66,20260814,aggregate,adverse-conflict,1,local-adverse-authority
6,12,1,12,1260,0.16666666666666666,2.0,1,6,1,1.0,0.0,0.0,-0.0,-0.0,0.16666666666666666,0.5,1.0,0.0,0.08333333333333333,0.0,0.8333333333333334,0.03181950251261393,0.03216981887817383,0.007872182646812676,0.03177905082702637,5.7220458984375e-05,0,53cbf7c1-c19c-4357-9166-ea9f3d6f13f8,20260814,aggregate,adverse-conflict,1,local-adverse-authority
6,6,1,6,818,0.16666666666666666,1.0,1,6,1,1.0,0.0,0.0,-0.0,-0.0,0.16666666666666666,0.0,60.0,0.0,0.16666666666666666,0.0,0.8333333333333334,0.0022672812143961587,0.002766549587249756,0.15635827899007623,0.002691507339477539,0.0,0,7a3f43b4-86b6-4863-8172-78ee8ee20d7d,20260814,aggregate,adverse-conflict,1,local-adverse-authority
6,6,1,6,523,0.16666666666666666,1.0,1,6,1,1.0,0.0,0.0,-0.0,-0.0,0.16666666666666666,0.0,300.0,0.0,0.16666666666666666,0.0,0.8333333333333334,0.003663221995035807,0.004103243350982666,0.08311128868077543,0.003787517547607422,0.0,0,598922e5-7a9c-46d2-a08c-b3b99008d720,20260814,aggregate,adverse-conflict,1,local-adverse-authority
6,12,1,12,1439,0.16666666666666666,2.0,1,6,1,1.0,0.0,0.0,-0.0,-0.0,0.16666666666666666,0.5,41.0,0.0,0.08333333333333333,0.0,0.8333333333333334,0.00397642453511556,0.004457306861877441,0.07741026401701358,0.004179477691650391,7.963180541992188e-05,0,044453b4-4de8-4582-881d-3e351168a8dc,20260814,aggregate,adverse-conflict,1,local-adverse-authority
6,12,1,12,1091,0.16666666666666666,2.0,1,6,1,1.0,0.0,0.0,-0.0,-0.0,0.16666666666666666,0.5,68.0,0.0,0.08333333333333333,0.0,0.8333333333333334,0.052701195081075035,0.05314321517944336,0.005711523355834506,0.05288076400756836,8.20159912109375e-05,0,bbaa9247-7534-4754-bf63-20266299a20f,20260814,aggregate,adverse-conflict,1,local-adverse-authority
6,12,1,12,1021,0.16666666666666666,2.0,1,6,1,1.0,0.0,0.0,-0.0,-0.0,0.16666666666666666,0.5,672.0,0.0,0.08333333333333333,0.0,0.8333333333333334,0.003414193789164225,0.003914165496826172,0.10026914474553894,0.0036096572875976562,6.580352783203125e-05,0,77df9f42-2ebd-44c5-9618-d4787209d62d,20260814,aggregate,adverse-conflict,1,local-adverse-authority
6,6,1,6,706,0.16666666666666666,1.0,1,6,1,1.0,0.0,0.0,-0.0,-0.0,0.16666666666666666,0.0,60.0,0.0,0.16666666666666666,0.0,0.8333333333333334,0.0035141309102376304,0.003956019878387451,0.09631927157164842,0.0034716129302978516,0.0,0,17de9704-94ed-477b-ae7b-cab57c27ac9c,20260814,aggregate,adverse-conflict,1,local-adverse-authority
6,12,1,12,1182,0.16666666666666666,2.0,1,6,1,1.0,0.0,0.0,-0.0,-0.0,0.16666666666666666,0.5,60.0,0.0,0.08333333333333333,0.0,0.8333333333333334,0.027795990308125813,0.02829422950744629,0.011071609335550911,0.0279543399810791,8.296966552734375e-05,0,368d3bb4-72e4-4958-9159-c42612f9128b,20260814,aggregate,adverse-conflict,1,local-adverse-authority
6,12,1,12,920,0.16666666666666666,2.0,1,6,1,1.0,0.0,0.0,-0.0,-0.0,0.16666666666666666,0.5,18863.0,0.0,0.08333333333333333,0.0,0.8333333333333334,0.039288838704427086,0.03979159593582153,0.007830253318585553,0.03958749771118164,4.982948303222656e-05,0,1d885fbd-9d20-4fa6-bb88-64be7701c227,20260814,aggregate,adverse-conflict,1,local-adverse-authority
6,6,1,6,535,0.16666666666666666,1.0,1,6,1,1.0,0.0,0.0,-0.0,-0.0,0.16666666666666666,0.0,184.0,0.0,0.16666666666666666,0.0,0.8333333333333334,0.004312594731648763,0.0047931671142578125,0.08320770895763092,0.004225492477416992,0.0,0,8d73d5b3-e2c1-45f0-a8f3-591e067ea61c,20260814,aggregate,adverse-conflict,1,local-adverse-authority
6,12,1,12,907,0.16666666666666666,2.0,1,6,1,1.0,0.0,0.0,-0.0,-0.0,0.16666666666666666,0.5,20967.0,0.0,0.08333333333333333,0.0,0.8333333333333334,0.022298494974772137,0.02277975082397461,0.014007491638419228,0.02238774299621582,5.14984130859375e-05,0,f3edee17-67c2-4736-99ee-183384bff54f,20260814,aggregate,adverse-conflict,1,local-adverse-authority
6,6,1,6,659,0.16666666666666666,1.0,1,6,1,1.0,0.0,0.0,-0.0,-0.0,0.16666666666666666,0.0,164.0,0.0,0.16666666666666666,0.0,0.8333333333333334,0.002391219139099121,0.0028571486473083496,0.1545364050476357,0.00213623046875,0.0,0,effee2cf-c3cf-4cc3-8679-04aab03b20e1,20260814,aggregate,adverse-conflict,1,local-adverse-authority
4,4,4,4,396,1.0,1.0,1,0,0,0.0,0.0,0.0,1.0,1.0,1.0,0.75,1199.8,0.9411138710492071,0.25,0.0,0.0,3.7616376280784607,5.017221486568451,0.5750253081259893,0.014877796173095703,0.0,0,7bab133e-f525-4481-a642-4cb7ba871170,20260814,aggregate,benign-burst,0,cloudflare
6,12,1,12,912,0.16666666666666666,2.0,1,6,1,1.0,0.0,0.0,-0.0,-0.0,0.16666666666666666,0.5,2034.0,0.0,0.08333333333333333,0.0,0.8333333333333334,0.00583191712697347,0.006310617923736573,0.06150089963620661,0.005409717559814453,5.173683166503906e-05,0,2de9a4bd-d341-4e67-8900-245ffb4f871c,20260814,aggregate,adverse-conflict,1,local-adverse-authority
6,12,1,12,868,0.16666666666666666,2.0,1,6,1,1.0,0.0,0.0,-0.0,-0.0,0.16666666666666666,0.5,10.0,0.0,0.08333333333333333,0.0,0.8333333333333334,0.015253543853759766,0.01580386161804199,0.01993585494328002,0.015665531158447266,4.673004150390625e-05,0,1b36e987-7fc1-4a91-b764-3012b15b3bc5,20260814,aggregate,adverse-conflict,1,local-adverse-authority
6,6,1,6,521,0.16666666666666666,1.0,1,6,1,1.0,0.0,0.0,-0.0,-0.0,0.16666666666666666,0.0,300.0,0.0,0.16666666666666666,0.0,0.8333333333333334,0.004557291666666667,0.004951357841491699,0.06438678070564101,0.0044977664947509766,0.0,0,046c8761-3152-4fd7-8f1b-1f080c67c956,20260814,aggregate,adverse-conflict,1,local-adverse-authority
6,12,1,12,1387,0.16666666666666666,2.0,1,6,1,1.0,0.0,0.0,-0.0,-0.0,0.16666666666666666,0.5,300.0,0.0,0.08333333333333333,0.0,0.8333333333333334,0.005933602650960286,0.006475186347961426,0.06294467039166961,0.005878448486328125,7.677078247070312e-05,0,8a8a06eb-3bb6-41d1-a846-b561f34ee48e,20260814,aggregate,adverse-conflict,1,local-adverse-authority
1,1,1,1,126,1.0,1.0,1,1,1,1.0,0.0,0.0,-0.0,-0.0,1.0,0.0,300.0,0.0,1.0,0.0,0.0,0.0025653839111328125,0.0025653839111328125,0.0,0.0020585060119628906,0.0,0,656b8eda-ff5b-411b-b493-a90ed1964df9,20260814,aggregate,adverse-ecs-mismatch,1,local-adverse-authority
1,1,1,1,110,1.0,1.0,1,1,1,1.0,0.0,1.0,-0.0,-0.0,1.0,0.0,300.0,0.0,1.0,0.0,0.0,0.001378774642944336,0.001378774642944336,0.0,0.0012693405151367188,0.0,0,1c7df648-ee45-411b-a00c-b22586fdaa2d,20260814,aggregate,adverse-ecs-mismatch,1,local-adverse-authority
1,1,1,1,112,1.0,1.0,1,1,1,1.0,0.0,1.0,-0.0,-0.0,1.0,0.0,300.0,0.0,1.0,0.0,0.0,0.0040361881256103516,0.0040361881256103516,0.0,0.003797292709350586,0.0,0,82b6e368-2eb3-4596-9c3b-84955d94e46a,20260814,aggregate,adverse-ecs-mismatch,1,local-adverse-authority
1,1,1,1,116,1.0,1.0,1,1,1,1.0,0.0,1.0,-0.0,-0.0,1.0,0.0,300.0,0.0,1.0,0.0,0.0,0.0021505355834960938,0.0021505355834960938,0.0,0.0018229484558105469,0.0,0,0629682e-f766-4620-9b5b-db6e34a6bd2c,20260814,aggregate,adverse-ecs-mismatch,1,local-adverse-authority
6,12,1,12,1143,0.16666666666666666,2.0,1,6,1,1.0,0.0,0.0,-0.0,-0.0,0.16666666666666666,0.5,57.0,0.0,0.08333333333333333,0.0,0.8333333333333334,0.003631432851155599,0.004014754295349121,0.07207812988982143,0.003789663314819336,6.628036499023438e-05,0,1a431c2f-183f-4e23-b225-f483b1f2e687,20260814,aggregate,adverse-conflict,1,local-adverse-authority
1,1,1,1,116,1.0,1.0,1,1,1,1.0,0.0,0.0,-0.0,-0.0,1.0,0.0,300.0,0.0,1.0,0.0,0.0,0.004200935363769531,0.004200935363769531,0.0,0.003976106643676758,0.0,0,658d62f3-065e-4484-9a50-31b49157c77d,20260814,aggregate,adverse-ecs-mismatch,1,local-adverse-authority
6,12,1,12,790,0.16666666666666666,2.0,1,6,1,1.0,0.0,0.0,-0.0,-0.0,0.16666666666666666,0.5,63.0,0.0,0.08333333333333333,0.0,0.8333333333333334,0.007738192876180013,0.008796453475952148,0.09316964769276505,0.008214235305786133,4.291534423828125e-05,0,ad37ce7c-107d-4923-9721-b2fac0afd92c,20260814,aggregate,adverse-conflict,1,local-adverse-authority
1,1,1,1,122,1.0,1.0,1,1,1,1.0,0.0,1.0,-0.0,-0.0,1.0,0.0,300.0,0.0,1.0,0.0,0.0,0.0026721954345703125,0.0026721954345703125,0.0,0.0023200511932373047,0.0,0,cecfcf8c-1fa5-43e5-ab61-ae08f7adcae2,20260814,aggregate,adverse-ecs-mismatch,1,local-adverse-authority
6,6,1,6,666,0.16666666666666666,1.0,1,6,1,1.0,0.0,0.0,-0.0,-0.0,0.16666666666666666,0.0,42.0,0.0,0.16666666666666666,0.0,0.8333333333333334,0.0008914868036905924,0.001508474349975586,0.45647729695474487,0.0009598731994628906,0.0,0,56042e32-844e-49cb-addb-8460bde2f538,20260814,aggregate,adverse-conflict,1,local-adverse-authority
6,6,1,6,528,0.16666666666666666,1.0,1,6,1,1.0,0.0,0.0,-0.0,-0.0,0.16666666666666666,0.0,2.0,0.0,0.16666666666666666,0.0,0.8333333333333334,0.0029823780059814453,0.003631770610809326,0.17999634375888068,0.0031669139862060547,0.0,0,5525542d-fcc0-4edd-9b55-cebc9ab254c1,20260814,aggregate,adverse-conflict,1,local-adverse-authority
6,6,1,6,488,0.16666666666666666,1.0,1,6,1,1.0,0.0,0.0,-0.0,-0.0,0.16666666666666666,0.0,15512.0,0.0,0.16666666666666666,0.0,0.8333333333333334,0.0014001528422037761,0.002067387104034424,0.36368267189036757,0.0017628669738769531,0.0,0,380268cb-6b95-4ce7-aff7-f5e3132e834b,20260814,aggregate,adverse-conflict,1,local-adverse-authority
1,1,1,1,114,1.0,1.0,1,1,1,1.0,0.0,0.0,-0.0,-0.0,1.0,0.0,300.0,0.0,1.0,0.0,0.0,0.01769113540649414,0.01769113540649414,0.0,0.017529726028442383,0.0,0,9de14152-9589-4555-bfe4-62645e1fe35b,20260814,aggregate,adverse-ecs-mismatch,1,local-adverse-authority
6,12,1,12,1452,0.16666666666666666,2.0,1,6,1,1.0,0.0,0.0,-0.0,-0.0,0.16666666666666666,0.5,300.0,0.0,0.08333333333333333,0.0,0.8333333333333334,0.006164352099100749,0.007992267608642578,0.23061366952381768,0.007130146026611328,4.291534423828125e-05,0,c60686d1-e77f-47f9-819d-c3a3561fdb17,20260814,aggregate,adverse-conflict,1,local-adverse-authority
6,6,1,6,521,0.16666666666666666,1.0,1,6,1,1.0,0.0,0.0,-0.0,-0.0,0.16666666666666666,0.0,1996.0,0.0,0.16666666666666666,0.0,0.8333333333333334,0.0025691986083984375,0.003171265125274658,0.20258543235897541,0.0028722286224365234,0.0,0,d7857780-1b51-481b-9137-4ec31375cb27,20260814,aggregate,adverse-conflict,1,local-adverse-authority
6,12,1,12,1086,0.16666666666666666,2.0,1,6,1,1.0,0.0,0.0,-0.0,-0.0,0.16666666666666666,0.5,120.0,0.0,0.08333333333333333,0.0,0.8333333333333334,0.030213316281636555,0.03088963031768799,0.014459043482045866,0.030768871307373047,4.0531158447265625e-05,0,613e6898-e5b3-4064-9ad6-758ab669c953,20260814,aggregate,adverse-conflict,1,local-adverse-authority
6,12,1,12,933,0.16666666666666666,2.0,1,6,1,1.0,0.0,0.0,-0.0,-0.0,0.16666666666666666,0.5,17819.0,0.0,0.08333333333333333,0.0,0.8333333333333334,0.006171584129333496,0.007306730747222901,0.10741364867469627,0.0057446956634521484,6.127357482910156e-05,0,416ea82d-6419-4528-919e-98f9ffe5e90e,20260814,aggregate,adverse-conflict,1,local-adverse-authority
1,1,1,1,116,1.0,1.0,1,1,1,1.0,0.0,0.0,-0.0,-0.0,1.0,0.0,300.0,0.0,1.0,0.0,0.0,0.003981828689575195,0.003981828689575195,0.0,0.003140687942504883,0.0,0,ac64d442-87fa-4a4c-82ce-7aa10036bf31,20260814,aggregate,adverse-ecs-mismatch,1,local-adverse-authority
6,6,1,6,481,0.16666666666666666,1.0,1,6,1,1.0,0.0,0.0,-0.0,-0.0,0.16666666666666666,0.0,21489.0,0.0,0.16666666666666666,0.0,0.8333333333333334,0.03206439812978109,0.03250551223754883,0.009833319040143547,0.032251834869384766,0.0,0,e021d783-2eb2-474c-8d8d-70f5ffdd8b76,20260814,aggregate,adverse-conflict,1,local-adverse-authority
6,6,1,6,502,0.16666666666666666,1.0,1,6,1,1.0,0.0,0.0,-0.0,-0.0,0.16666666666666666,0.0,20.0,0.0,0.16666666666666666,0.0,0.8333333333333334,0.01276834805806478,0.013174653053283691,0.022486817792229913,0.012896537780761719,0.0,0,ae0ab472-ac6a-411e-8662-b0879a197cf0,20260814,aggregate,adverse-conflict,1,local-adverse-authority
6,6,1,6,624,0.16666666666666666,1.0,1,6,1,1.0,0.0,0.0,-0.0,-0.0,0.16666666666666666,0.0,728.0,0.0,0.16666666666666666,0.0,0.8333333333333334,0.003651698430379232,0.0050866007804870605,0.26207200418709414,0.004192829132080078,0.0,0,9095638e-a858-44b8-a6d4-2fa8bab977fe,20260814,aggregate,adverse-conflict,1,local-adverse-authority
6,12,1,12,1234,0.16666666666666666,2.0,1,6,1,1.0,0.0,0.0,-0.0,-0.0,0.16666666666666666,0.5,51.0,0.0,0.08333333333333333,0.0,0.8333333333333334,0.03921190897623698,0.04096275568008423,0.023793581013753597,0.03977394104003906,0.00035881996154785156,0,6e66c8bc-a83f-48ff-a1b0-26d4c6212094,20260814,aggregate,adverse-conflict,1,local-adverse-authority
6,12,1,12,1104,0.16666666666666666,2.0,1,6,1,1.0,0.0,0.0,-0.0,-0.0,0.16666666666666666,0.5,117.0,0.0,0.08333333333333333,0.0,0.8333333333333334,0.006658514340718587,0.007977032661437988,0.13153186443818568,0.00738215446472168,0.0003666877746582031,0,bae695d5-c23e-43f1-b466-1d70585d7b67,20260814,aggregate,adverse-conflict,1,local-adverse-authority
6,12,1,12,907,0.16666666666666666,2.0,1,6,1,1.0,0.0,0.0,-0.0,-0.0,0.16666666666666666,0.5,18481.0,0.0,0.08333333333333333,0.0,0.8333333333333334,0.0488887627919515,0.04996631145477295,0.01544172099359322,0.0492551326751709,0.0004184246063232422,0,c74926d5-b8ef-41aa-8c40-47c2707f6707,20260814,aggregate,adverse-conflict,1,local-adverse-authority
6,6,1,6,474,0.16666666666666666,1.0,1,6,1,1.0,0.0,0.0,-0.0,-0.0,0.16666666666666666,0.0,674.0,0.0,0.16666666666666666,0.0,0.8333333333333334,0.004489699999491374,0.007656693458557129,0.5408008633192635,0.006310224533081055,0.0,0,263f7df1-593c-42c9-804c-477cc3ad4492,20260814,aggregate,adverse-conflict,1,local-adverse-authority
6,12,1,12,1091,0.16666666666666666,2.0,1,6,1,1.0,0.0,0.0,-0.0,-0.0,0.16666666666666666,0.5,1173.0,0.0,0.08333333333333333,0.0,0.8333333333333334,0.040226101875305176,0.0407570481300354,0.007481879554116617,0.04065084457397461,5.745887756347656e-05,0,a7ea7680-1c05-4b4f-a2bb-a346bc71f0d4,20260814,aggregate,adverse-conflict,1,local-adverse-authority
6,12,1,12,899,0.16666666666666666,2.0,1,6,1,1.0,0.0,0.0,-0.0,-0.0,0.16666666666666666,0.5,15.0,0.0,0.08333333333333333,0.0,0.8333333333333334,0.005946596463521321,0.00739901065826416,0.129871058849261,0.007174253463745117,0.0002446174621582031,0,ffbfea8c-661b-44d4-ace7-36aa6098ae95,20260814,aggregate,adverse-conflict,1,local-adverse-authority
6,12,1,12,925,0.16666666666666666,2.0,1,6,1,1.0,0.0,0.0,-0.0,-0.0,0.16666666666666666,0.5,6.0,0.0,0.08333333333333333,0.0,0.8333333333333334,0.0051695505777994795,0.00708615779876709,0.21767628434072298,0.0062901973724365234,6.437301635742188e-05,0,139dfa55-24a8-46ee-b238-93047e5fa1de,20260814,aggregate,adverse-conflict,1,local-adverse-authority
6,12,1,12,938,0.16666666666666666,2.0,1,6,1,1.0,0.0,0.0,-0.0,-0.0,0.16666666666666666,0.5,300.0,0.0,0.08333333333333333,0.0,0.8333333333333334,0.03578782081604004,0.037103116512298584,0.022986078885649894,0.03640389442443848,2.7418136596679688e-05,0,5c297a76-61bd-49ae-b12e-0d218cfa0ec4,20260814,aggregate,adverse-conflict,1,local-adverse-authority
6,12,1,12,1021,0.16666666666666666,2.0,1,6,1,1.0,0.0,0.0,-0.0,-0.0,0.16666666666666666,0.5,450.0,0.0,0.08333333333333333,0.0,0.8333333333333334,0.0054274797439575195,0.005995917320251465,0.07162181394392893,0.005643367767333984,6.341934204101562e-05,0,2d6490af-b4fd-4dfa-8548-1342ee352070,20260814,aggregate,adverse-conflict,1,local-adverse-authority
6,12,1,12,907,0.16666666666666666,2.0,1,6,1,1.0,0.0,0.0,-0.0,-0.0,0.16666666666666666,0.5,752.0,0.0,0.08333333333333333,0.0,0.8333333333333334,0.014424761136372885,0.01653388738632202,0.08634610211597463,0.01462411880493164,8.749961853027344e-05,0,cde3b9c5-a63c-42fe-b1f6-4f6ee8cf0aa7,20260814,aggregate,adverse-conflict,1,local-adverse-authority
1,1,1,1,112,1.0,1.0,1,1,1,1.0,0.0,1.0,-0.0,-0.0,1.0,0.0,300.0,0.0,1.0,0.0,0.0,0.04584836959838867,0.04584836959838867,0.0,0.0455319881439209,0.0,0,391dc5e8-3631-4911-be33-852fb8908114,20260814,aggregate,adverse-ecs-mismatch,1,local-adverse-authority
6,12,1,12,868,0.16666666666666666,2.0,1,6,1,1.0,0.0,0.0,-0.0,-0.0,0.16666666666666666,0.5,300.0,0.0,0.08333333333333333,0.0,0.8333333333333334,0.04376272360483805,0.0451371431350708,0.021966268448797302,0.044548988342285156,7.200241088867188e-05,0,970dcebc-a557-453a-9ec7-cc80f07dc1af,20260814,aggregate,adverse-conflict,1,local-adverse-authority
6,6,1,6,460,0.16666666666666666,1.0,1,6,1,1.0,0.0,0.0,-0.0,-0.0,0.16666666666666666,0.0,141.0,0.0,0.16666666666666666,0.0,0.8333333333333334,0.00386051336924235,0.005684792995452881,0.3244684373995461,0.003275156021118164,0.0,0,0d17095c-79e9-48ce-acec-ea5935336503,20260814,aggregate,adverse-conflict,1,local-adverse-authority
6,6,1,6,495,0.16666666666666666,1.0,1,6,1,1.0,0.0,0.0,-0.0,-0.0,0.16666666666666666,0.0,19278.0,0.0,0.16666666666666666,0.0,0.8333333333333334,0.003758072853088379,0.005151927471160889,0.31256976054983315,0.0030808448791503906,0.0,0,dea326ec-4349-48ad-bdca-26924571db2b,20260814,aggregate,adverse-conflict,1,local-adverse-authority
6,6,1,6,535,0.16666666666666666,1.0,1,6,1,1.0,0.0,0.0,-0.0,-0.0,0.16666666666666666,0.0,139.0,0.0,0.16666666666666666,0.0,0.8333333333333334,0.004070719083150228,0.004443705081939697,0.06695949212934675,0.00426936149597168,0.0,0,fb910fdc-5630-424f-9c0a-38a61a814c03,20260814,aggregate,adverse-conflict,1,local-adverse-authority
6,12,1,12,829,0.16666666666666666,2.0,1,6,1,1.0,0.0,0.0,-0.0,-0.0,0.16666666666666666,0.5,313.0,0.0,0.08333333333333333,0.0,0.8333333333333334,0.046352227528889976,0.04809187650680542,0.027202386270051563,0.04673480987548828,7.414817810058594e-05,0,fef8429b-145d-4485-95bb-bf640035397f,20260814,aggregate,adverse-conflict,1,local-adverse-authority
6,12,1,12,925,0.16666666666666666,2.0,1,6,1,1.0,0.0,0.0,-0.0,-0.0,0.16666666666666666,0.5,577.0,0.0,0.08333333333333333,0.0,0.8333333333333334,0.013559341430664062,0.015816473960876463,0.0866158403284689,0.0154266357421875,0.0006051063537597656,0,3de89927-2fcd-4f64-8111-b9af661f291a,20260814,aggregate,adverse-conflict,1,local-adverse-authority
6,12,1,12,899,0.16666666666666666,2.0,1,6,1,1.0,0.0,0.0,-0.0,-0.0,0.16666666666666666,0.5,547.0,0.0,0.08333333333333333,0.0,0.8333333333333334,0.04844355583190918,0.050670850276947024,0.03165787369828069,0.04899239540100098,0.0005033016204833984,0,01c33117-0159-441e-882f-a564adab26c2,20260814,aggregate,adverse-conflict,1,local-adverse-authority
6,12,1,12,842,0.16666666666666666,2.0,1,6,1,1.0,0.0,0.0,-0.0,-0.0,0.16666666666666666,0.5,20.0,0.0,0.08333333333333333,0.0,0.8333333333333334,0.023195544878641765,0.025778186321258546,0.0981279692015065,0.022783517837524414,0.0012845993041992188,0,28853e4a-73f7-4d41-b2b2-597469014231,20260814,aggregate,adverse-conflict,1,local-adverse-authority
6,6,1,6,528,0.16666666666666666,1.0,1,6,1,1.0,0.0,0.0,-0.0,-0.0,0.16666666666666666,0.0,300.0,0.0,0.16666666666666666,0.0,0.8333333333333334,0.04172154267628988,0.0427098274230957,0.019564082201724318,0.04119706153869629,0.0,0,91f161d4-3412-4484-820c-5ef0ca1b7e96,20260814,aggregate,adverse-conflict,1,local-adverse-authority
6,12,1,12,790,0.16666666666666666,2.0,1,6,1,1.0,0.0,0.0,-0.0,-0.0,0.16666666666666666,0.5,1255.0,0.0,0.08333333333333333,0.0,0.8333333333333334,0.0405954917271932,0.04124898910522461,0.010913290698416782,0.04042243957519531,0.0005440711975097656,0,77dde7bb-5d23-41f4-928b-87d2d8a9ce0a,20260814,aggregate,adverse-conflict,1,local-adverse-authority
6,12,1,12,925,0.16666666666666666,2.0,1,6,1,1.0,0.0,0.0,-0.0,-0.0,0.16666666666666666,0.5,40.0,0.0,0.08333333333333333,0.0,0.8333333333333334,0.006619890530904134,0.009498369693756104,0.24330422809572463,0.006545305252075195,3.552436828613281e-05,0,9ffea683-bafc-46b7-8ba9-77b12f587d68,20260814,aggregate,adverse-conflict,1,local-adverse-authority
6,12,1,12,1047,0.16666666666666666,2.0,1,6,1,1.0,0.0,0.0,-0.0,-0.0,0.16666666666666666,0.5,20.0,0.0,0.08333333333333333,0.0,0.8333333333333334,0.006255427996317546,0.008429062366485596,0.24053957175526933,0.005196809768676758,3.075599670410156e-05,0,6b0712ff-5e47-48f2-ad16-9c0b62221682,20260814,aggregate,adverse-conflict,1,local-adverse-authority
6,6,1,6,584,0.16666666666666666,1.0,1,6,1,1.0,0.0,0.0,-0.0,-0.0,0.16666666666666666,0.0,300.0,0.0,0.16666666666666666,0.0,0.8333333333333334,0.022191286087036133,0.023393213748931885,0.035554658264880544,0.023344755172729492,0.0,0,4947824a-0517-4e25-8e66-e41127f9c10e,20260814,aggregate,adverse-conflict,1,local-adverse-authority
6,12,1,12,951,0.16666666666666666,2.0,1,6,1,1.0,0.0,0.0,-0.0,-0.0,0.16666666666666666,0.5,20.0,0.0,0.08333333333333333,0.0,0.8333333333333334,0.016353567441304524,0.016727638244628907,0.015648463396593072,0.01637721061706543,0.00016927719116210938,0,490f235f-f04d-46c9-afef-3b338bdb25da,20260814,aggregate,adverse-conflict,1,local-adverse-authority
6,12,1,12,972,0.16666666666666666,2.0,1,6,1,1.0,0.0,0.0,-0.0,-0.0,0.16666666666666666,0.5,187.0,0.0,0.08333333333333333,0.0,0.8333333333333334,0.004950881004333496,0.00563197135925293,0.08798565913581574,0.00478363037109375,0.0006330013275146484,0,500059f2-2278-4bec-a132-31eaf26bc1dc,20260814,aggregate,adverse-conflict,1,local-adverse-authority
6,12,1,12,938,0.16666666666666666,2.0,1,6,1,1.0,0.0,0.0,-0.0,-0.0,0.16666666666666666,0.5,39.0,0.0,0.08333333333333333,0.0,0.8333333333333334,0.034441868464152016,0.03573676347732544,0.031855275741547326,0.03514218330383301,3.170967102050781e-05,0,1abd315e-7dc6-40fc-839a-f21874f425c4,20260814,aggregate,adverse-conflict,1,local-adverse-authority
6,12,1,12,1156,0.16666666666666666,2.0,1,6,1,1.0,0.0,0.0,-0.0,-0.0,0.16666666666666666,0.5,60.0,0.0,0.08333333333333333,0.0,0.8333333333333334,0.005089879035949707,0.006258416175842285,0.20909818309676367,0.005588531494140625,3.4809112548828125e-05,0,b5d0080f-2034-4e73-a1d3-39d6d5a14ecc,20260814,aggregate,adverse-conflict,1,local-adverse-authority
6,12,1,12,1003,0.16666666666666666,2.0,1,6,1,1.0,0.0,0.0,-0.0,-0.0,0.16666666666666666,0.5,139.0,0.0,0.08333333333333333,0.0,0.8333333333333334,0.00426475207010905,0.006181609630584717,0.333345156013421,0.005350589752197266,3.790855407714844e-05,0,4b8d2e45-6da3-4a5d-8623-9e92cb0c67a8,20260814,aggregate,adverse-conflict,1,local-adverse-authority
6,12,1,12,894,0.16666666666666666,2.0,1,6,1,1.0,0.0,0.0,-0.0,-0.0,0.16666666666666666,0.5,20.0,0.0,0.08333333333333333,0.0,0.8333333333333334,0.016514817873636883,0.01706254482269287,0.021833512683402476,0.016775131225585938,6.437301635742188e-05,0,323a113f-222b-45c9-bb49-085f67f990b7,20260814,aggregate,adverse-conflict,1,local-adverse-authority
6,12,1,12,1156,0.16666666666666666,2.0,1,6,1,1.0,0.0,0.0,-0.0,-0.0,0.16666666666666666,0.5,100.0,0.0,0.08333333333333333,0.0,0.8333333333333334,0.029342095057169598,0.029845523834228515,0.010971750533068215,0.02956533432006836,3.24249267578125e-05,0,39b432c2-89bc-4aaf-a8b1-0afb193883d4,20260814,aggregate,adverse-conflict,1,local-adverse-authority
6,12,1,12,855,0.16666666666666666,2.0,1,6,1,1.0,0.0,0.0,-0.0,-0.0,0.16666666666666666,0.5,23.0,0.0,0.08333333333333333,0.0,0.8333333333333334,0.007738272349039714,0.010172104835510254,0.21572602407882613,0.008172750473022461,0.0008797645568847656,0,8a935c8e-56d7-46e7-a501-cff17915dea8,20260814,aggregate,adverse-conflict,1,local-adverse-authority
6,12,1,12,977,0.16666666666666666,2.0,1,6,1,1.0,0.0,0.0,-0.0,-0.0,0.16666666666666666,0.5,21600.0,0.0,0.08333333333333333,0.0,0.8333333333333334,0.016976078351338703,0.01910485029220581,0.07539035925625268,0.01807546615600586,0.00025725364685058594,0,3d203980-a09c-47ce-b64c-bb4dba896123,20260814,aggregate,adverse-conflict,1,local-adverse-authority
6,12,1,12,920,0.16666666666666666,2.0,1,6,1,1.0,0.0,0.0,-0.0,-0.0,0.16666666666666666,0.5,16752.0,0.0,0.08333333333333333,0.0,0.8333333333333334,0.025730252265930176,0.02740004062652588,0.05724842387790831,0.026320695877075195,8.058547973632812e-05,0,5a58eaf8-2c65-4ad1-85a4-ed6d5fdd60e6,20260814,aggregate,adverse-conflict,1,local-adverse-authority
6,12,1,12,907,0.16666666666666666,2.0,1,6,1,1.0,0.0,0.0,-0.0,-0.0,0.16666666666666666,0.5,300.0,0.0,0.08333333333333333,0.0,0.8333333333333334,0.006628791491190593,0.00956573486328125,0.3781251019606343,0.008992433547973633,0.0005633831024169922,0,763b3058-89bd-4eee-a974-7536f3e213a6,20260814,aggregate,adverse-conflict,1,local-adverse-authority
6,6,1,6,769,0.16666666666666666,1.0,1,6,1,1.0,0.0,0.0,-0.0,-0.0,0.16666666666666666,0.0,14682.0,0.0,0.16666666666666666,0.0,0.8333333333333334,0.0009669065475463867,0.0018025040626525879,0.7977356630227671,0.0017278194427490234,0.0,0,8fc9dccd-4d88-4bca-86ed-99b646a54baf,20260814,aggregate,adverse-conflict,1,local-adverse-authority
6,9,2,9,993,0.3333333333333333,1.5,1,6,2,1.0,0.0,0.0,1.0,1.0,0.2222222222222222,0.33333333333333337,60.0,0.0,0.1111111111111111,0.0,0.6666666666666666,0.004498428768581814,0.0075719356536865234,0.6575237775716388,0.004519104957580566,0.00017762184143066406,0,f2f133ca-d9f6-45e7-9ce3-3f88fe8057b9,20260814,aggregate,adverse-conflict,1,local-adverse-authority
6,12,1,12,899,0.16666666666666666,2.0,1,6,1,1.0,0.0,0.0,-0.0,-0.0,0.16666666666666666,0.5,300.0,0.0,0.08333333333333333,0.0,0.8333333333333334,0.058182319005330406,0.06082265377044678,0.03313442971877236,0.05822491645812988,6.341934204101562e-05,0,9e070d4b-075a-4f48-a166-75546feb6f9e,20260814,aggregate,adverse-conflict,1,local-adverse-authority
6,12,1,12,977,0.16666666666666666,2.0,1,6,1,1.0,0.0,0.0,-0.0,-0.0,0.16666666666666666,0.5,48.0,0.0,0.08333333333333333,0.0,0.8333333333333334,0.027625679969787598,0.028026103973388672,0.00949612431943886,0.0275876522064209,7.152557373046875e-05,0,c50511fb-40b0-4490-8599-7c4e93cdd6a3,20260814,aggregate,adverse-conflict,1,local-adverse-authority
6,6,1,6,570,0.16666666666666666,1.0,1,6,1,1.0,0.0,0.0,-0.0,-0.0,0.16666666666666666,0.0,300.0,0.0,0.16666666666666666,0.0,0.8333333333333334,0.0035085280736287436,0.004741847515106201,0.25178445637884433,0.003452777862548828,0.0,0,36e078f4-9e34-4267-a594-184bdb5fb1d5,20260814,aggregate,adverse-conflict,1,local-adverse-authority
6,6,1,6,961,0.16666666666666666,1.0,1,6,1,1.0,0.0,0.0,-0.0,-0.0,0.16666666666666666,0.0,67.0,0.0,0.16666666666666666,0.0,0.8333333333333334,0.0034417311350504556,0.004994034767150879,0.48643507440280687,0.004271984100341797,0.0,0,a433a070-95d3-4ded-94ba-c34bfbfeb4ae,20260814,aggregate,adverse-conflict,1,local-adverse-authority
1,1,1,1,130,1.0,1.0,1,1,1,1.0,0.0,1.0,-0.0,-0.0,1.0,0.0,300.0,0.0,1.0,0.0,0.0,0.13778471946716309,0.13778471946716309,0.0,0.13715624809265137,0.0,0,072989c4-6e98-489e-b024-7ceb568c322a,20260814,aggregate,adverse-ecs-mismatch,1,local-adverse-authority
6,12,1,12,842,0.16666666666666666,2.0,1,6,1,1.0,0.0,0.0,-0.0,-0.0,0.16666666666666666,0.5,10.0,0.0,0.08333333333333333,0.0,0.8333333333333334,0.015073021252950033,0.01583104133605957,0.030618964906067584,0.014801979064941406,7.534027099609375e-05,0,93798f99-bd3a-4702-9cf7-5e1e90f88e77,20260814,aggregate,adverse-conflict,1,local-adverse-authority
6,6,1,6,748,0.16666666666666666,1.0,1,6,1,1.0,0.0,0.0,-0.0,-0.0,0.16666666666666666,0.0,46.0,0.0,0.16666666666666666,0.0,0.8333333333333334,0.006163438161214192,0.007664084434509277,0.22615485331947943,0.007374763488769531,0.0,0,62338e16-9bc9-495c-a0ef-32ab90068700,20260814,aggregate,adverse-conflict,1,local-adverse-authority
6,12,1,12,1078,0.16666666666666666,2.0,1,6,1,1.0,0.0,0.0,-0.0,-0.0,0.16666666666666666,0.5,62.0,0.0,0.08333333333333333,0.0,0.8333333333333334,0.019021471341451008,0.021204352378845215,0.07080340029625734,0.020808696746826172,0.00010251998901367188,0,2da13ebd-9ff6-4f03-a66f-c73b5600692d,20260814,aggregate,adverse-conflict,1,local-adverse-authority
6,12,1,12,790,0.16666666666666666,2.0,1,6,1,1.0,0.0,0.0,-0.0,-0.0,0.16666666666666666,0.5,20.0,0.0,0.08333333333333333,0.0,0.8333333333333334,0.03169457117716471,0.034675979614257814,0.045604608848404136,0.0346066951751709,2.574920654296875e-05,0,22562c48-9392-4d7d-b8d5-e0304d38d259,20260814,aggregate,adverse-conflict,1,local-adverse-authority
6,6,1,6,474,0.16666666666666666,1.0,1,6,1,1.0,0.0,0.0,-0.0,-0.0,0.16666666666666666,0.0,20.0,0.0,0.16666666666666666,0.0,0.8333333333333334,0.006797671318054199,0.008376479148864746,0.1568595375055747,0.007766246795654297,0.0,0,681155fd-c47f-465c-aec2-0912f6aed286,20260814,aggregate,adverse-conflict,1,local-adverse-authority
6,12,1,12,1156,0.16666666666666666,2.0,1,6,1,1.0,0.0,0.0,-0.0,-0.0,0.16666666666666666,0.5,2243.0,0.0,0.08333333333333333,0.0,0.8333333333333334,0.005997180938720703,0.006971251964569092,0.13155195383555512,0.0058612823486328125,3.314018249511719e-05,0,4d6ce07a-6b8d-4542-b21f-606ca4e35603,20260814,aggregate,adverse-conflict,1,local-adverse-authority
6,12,1,12,990,0.16666666666666666,2.0,1,6,1,1.0,0.0,0.0,-0.0,-0.0,0.16666666666666666,0.5,120.0,0.0,0.08333333333333333,0.0,0.8333333333333334,0.04569228490193685,0.04607765674591065,0.005547038851459395,0.04577016830444336,3.0040740966796875e-05,0,4e018970-7cf3-4350-8dca-6391ae56f706,20260814,aggregate,adverse-conflict,1,local-adverse-authority
6,12,1,12,1348,0.16666666666666666,2.0,1,6,1,1.0,0.0,0.0,-0.0,-0.0,0.16666666666666666,0.5,453.0,0.0,0.08333333333333333,0.0,0.8333333333333334,0.020795265833536785,0.022774410247802735,0.057866628100713725,0.020970582962036133,5.817413330078125e-05,0,608e86d4-bfc6-4a23-9c9c-c8f46e8c6bfc,20260814,aggregate,adverse-conflict,1,local-adverse-authority
6,6,1,6,453,0.16666666666666666,1.0,1,6,1,1.0,0.0,0.0,-0.0,-0.0,0.16666666666666666,0.0,17.0,0.0,0.16666666666666666,0.0,0.8333333333333334,0.002484480539957682,0.0028817057609558105,0.11040846679408432,0.0025718212127685547,0.0,0,7662c326-9781-4eb2-8918-0fccc640a26f,20260814,aggregate,adverse-conflict,1,local-adverse-authority
6,12,1,12,1566,0.16666666666666666,2.0,1,6,1,1.0,0.0,0.0,-0.0,-0.0,0.16666666666666666,0.5,16.0,0.0,0.08333333333333333,0.0,0.8333333333333334,0.016854127248128254,0.020262420177459717,0.12796249902806872,0.01845860481262207,5.125999450683594e-05,0,d2413c0b-d5b6-4f1f-938f-776ec23b8b7f,20260814,aggregate,adverse-conflict,1,local-adverse-authority
6,12,1,12,1333,0.16666666666666666,2.0,1,6,1,1.0,1.0,0.0,-0.0,-0.0,0.16666666666666666,0.5,19.0,0.0,0.08333333333333333,0.0,0.8333333333333334,0.00380861759185791,0.0045735836029052734,0.17703578165526643,0.004093647003173828,0.0003452301025390625,0,0d859301-d32f-4c56-beaf-d39eccd67830,20260814,aggregate,adverse-ecs-fanout,1,local-adverse-authority
6,12,1,12,1055,0.16666666666666666,2.0,1,6,1,1.0,0.0,0.0,-0.0,-0.0,0.16666666666666666,0.5,39.0,0.0,0.08333333333333333,0.0,0.8333333333333334,0.021930336952209473,0.023541879653930665,0.04702178705712913,0.02306222915649414,2.956390380859375e-05,0,2922feb9-d68a-4be9-a8ba-5dbe8a478645,20260814,aggregate,adverse-conflict,1,local-adverse-authority
6,12,1,12,907,0.16666666666666666,2.0,1,6,1,1.0,0.0,0.0,-0.0,-0.0,0.16666666666666666,0.5,120.0,0.0,0.08333333333333333,0.0,0.8333333333333334,0.004743099212646484,0.005127859115600586,0.055996380606320305,0.004745006561279297,0.00019621849060058594,0,27d5e579-c60f-4655-bc82-7c8847a8e244,20260814,aggregate,adverse-conflict,1,local-adverse-authority
6,12,1,12,1073,0.16666666666666666,2.0,1,6,1,1.0,0.0,0.0,-0.0,-0.0,0.16666666666666666,0.5,119.0,0.0,0.08333333333333333,0.0,0.8333333333333334,0.022214531898498535,0.02263221740722656,0.012545602547567938,0.022274494171142578,0.00036263465881347656,0,82702626-ea09-4a95-ac02-7f06f10d1361,20260814,aggregate,adverse-conflict,1,local-adverse-authority
6,12,1,12,1055,0.16666666666666666,2.0,1,6,1,1.0,0.0,0.0,-0.0,-0.0,0.16666666666666666,0.5,26.0,0.0,0.08333333333333333,0.0,0.8333333333333334,0.028960386912027996,0.030040836334228514,0.028124186879515047,0.029420137405395508,0.0003108978271484375,0,dac11196-d1f0-44b8-a55d-0f70ee51d35f,20260814,aggregate,adverse-conflict,1,local-adverse-authority
6,12,1,12,793,0.16666666666666666,2.0,1,6,1,1.0,1.0,0.0,-0.0,-0.0,0.16666666666666666,0.5,1.0,0.0,0.08333333333333333,0.0,0.8333333333333334,0.0046700239181518555,0.006797146797180176,0.3725612430401967,0.005836009979248047,0.000537872314453125,0,7719e45c-e5a3-4326-b960-78625be26464,20260814,aggregate,adverse-ecs-fanout,1,local-adverse-authority
6,12,1,12,863,0.16666666666666666,2.0,1,6,1,1.0,1.0,0.0,-0.0,-0.0,0.16666666666666666,0.5,9.0,0.0,0.08333333333333333,0.0,0.8333333333333334,0.006746172904968262,0.009400546550750732,0.32506669380557457,0.008597135543823242,0.0002372264862060547,0,00426cc1-3491-4b15-bc52-d943b4613a6f,20260814,aggregate,adverse-ecs-fanout,1,local-adverse-authority
6,6,1,6,453,0.16666666666666666,1.0,1,6,1,1.0,0.0,0.0,-0.0,-0.0,0.16666666666666666,0.0,20.0,0.0,0.16666666666666666,0.0,0.8333333333333334,0.004818479220072429,0.0069512128829956055,0.3428986670792313,0.0058786869049072266,0.0,0,304089f8-74ec-4a1a-99a5-334fe81ad0a6,20260814,aggregate,adverse-ecs-fanout,1,local-adverse-authority
6,6,1,6,755,0.16666666666666666,1.0,1,6,1,1.0,0.0,0.0,-0.0,-0.0,0.16666666666666666,0.0,60.0,0.0,0.16666666666666666,0.0,0.8333333333333334,0.011086742083231607,0.013117194175720215,0.17269745260411823,0.012595653533935547,0.0,0,01ef1f62-02f1-489d-925c-0b55eb128d6e,20260814,aggregate,adverse-ecs-fanout,1,local-adverse-authority
6,6,1,6,961,0.16666666666666666,1.0,1,6,1,1.0,0.0,0.0,-0.0,-0.0,0.16666666666666666,0.0,300.0,0.0,0.16666666666666666,0.0,0.8333333333333334,0.0023639599482218423,0.0037931203842163086,0.5497594830694055,0.0030002593994140625,0.0,0,11a57ea2-f7a7-40f2-bb2a-a3dd9dc92d9c,20260814,aggregate,adverse-ecs-fanout,1,local-adverse-authority
6,6,1,6,624,0.16666666666666666,1.0,1,6,1,1.0,0.0,0.0,-0.0,-0.0,0.16666666666666666,0.0,3.0,0.0,0.16666666666666666,0.0,0.8333333333333334,0.003441969553629557,0.004756927490234375,0.29168531423950733,0.0032262802124023438,0.0,0,aeca8d3c-fd6f-4e59-9d15-760635f1a277,20260814,aggregate,adverse-ecs-fanout,1,local-adverse-authority
6,12,1,12,985,0.16666666666666666,2.0,1,6,1,1.0,1.0,0.0,-0.0,-0.0,0.16666666666666666,0.5,2911.0,0.0,0.08333333333333333,0.0,0.8333333333333334,0.005170583724975586,0.005856537818908691,0.08350048926690908,0.004446268081665039,0.00011873245239257812,0,5ef0d023-7cc6-4ae6-9c7c-a7e06f097f06,20260814,aggregate,adverse-ecs-fanout,1,local-adverse-authority
6,12,1,12,1024,0.16666666666666666,2.0,1,6,1,1.0,1.0,0.0,-0.0,-0.0,0.16666666666666666,0.5,2766.0,0.0,0.08333333333333333,0.0,0.8333333333333334,0.007472912470499675,0.007944250106811523,0.05317742541651658,0.0077631473541259766,3.0517578125e-05,0,616c2dbd-f988-4341-aa5f-a50496434831,20260814,aggregate,adverse-ecs-fanout,1,local-adverse-authority
6,12,1,12,868,0.16666666666666666,2.0,1,6,1,1.0,0.0,0.0,-0.0,-0.0,0.16666666666666666,0.5,300.0,0.0,0.08333333333333333,0.0,0.8333333333333334,0.059203783671061196,0.061389052867889406,0.027975337176638478,0.05910825729370117,2.9325485229492188e-05,0,817b7504-2f9c-46e2-b4ed-f8a4b17588bb,20260814,aggregate,adverse-conflict,1,local-adverse-authority
6,12,1,12,723,0.16666666666666666,2.0,1,6,1,1.0,1.0,0.0,-0.0,-0.0,0.16666666666666666,0.5,60.0,0.0,0.08333333333333333,0.0,0.8333333333333334,0.031081994374593098,0.03384919166564941,0.06134513429539607,0.03296995162963867,2.47955322265625e-05,0,e1cc112e-b216-417f-ba0f-94f8ccc10ba0,20260814,aggregate,adverse-ecs-fanout,1,local-adverse-authority
6,12,1,12,803,0.16666666666666666,2.0,1,6,1,1.0,0.0,0.0,-0.0,-0.0,0.16666666666666666,0.5,20.0,0.0,0.08333333333333333,0.0,0.8333333333333334,0.0436399777730306,0.0441459059715271,0.007912639304574559,0.04398226737976074,6.270408630371094e-05,0,b2a93f30-8e17-4b57-ac49-8afcb252b6e8,20260814,aggregate,adverse-conflict,1,local-adverse-authority
6,12,1,12,723,0.16666666666666666,2.0,1,6,1,1.0,1.0,0.0,-0.0,-0.0,0.16666666666666666,0.5,46.0,0.0,0.08333333333333333,0.0,0.8333333333333334,0.005144913991292317,0.005877792835235596,0.08913591912714854,0.005017518997192383,0.0004398822784423828,0,a75e4b29-db6c-450f-87a3-9cce1b40d517,20260814,aggregate,adverse-ecs-fanout,1,local-adverse-authority
6,6,1,6,535,0.16666666666666666,1.0,1,6,1,1.0,0.0,0.0,-0.0,-0.0,0.16666666666666666,0.0,127.0,0.0,0.16666666666666666,0.0,0.8333333333333334,0.00440816084543864,0.005264163017272949,0.121949753353849,0.005224704742431641,0.0,0,7dba2ac8-69c6-4f09-abf4-bfe8843911a1,20260814,aggregate,adverse-ecs-fanout,1,local-adverse-authority
6,12,1,12,806,0.16666666666666666,2.0,1,6,1,1.0,1.0,0.0,-0.0,-0.0,0.16666666666666666,0.5,16.0,0.0,0.08333333333333333,0.0,0.8333333333333334,0.033872644106547035,0.036203634738922116,0.04307631924977793,0.03580808639526367,4.506111145019531e-05,0,6a35fdfb-6670-4cd4-aace-9bace0244773,20260814,aggregate,adverse-ecs-fanout,1,local-adverse-authority
6,6,1,6,549,0.16666666666666666,1.0,1,6,1,1.0,0.0,0.0,-0.0,-0.0,0.16666666666666666,0.0,20.0,0.0,0.16666666666666666,0.0,0.8333333333333334,0.02384483814239502,0.025083303451538086,0.03504509380060898,0.023732662200927734,0.0,0,25584df9-85f4-4ace-b565-c6f44dae85ea,20260814,aggregate,adverse-ecs-fanout,1,local-adverse-authority
6,6,1,6,762,0.16666666666666666,1.0,1,6,1,1.0,0.0,0.0,-0.0,-0.0,0.16666666666666666,0.0,60.0,0.0,0.16666666666666666,0.0,0.8333333333333334,0.017237067222595215,0.017560720443725586,0.01370201802633997,0.017409324645996094,0.0,0,3c970c56-cec7-4e80-8afa-a3baa37bc8a2,20260814,aggregate,adverse-ecs-fanout,1,local-adverse-authority
6,6,1,6,748,0.16666666666666666,1.0,1,6,1,1.0,0.0,0.0,-0.0,-0.0,0.16666666666666666,0.0,139.0,0.0,0.16666666666666666,0.0,0.8333333333333334,0.0284958283106486,0.030228078365325928,0.05162162715779763,0.02970719337463379,0.0,0,23b8cd36-09e2-41e4-b4aa-01c83a72c402,20260814,aggregate,adverse-ecs-fanout,1,local-adverse-authority
6,12,1,12,819,0.16666666666666666,2.0,1,6,1,1.0,1.0,0.0,-0.0,-0.0,0.16666666666666666,0.5,20.0,0.0,0.08333333333333333,0.0,0.8333333333333334,0.022725145022074383,0.023414087295532227,0.018128016826228437,0.022912979125976562,7.2479248046875e-05,0,818ad817-7b38-4340-8935-59cd7fa5c02d,20260814,aggregate,adverse-ecs-fanout,1,local-adverse-authority
6,6,1,6,617,0.16666666666666666,1.0,1,6,1,1.0,0.0,0.0,-0.0,-0.0,0.16666666666666666,0.0,16.0,0.0,0.16666666666666666,0.0,0.8333333333333334,0.0341330369313558,0.03499257564544678,0.02593247123115107,0.03468036651611328,0.0,0,1349b148-2de1-4376-8329-2098d592fa4c,20260814,aggregate,adverse-ecs-fanout,1,local-adverse-authority
6,12,1,12,793,0.16666666666666666,2.0,1,6,1,1.0,1.0,0.0,-0.0,-0.0,0.16666666666666666,0.5,300.0,0.0,0.08333333333333333,0.0,0.8333333333333334,0.004396677017211914,0.005590653419494629,0.19489103004383682,0.005285978317260742,3.3855438232421875e-05,0,997d4a78-7a0d-4b76-bbc5-9251cd3c5d91,20260814,aggregate,adverse-ecs-fanout,1,local-adverse-authority
6,12,1,12,1128,0.16666666666666666,2.0,1,6,1,1.0,1.0,0.0,-0.0,-0.0,0.16666666666666666,0.5,182.0,0.0,0.08333333333333333,0.0,0.8333333333333334,0.01354670524597168,0.01557999849319458,0.1154528683433325,0.014353752136230469,4.887580871582031e-05,0,ebf1260d-2513-4d72-bb64-62ec64445b9d,20260814,aggregate,adverse-ecs-fanout,1,local-adverse-authority
6,6,1,6,570,0.16666666666666666,1.0,1,6,1,1.0,0.0,0.0,-0.0,-0.0,0.16666666666666666,0.0,629.0,0.0,0.16666666666666666,0.0,0.8333333333333334,0.04272011915842692,0.04405379295349121,0.01978330641211739,0.04327726364135742,0.0,0,16dae97b-690c-411c-9786-632803f689c7,20260814,aggregate,adverse-ecs-fanout,1,local-adverse-authority
6,12,1,12,1320,0.16666666666666666,2.0,1,6,1,1.0,1.0,0.0,-0.0,-0.0,0.16666666666666666,0.5,300.0,0.0,0.08333333333333333,0.0,0.8333333333333334,0.0046694278717041016,0.005051755905151367,0.053164145901513415,0.0047338008880615234,8.296966552734375e-05,0,805b3ee6-ae46-47c7-bfc3-2a08888c0d05,20260814,aggregate,adverse-ecs-fanout,1,local-adverse-authority
6,12,1,12,723,0.16666666666666666,2.0,1,6,1,1.0,1.0,0.0,-0.0,-0.0,0.16666666666666666,0.5,19.0,0.0,0.08333333333333333,0.0,0.8333333333333334,0.02023426691691081,0.020715880393981933,0.015803347017672255,0.020375490188598633,4.4345855712890625e-05,0,89bf482c-1691-4d28-9106-a4590c2c2af8,20260814,aggregate,adverse-ecs-fanout,1,local-adverse-authority
6,12,1,12,775,0.16666666666666666,2.0,1,6,1,1.0,1.0,0.0,-0.0,-0.0,0.16666666666666666,0.5,20.0,0.0,0.08333333333333333,0.0,0.8333333333333334,0.0034284591674804688,0.003958737850189209,0.10057321912935986,0.0037965774536132812,3.981590270996094e-05,0,ddd033f0-a6d6-4db5-be34-947edca686bc,20260814,aggregate,adverse-ecs-fanout,1,local-adverse-authority
6,12,1,12,915,0.16666666666666666,2.0,1,6,1,1.0,1.0,0.0,-0.0,-0.0,0.16666666666666666,0.5,300.0,0.0,0.08333333333333333,0.0,0.8333333333333334,0.035048206647237144,0.03548983335494995,0.00823314948876227,0.03497767448425293,5.412101745605469e-05,0,7b90f3ea-53c6-4f97-82eb-2d550ccb3e83,20260814,aggregate,adverse-ecs-fanout,1,local-adverse-authority
6,12,1,12,775,0.16666666666666666,2.0,1,6,1,1.0,1.0,0.0,-0.0,-0.0,0.16666666666666666,0.5,20660.0,0.0,0.08333333333333333,0.0,0.8333333333333334,0.02263466517130534,0.02303440570831299,0.011101824572695117,0.02277660369873047,2.7179718017578125e-05,0,9b60af89-da89-49d6-aa3d-0a649b26b6df,20260814,aggregate,adverse-ecs-fanout,1,local-adverse-authority
6,12,1,12,697,0.16666666666666666,2.0,1,6,1,1.0,1.0,0.0,-0.0,-0.0,0.16666666666666666,0.5,1166.0,0.0,0.08333333333333333,0.0,0.8333333333333334,0.004398822784423828,0.005206418037414551,0.1334946072631948,0.0048656463623046875,2.7179718017578125e-05,0,e037f8c8-fa06-40c4-8e0e-634e04ff4f81,20260814,aggregate,adverse-ecs-fanout,1,local-adverse-authority
6,6,1,6,563,0.16666666666666666,1.0,1,6,1,1.0,0.0,0.0,-0.0,-0.0,0.16666666666666666,0.0,7996.0,0.0,0.16666666666666666,0.0,0.8333333333333334,0.03586840629577637,0.03626829385757446,0.007819835709923678,0.035982608795166016,0.0,0,4899fcd8-cd57-4758-8cf1-33d37778869c,20260814,aggregate,adverse-ecs-fanout,1,local-adverse-authority
6,12,1,12,853,0.16666666666666666,2.0,1,6,1,1.0,1.0,0.0,-0.0,-0.0,0.16666666666666666,0.5,2219.0,0.0,0.08333333333333333,0.0,0.8333333333333334,0.0460127592086792,0.04642709493637085,0.0062638879458866495,0.0459897518157959,4.839897155761719e-05,0,c9ba483c-145d-4d91-9842-198015023e0b,20260814,aggregate,adverse-ecs-fanout,1,local-adverse-authority
6,12,1,12,871,0.16666666666666666,2.0,1,6,1,1.0,1.0,0.0,-0.0,-0.0,0.16666666666666666,0.5,290.0,0.0,0.08333333333333333,0.0,0.8333333333333334,0.0161440372467041,0.016581976413726808,0.019732601146122,0.01605987548828125,0.00011277198791503906,0,4c3c62bd-b96d-4b1a-84f9-63081d739ad6,20260814,aggregate,adverse-ecs-fanout,1,local-adverse-authority
6,12,1,12,790,0.16666666666666666,2.0,1,6,1,1.0,0.0,0.0,-0.0,-0.0,0.16666666666666666,0.5,300.0,0.0,0.08333333333333333,0.0,0.8333333333333334,0.024707436561584473,0.02637370824813843,0.0407443117792201,0.024800539016723633,4.363059997558594e-05,0,1556de4b-34a8-40bc-acdf-0fdc15c4ee7d,20260814,aggregate,adverse-conflict,1,local-adverse-authority
6,6,1,6,741,0.16666666666666666,1.0,1,6,1,1.0,0.0,0.0,-0.0,-0.0,0.16666666666666666,0.0,60.0,0.0,0.16666666666666666,0.0,0.8333333333333334,0.0019052823384602864,0.0024031400680541992,0.18323505419491995,0.0020940303802490234,0.0,0,e3777867-3d8f-41bb-bdf9-dd0959be77ea,20260814,aggregate,adverse-ecs-fanout,1,local-adverse-authority
6,12,1,12,842,0.16666666666666666,2.0,1,6,1,1.0,0.0,0.0,-0.0,-0.0,0.16666666666666666,0.5,300.0,0.0,0.08333333333333333,0.0,0.8333333333333334,0.018874088923136394,0.019356465339660643,0.01665917572408331,0.0189974308013916,4.8160552978515625e-05,0,2ed03409-db36-499d-ac95-982dbbbf4917,20260814,aggregate,adverse-conflict,1,local-adverse-authority
6,12,1,12,736,0.16666666666666666,2.0,1,6,1,1.0,1.0,0.0,-0.0,-0.0,0.16666666666666666,0.5,138.0,0.0,0.08333333333333333,0.0,0.8333333333333334,0.004318435986836751,0.004749131202697754,0.07029248322130129,0.004292011260986328,4.1484832763671875e-05,0,661f6cd7-f440-4f25-b861-6559d1a00b37,20260814,aggregate,adverse-ecs-fanout,1,local-adverse-authority
6,6,1,6,734,0.16666666666666666,1.0,1,6,1,1.0,0.0,0.0,-0.0,-0.0,0.16666666666666666,0.0,20.0,0.0,0.16666666666666666,0.0,0.8333333333333334,0.016314586003621418,0.01663517951965332,0.01385996136568694,0.016476869583129883,0.0,0,d3ffff35-10ff-41b1-b625-be6fcfa71453,20260814,aggregate,adverse-ecs-fanout,1,local-adverse-authority
6,12,1,12,1268,0.16666666666666666,2.0,1,6,1,1.0,1.0,0.0,-0.0,-0.0,0.16666666666666666,0.5,300.0,0.0,0.08333333333333333,0.0,0.8333333333333334,0.015817999839782715,0.01631817817687988,0.028001336942694407,0.01585221290588379,4.57763671875e-05,0,6bc31a38-5fa8-41b3-844d-bdc30483b1a0,20260814,aggregate,adverse-ecs-fanout,1,local-adverse-authority
6,6,1,6,425,0.16666666666666666,1.0,1,6,1,1.0,0.0,0.0,-0.0,-0.0,0.16666666666666666,0.0,20.0,0.0,0.16666666666666666,0.0,0.8333333333333334,0.0031885703404744468,0.0037085413932800293,0.11752390711984415,0.0031020641326904297,0.0,0,2dfdb5c5-ea7b-4dd1-99a1-b6b88b631db6,20260814,aggregate,adverse-ecs-fanout,1,local-adverse-authority
6,12,1,12,941,0.16666666666666666,2.0,1,6,1,1.0,1.0,0.0,-0.0,-0.0,0.16666666666666666,0.5,17.0,0.0,0.08333333333333333,0.0,0.8333333333333334,0.01624910036722819,0.016757917404174805,0.021788442563687414,0.016162633895874023,7.724761962890625e-05,0,0c5cadba-f626-4059-b877-68376575c4b4,20260814,aggregate,adverse-ecs-fanout,1,local-adverse-authority
6,6,1,6,563,0.16666666666666666,1.0,1,6,1,1.0,0.0,0.0,-0.0,-0.0,0.16666666666666666,0.0,300.0,0.0,0.16666666666666666,0.0,0.8333333333333334,0.04454414049784342,0.04495805501937866,0.006549678115756962,0.04474949836730957,0.0,0,641e42d8-1da4-4dc7-b7a2-123e1d8fb29d,20260814,aggregate,adverse-ecs-fanout,1,local-adverse-authority
6,12,1,12,923,0.16666666666666666,2.0,1,6,1,1.0,1.0,0.0,-0.0,-0.0,0.16666666666666666,0.5,3302.0,0.0,0.08333333333333333,0.0,0.8333333333333334,0.0037094751993815103,0.004480373859405517,0.14780752642033268,0.003324270248413086,3.552436828613281e-05,0,d57ee393-804b-4a49-b97a-6500ef38b98b,20260814,aggregate,adverse-ecs-fanout,1,local-adverse-authority
6,12,1,12,1102,0.16666666666666666,2.0,1,6,1,1.0,1.0,0.0,-0.0,-0.0,0.16666666666666666,0.5,60.0,0.0,0.08333333333333333,0.0,0.8333333333333334,0.006403525670369466,0.00736997127532959,0.10587849469618273,0.0070455074310302734,4.3392181396484375e-05,0,91a21075-aeec-481a-bb56-6282b321e3f5,20260814,aggregate,adverse-ecs-fanout,1,local-adverse-authority
6,12,1,12,806,0.16666666666666666,2.0,1,6,1,1.0,1.0,0.0,-0.0,-0.0,0.16666666666666666,0.5,300.0,0.0,0.08333333333333333,0.0,0.8333333333333334,0.017609596252441406,0.0181790828704834,0.021395766630836692,0.017534732818603516,4.9591064453125e-05,0,04a172a2-069e-4b22-aa02-38b035e1b8c1,20260814,aggregate,adverse-ecs-fanout,1,local-adverse-authority
6,12,1,12,749,0.16666666666666666,2.0,1,6,1,1.0,1.0,0.0,-0.0,-0.0,0.16666666666666666,0.5,60.0,0.0,0.08333333333333333,0.0,0.8333333333333334,0.02966638406117757,0.030332291126251222,0.013744453870934049,0.029798507690429688,5.078315734863281e-05,0,cb8d5e28-3bf7-4a3c-8550-e99b86c85508,20260814,aggregate,adverse-ecs-fanout,1,local-adverse-authority
6,12,1,12,684,0.16666666666666666,2.0,1,6,1,1.0,1.0,0.0,-0.0,-0.0,0.16666666666666666,0.5,3293.0,0.0,0.08333333333333333,0.0,0.8333333333333334,0.01991418997446696,0.020539677143096922,0.022449983898656,0.01996588706970215,6.127357482910156e-05,0,b2400a2e-1c62-49df-bde6-c164eab1f106,20260814,aggregate,adverse-ecs-fanout,1,local-adverse-authority
6,6,1,6,968,0.16666666666666666,1.0,1,6,1,1.0,0.0,0.0,-0.0,-0.0,0.16666666666666666,0.0,300.0,0.0,0.16666666666666666,0.0,0.8333333333333334,0.0057737429936726885,0.006287097930908203,0.06813499340281523,0.005484580993652344,0.0,0,dc8124ba-d018-45f6-95b8-c30305092d35,20260814,aggregate,adverse-ecs-fanout,1,local-adverse-authority
6,12,1,12,998,0.16666666666666666,2.0,1,6,1,1.0,1.0,0.0,-0.0,-0.0,0.16666666666666666,0.5,329.0,0.0,0.08333333333333333,0.0,0.8333333333333334,0.036269426345825195,0.0367810845375061,0.010897636243203017,0.03597283363342285,6.890296936035156e-05,0,bcf969ac-6178-45a0-ae3b-386bdbd29b38,20260814,aggregate,adverse-ecs-fanout,1,local-adverse-authority
6,12,1,12,1203,0.16666666666666666,2.0,1,6,1,1.0,1.0,0.0,-0.0,-0.0,0.16666666666666666,0.5,300.0,0.0,0.08333333333333333,0.0,0.8333333333333334,0.004623850186665853,0.005183601379394531,0.08730917660039066,0.004657745361328125,0.0001163482666015625,0,6f70c614-a920-4c68-806f-4b76000acc90,20260814,aggregate,adverse-ecs-fanout,1,local-adverse-authority
6,12,1,12,954,0.16666666666666666,2.0,1,6,1,1.0,1.0,0.0,-0.0,-0.0,0.16666666666666666,0.5,60.0,0.0,0.08333333333333333,0.0,0.8333333333333334,0.0048340559005737305,0.005469202995300293,0.08260568725777323,0.004748344421386719,5.0067901611328125e-05,0,f3a26f4f-737d-400e-9bf5-104e44cce11f,20260814,aggregate,adverse-ecs-fanout,1,local-adverse-authority
6,6,1,6,488,0.16666666666666666,1.0,1,6,1,1.0,0.0,0.0,-0.0,-0.0,0.16666666666666666,0.0,21017.0,0.0,0.16666666666666666,0.0,0.8333333333333334,0.0019255479176839192,0.0024560093879699707,0.20907402484759044,0.001627206802368164,0.0,0,22585b74-5237-4b89-8df5-0aebc6e8914e,20260814,aggregate,adverse-ecs-fanout,1,local-adverse-authority
6,12,1,12,710,0.16666666666666666,2.0,1,6,1,1.0,1.0,0.0,-0.0,-0.0,0.16666666666666666,0.5,7873.0,0.0,0.08333333333333333,0.0,0.8333333333333334,0.040976881980895996,0.041470038890838626,0.007738257920825981,0.04118537902832031,5.030632019042969e-05,0,ffc50bad-a9fa-40a0-baf8-3c12b72c3237,20260814,aggregate,adverse-ecs-fanout,1,local-adverse-authority
6,6,1,6,474,0.16666666666666666,1.0,1,6,1,1.0,0.0,0.0,-0.0,-0.0,0.16666666666666666,0.0,603.0,0.0,0.16666666666666666,0.0,0.8333333333333334,0.0019921461741129556,0.002570927143096924,0.20840546260239146,0.0022437572479248047,0.0,0,392a54e5-f019-4a2f-b199-2fa7c6d19b3c,20260814,aggregate,adverse-ecs-fanout,1,local-adverse-authority
6,12,1,12,671,0.16666666666666666,2.0,1,6,1,1.0,1.0,0.0,-0.0,-0.0,0.16666666666666666,0.5,37.0,0.0,0.08333333333333333,0.0,0.8333333333333334,0.03651920954386393,0.03719818592071533,0.010990288391425252,0.036727190017700195,4.5299530029296875e-05,0,260a019a-3254-45e6-b42b-79ade240f4a6,20260814,aggregate,adverse-ecs-fanout,1,local-adverse-authority
6,6,1,6,617,0.16666666666666666,1.0,1,6,1,1.0,0.0,0.0,-0.0,-0.0,0.16666666666666666,0.0,18.0,0.0,0.16666666666666666,0.0,0.8333333333333334,0.004278699556986491,0.0048833489418029785,0.11104812393088723,0.004201412200927734,0.0,0,a9d1ca22-9af6-41a0-b7c7-618dc01e6cf1,20260814,aggregate,adverse-ecs-fanout,1,local-adverse-authority
6,12,1,12,806,0.16666666666666666,2.0,1,6,1,1.0,1.0,0.0,-0.0,-0.0,0.16666666666666666,0.5,292.0,0.0,0.08333333333333333,0.0,0.8333333333333334,0.004980802536010742,0.0053637027740478516,0.05854277778807684,0.004896879196166992,4.291534423828125e-05,0,26785ece-9dbe-4a2f-971a-0a0d387110d1,20260814,aggregate,adverse-ecs-fanout,1,local-adverse-authority
6,12,1,12,819,0.16666666666666666,2.0,1,6,1,1.0,1.0,0.0,-0.0,-0.0,0.16666666666666666,0.5,11.0,0.0,0.08333333333333333,0.0,0.8333333333333334,0.03097987174987793,0.031412482261657715,0.009273552414912813,0.031146764755249023,9.775161743164062e-05,0,99c0ade5-ff12-4bd6-9e83-47f56ef0644b,20260814,aggregate,adverse-ecs-fanout,1,local-adverse-authority
6,12,1,12,845,0.16666666666666666,2.0,1,6,1,1.0,1.0,0.0,-0.0,-0.0,0.16666666666666666,0.5,22.0,0.0,0.08333333333333333,0.0,0.8333333333333334,0.0179137388865153,0.018336987495422362,0.01598782043420869,0.0178682804107666,5.2928924560546875e-05,0,eeaaf911-068e-4090-acce-869e113fc83a,20260814,aggregate,adverse-ecs-fanout,1,local-adverse-authority
6,6,1,6,734,0.16666666666666666,1.0,1,6,1,1.0,0.0,0.0,-0.0,-0.0,0.16666666666666666,0.0,60.0,0.0,0.16666666666666666,0.0,0.8333333333333334,0.0036194721857706704,0.004032731056213379,0.0859158477760455,0.003604888916015625,0.0,0,511a5915-75af-42b8-aa16-9411caae0d12,20260814,aggregate,adverse-ecs-fanout,1,local-adverse-authority
6,12,1,12,832,0.16666666666666666,2.0,1,6,1,1.0,1.0,0.0,-0.0,-0.0,0.16666666666666666,0.5,60.0,0.0,0.08333333333333333,0.0,0.8333333333333334,0.003988782564798991,0.004512310028076172,0.09475404216425963,0.004016876220703125,4.291534423828125e-05,0,7df82fef-be79-4fc4-8423-a8e5aa35a858,20260814,aggregate,adverse-ecs-fanout,1,local-adverse-authority
6,12,1,12,723,0.16666666666666666,2.0,1,6,1,1.0,1.0,0.0,-0.0,-0.0,0.16666666666666666,0.5,167.0,0.0,0.08333333333333333,0.0,0.8333333333333334,0.004464864730834961,0.0049202203750610355,0.06804754408017591,0.004645824432373047,4.8160552978515625e-05,0,160691da-290c-486c-897d-cb8bee54c694,20260814,aggregate,adverse-ecs-fanout,1,local-adverse-authority
6,12,1,12,723,0.16666666666666666,2.0,1,6,1,1.0,1.0,0.0,-0.0,-0.0,0.16666666666666666,0.5,62.0,0.0,0.08333333333333333,0.0,0.8333333333333334,0.06841603914896648,0.06883711814880371,0.003804184288502937,0.06856656074523926,4.863739013671875e-05,0,4e2041f1-1dff-4322-856e-289ecacf0d14,20260814,aggregate,adverse-ecs-fanout,1,local-adverse-authority
6,12,1,12,845,0.16666666666666666,2.0,1,6,1,1.0,1.0,0.0,-0.0,-0.0,0.16666666666666666,0.5,300.0,0.0,0.08333333333333333,0.0,0.8333333333333334,0.005321502685546875,0.005726456642150879,0.05061970635733255,0.005266427993774414,4.5299530029296875e-05,0,2d72bcf3-a45f-4c68-b37d-9cc9dd7a77cc,20260814,aggregate,adverse-ecs-fanout,1,local-adverse-authority
6,12,1,12,741,0.16666666666666666,2.0,1,6,1,1.0,1.0,0.0,-0.0,-0.0,0.16666666666666666,0.5,600.0,0.0,0.08333333333333333,0.0,0.8333333333333334,0.02018578847249349,0.020652830600738525,0.01353253017015131,0.020508527755737305,4.887580871582031e-05,0,250db6c4-4a72-41a1-b5cd-25584749bd39,20260814,aggregate,adverse-ecs-fanout,1,local-adverse-authority
6,12,1,12,749,0.16666666666666666,2.0,1,6,1,1.0,1.0,0.0,-0.0,-0.0,0.16666666666666666,0.5,18.0,0.0,0.08333333333333333,0.0,0.8333333333333334,0.034497618675231934,0.03496953248977661,0.008389296516459165,0.03474831581115723,5.078315734863281e-05,0,734efc45-df80-493b-a2fe-b6ec58988d64,20260814,aggregate,adverse-ecs-fanout,1,local-adverse-authority
6,12,1,12,858,0.16666666666666666,2.0,1,6,1,1.0,1.0,0.0,-0.0,-0.0,0.16666666666666666,0.5,106.0,0.0,0.08333333333333333,0.0,0.8333333333333334,0.004407127698262532,0.004789221286773682,0.05438328921208531,0.004529714584350586,4.315376281738281e-05,0,7d97a1c6-e1d8-4397-8ef8-c7cef1ccfb73,20260814,aggregate,adverse-ecs-fanout,1,local-adverse-authority
6,12,1,12,923,0.16666666666666666,2.0,1,6,1,1.0,1.0,0.0,-0.0,-0.0,0.16666666666666666,0.5,55.0,0.0,0.08333333333333333,0.0,0.8333333333333334,0.036986470222473145,0.0373881459236145,0.006245130982947944,0.037220001220703125,4.887580871582031e-05,0,e9d1ca25-11b8-4eac-9c5e-a8316b9d1cf8,20260814,aggregate,adverse-ecs-fanout,1,local-adverse-authority
6,12,1,12,998,0.16666666666666666,2.0,1,6,1,1.0,1.0,0.0,-0.0,-0.0,0.16666666666666666,0.5,14426.0,0.0,0.08333333333333333,0.0,0.8333333333333334,0.05125264326731364,0.05173875093460083,0.005686061445870241,0.05140256881713867,6.413459777832031e-05,0,4a83c759-0194-40cd-9f90-92c1df3ba39e,20260814,aggregate,adverse-ecs-fanout,1,local-adverse-authority
6,12,1,12,1024,0.16666666666666666,2.0,1,6,1,1.0,1.0,0.0,-0.0,-0.0,0.16666666666666666,0.5,158.0,0.0,0.08333333333333333,0.0,0.8333333333333334,0.03594493865966797,0.036309099197387694,0.006618794346058601,0.036078453063964844,6.008148193359375e-05,0,9dc86fd5-403f-43d2-be19-f2dc012a3d6d,20260814,aggregate,adverse-ecs-fanout,1,local-adverse-authority
6,12,1,12,915,0.16666666666666666,2.0,1,6,1,1.0,1.0,0.0,-0.0,-0.0,0.16666666666666666,0.5,60.0,0.0,0.08333333333333333,0.0,0.8333333333333334,0.05042358239491781,0.05083732604980469,0.005565370270278029,0.050348758697509766,7.05718994140625e-05,0,8b327f19-6522-4351-b4a8-0ca081890109,20260814,aggregate,adverse-ecs-fanout,1,local-adverse-authority
6,12,1,12,1538,0.16666666666666666,2.0,1,6,1,1.0,1.0,0.0,-0.0,-0.0,0.16666666666666666,0.5,276.0,0.0,0.08333333333333333,0.0,0.8333333333333334,0.01313344637552897,0.013594913482666015,0.02214507919674828,0.013283491134643555,6.580352783203125e-05,0,5b9fd489-47ab-4ce4-bec5-c3d602b5decc,20260814,aggregate,adverse-ecs-fanout,1,local-adverse-authority
6,12,1,12,749,0.16666666666666666,2.0,1,6,1,1.0,1.0,0.0,-0.0,-0.0,0.16666666666666666,0.5,60.0,0.0,0.08333333333333333,0.0,0.8333333333333334,0.008872787157694498,0.009356117248535157,0.033135639073295454,0.009026288986206055,4.57763671875e-05,0,4e5ee286-06b3-461a-aedb-1a4a17ed8cc6,20260814,aggregate,adverse-ecs-fanout,1,local-adverse-authority
6,12,1,12,780,0.16666666666666666,2.0,1,6,1,1.0,1.0,0.0,-0.0,-0.0,0.16666666666666666,0.5,5.0,0.0,0.08333333333333333,0.0,0.8333333333333334,0.015947977701822918,0.016350793838500976,0.01637223495135515,0.016022920608520508,5.14984130859375e-05,0,04e619c3-d047-4865-a854-778990b686fe,20260814,aggregate,adverse-ecs-fanout,1,local-adverse-authority
6,12,1,12,658,0.16666666666666666,2.0,1,6,1,1.0,1.0,0.0,-0.0,-0.0,0.16666666666666666,0.5,30.0,0.0,0.08333333333333333,0.0,0.8333333333333334,0.0048923492431640625,0.005365753173828125,0.06251533205566577,0.005103111267089844,3.528594970703125e-05,0,8bae462e-789a-4a91-a39d-6404e5dcea6f,20260814,aggregate,adverse-ecs-fanout,1,local-adverse-authority
6,6,1,6,748,0.16666666666666666,1.0,1,6,1,1.0,0.0,0.0,-0.0,-0.0,0.16666666666666666,0.0,60.0,0.0,0.16666666666666666,0.0,0.8333333333333334,0.0178984800974528,0.018290221691131592,0.017647319081672524,0.01749730110168457,0.0,0,55176687-1dc1-4385-bbb6-71aae02d12a2,20260814,aggregate,adverse-ecs-fanout,1,local-adverse-authority
6,6,1,6,460,0.16666666666666666,1.0,1,6,1,1.0,0.0,0.0,-0.0,-0.0,0.16666666666666666,0.0,300.0,0.0,0.16666666666666666,0.0,0.8333333333333334,0.001976569493611654,0.0023694634437561035,0.15147406651217882,0.0020155906677246094,0.0,0,e0f38b47-465e-4ba9-aa1f-f358db4a6cd0,20260814,aggregate,adverse-ecs-fanout,1,local-adverse-authority
6,12,1,12,902,0.16666666666666666,2.0,1,6,1,1.0,1.0,0.0,-0.0,-0.0,0.16666666666666666,0.5,300.0,0.0,0.08333333333333333,0.0,0.8333333333333334,0.024185021718343098,0.02463797330856323,0.01373257006617752,0.024123668670654297,0.00010180473327636719,0,96f8fb5f-f4ce-44f1-a7d5-72c1f838d4ed,20260814,aggregate,adverse-ecs-fanout,1,local-adverse-authority
6,6,1,6,481,0.16666666666666666,1.0,1,6,1,1.0,0.0,0.0,-0.0,-0.0,0.16666666666666666,0.0,30.0,0.0,0.16666666666666666,0.0,0.8333333333333334,0.00441594918568929,0.004861414432525635,0.07675814098485044,0.004303455352783203,0.0,0,ae4f01cc-c7cb-4b01-b7e4-e66c4e92164b,20260814,aggregate,adverse-ecs-fanout,1,local-adverse-authority
6,12,1,12,788,0.16666666666666666,2.0,1,6,1,1.0,1.0,0.0,-0.0,-0.0,0.16666666666666666,0.5,20.0,0.0,0.08333333333333333,0.0,0.8333333333333334,0.018183668454488117,0.018636047840118408,0.01902748383661749,0.018532991409301758,4.887580871582031e-05,0,4864e2df-1ef7-40f2-83ad-45327f697c3f,20260814,aggregate,adverse-ecs-fanout,1,local-adverse-authority
6,6,1,6,481,0.16666666666666666,1.0,1,6,1,1.0,0.0,0.0,-0.0,-0.0,0.16666666666666666,0.0,16723.0,0.0,0.16666666666666666,0.0,0.8333333333333334,0.002355376879374186,0.0027250051498413086,0.10735135299449196,0.0024404525756835938,0.0,0,4ba8d32d-9528-4fd8-9697-262e27011590,20260814,aggregate,adverse-ecs-fanout,1,local-adverse-authority
6,12,1,12,788,0.16666666666666666,2.0,1,6,1,1.0,1.0,0.0,-0.0,-0.0,0.16666666666666666,0.5,33.0,0.0,0.08333333333333333,0.0,0.8333333333333334,0.03854684034983317,0.03893622159957886,0.007395119281120957,0.03872871398925781,4.839897155761719e-05,0,d6ff61c5-a681-4086-8fab-059ce8a3a9a9,20260814,aggregate,adverse-ecs-fanout,1,local-adverse-authority
1,1,1,1,92,1.0,1.0,1,0,0,0.0,0.0,0.0,-0.0,-0.0,1.0,0.0,1294.0,0.0,1.0,0.0,0.0,0.0019297599792480469,0.0019297599792480469,0.0,0.0018422603607177734,0.0,0,fe3992a9-7caa-4be4-9f99-0a412f5958dc,20260814,ecs-keyed,benign-plain,0,google
1,1,1,1,88,1.0,1.0,1,0,0,0.0,0.0,0.0,-0.0,-0.0,1.0,0.0,3300.0,0.0,1.0,0.0,0.0,0.0016016960144042969,0.0016016960144042969,0.0,0.0014302730560302734,0.0,0,cc965e2d-2dc9-4afc-bdb9-ca3a8e97a55d,20260814,ecs-keyed,benign-plain,0,opendns
1,1,1,1,98,1.0,1.0,1,0,0,0.0,0.0,0.0,-0.0,-0.0,1.0,0.0,65.0,0.0,1.0,0.0,0.0,0.0019071102142333984,0.0019071102142333984,0.0,0.001734018325805664,0.0,0,ec9e1725-1736-446a-804c-de44925cf292,20260814,ecs-keyed,benign-plain,0,opendns
1,1,1,1,139,1.0,1.0,1,0,0,0.0,0.0,0.0,-0.0,-0.0,1.0,0.0,16.0,0.0,1.0,0.0,0.0,0.0017921924591064453,0.0017921924591064453,0.0,0.0016367435455322266,0.0,0,872a19cf-e660-4579-8463-286812963aed,20260814,ecs-keyed,benign-plain,0,cloudflare
1,1,1,1,106,1.0,1.0,1,0,0,0.0,0.0,0.0,-0.0,-0.0,1.0,0.0,1272.0,0.0,1.0,0.0,0.0,0.0020275115966796875,0.0020275115966796875,0.0,0.0018770694732666016,0.0,0,194eb88e-71c0-4e85-90a8-8a78e873bf48,20260814,ecs-keyed,benign-plain,0,cloudflare
1,1,1,1,86,1.0,1.0,1,0,0,0.0,0.0,0.0,-0.0,-0.0,1.0,0.0,47.0,0.0,1.0,0.0,0.0,0.0017957687377929688,0.0017957687377929688,0.0,0.0016472339630126953,0.0,0,30a672e7-2fd2-41b8-bc18-3ff5598dd8f8,20260814,ecs-keyed,benign-plain,0,google
1,1,1,1,96,1.0,1.0,1,0,0,0.0,0.0,0.0,-0.0,-0.0,1.0,0.0,154.0,0.0,1.0,0.0,0.0,0.002553224563598633,0.002553224563598633,0.0,0.002316713333129883,0.0,0,319d893b-53c9-448d-aee0-c58fec2fea8c,20260814,ecs-keyed,benign-plain,0,opendns
1,1,1,1,106,1.0,1.0,1,0,0,0.0,0.0,0.0,-0.0,-0.0,1.0,0.0,92.0,0.0,1.0,0.0,0.0,0.001989603042602539,0.001989603042602539,0.0,0.0018112659454345703,0.0,0,b7276a27-16e2-4c94-876a-9c10262d09cb,20260814,ecs-keyed,benign-plain,0,quad9
1,1,1,1,186,1.0,1.0,1,0,0,0.0,0.0,0.0,-0.0,-0.0,1.0,0.0,106.0,0.0,1.0,0.0,0.0,0.001873016357421875,0.001873016357421875,0.0,0.0017006397247314453,0.0,0,cfe8868a-05af-4d69-95eb-14785797b26e,20260814,ecs-keyed,benign-plain,0,quad9
1,1,1,1,140,1.0,1.0,1,0,0,0.0,0.0,0.0,-0.0,-0.0,1.0,0.0,1883.0,0.0,1.0,0.0,0.0,0.0019981861114501953,0.0019981861114501953,0.0,0.001827239990234375,0.0,0,39ad6c1c-89b5-4fe4-b8e6-893a84d1f7f9,20260814,ecs-keyed,benign-plain,0,quad9
1,1,1,1,102,1.0,1.0,1,0,0,0.0,0.0,0.0,-0.0,-0.0,1.0,0.0,34.0,0.0,1.0,0.0,0.0,0.0021567344665527344,0.0021567344665527344,0.0,0.0019404888153076172,0.0,0,7e1e0fae-7f1a-4b87-80bb-443012b0518a,20260814,ecs-keyed,benign-plain,0,quad9
6,6,1,6,495,0.16666666666666666,1.0,1,6,1,1.0,0.0,0.0,-0.0,-0.0,0.16666666666666666,0.0,300.0,0.0,0.16666666666666666,0.0,0.8333333333333334,0.004346768061319987,0.005220890045166016,0.13624400168998968,0.005317211151123047,0.0,0,9eab846b-5512-4192-ae68-6794f05c9b6e,20260814,aggregate,adverse-ecs-fanout,1,local-adverse-authority
6,6,1,6,495,0.16666666666666666,1.0,1,6,1,1.0,0.0,0.0,-0.0,-0.0,0.16666666666666666,0.0,300.0,0.0,0.16666666666666666,0.0,0.8333333333333334,0.002808252970377604,0.003802657127380371,0.23004606629823446,0.0032956600189208984,0.0,0,f47d8815-1c5f-45d0-b174-2d7db4d3eb4f,20260814,aggregate,adverse-ecs-fanout,1,local-adverse-authority
1,1,1,1,112,1.0,1.0,1,0,0,0.0,0.0,0.0,-0.0,-0.0,1.0,0.0,300.0,0.0,1.0,0.0,0.0,0.01579117774963379,0.01579117774963379,0.0,0.015635967254638672,0.0,0,9748a181-ce6d-4d3e-b04a-9242f1fa880f,20260814,ecs-keyed,benign-plain,0,quad9
6,6,1,6,453,0.16666666666666666,1.0,1,6,1,1.0,0.0,0.0,-0.0,-0.0,0.16666666666666666,0.0,300.0,0.0,0.16666666666666666,0.0,0.8333333333333334,0.0017500718434651692,0.002188444137573242,0.16226657780311154,0.0018718242645263672,0.0,0,a65b1d3c-973f-460b-b5a5-f0147cb69659,20260814,aggregate,adverse-ecs-fanout,1,local-adverse-authority
1,1,1,1,192,1.0,1.0,1,0,0,0.0,0.0,0.0,-0.0,-0.0,1.0,0.0,92.0,0.0,1.0,0.0,0.0,0.0021827220916748047,0.0021827220916748047,0.0,0.0019686222076416016,0.0,0,6dbac6c5-a241-4f4a-8748-70c753384fc6,20260814,ecs-keyed,benign-plain,0,quad9
6,12,1,12,697,0.16666666666666666,2.0,1,6,1,1.0,1.0,0.0,-0.0,-0.0,0.16666666666666666,0.5,300.0,0.0,0.08333333333333333,0.0,0.8333333333333334,0.007193843523661296,0.008062195777893067,0.10399075598339189,0.007788658142089844,2.7179718017578125e-05,0,e249d0bc-f7fb-44b3-97a1-927bdcbf9459,20260814,aggregate,adverse-ecs-fanout,1,local-adverse-authority
1,1,1,1,112,1.0,1.0,1,0,0,0.0,0.0,0.0,-0.0,-0.0,1.0,0.0,15.0,0.0,1.0,0.0,0.0,0.001560211181640625,0.001560211181640625,0.0,0.0014901161193847656,0.0,0,55b74d28-13cb-4202-aadf-15d496fa838e,20260814,ecs-keyed,benign-plain,0,quad9
1,1,1,1,144,1.0,1.0,1,0,0,0.0,0.0,0.0,-0.0,-0.0,1.0,0.0,59.0,0.0,1.0,0.0,0.0,0.0015769004821777344,0.0015769004821777344,0.0,0.0014770030975341797,0.0,0,7b3dbec1-4ef7-4664-a317-c07e06d25109,20260814,ecs-keyed,benign-plain,0,quad9
1,1,1,1,110,1.0,1.0,1,0,0,0.0,0.0,0.0,-0.0,-0.0,1.0,0.0,20.0,0.0,1.0,0.0,0.0,0.015691518783569336,0.015691518783569336,0.0,0.015373945236206055,0.0,0,e8f62be6-ceb1-4741-870d-43689b1e2484,20260814,ecs-keyed,benign-plain,0,opendns
1,1,1,1,94,1.0,1.0,1,0,0,0.0,0.0,0.0,-0.0,-0.0,1.0,0.0,4.0,0.0,1.0,0.0,0.0,0.0019109249114990234,0.0019109249114990234,0.0,0.00183868408203125,0.0,0,e8ff0b91-a08e-4800-9109-38c33b986c7d,20260814,ecs-keyed,benign-plain,0,quad9
1,1,1,1,112,1.0,1.0,1,0,0,0.0,0.0,0.0,-0.0,-0.0,1.0,0.0,20.0,0.0,1.0,0.0,0.0,0.01299738883972168,0.01299738883972168,0.0,0.012698888778686523,0.0,0,b815dd93-57a5-47c7-8862-389caac5e282,20260814,ecs-keyed,benign-plain,0,cloudflare
6,12,1,12,775,0.16666666666666666,2.0,1,6,1,1.0,1.0,0.0,-0.0,-0.0,0.16666666666666666,0.5,300.0,0.0,0.08333333333333333,0.0,0.8333333333333334,0.015290776888529459,0.01674734354019165,0.06482780628670132,0.015898466110229492,0.0009250640869140625,0,4a19deca-4ac8-42f3-9b8e-6bae60000435,20260814,aggregate,adverse-ecs-fanout,1,local-adverse-authority
1,1,1,1,94,1.0,1.0,1,0,0,0.0,0.0,0.0,-0.0,-0.0,1.0,0.0,88.0,0.0,1.0,0.0,0.0,0.002756357192993164,0.002756357192993164,0.0,0.002708911895751953,0.0,0,7bc9bb73-198f-47f1-9364-ec19ef51135f,20260814,ecs-keyed,benign-plain,0,google
1,1,1,1,106,1.0,1.0,1,0,0,0.0,0.0,0.0,-0.0,-0.0,1.0,0.0,20.0,0.0,1.0,0.0,0.0,0.0029175281524658203,0.0029175281524658203,0.0,0.002142190933227539,0.0,0,5ba57381-023c-4edd-994b-676d9c272192,20260814,ecs-keyed,benign-plain,0,google
1,1,1,1,156,1.0,1.0,1,0,0,0.0,0.0,0.0,-0.0,-0.0,1.0,0.0,48.0,0.0,1.0,0.0,0.0,0.0020177364349365234,0.0020177364349365234,0.0,0.0019807815551757812,0.0,0,36d79156-24c8-4da0-a89b-db1e45177a84,20260814,ecs-keyed,benign-plain,0,quad9
6,12,1,12,762,0.16666666666666666,2.0,1,6,1,1.0,1.0,0.0,-0.0,-0.0,0.16666666666666666,0.5,300.0,0.0,0.08333333333333333,0.0,0.8333333333333334,0.021660010019938152,0.02217971086502075,0.015864647664245092,0.02142190933227539,0.00039505958557128906,0,e737af72-4176-4649-9a20-94278f84e6d6,20260814,aggregate,adverse-ecs-fanout,1,local-adverse-authority
1,1,1,1,88,1.0,1.0,1,0,0,0.0,0.0,0.0,-0.0,-0.0,1.0,0.0,3204.0,0.0,1.0,0.0,0.0,0.0030395984649658203,0.0030395984649658203,0.0,0.0023822784423828125,0.0,0,7cbb7ee3-ab34-47e0-a432-de0dae36cf3c,20260814,ecs-keyed,benign-plain,0,quad9
1,1,1,1,118,1.0,1.0,1,0,0,0.0,0.0,0.0,-0.0,-0.0,1.0,0.0,58.0,0.0,1.0,0.0,0.0,0.0026352405548095703,0.0026352405548095703,0.0,0.0024580955505371094,0.0,0,bb82d380-5b1c-4248-b99b-8bc3f1134028,20260814,ecs-keyed,benign-plain,0,cloudflare
6,12,1,12,671,0.16666666666666666,2.0,1,6,1,1.0,1.0,0.0,-0.0,-0.0,0.16666666666666666,0.5,300.0,0.0,0.08333333333333333,0.0,0.8333333333333334,0.02431635061899821,0.025179243087768553,0.02142834848312896,0.024768590927124023,4.57763671875e-05,0,85769841-efca-4fcd-acde-4c36b26b8e1e,20260814,aggregate,adverse-ecs-fanout,1,local-adverse-authority
1,1,1,1,358,1.0,1.0,1,0,0,0.0,0.0,0.0,-0.0,-0.0,1.0,0.0,152.0,0.0,1.0,0.0,0.0,0.002079486846923828,0.002079486846923828,0.0,0.0017352104187011719,0.0,0,de67667e-e347-4bb0-8c35-4541cabb0db3,20260814,ecs-keyed,benign-plain,0,quad9
1,1,1,1,102,1.0,1.0,1,0,0,0.0,0.0,0.0,-0.0,-0.0,1.0,0.0,1052.0,0.0,1.0,0.0,0.0,0.002653360366821289,0.002653360366821289,0.0,0.0025908946990966797,0.0,0,9df74017-b61b-4c06-83cf-7611254c9840,20260814,ecs-keyed,benign-plain,0,cloudflare
1,1,1,1,86,1.0,1.0,1,0,0,0.0,0.0,0.0,-0.0,-0.0,1.0,0.0,20.0,0.0,1.0,0.0,0.0,0.02025628089904785,0.02025628089904785,0.0,0.020046472549438477,0.0,0,993a6b13-a3bb-45c7-bef2-fa4d2f31a913,20260814,ecs-keyed,benign-plain,0,google
6,6,1,6,488,0.16666666666666666,1.0,1,6,1,1.0,0.0,0.0,-0.0,-0.0,0.16666666666666666,0.0,300.0,0.0,0.16666666666666666,0.0,0.8333333333333334,0.03115411599477132,0.03196340799331665,0.019193028646556462,0.0312809944152832,0.0,0,dc4cb9ef-15de-4279-8d95-4ea59c9de6e4,20260814,aggregate,adverse-ecs-fanout,1,local-adverse-authority
1,1,1,1,194,1.0,1.0,1,0,0,0.0,0.0,0.0,-0.0,-0.0,1.0,0.0,291.0,0.0,1.0,0.0,0.0,0.0026297569274902344,0.0026297569274902344,0.0,0.0021209716796875,0.0,0,c2fa904c-b86b-4a18-a22f-ff222676c0dc,20260814,ecs-keyed,benign-plain,0,google
1,1,1,1,92,1.0,1.0,1,0,0,0.0,0.0,0.0,-0.0,-0.0,1.0,0.0,1180.0,0.0,1.0,0.0,0.0,0.004521608352661133,0.004521608352661133,0.0,0.0037055015563964844,0.0,0,d6a3876e-5f02-4a7e-8435-67bd4aef9114,20260814,ecs-keyed,benign-plain,0,cloudflare
1,1,1,1,144,1.0,1.0,1,0,0,0.0,0.0,0.0,-0.0,-0.0,1.0,0.0,55.0,0.0,1.0,0.0,0.0,0.002504110336303711,0.002504110336303711,0.0,0.002454519271850586,0.0,0,ec81c4cf-cc1f-4793-8f4b-253f7feb6803,20260814,ecs-keyed,benign-plain,0,quad9
6,12,1,12,801,0.16666666666666666,2.0,1,6,1,1.0,1.0,0.0,-0.0,-0.0,0.16666666666666666,0.5,300.0,0.0,0.08333333333333333,0.0,0.8333333333333334,0.01938494046529134,0.020118701457977294,0.03227185845989603,0.019680023193359375,0.00023794174194335938,0,25af3c8d-af5b-4916-b45e-d9e92b551d91,20260814,aggregate,adverse-ecs-fanout,1,local-adverse-authority
1,1,1,1,96,1.0,1.0,1,0,0,0.0,0.0,0.0,-0.0,-0.0,1.0,0.0,60.0,0.0,1.0,0.0,0.0,0.014453411102294922,0.014453411102294922,0.0,0.014373779296875,0.0,0,4a8ce6a2-b547-4e55-86e4-cbcf28bfe2a4,20260814,ecs-keyed,benign-plain,0,cloudflare
1,1,1,1,219,1.0,1.0,1,0,0,0.0,0.0,0.0,-0.0,-0.0,1.0,0.0,185.0,0.0,1.0,0.0,0.0,0.003748655319213867,0.003748655319213867,0.0,0.002323627471923828,0.0,0,ad18e2cf-2037-45f4-8276-1342edbc0c37,20260814,ecs-keyed,benign-plain,0,cloudflare
1,1,1,1,118,1.0,1.0,1,0,0,0.0,0.0,0.0,-0.0,-0.0,1.0,0.0,66.0,0.0,1.0,0.0,0.0,0.0021758079528808594,0.0021758079528808594,0.0,0.0018737316131591797,0.0,0,c7c6de91-3a88-4f8c-861c-3d7563001e9f,20260814,ecs-keyed,benign-plain,0,opendns
1,1,1,1,102,1.0,1.0,1,0,0,0.0,0.0,0.0,-0.0,-0.0,1.0,0.0,333.0,0.0,1.0,0.0,0.0,0.003088712692260742,0.003088712692260742,0.0,0.002149343490600586,0.0,0,fe66ef6b-5c23-4c28-ad3a-f06eeae5f5f5,20260814,ecs-keyed,benign-plain,0,cloudflare
1,1,1,1,136,1.0,1.0,1,0,0,0.0,0.0,0.0,-0.0,-0.0,1.0,0.0,25.0,0.0,1.0,0.0,0.0,0.002963542938232422,0.002963542938232422,0.0,0.0020918846130371094,0.0,0,16af92b1-dfa6-4720-b01b-0906c9bee4bf,20260814,ecs-keyed,benign-plain,0,quad9
1,1,1,1,150,1.0,1.0,1,0,0,0.0,0.0,0.0,-0.0,-0.0,1.0,0.0,54.0,0.0,1.0,0.0,0.0,0.003782510757446289,0.003782510757446289,0.0,0.0033478736877441406,0.0,0,fd0e01d1-a5e5-4ed4-9588-028f7ff18e70,20260814,ecs-keyed,benign-plain,0,opendns
1,1,1,1,144,1.0,1.0,1,0,0,0.0,0.0,0.0,-0.0,-0.0,1.0,0.0,20187.0,0.0,1.0,0.0,0.0,0.0030367374420166016,0.0030367374420166016,0.0,0.002669811248779297,0.0,0,d9ddc1ea-0fe3-4ea1-a743-84c6f213502e,20260814,ecs-keyed,benign-plain,0,opendns
1,1,1,1,156,1.0,1.0,1,0,0,0.0,0.0,0.0,-0.0,-0.0,1.0,0.0,49.0,0.0,1.0,0.0,0.0,0.0027663707733154297,0.0027663707733154297,0.0,0.0018017292022705078,0.0,0,2c7cdda2-27b2-4e04-b65f-aebc9d7b8f32,20260814,ecs-keyed,benign-plain,0,cloudflare
1,1,1,1,102,1.0,1.0,1,0,0,0.0,0.0,0.0,-0.0,-0.0,1.0,0.0,308.0,0.0,1.0,0.0,0.0,0.002309560775756836,0.002309560775756836,0.0,0.0022423267364501953,0.0,0,e9115176-ffc0-4a5f-b3a7-30039ce7245e,20260814,ecs-keyed,benign-plain,0,cloudflare
1,1,1,1,108,1.0,1.0,1,0,0,0.0,0.0,0.0,-0.0,-0.0,1.0,0.0,18.0,0.0,1.0,0.0,0.0,0.0026292800903320312,0.0026292800903320312,0.0,0.0022859573364257812,0.0,0,59791a4e-e59d-4ecf-a224-3af1d275c8cb,20260814,ecs-keyed,benign-plain,0,google
1,1,1,1,190,1.0,1.0,1,0,0,0.0,0.0,0.0,-0.0,-0.0,1.0,0.0,300.0,0.0,1.0,0.0,0.0,0.0034704208374023438,0.0034704208374023438,0.0,0.002837657928466797,0.0,0,a2d68025-7be8-4a80-b42b-7786fa3e3078,20260814,ecs-keyed,benign-plain,0,opendns
1,1,1,1,96,1.0,1.0,1,0,0,0.0,0.0,0.0,-0.0,-0.0,1.0,0.0,17.0,0.0,1.0,0.0,0.0,0.013604164123535156,0.013604164123535156,0.0,0.012780904769897461,0.0,0,70ac7c6a-f1ce-4580-bc06-943487276f25,20260814,ecs-keyed,benign-plain,0,google
1,1,1,1,108,1.0,1.0,1,0,0,0.0,0.0,0.0,-0.0,-0.0,1.0,0.0,300.0,0.0,1.0,0.0,0.0,0.012996435165405273,0.012996435165405273,0.0,0.012397050857543945,0.0,0,87513b68-d816-4783-91dc-6b58346ee0e5,20260814,ecs-keyed,benign-plain,0,opendns
1,1,1,1,100,1.0,1.0,1,0,0,0.0,0.0,0.0,-0.0,-0.0,1.0,0.0,60.0,0.0,1.0,0.0,0.0,0.01866292953491211,0.01866292953491211,0.0,0.01862645149230957,0.0,0,684fc90e-b006-4780-8d2a-fac1af3f4582,20260814,ecs-keyed,benign-plain,0,quad9
1,1,1,1,132,1.0,1.0,1,0,0,0.0,0.0,0.0,-0.0,-0.0,1.0,0.0,49.0,0.0,1.0,0.0,0.0,0.0016984939575195312,0.0016984939575195312,0.0,0.0015058517456054688,0.0,0,cb4e72af-9fe3-4c60-a544-ddeddbfdab84,20260814,ecs-keyed,benign-plain,0,opendns
6,12,1,12,697,0.16666666666666666,2.0,1,6,1,1.0,1.0,0.0,-0.0,-0.0,0.16666666666666666,0.5,300.0,0.0,0.08333333333333333,0.0,0.8333333333333334,0.042859832445780434,0.044043219089508055,0.012979093740935314,0.04385972023010254,3.266334533691406e-05,0,7d03d62f-2f9d-4906-a6d5-3ad8ce5952a5,20260814,aggregate,adverse-ecs-fanout,1,local-adverse-authority
1,1,1,1,186,1.0,1.0,1,0,0,0.0,0.0,0.0,-0.0,-0.0,1.0,0.0,300.0,0.0,1.0,0.0,0.0,0.012246131896972656,0.012246131896972656,0.0,0.011921405792236328,0.0,0,8733034d-4c3b-4fe6-b5fa-ff061c92ec9d,20260814,ecs-keyed,benign-plain,0,opendns
1,1,1,1,135,1.0,1.0,1,0,0,0.0,0.0,0.0,-0.0,-0.0,1.0,0.0,10766.0,0.9832806984952629,1.0,0.0,0.0,0.03130793571472168,0.03130793571472168,0.0,0.03125357627868652,0.0,0,dabda082-3253-4676-a2e6-0529604f3317,20260814,ecs-keyed,benign-plain,0,quad9
1,1,1,1,152,1.0,1.0,1,0,0,0.0,0.0,0.0,-0.0,-0.0,1.0,0.0,60.0,0.0,1.0,0.0,0.0,0.03505992889404297,0.03505992889404297,0.0,0.03497052192687988,0.0,0,535a9f94-9eac-4a7c-a1e3-ec185eee158b,20260814,ecs-keyed,benign-plain,0,quad9
1,1,1,1,114,1.0,1.0,1,0,0,0.0,0.0,0.0,-0.0,-0.0,1.0,0.0,60.0,0.0,1.0,0.0,0.0,0.03410959243774414,0.03410959243774414,0.0,0.03400993347167969,0.0,0,ad92efd9-76e1-468f-928c-f13855cf7cda,20260814,ecs-keyed,benign-plain,0,opendns
1,1,1,1,108,1.0,1.0,1,0,0,0.0,0.0,0.0,-0.0,-0.0,1.0,0.0,43.0,0.0,1.0,0.0,0.0,0.0014843940734863281,0.0014843940734863281,0.0,0.001392364501953125,0.0,0,e7c95144-2756-4236-b29d-3cd83990f54a,20260814,ecs-keyed,benign-plain,0,cloudflare
1,1,1,1,94,1.0,1.0,1,0,0,0.0,0.0,0.0,-0.0,-0.0,1.0,0.0,9.0,0.0,1.0,0.0,0.0,0.002917766571044922,0.002917766571044922,0.0,0.002840280532836914,0.0,0,e709c8ff-d0e6-4276-8b2b-294090e98a58,20260814,ecs-keyed,benign-plain,0,cloudflare
6,6,1,6,439,0.16666666666666666,1.0,1,6,1,1.0,0.0,0.0,-0.0,-0.0,0.16666666666666666,0.0,300.0,0.0,0.16666666666666666,0.0,0.8333333333333334,0.0019783576329549155,0.002438783645629883,0.18988373965084582,0.0017476081848144531,0.0,0,126ea890-137b-465f-9756-09a562e1ad6b,20260814,aggregate,adverse-ecs-fanout,1,local-adverse-authority
1,1,1,1,112,1.0,1.0,1,0,0,0.0,0.0,0.0,-0.0,-0.0,1.0,0.0,20.0,0.0,1.0,0.0,0.0,0.01345062255859375,0.01345062255859375,0.0,0.013371944427490234,0.0,0,5088711d-1817-4f3b-aa85-9b73ec0ca6af,20260814,ecs-keyed,benign-plain,0,opendns
1,1,1,1,96,1.0,1.0,1,0,0,0.0,0.0,0.0,-0.0,-0.0,1.0,0.0,24.0,0.0,1.0,0.0,0.0,0.0018589496612548828,0.0018589496612548828,0.0,0.0017535686492919922,0.0,0,5ba54c24-0e57-4c6b-8b4b-f309c7fdd0ed,20260814,ecs-keyed,benign-plain,0,opendns
6,12,1,12,762,0.16666666666666666,2.0,1,6,1,1.0,1.0,0.0,-0.0,-0.0,0.16666666666666666,0.5,300.0,0.0,0.08333333333333333,0.0,0.8333333333333334,0.015838146209716797,0.016288697719573975,0.019208207750357382,0.015750408172607422,7.033348083496094e-05,0,fcb1c05a-f286-4f14-a1cb-0955223b710a,20260814,aggregate,adverse-ecs-fanout,1,local-adverse-authority
1,1,1,1,104,1.0,1.0,1,0,0,0.0,0.0,0.0,-0.0,-0.0,1.0,0.0,20569.0,0.0,1.0,0.0,0.0,0.002154827117919922,0.002154827117919922,0.0,0.001825094223022461,0.0,0,33db0380-cc0e-4fc6-bd3c-d6306cab93c1,20260814,ecs-keyed,benign-plain,0,opendns
1,1,1,1,114,1.0,1.0,1,0,0,0.0,0.0,0.0,-0.0,-0.0,1.0,0.0,300.0,0.0,1.0,0.0,0.0,0.015180826187133789,0.015180826187133789,0.0,0.015001773834228516,0.0,0,57a0f5cb-e0af-44a5-963e-cccf3352a487,20260814,ecs-keyed,benign-plain,0,opendns
6,12,1,12,697,0.16666666666666666,2.0,1,6,1,1.0,1.0,0.0,-0.0,-0.0,0.16666666666666666,0.5,300.0,0.0,0.08333333333333333,0.0,0.8333333333333334,0.005761861801147461,0.006294047832489014,0.05782471962202647,0.006010293960571289,3.504753112792969e-05,0,858f18a1-2dfe-463e-91ff-4a10567f00fa,20260814,aggregate,adverse-ecs-fanout,1,local-adverse-authority
1,1,1,1,104,1.0,1.0,1,0,0,0.0,0.0,0.0,-0.0,-0.0,1.0,0.0,3584.0,0.0,1.0,0.0,0.0,0.0023839473724365234,0.0023839473724365234,0.0,0.0021522045135498047,0.0,0,94081642-64f1-4239-84d5-ac1c47cbbb02,20260814,ecs-keyed,benign-plain,0,google
1,1,1,1,146,1.0,1.0,1,0,0,0.0,0.0,0.0,-0.0,-0.0,1.0,0.0,366.0,0.0,1.0,0.0,0.0,0.0017809867858886719,0.0017809867858886719,0.0,0.0016274452209472656,0.0,0,660d52fb-f2f2-4764-b195-b10cc7b9675d,20260814,ecs-keyed,benign-plain,0,google
1,1,1,1,156,1.0,1.0,1,0,0,0.0,0.0,0.0,-0.0,-0.0,1.0,0.0,7697.0,1.2565631735178693,1.0,0.0,0.0,0.002212047576904297,0.002212047576904297,0.0,0.002042531967163086,0.0,0,a7970657-3a15-4fc7-850e-5c15c4c217f5,20260814,ecs-keyed,benign-plain,0,cloudflare
1,1,1,1,116,1.0,1.0,1,0,0,0.0,0.0,0.0,-0.0,-0.0,1.0,0.0,300.0,0.0,1.0,0.0,0.0,0.013604164123535156,0.013604164123535156,0.0,0.013371944427490234,0.0,0,af596f86-aafd-45f1-9c49-ee31cd578e36,20260814,ecs-keyed,benign-plain,0,google
1,1,1,1,112,1.0,1.0,1,0,0,0.0,0.0,0.0,-0.0,-0.0,1.0,0.0,17.0,0.0,1.0,0.0,0.0,0.0021004676818847656,0.0021004676818847656,0.0,0.0018413066864013672,0.0,0,92c23016-09b3-4ae5-bb9b-3e3018659420,20260814,ecs-keyed,benign-plain,0,quad9
1,1,1,1,116,1.0,1.0,1,0,0,0.0,0.0,0.0,-0.0,-0.0,1.0,0.0,300.0,0.0,1.0,0.0,0.0,0.013425350189208984,0.013425350189208984,0.0,0.013341188430786133,0.0,0,2271779c-8f39-4efa-83c5-96231956bf83,20260814,ecs-keyed,benign-plain,0,opendns
1,1,1,1,136,1.0,1.0,1,0,0,0.0,0.0,0.0,-0.0,-0.0,1.0,0.0,60.0,0.0,1.0,0.0,0.0,0.030549049377441406,0.030549049377441406,0.0,0.030419111251831055,0.0,0,12781c49-c3fa-4594-8c83-b65f6b2a4087,20260814,ecs-keyed,benign-plain,0,quad9
1,1,1,1,92,1.0,1.0,1,0,0,0.0,0.0,0.0,-0.0,-0.0,1.0,0.0,57.0,0.0,1.0,0.0,0.0,0.0018870830535888672,0.0018870830535888672,0.0,0.0018084049224853516,0.0,0,6dcfe01a-4356-443c-888e-e1a8a6869c12,20260814,ecs-keyed,benign-plain,0,opendns
1,1,1,1,126,1.0,1.0,1,0,0,0.0,0.0,0.0,-0.0,-0.0,1.0,0.0,299.0,0.0,1.0,0.0,0.0,0.0017554759979248047,0.0017554759979248047,0.0,0.001596212387084961,0.0,0,6ac7884b-663a-452b-97a6-d15b9c063c38,20260814,ecs-keyed,benign-plain,0,opendns
1,1,1,1,92,1.0,1.0,1,0,0,0.0,0.0,0.0,-0.0,-0.0,1.0,0.0,300.0,0.0,1.0,0.0,0.0,0.0026204586029052734,0.0026204586029052734,0.0,0.0024509429931640625,0.0,0,5e0dd0b1-b694-4366-a004-dc62d4efd296,20260814,ecs-keyed,benign-plain,0,cloudflare
1,1,1,1,96,1.0,1.0,1,0,0,0.0,0.0,0.0,-0.0,-0.0,1.0,0.0,300.0,0.0,1.0,0.0,0.0,0.014031171798706055,0.014031171798706055,0.0,0.013766050338745117,0.0,0,d7c33250-5181-4814-91ba-ba63c6d452c0,20260814,ecs-keyed,benign-plain,0,cloudflare
1,1,1,1,184,1.0,1.0,0,0,0,0.0,0.0,0.0,-0.0,-0.0,1.0,0.0,18.0,0.0,1.0,0.0,0.0,2.505568742752075,2.505568742752075,0.0,0.0,0.0,0,5bf79bc6-fef7-48ba-9500-905ef8d49022,20260814,ecs-keyed,benign-plain,0,opendns
1,1,1,1,184,1.0,1.0,0,0,0,0.0,0.0,0.0,-0.0,-0.0,1.0,0.0,82.0,0.0,1.0,0.0,0.0,2.5042943954467773,2.5042943954467773,0.0,0.0,0.0,0,c7a8b969-7bf9-48ba-9d46-4572c27a77f2,20260814,ecs-keyed,benign-plain,0,google
1,1,1,1,182,1.0,1.0,0,0,0,0.0,0.0,0.0,-0.0,-0.0,1.0,0.0,129.0,0.0,1.0,0.0,0.0,2.5038371086120605,2.5038371086120605,0.0,0.0,0.0,0,9e7ad064-28c2-4dfb-aa71-a2a4fe6c1c3a,20260814,ecs-keyed,benign-plain,0,quad9
1,1,1,1,178,1.0,1.0,0,0,0,0.0,0.0,0.0,-0.0,-0.0,1.0,0.0,448.0,0.0,1.0,0.0,0.0,2.503638744354248,2.503638744354248,0.0,0.0,0.0,0,90e1d951-b349-4289-ad4d-800588df29fe,20260814,ecs-keyed,benign-plain,0,google
1,1,1,1,108,1.0,1.0,1,0,0,0.0,0.0,0.0,-0.0,-0.0,1.0,0.0,35.0,0.0,1.0,0.0,0.0,0.002396821975708008,0.002396821975708008,0.0,0.0020494461059570312,0.0,0,0f37c713-19dd-4e01-9e42-c52a575280c2,20260814,ecs-keyed,benign-plain,0,opendns
1,1,1,1,110,1.0,1.0,0,0,0,0.0,0.0,0.0,-0.0,-0.0,1.0,0.0,118.0,0.0,1.0,0.0,0.0,2.5053293704986572,2.5053293704986572,0.0,0.0,0.0,0,1f496d06-cae4-48c5-be5b-898e912634df,20260814,ecs-keyed,benign-plain,0,quad9
1,1,1,1,150,1.0,1.0,1,0,0,0.0,0.0,0.0,-0.0,-0.0,1.0,0.0,2223.0,0.0,1.0,0.0,0.0,0.0015921592712402344,0.0015921592712402344,0.0,0.0015175342559814453,0.0,0,140206a4-021c-4f36-b950-80ec049bcd3e,20260814,ecs-keyed,benign-plain,0,cloudflare
1,1,1,1,192,1.0,1.0,1,0,0,0.0,0.0,0.0,-0.0,-0.0,1.0,0.0,300.0,0.0,1.0,0.0,0.0,0.0028579235076904297,0.0028579235076904297,0.0,0.0025072097778320312,0.0,0,70ddeaf8-7495-4edf-88ef-13664d1ecdf1,20260814,ecs-keyed,benign-plain,0,quad9
1,1,1,1,118,1.0,1.0,1,0,0,0.0,0.0,0.0,-0.0,-0.0,1.0,0.0,1560.0,0.0,1.0,0.0,0.0,0.002347707748413086,0.002347707748413086,0.0,0.0021169185638427734,0.0,0,a5f2736b-4614-4410-aacf-c54bb34d1fb5,20260814,ecs-keyed,benign-plain,0,opendns
1,1,1,1,96,1.0,1.0,1,0,0,0.0,0.0,0.0,-0.0,-0.0,1.0,0.0,149.0,0.0,1.0,0.0,0.0,0.0021028518676757812,0.0021028518676757812,0.0,0.0017333030700683594,0.0,0,6ac9a6ab-8443-440a-a361-d3685637d184,20260814,ecs-keyed,benign-plain,0,opendns
1,1,1,1,152,1.0,1.0,0,0,0,0.0,0.0,0.0,-0.0,-0.0,1.0,0.0,34.0,0.0,1.0,0.0,0.0,2.504589319229126,2.504589319229126,0.0,0.0,0.0,0,168f4e12-94ba-4a3a-8fb3-ffaf320ca906,20260814,ecs-keyed,benign-plain,0,opendns
1,1,1,1,108,1.0,1.0,1,0,0,0.0,0.0,0.0,-0.0,-0.0,1.0,0.0,38.0,0.0,1.0,0.0,0.0,0.001999378204345703,0.001999378204345703,0.0,0.001669168472290039,0.0,0,07613f44-b2d5-4e13-9054-f0172550572a,20260814,ecs-keyed,benign-plain,0,quad9
1,1,1,1,134,1.0,1.0,0,0,0,0.0,0.0,0.0,-0.0,-0.0,1.0,0.0,60.0,0.0,1.0,0.0,0.0,2.5168380737304688,2.5168380737304688,0.0,0.0,0.0,0,d75096fc-4168-4c3c-8071-d8bbc7787c92,20260814,ecs-keyed,benign-plain,0,opendns
1,1,1,1,152,1.0,1.0,1,0,0,0.0,0.0,0.0,-0.0,-0.0,1.0,0.0,60.0,0.0,1.0,0.0,0.0,0.014646530151367188,0.014646530151367188,0.0,0.01449275016784668,0.0,0,0cda6b7a-936d-421e-8de2-ed9710da271b,20260814,ecs-keyed,benign-plain,0,opendns
1,1,1,1,102,1.0,1.0,0,0,0,0.0,0.0,0.0,-0.0,-0.0,1.0,0.0,300.0,0.0,1.0,0.0,0.0,2.5257022380828857,2.5257022380828857,0.0,0.0,0.0,0,9b314d9b-3466-41ac-9332-488345b4f452,20260814,ecs-keyed,benign-plain,0,opendns
1,1,1,1,135,1.0,1.0,1,0,0,0.0,0.0,0.0,-0.0,-0.0,1.0,0.0,5306.5,0.9660793366625836,1.0,0.0,0.0,0.019699573516845703,0.019699573516845703,0.0,0.0196535587310791,0.0,0,d9d473b3-8132-44a7-a5a4-1ed81166fa63,20260814,ecs-keyed,benign-plain,0,quad9
3,3,1,3,244,0.3333333333333333,1.0,1,1,1,1.0,0.0,0.0,-0.0,-0.0,0.3333333333333333,0.0,300.0,0.0,0.3333333333333333,0.0,0.6666666666666666,0.004264434178670247,0.004463958740234375,0.04090048304685748,0.0043714046478271484,0.0,0,7f8471bb-7cf1-4759-b90e-5138e60fe90c,20260814,ecs-keyed,benign-ecs-stable,0,google
3,3,1,3,244,0.3333333333333333,1.0,1,1,1,1.0,0.0,0.0,-0.0,-0.0,0.3333333333333333,0.0,278.0,0.0,0.3333333333333333,0.0,0.6666666666666666,0.0021200180053710938,0.0027349233627319337,0.24336456246769253,0.0024776458740234375,0.0,0,25b403e6-9ba8-4643-b549-3b03731af301,20260814,ecs-keyed,benign-ecs-stable,0,quad9
3,3,1,3,232,0.3333333333333333,1.0,1,1,1,1.0,0.0,0.0,-0.0,-0.0,0.3333333333333333,0.0,60.0,0.0,0.3333333333333333,0.0,0.6666666666666666,0.012601375579833984,0.012835144996643066,0.015947348733419624,0.01268768310546875,0.0,0,94aa7321-978a-4300-bf47-0e1919a9de2e,20260814,ecs-keyed,benign-ecs-stable,0,quad9
3,3,1,3,264,0.3333333333333333,1.0,1,1,1,1.0,0.0,0.0,-0.0,-0.0,0.3333333333333333,0.0,23.0,0.0,0.3333333333333333,0.0,0.6666666666666666,0.0017163753509521484,0.001916790008544922,0.10515340179160028,0.0018503665924072266,0.0,0,cb477da3-7f18-489f-8b6f-134d79332ea5,20260814,ecs-keyed,benign-ecs-stable,0,opendns
3,3,1,3,288,0.3333333333333333,1.0,1,1,1,1.0,0.0,0.0,-0.0,-0.0,0.3333333333333333,0.0,300.0,0.0,0.3333333333333333,0.0,0.6666666666666666,0.00795586903889974,0.008213496208190918,0.030894992562698086,0.007744312286376953,0.0,0,f121cba0-9948-45d6-b427-572177a74a85,20260814,ecs-keyed,benign-ecs-stable,0,cloudflare
1,1,1,1,106,1.0,1.0,1,0,0,0.0,0.0,0.0,-0.0,-0.0,1.0,0.0,20.0,0.0,1.0,0.0,0.0,0.020328283309936523,0.020328283309936523,0.0,0.019221067428588867,0.0,0,c948ff38-928f-4ce3-a434-bebb6bde43c7,20260814,ecs-keyed,benign-plain,0,google
1,1,1,1,108,1.0,1.0,0,0,0,0.0,0.0,0.0,-0.0,-0.0,1.0,0.0,41.0,0.0,1.0,0.0,0.0,2.5062694549560547,2.5062694549560547,0.0,0.0,0.0,0,412cf93a-18f1-43ff-9a97-ed325c939634,20260814,ecs-keyed,benign-plain,0,quad9
3,3,1,3,528,0.3333333333333333,1.0,1,1,1,1.0,0.0,0.0,-0.0,-0.0,0.3333333333333333,0.0,300.0,0.0,0.3333333333333333,0.0,0.6666666666666666,0.0038957595825195312,0.004370784759521485,0.11577460413803514,0.004328489303588867,0.0,0,bb14d127-cf53-40ef-afa3-18813cf132ac,20260814,ecs-keyed,benign-ecs-stable,0,opendns
3,3,1,3,336,0.3333333333333333,1.0,1,1,1,1.0,0.0,0.0,-0.0,-0.0,0.3333333333333333,0.0,17.0,0.0,0.3333333333333333,0.0,0.6666666666666666,0.0016213258107503254,0.0023707151412963867,0.47419921594588843,0.002019643783569336,0.0,0,15388bd6-14fc-4b8a-9794-b5ba3f823a4d,20260814,ecs-keyed,benign-ecs-stable,0,google
3,3,1,3,272,0.3333333333333333,1.0,1,1,1,1.0,0.0,0.0,-0.0,-0.0,0.3333333333333333,0.0,169.0,0.0,0.3333333333333333,0.0,0.6666666666666666,0.0024863878885904946,0.0030511140823364256,0.2427675132854149,0.0029752254486083984,0.0,0,6bbde5f8-b184-4b1b-879e-2b45f9124025,20260814,ecs-keyed,benign-ecs-stable,0,cloudflare
3,3,1,3,256,0.3333333333333333,1.0,1,1,1,1.0,0.0,0.0,-0.0,-0.0,0.3333333333333333,0.0,3356.0,0.0,0.3333333333333333,0.0,0.6666666666666666,0.0013591448465983074,0.002452254295349121,0.683285978933619,0.0016632080078125,0.0,0,108450e6-bb80-4037-9ba7-37a164ec6989,20260814,ecs-keyed,benign-ecs-stable,0,quad9
1,1,1,1,92,1.0,1.0,1,0,0,0.0,0.0,0.0,-0.0,-0.0,1.0,0.0,33.0,0.0,1.0,0.0,0.0,0.034288883209228516,0.034288883209228516,0.0,0.03368115425109863,0.0,0,6acf450f-9e41-4e9e-9784-c47292e32f3d,20260814,ecs-keyed,benign-plain,0,opendns
3,3,1,3,510,0.3333333333333333,1.0,1,1,1,1.0,0.0,0.0,-0.0,-0.0,0.3333333333333333,0.0,6.0,0.0,0.3333333333333333,0.0,0.6666666666666666,0.0006662209828694662,0.001966714859008789,1.643826921992951,0.0020487308502197266,0.0,0,febc6650-c286-4459-afd3-6871ba3c7940,20260814,ecs-keyed,benign-ecs-stable,0,google
3,3,1,3,400,0.3333333333333333,1.0,1,1,1,1.0,0.0,0.0,-0.0,-0.0,0.3333333333333333,0.0,60.0,0.0,0.3333333333333333,0.0,0.6666666666666666,0.016391436258951824,0.01686556339263916,0.028766257679250076,0.016785383224487305,0.0,0,5e13776d-601e-4d6c-b4f1-7a8dbdc164b9,20260814,ecs-keyed,benign-ecs-stable,0,opendns
1,1,1,1,156,1.0,1.0,0,0,0,0.0,0.0,0.0,-0.0,-0.0,1.0,0.0,60.0,0.0,1.0,0.0,0.0,2.535560131072998,2.535560131072998,0.0,0.0,0.0,0,c090c527-6220-4b23-979a-7ad30612a376,20260814,ecs-keyed,benign-plain,0,opendns
3,3,1,3,260,0.3333333333333333,1.0,1,1,1,1.0,0.0,0.0,-0.0,-0.0,0.3333333333333333,0.0,300.0,0.0,0.3333333333333333,0.0,0.6666666666666666,0.0055124759674072266,0.006858468055725098,0.25245616679544863,0.005416154861450195,0.0,0,e73ff041-bb82-4b82-8518-a09950fd5af4,20260814,ecs-keyed,benign-ecs-stable,0,opendns
1,1,1,1,84,1.0,1.0,1,0,0,0.0,0.0,0.0,-0.0,-0.0,1.0,0.0,60.0,0.0,1.0,0.0,0.0,0.03075695037841797,0.03075695037841797,0.0,0.03058028221130371,0.0,0,3ab2858a-04e6-4cf1-ad9c-377d6a17df1b,20260814,ecs-keyed,benign-plain,0,opendns
3,3,2,3,558,0.6666666666666666,1.0,1,1,1,0.5,0.0,0.0,1.0,1.0,0.3333333333333333,0.0,131.33333333333334,0.4379036919023288,0.3333333333333333,0.0,0.3333333333333333,0.002389033635457357,0.0038779735565185546,0.5158040745038152,0.0024646520614624023,0.0,0,fcb6a1d3-897a-48bf-8217-10c2382c9e90,20260814,ecs-keyed,benign-ecs-stable,0,cloudflare
3,3,1,3,412,0.3333333333333333,1.0,1,1,1,1.0,0.0,0.0,-0.0,-0.0,0.3333333333333333,0.0,60.0,0.0,0.3333333333333333,0.0,0.6666666666666666,0.014175097147623697,0.01572740077972412,0.13684011393264114,0.014710187911987305,0.0,0,7c2889b0-42c4-4f46-b2ed-0434e2d5f03c,20260814,ecs-keyed,benign-ecs-stable,0,google
3,3,1,3,579,0.3333333333333333,1.0,1,1,1,1.0,0.0,0.0,-0.0,-0.0,0.3333333333333333,0.0,300.0,0.0,0.3333333333333333,0.0,0.6666666666666666,0.0029619534810384116,0.0043802976608276365,0.3967300938002005,0.0033750534057617188,0.0,0,853fd6ed-c03f-4b20-b8b7-89d601810c7e,20260814,ecs-keyed,benign-ecs-stable,0,google
3,3,1,3,256,0.3333333333333333,1.0,1,1,1,1.0,0.0,0.0,-0.0,-0.0,0.3333333333333333,0.0,300.0,0.0,0.3333333333333333,0.0,0.6666666666666666,0.0051348209381103516,0.006486415863037109,0.28891471416420267,0.003978729248046875,0.0,0,56b86ed1-0623-425b-8f82-f850dcf8f6d9,20260814,ecs-keyed,benign-ecs-stable,0,quad9
3,3,1,3,388,0.3333333333333333,1.0,1,1,1,1.0,0.0,0.0,-0.0,-0.0,0.3333333333333333,0.0,300.0,0.0,0.3333333333333333,0.0,0.6666666666666666,0.0025310516357421875,0.0035573244094848633,0.43038359555626676,0.0032863616943359375,0.0,0,1437d76b-44d8-4320-b3e9-ee486f9cc21c,20260814,ecs-keyed,benign-ecs-stable,0,google
3,3,1,3,256,0.3333333333333333,1.0,1,1,1,1.0,0.0,0.0,-0.0,-0.0,0.3333333333333333,0.0,278.0,0.0,0.3333333333333333,0.0,0.6666666666666666,0.0013609727223714192,0.0016551017761230469,0.18413122424371328,0.0014309883117675781,0.0,0,950bb2f7-eab6-448b-bd7f-6b89cc75ea4e,20260814,ecs-keyed,benign-ecs-stable,0,quad9
3,3,1,3,392,0.3333333333333333,1.0,1,1,1,1.0,0.0,0.0,-0.0,-0.0,0.3333333333333333,0.0,60.0,0.0,0.3333333333333333,0.0,0.6666666666666666,0.03039065996805827,0.030968117713928222,0.01572872109875969,0.030870437622070312,0.0,0,7aad9ad5-131a-4909-a806-3a3ff8cc4763,20260814,ecs-keyed,benign-ecs-stable,0,google
3,3,1,3,348,0.3333333333333333,1.0,1,1,1,1.0,0.0,0.0,-0.0,-0.0,0.3333333333333333,0.0,60.0,0.0,0.3333333333333333,0.0,0.6666666666666666,0.011999368667602539,0.013886570930480957,0.13254923659884396,0.014021635055541992,0.0,0,4929b78e-8422-4caf-a645-cecf03a59636,20260814,ecs-keyed,benign-ecs-stable,0,cloudflare
3,3,1,3,284,0.3333333333333333,1.0,1,1,1,1.0,0.0,0.0,-0.0,-0.0,0.3333333333333333,0.0,4.0,0.0,0.3333333333333333,0.0,0.6666666666666666,0.0019059181213378906,0.0021448612213134767,0.10918065572623253,0.001720428466796875,0.0,0,e2806d69-6e50-40a2-a359-2a98995d60b0,20260814,ecs-keyed,benign-ecs-stable,0,google
3,3,1,3,260,0.3333333333333333,1.0,1,1,1,1.0,0.0,0.0,-0.0,-0.0,0.3333333333333333,0.0,60.0,0.0,0.3333333333333333,0.0,0.6666666666666666,0.012669245402018229,0.01338660717010498,0.05491625199338147,0.013325214385986328,0.0,0,637fe447-9df5-4f37-b88d-74f5b0e597dc,20260814,ecs-keyed,benign-ecs-stable,0,opendns
3,3,1,3,512,0.3333333333333333,1.0,1,1,1,1.0,0.0,0.0,-0.0,-0.0,0.3333333333333333,0.0,300.0,0.0,0.3333333333333333,0.0,0.6666666666666666,0.0014491875966389973,0.0023595094680786133,0.5905752002785645,0.0023844242095947266,0.0,0,2fcac872-a453-43af-8beb-225cd33ff601,20260814,ecs-keyed,benign-ecs-stable,0,opendns
3,3,1,3,404,0.3333333333333333,1.0,1,1,1,1.0,0.0,0.0,-0.0,-0.0,0.3333333333333333,0.0,60.0,0.0,0.3333333333333333,0.0,0.6666666666666666,0.014577468236287435,0.015463542938232423,0.06288494656735813,0.015451431274414062,0.0,0,6cb69c53-a577-4086-94ed-4f6d7af53fbe,20260814,ecs-keyed,benign-ecs-stable,0,cloudflare
3,3,1,3,776,0.3333333333333333,1.0,1,1,1,1.0,0.0,0.0,-0.0,-0.0,0.3333333333333333,0.0,300.0,0.0,0.3333333333333333,0.0,0.6666666666666666,0.0020073254903157554,0.0026375770568847655,0.2989276177177343,0.002621889114379883,0.0,0,be3288df-5918-44a2-88df-4b97e174af4a,20260814,ecs-keyed,benign-ecs-stable,0,quad9
3,3,1,3,244,0.3333333333333333,1.0,1,1,1,1.0,0.0,0.0,-0.0,-0.0,0.3333333333333333,0.0,300.0,0.0,0.3333333333333333,0.0,0.6666666666666666,0.0024373531341552734,0.0032360076904296873,0.3840206323339243,0.0031576156616210938,0.0,0,09df7572-32f8-4126-b0d7-67c043157575,20260814,ecs-keyed,benign-ecs-stable,0,quad9
3,3,1,3,296,0.3333333333333333,1.0,1,1,1,1.0,0.0,0.0,-0.0,-0.0,0.3333333333333333,0.0,99.0,0.0,0.3333333333333333,0.0,0.6666666666666666,0.0010235309600830078,0.0017840147018432617,0.6275239417227119,0.0013802051544189453,0.0,0,f0c94eed-730b-49b0-8905-a5bcb21d8c58,20260814,ecs-keyed,benign-ecs-stable,0,cloudflare
3,3,1,3,532,0.3333333333333333,1.0,1,1,1,1.0,0.0,0.0,-0.0,-0.0,0.3333333333333333,0.0,300.0,0.0,0.3333333333333333,0.0,0.6666666666666666,0.0034195582071940103,0.004362154006958008,0.23126904732465559,0.004433631896972656,0.0,0,f20e3af2-d3bb-4f72-a6bb-8c808a9700d2,20260814,ecs-keyed,benign-ecs-stable,0,opendns
3,3,1,3,396,0.3333333333333333,1.0,1,1,1,1.0,0.0,0.0,-0.0,-0.0,0.3333333333333333,0.0,60.0,0.0,0.3333333333333333,0.0,0.6666666666666666,0.03112006187438965,0.032344913482666014,0.03609395433508988,0.030077695846557617,0.0,0,67286a3c-1661-4d46-be98-013303f3ebbe,20260814,ecs-keyed,benign-ecs-stable,0,cloudflare
3,3,2,3,568,0.6666666666666666,1.0,1,1,1,0.5,0.0,0.0,1.0,1.0,0.3333333333333333,0.0,281.0,0.0,0.3333333333333333,0.0,0.3333333333333333,0.0017015933990478516,0.0020419597625732423,0.26620209926400035,0.0019479990005493164,0.0,0,4cfe0a91-46c0-4a57-b04e-8f22378f81a8,20260814,ecs-keyed,benign-ecs-stable,0,cloudflare
3,3,1,3,240,0.3333333333333333,1.0,1,1,1,1.0,0.0,0.0,-0.0,-0.0,0.3333333333333333,0.0,3.0,0.0,0.3333333333333333,0.0,0.6666666666666666,0.001489718755086263,0.0024837970733642576,0.5619712373327936,0.0020513534545898438,0.0,0,15bf4755-48b8-49ba-93d3-9a3c1f4f73b1,20260814,ecs-keyed,benign-ecs-stable,0,google
1,1,1,1,112,1.0,1.0,0,0,0,0.0,0.0,0.0,-0.0,-0.0,1.0,0.0,32.0,0.0,1.0,0.0,0.0,2.509699821472168,2.509699821472168,0.0,0.0,0.0,0,82dd37c6-6193-406f-8f18-ec2b09da80d9,20260814,ecs-keyed,benign-plain,0,cloudflare
3,3,1,3,571,0.3333333333333333,1.0,1,1,1,1.0,0.0,0.0,-0.0,-0.0,0.3333333333333333,0.0,300.0,0.0,0.3333333333333333,0.0,0.6666666666666666,0.003912051518758138,0.004341435432434082,0.09268826313311562,0.004308223724365234,0.0,0,9133d50c-29eb-41ed-9b0c-6b4ed029d556,20260814,ecs-keyed,benign-ecs-stable,0,opendns
3,3,1,3,244,0.3333333333333333,1.0,1,1,1,1.0,0.0,0.0,-0.0,-0.0,0.3333333333333333,0.0,32.0,0.0,0.3333333333333333,0.0,0.6666666666666666,0.0015036265055338542,0.001858830451965332,0.20808193497867386,0.0015811920166015625,0.0,0,6e8690d6-85c8-4a45-ba93-9f9c23ba6248,20260814,ecs-keyed,benign-ecs-stable,0,cloudflare
3,3,1,3,416,0.3333333333333333,1.0,1,1,1,1.0,0.0,0.0,-0.0,-0.0,0.3333333333333333,0.0,60.0,0.0,0.3333333333333333,0.0,0.6666666666666666,0.03649369875590006,0.03725552558898926,0.024600717504341032,0.035524845123291016,0.0,0,06177458-49b0-4d4b-870b-79bb29ab3401,20260814,ecs-keyed,benign-ecs-stable,0,quad9
3,3,1,3,260,0.3333333333333333,1.0,1,1,1,1.0,0.0,0.0,-0.0,-0.0,0.3333333333333333,0.0,60.0,0.0,0.3333333333333333,0.0,0.6666666666666666,0.02928320566813151,0.02988581657409668,0.017472170851534286,0.029706716537475586,0.0,0,dc78f8f5-4deb-44cc-8b40-f91e9da53f8f,20260814,ecs-keyed,benign-ecs-stable,0,opendns
3,3,1,3,361,0.3333333333333333,1.0,1,1,1,1.0,0.0,0.0,-0.0,-0.0,0.3333333333333333,0.0,300.0,0.0,0.3333333333333333,0.0,0.6666666666666666,0.0026540756225585938,0.0028841495513916016,0.07633890436956745,0.0025501251220703125,0.0,0,f2656ae5-b547-4cfb-84dc-de34bbde5657,20260814,ecs-keyed,benign-ecs-stable,0,quad9
3,3,1,3,412,0.3333333333333333,1.0,1,1,1,1.0,0.0,0.0,-0.0,-0.0,0.3333333333333333,0.0,60.0,0.0,0.3333333333333333,0.0,0.6666666666666666,0.03343510627746582,0.03424406051635742,0.027223231895313522,0.0341949462890625,0.0,0,4c0ff307-7385-4601-9f59-5b3b85021d6a,20260814,ecs-keyed,benign-ecs-stable,0,quad9
3,3,1,3,228,0.3333333333333333,1.0,1,1,1,1.0,0.0,0.0,-0.0,-0.0,0.3333333333333333,0.0,43.0,0.0,0.3333333333333333,0.0,0.6666666666666666,0.0012645721435546875,0.0016315698623657227,0.24230693143011206,0.0014986991882324219,0.0,0,18f92f7c-0cab-4199-9d4d-dd1b7e141158,20260814,ecs-keyed,benign-ecs-stable,0,google
3,3,1,3,280,0.3333333333333333,1.0,1,1,1,1.0,0.0,0.0,-0.0,-0.0,0.3333333333333333,0.0,20.0,0.0,0.3333333333333333,0.0,0.6666666666666666,0.019038677215576172,0.020038294792175292,0.05912245264847951,0.019371747970581055,0.0,0,0c460f66-5ec1-40da-8609-ad502f9b87e6,20260814,ecs-keyed,benign-ecs-stable,0,cloudflare
3,3,1,3,248,0.3333333333333333,1.0,1,1,1,1.0,0.0,0.0,-0.0,-0.0,0.3333333333333333,0.0,60.0,0.0,0.3333333333333333,0.0,0.6666666666666666,0.01634375254313151,0.016986584663391112,0.03677357874608941,0.01659560203552246,0.0,0,8c38877d-4b98-44f8-9046-b0690ddf7e73,20260814,ecs-keyed,benign-ecs-stable,0,google
3,3,1,3,424,0.3333333333333333,1.0,1,1,1,1.0,0.0,0.0,-0.0,-0.0,0.3333333333333333,0.0,60.0,0.0,0.3333333333333333,0.0,0.6666666666666666,0.01770639419555664,0.018197250366210938,0.027858690648439596,0.018041133880615234,0.0,0,62ec6470-cdd4-4f83-9439-e30321cc7376,20260814,ecs-keyed,benign-ecs-stable,0,opendns
3,3,1,3,400,0.3333333333333333,1.0,1,1,1,1.0,0.0,0.0,-0.0,-0.0,0.3333333333333333,0.0,60.0,0.0,0.3333333333333333,0.0,0.6666666666666666,0.01641058921813965,0.01660282611846924,0.011225890126120085,0.016532182693481445,0.0,0,434fdd9e-71a5-454e-a66f-c607bbfadb34,20260814,ecs-keyed,benign-ecs-stable,0,opendns
3,3,1,3,408,0.3333333333333333,1.0,1,1,1,1.0,0.0,0.0,-0.0,-0.0,0.3333333333333333,0.0,60.0,0.0,0.3333333333333333,0.0,0.6666666666666666,0.04387895266215006,0.044138097763061525,0.005348217075171019,0.04399919509887695,0.0,0,27c7dcc3-f786-40d2-b63d-a9a63af46802,20260814,ecs-keyed,benign-ecs-stable,0,opendns
3,3,1,3,464,0.3333333333333333,1.0,1,1,1,1.0,0.0,0.0,-0.0,-0.0,0.3333333333333333,0.0,30.0,0.0,0.3333333333333333,0.0,0.6666666666666666,0.0016043980916341145,0.001999521255493164,0.21467762328202994,0.0019009113311767578,0.0,0,3b074f7e-1962-44ac-9db8-030033963dc6,20260814,ecs-keyed,benign-ecs-stable,0,opendns
3,3,1,3,408,0.3333333333333333,1.0,1,1,1,1.0,0.0,0.0,-0.0,-0.0,0.3333333333333333,0.0,60.0,0.0,0.3333333333333333,0.0,0.6666666666666666,0.0419459342956543,0.04277470111846924,0.016351829832081742,0.04286527633666992,0.0,0,a4cc9f43-3428-4865-bd13-2d04e43f07b7,20260814,ecs-keyed,benign-ecs-stable,0,opendns
3,3,1,3,416,0.3333333333333333,1.0,1,1,1,1.0,0.0,0.0,-0.0,-0.0,0.3333333333333333,0.0,60.0,0.0,0.3333333333333333,0.0,0.6666666666666666,0.030844688415527344,0.031065654754638673,0.006429942758825186,0.03090691566467285,0.0,0,30226ae1-c209-4dc5-8e4d-32c5d1a7e6cc,20260814,ecs-keyed,benign-ecs-stable,0,opendns
3,3,1,3,396,0.3333333333333333,1.0,1,1,1,1.0,0.0,0.0,-0.0,-0.0,0.3333333333333333,0.0,60.0,0.0,0.3333333333333333,0.0,0.6666666666666666,0.043050289154052734,0.04399993419647217,0.019575377693668065,0.04316258430480957,0.0,0,2966acc1-993c-4135-98ab-e54e34966423,20260814,ecs-keyed,benign-ecs-stable,0,quad9
3,3,1,3,420,0.3333333333333333,1.0,1,1,1,1.0,0.0,0.0,-0.0,-0.0,0.3333333333333333,0.0,60.0,0.0,0.3333333333333333,0.0,0.6666666666666666,0.03132311503092448,0.03166086673736572,0.009711990494866325,0.03137516975402832,0.0,0,b8f08360-4c3e-4518-903b-56bd377f610c,20260814,ecs-keyed,benign-ecs-stable,0,opendns
3,3,1,3,252,0.3333333333333333,1.0,1,1,1,1.0,0.0,0.0,-0.0,-0.0,0.3333333333333333,0.0,25.0,0.0,0.3333333333333333,0.0,0.6666666666666666,0.0013838609059651692,0.0016101598739624023,0.14424629512507794,0.0015597343444824219,0.0,0,6eac31cc-cbf1-4f04-aa75-9b59c0c16138,20260814,ecs-keyed,benign-ecs-stable,0,quad9
3,3,1,3,388,0.3333333333333333,1.0,1,1,1,1.0,0.0,0.0,-0.0,-0.0,0.3333333333333333,0.0,38.0,0.0,0.3333333333333333,0.0,0.6666666666666666,0.0023202896118164062,0.0028905868530273438,0.23501590855531465,0.0025298595428466797,0.0,0,aebcd10c-14bf-4a93-a44c-fb62a09b4389,20260814,ecs-keyed,benign-ecs-stable,0,cloudflare
1,1,1,1,104,1.0,1.0,0,0,0,0.0,0.0,0.0,-0.0,-0.0,1.0,0.0,23.0,0.0,1.0,0.0,0.0,2.504751205444336,2.504751205444336,0.0,0.0,0.0,0,731d2511-19db-4524-a987-01d662ac16b9,20260814,ecs-keyed,benign-plain,0,google
3,3,1,3,380,0.3333333333333333,1.0,1,1,1,1.0,0.0,0.0,-0.0,-0.0,0.3333333333333333,0.0,60.0,0.0,0.3333333333333333,0.0,0.6666666666666666,0.015856186548868816,0.016124391555786134,0.014179672499269916,0.01572585105895996,0.0,0,a8f52b4b-d3fd-4d91-aa1f-ab8e4867d943,20260814,ecs-keyed,benign-ecs-stable,0,cloudflare
3,3,1,3,404,0.3333333333333333,1.0,1,1,1,1.0,0.0,0.0,-0.0,-0.0,0.3333333333333333,0.0,60.0,0.0,0.3333333333333333,0.0,0.6666666666666666,0.01540374755859375,0.015697383880615236,0.018041383712895407,0.015384912490844727,0.0,0,81609d8b-54bd-4b70-99bd-a67ad8d2730f,20260814,ecs-keyed,benign-ecs-stable,0,quad9
3,3,1,3,440,0.3333333333333333,1.0,1,1,1,1.0,0.0,0.0,-0.0,-0.0,0.3333333333333333,0.0,60.0,0.0,0.3333333333333333,0.0,0.6666666666666666,0.015083551406860352,0.015299201011657715,0.013620648301899947,0.015178680419921875,0.0,0,dee0f856-1a5f-453e-93de-c33739e14650,20260814,ecs-keyed,benign-ecs-stable,0,quad9
3,3,1,3,412,0.3333333333333333,1.0,1,1,1,1.0,0.0,0.0,-0.0,-0.0,0.3333333333333333,0.0,60.0,0.0,0.3333333333333333,0.0,0.6666666666666666,0.03481149673461914,0.03507206439971924,0.006565961162606694,0.03448843955993652,0.0,0,7ffb4c13-d800-47e5-8211-7775450783cd,20260814,ecs-keyed,benign-ecs-stable,0,cloudflare
3,3,1,3,244,0.3333333333333333,1.0,1,1,1,1.0,0.0,0.0,-0.0,-0.0,0.3333333333333333,0.0,300.0,0.0,0.3333333333333333,0.0,0.6666666666666666,0.002269188563028971,0.0030963897705078122,0.3173988296935727,0.003050565719604492,0.0,0,f35de003-6796-4b83-94ac-4b3a2aade071,20260814,ecs-keyed,benign-ecs-stable,0,quad9
3,3,1,3,400,0.3333333333333333,1.0,1,1,1,1.0,0.0,0.0,-0.0,-0.0,0.3333333333333333,0.0,60.0,0.0,0.3333333333333333,0.0,0.6666666666666666,0.03209225336710612,0.03233680725097656,0.0072760154558099005,0.03220200538635254,0.0,0,ccdcc228-9ec6-44ff-bf4a-9ce8d324cd53,20260814,ecs-keyed,benign-ecs-stable,0,quad9
3,3,1,3,376,0.3333333333333333,1.0,1,1,1,1.0,0.0,0.0,-0.0,-0.0,0.3333333333333333,0.0,39.0,0.0,0.3333333333333333,0.0,0.6666666666666666,0.0016261736551920574,0.002546215057373047,0.5121817082906234,0.0025539398193359375,0.0,0,dc72fe00-688f-407e-863e-db73c2cef6a0,20260814,ecs-keyed,benign-ecs-stable,0,google
3,3,1,3,400,0.3333333333333333,1.0,1,1,1,1.0,0.0,0.0,-0.0,-0.0,0.3333333333333333,0.0,60.0,0.0,0.3333333333333333,0.0,0.6666666666666666,0.032424529393514,0.03261253833770752,0.005002188636165441,0.03255438804626465,0.0,0,5b050553-90fd-447d-94ae-6686c5ccfb11,20260814,ecs-keyed,benign-ecs-stable,0,google
3,3,1,3,412,0.3333333333333333,1.0,1,1,1,1.0,0.0,0.0,-0.0,-0.0,0.3333333333333333,0.0,60.0,0.0,0.3333333333333333,0.0,0.6666666666666666,0.015967289606730144,0.016268706321716307,0.018760841271216407,0.016143321990966797,0.0,0,41060db1-41b7-40e4-ae40-6c59546c9460,20260814,ecs-keyed,benign-ecs-stable,0,opendns
3,3,1,3,400,0.3333333333333333,1.0,1,1,1,1.0,0.0,0.0,-0.0,-0.0,0.3333333333333333,0.0,60.0,0.0,0.3333333333333333,0.0,0.6666666666666666,0.03336763381958008,0.03362791538238526,0.006773812478671054,0.03305816650390625,0.0,0,430987db-136e-4feb-97b2-98b7c80ad867,20260814,ecs-keyed,benign-ecs-stable,0,cloudflare
3,3,1,3,416,0.3333333333333333,1.0,1,1,1,1.0,0.0,0.0,-0.0,-0.0,0.3333333333333333,0.0,60.0,0.0,0.3333333333333333,0.0,0.6666666666666666,0.029997507731119793,0.03024468421936035,0.007896983119994651,0.029972553253173828,0.0,0,87ceb899-3602-4457-9e75-b7fbdf320ac8,20260814,ecs-keyed,benign-ecs-stable,0,opendns
3,3,1,3,400,0.3333333333333333,1.0,1,1,1,1.0,0.0,0.0,-0.0,-0.0,0.3333333333333333,0.0,60.0,0.0,0.3333333333333333,0.0,0.6666666666666666,0.016673167546590168,0.01702754497528076,0.018680349432497446,0.016930818557739258,0.0,0,df9d51a9-3c74-465e-ae3a-4d42177a45b0,20260814,ecs-keyed,benign-ecs-stable,0,google
3,3,1,3,268,0.3333333333333333,1.0,1,1,1,1.0,0.0,0.0,-0.0,-0.0,0.3333333333333333,0.0,170.0,0.0,0.3333333333333333,0.0,0.6666666666666666,0.002437432607014974,0.004430985450744628,0.6868058618682452,0.004119873046875,0.0,0,bdacb4c1-a140-4c06-973f-d8087444bc16,20260814,ecs-keyed,benign-ecs-stable,0,cloudflare
3,3,2,3,573,0.6666666666666666,1.0,1,1,1,0.5,0.0,0.0,1.0,1.0,0.3333333333333333,0.0,300.0,0.0,0.3333333333333333,0.0,0.3333333333333333,0.00339357058207194,0.004638552665710449,0.35874721682700167,0.00308072566986084,0.0,0,8839c77b-8dcc-4f45-a610-9ab2c348bafb,20260814,ecs-keyed,benign-ecs-stable,0,cloudflare
3,3,1,3,244,0.3333333333333333,1.0,1,1,1,1.0,0.0,0.0,-0.0,-0.0,0.3333333333333333,0.0,300.0,0.0,0.3333333333333333,0.0,0.6666666666666666,0.00493160883585612,0.007483577728271484,0.43769128007187663,0.006741523742675781,0.0,0,eb8492c0-1c79-4373-9d8a-bbdd2753578c,20260814,ecs-keyed,benign-ecs-stable,0,cloudflare
3,3,1,3,369,0.3333333333333333,1.0,1,1,1,1.0,0.0,0.0,-0.0,-0.0,0.3333333333333333,0.0,28.0,0.0,0.3333333333333333,0.0,0.6666666666666666,0.0021235148111979165,0.0031107425689697265,0.4756625899155007,0.0014057159423828125,0.0,0,15608d37-3cf5-4613-bd3b-82fc48e07f37,20260814,ecs-keyed,benign-ecs-stable,0,cloudflare
3,3,1,3,554,0.3333333333333333,1.0,1,1,1,1.0,0.0,0.0,-0.0,-0.0,0.3333333333333333,0.0,78.0,0.400115039341724,0.3333333333333333,0.0,0.6666666666666666,0.0032439231872558594,0.004174351692199707,0.2610807528751151,0.0042078495025634766,0.0,0,61c61214-b518-4b36-b413-21d64386f622,20260814,ecs-keyed,benign-ecs-stable,0,cloudflare
3,3,1,3,280,0.3333333333333333,1.0,1,1,1,1.0,0.0,0.0,-0.0,-0.0,0.3333333333333333,0.0,20.0,0.0,0.3333333333333333,0.0,0.6666666666666666,0.019843498865763348,0.020276975631713868,0.018187410411160683,0.020049333572387695,0.0,0,d9b7a715-cac1-4a89-9f5f-36db30961817,20260814,ecs-keyed,benign-ecs-stable,0,quad9
3,3,1,3,376,0.3333333333333333,1.0,1,1,1,1.0,0.0,0.0,-0.0,-0.0,0.3333333333333333,0.0,34.0,0.0,0.3333333333333333,0.0,0.6666666666666666,0.002250830332438151,0.002790093421936035,0.25655015005424564,0.002626180648803711,0.0,0,7f914dc3-35ef-4137-ba77-8214f689d028,20260814,ecs-keyed,benign-ecs-stable,0,quad9
3,3,1,3,240,0.3333333333333333,1.0,1,1,1,1.0,0.0,0.0,-0.0,-0.0,0.3333333333333333,0.0,29.0,0.0,0.3333333333333333,0.0,0.6666666666666666,0.003391822179158529,0.003835439682006836,0.13250702404628975,0.0024306774139404297,0.0,0,1561b9a4-681d-4566-85b2-fdbd92117bf6,20260814,ecs-keyed,benign-ecs-stable,0,google
3,3,1,3,510,0.3333333333333333,1.0,1,1,1,1.0,0.0,0.0,-0.0,-0.0,0.3333333333333333,0.0,300.0,0.0,0.3333333333333333,0.0,0.6666666666666666,0.002869844436645508,0.0038816452026367186,0.2953007736712252,0.003946542739868164,0.0,0,b25cc656-3002-4110-b032-e4d201e29cf0,20260814,ecs-keyed,benign-ecs-stable,0,quad9
3,3,1,3,424,0.3333333333333333,1.0,1,1,1,1.0,0.0,0.0,-0.0,-0.0,0.3333333333333333,0.0,60.0,0.0,0.3333333333333333,0.0,0.6666666666666666,0.023169676462809246,0.02596125602722168,0.11568693932235877,0.026135683059692383,0.0,0,f909ff98-d90c-4c94-a86a-8420324134aa,20260814,ecs-keyed,benign-ecs-stable,0,quad9
3,3,1,3,412,0.3333333333333333,1.0,1,1,1,1.0,0.0,0.0,-0.0,-0.0,0.3333333333333333,0.0,60.0,0.0,0.3333333333333333,0.0,0.6666666666666666,0.035558462142944336,0.03581681251525879,0.006216471994702379,0.03574705123901367,0.0,0,36ad41ca-0795-40b0-9929-9465b6eec08b,20260814,ecs-keyed,benign-ecs-stable,0,quad9
3,3,1,3,248,0.3333333333333333,1.0,1,1,1,1.0,0.0,0.0,-0.0,-0.0,0.3333333333333333,0.0,60.0,0.0,0.3333333333333333,0.0,0.6666666666666666,0.012683868408203125,0.014442157745361327,0.11939377421172069,0.014591693878173828,0.0,0,14adb7cc-6c12-4f08-8769-1fc10b8b6151,20260814,ecs-keyed,benign-ecs-stable,0,opendns
3,3,1,3,617,0.3333333333333333,1.0,1,1,1,1.0,0.0,0.0,-0.0,-0.0,0.3333333333333333,0.0,300.0,0.0,0.3333333333333333,0.0,0.6666666666666666,0.025475819905598957,0.027663516998291015,0.07347406766753208,0.026712894439697266,0.0,0,8b5c34a5-8fc5-4492-be94-8300cc9c0215,20260814,ecs-keyed,benign-ecs-stable,0,cloudflare
3,3,1,3,420,0.3333333333333333,1.0,1,1,1,1.0,0.0,0.0,-0.0,-0.0,0.3333333333333333,0.0,60.0,0.0,0.3333333333333333,0.0,0.6666666666666666,0.031447807947794594,0.034977388381958005,0.1024093483785404,0.03435468673706055,0.0,0,a59b2f73-35c9-4c72-b67a-384292db519c,20260814,ecs-keyed,benign-ecs-stable,0,google
3,3,1,3,420,0.3333333333333333,1.0,1,1,1,1.0,0.0,0.0,-0.0,-0.0,0.3333333333333333,0.0,60.0,0.0,0.3333333333333333,0.0,0.6666666666666666,0.03709308306376139,0.03844034671783447,0.03160078886598787,0.03751659393310547,0.0,0,f1caa38e-4fbe-46ea-9777-16cd474c54bd,20260814,ecs-keyed,benign-ecs-stable,0,quad9
3,3,1,3,440,0.3333333333333333,1.0,1,1,1,1.0,0.0,0.0,-0.0,-0.0,0.3333333333333333,0.0,60.0,0.0,0.3333333333333333,0.0,0.6666666666666666,0.038292487462361656,0.04009735584259033,0.04275401530907398,0.03545379638671875,0.0,0,ddbed554-87a3-419c-8273-8f705aa11b5f,20260814,ecs-keyed,benign-ecs-stable,0,google
3,3,1,3,412,0.3333333333333333,1.0,1,1,1,1.0,0.0,0.0,-0.0,-0.0,0.3333333333333333,0.0,60.0,0.0,0.3333333333333333,0.0,0.6666666666666666,0.03330620129903158,0.03578016757965088,0.07357840679981625,0.03423643112182617,0.0,0,b2cb20aa-d566-464c-b1ac-97829c4b6d6b,20260814,ecs-keyed,benign-ecs-stable,0,opendns
3,3,1,3,400,0.3333333333333333,1.0,1,1,1,1.0,0.0,0.0,-0.0,-0.0,0.3333333333333333,0.0,60.0,0.0,0.3333333333333333,0.0,0.6666666666666666,0.0362088680267334,0.03742439746856689,0.030139838668733425,0.03538250923156738,0.0,0,afb739e2-3f11-4002-bfd4-528413938795,20260814,ecs-keyed,benign-ecs-stable,0,cloudflare
3,3,1,3,400,0.3333333333333333,1.0,1,1,1,1.0,0.0,0.0,-0.0,-0.0,0.3333333333333333,0.0,60.0,0.0,0.3333333333333333,0.0,0.6666666666666666,0.03648638725280762,0.03839230537414551,0.045804966813668545,0.034444570541381836,0.0,0,236c936c-d020-470f-98be-9ad56ffdb2a2,20260814,ecs-keyed,benign-ecs-stable,0,opendns
3,3,1,3,412,0.3333333333333333,1.0,1,1,1,1.0,0.0,0.0,-0.0,-0.0,0.3333333333333333,0.0,60.0,0.0,0.3333333333333333,0.0,0.6666666666666666,0.043506622314453125,0.04375317096710205,0.004779537979202657,0.04368305206298828,0.0,0,c0bd1625-71b7-48cd-8055-e65631809da7,20260814,ecs-keyed,benign-ecs-stable,0,quad9
1,1,1,1,102,1.0,1.0,0,0,0,0.0,0.0,0.0,-0.0,-0.0,1.0,0.0,300.0,0.0,1.0,0.0,0.0,2.516712188720703,2.516712188720703,0.0,0.0,0.0,0,66c2d833-7225-4ee1-bb39-47b8dee09016,20260814,ecs-keyed,benign-plain,0,google
1,1,1,1,136,1.0,1.0,0,0,0,0.0,0.0,0.0,-0.0,-0.0,1.0,0.0,3600.0,0.0,1.0,0.0,0.0,2.519753932952881,2.519753932952881,0.0,0.0,0.0,0,3007e8f1-85ff-4457-baae-be8052f19500,20260814,ecs-keyed,benign-plain,0,cloudflare
4,4,4,4,424,1.0,1.0,4,4,4,1.0,0.0,0.0,1.0,1.0,1.0,0.75,60.0,0.0,0.25,0.0,0.0,0.02550041675567627,0.03967245817184448,0.3952179838721951,0.02495288848876953,0.0,0,dee49c85-8756-4727-932f-e991c49a7cdf,20260814,ecs-keyed,benign-ecs-geo,0,google
4,4,4,4,664,1.0,1.0,4,4,4,1.0,0.0,0.0,1.0,1.0,1.0,0.75,60.0,0.0,0.25,0.0,0.0,0.036676764488220215,0.055202782154083245,0.39934077807506624,0.03648096323013306,0.0,0,3990eee7-1ad4-4c61-ab05-c511cb1742da,20260814,ecs-keyed,benign-ecs-geo,0,cloudflare
3,3,1,3,528,0.3333333333333333,1.0,0,1,1,1.0,0.0,0.0,-0.0,-0.0,0.3333333333333333,0.0,24.0,0.0,0.3333333333333333,0.0,0.6666666666666666,2.5049349466959634,2.5052006006240846,8.88765794387701e-05,0.0,0.0,0,958ca45e-3d78-46f9-80b2-a821c648e990,20260814,ecs-keyed,benign-ecs-stable,0,google
3,3,1,3,244,0.3333333333333333,1.0,0,1,1,1.0,0.0,0.0,-0.0,-0.0,0.3333333333333333,0.0,19.0,0.0,0.3333333333333333,0.0,0.6666666666666666,2.503474394480387,2.5037407159805296,8.917368221538814e-05,0.0,0.0,0,3f4426c6-6926-45e1-88a0-3de9c4e7439a,20260814,ecs-keyed,benign-ecs-stable,0,opendns
3,3,1,3,292,0.3333333333333333,1.0,0,1,1,1.0,0.0,0.0,-0.0,-0.0,0.3333333333333333,0.0,300.0,0.0,0.3333333333333333,0.0,0.6666666666666666,2.505866607030233,2.506180214881897,0.00010425549624974228,0.0,0.0,0,811c2842-1363-48ee-91a0-8ad7f34a40a7,20260814,ecs-keyed,benign-ecs-stable,0,google
4,4,4,4,628,1.0,1.0,4,4,4,1.0,0.0,0.0,1.0,1.0,1.0,0.75,260.25,0.264549546977379,0.25,0.0,0.0,0.0035774707794189453,0.00477842092514038,0.2728759298655968,0.003156304359436035,0.0,0,0373b5de-c824-4b1a-8f49-8435777ab23d,20260814,ecs-keyed,benign-ecs-geo,0,cloudflare
3,3,1,3,300,0.3333333333333333,1.0,0,1,1,1.0,0.0,0.0,-0.0,-0.0,0.3333333333333333,0.0,4.0,0.0,0.3333333333333333,0.0,0.6666666666666666,2.5046759446461997,2.5048916578292846,8.096338841454286e-05,0.0,0.0,0,bb6440c7-2b8f-4b37-8b97-30a9e3cbcfa3,20260814,ecs-keyed,benign-ecs-stable,0,cloudflare
4,4,4,4,432,1.0,1.0,3,4,4,1.0,0.0,0.0,1.0,1.0,1.0,0.75,974.75,0.5759304221403984,0.25,0.0,0.0,0.003112494945526123,0.0036737561225891114,0.16791792426373456,0.002609729766845703,0.0,0,2f65326d-96ee-4e15-88dd-e8a93ca475d6,20260814,ecs-keyed,benign-ecs-geo,0,quad9
3,3,1,3,512,0.3333333333333333,1.0,0,1,1,1.0,0.0,0.0,-0.0,-0.0,0.3333333333333333,0.0,31.0,0.0,0.3333333333333333,0.0,0.6666666666666666,2.504678726196289,2.5048683404922487,6.914084765920184e-05,0.0,0.0,0,1b4b422a-cd83-4e40-8cd6-5b261e5f12eb,20260814,ecs-keyed,benign-ecs-stable,0,google
3,3,1,3,532,0.3333333333333333,1.0,0,1,1,1.0,0.0,0.0,-0.0,-0.0,0.3333333333333333,0.0,300.0,0.0,0.3333333333333333,0.0,0.6666666666666666,2.508443752924601,2.5086173534393312,6.0106734575099055e-05,0.0,0.0,0,2b1d5adf-ffc9-4b08-b454-4aaa587f83ac,20260814,ecs-keyed,benign-ecs-stable,0,cloudflare
4,4,4,4,656,1.0,1.0,4,4,4,1.0,0.0,0.0,1.0,1.0,1.0,0.75,119.05263157894737,1.163833218026925,0.25,0.0,0.0,0.0028563737869262695,0.003313899040222168,0.11422504449034383,0.0026581287384033203,0.0,0,dabaea14-b435-413a-934a-090af5c524fc,20260814,ecs-keyed,benign-ecs-geo,0,quad9
4,4,4,4,672,1.0,1.0,4,4,4,1.0,0.0,0.0,1.0,1.0,1.0,0.75,271.07142857142856,0.25274982662764794,0.25,0.0,0.0,0.002599179744720459,0.0032052516937255858,0.19423588719296828,0.0023559927940368652,0.0,0,a42673a5-3f2a-4a81-b54a-3e1f2be098b8,20260814,ecs-keyed,benign-ecs-geo,0,opendns
4,4,4,4,644,1.0,1.0,4,4,4,1.0,0.0,0.0,1.0,1.0,1.0,0.75,155.75,0.9273897151938771,0.25,0.0,0.0,0.0029020309448242188,0.0035176634788513183,0.16598028104324697,0.0026181936264038086,0.0,0,a83b7d5c-a03d-4854-ac97-02a8879342fd,20260814,ecs-keyed,benign-ecs-geo,0,opendns
3,3,1,3,244,0.3333333333333333,1.0,0,1,1,1.0,0.0,0.0,-0.0,-0.0,0.3333333333333333,0.0,300.0,0.0,0.3333333333333333,0.0,0.6666666666666666,2.5055765310923257,2.506282615661621,0.00023322755035182409,0.0,0.0,0,a433bf8f-2989-4e2f-ab8f-a574ba2728a5,20260814,ecs-keyed,benign-ecs-stable,0,cloudflare
4,4,4,4,628,1.0,1.0,4,4,4,1.0,0.0,0.0,1.0,1.0,1.0,0.75,174.0,0.7478776064674726,0.25,0.0,0.0,0.0031938552856445312,0.0040039300918579095,0.19241789437949947,0.002778768539428711,0.0,0,35c06f71-ff46-49b2-9efd-8b3a5106df4a,20260814,ecs-keyed,benign-ecs-geo,0,quad9
4,4,4,4,697,1.0,1.0,0,4,4,1.0,0.0,0.0,1.0,1.0,1.0,0.75,300.0,0.0,0.25,0.0,0.0,2.5059691667556763,2.506467139720917,0.0002358707673341349,0.0,0.0,0,05dc7d14-e574-40bb-9707-a250f227a43b,20260814,ecs-keyed,benign-ecs-geo,0,opendns
4,4,4,4,1120,1.0,1.0,4,4,4,1.0,0.0,0.0,1.0,1.0,0.75,0.5,248.10256410256412,0.41176601738838126,0.25,0.0,0.0,0.005861341953277588,0.012005984783172604,0.7500152405657576,0.0056008100509643555,0.0,0,9d99e7f6-0fa2-4835-9def-daee606d784b,20260814,ecs-keyed,benign-ecs-geo,0,opendns
4,4,4,4,828,1.0,1.0,1,4,4,1.0,0.0,0.0,1.0,1.0,1.0,0.75,300.0,0.0,0.25,0.0,0.0,1.8824378848075867,2.5095800280570986,0.5760642895487893,0.003271818161010742,0.0,0,fed1e0d8-b7dd-484b-9500-0ae65b8b71f4,20260814,ecs-keyed,benign-ecs-geo,0,quad9
4,4,4,4,656,1.0,1.0,4,4,4,1.0,0.0,0.0,1.0,1.0,1.0,0.75,60.0,0.0,0.25,0.0,0.0,0.025631844997406006,0.03726637363433838,0.36733221861864973,0.02536153793334961,0.0,0,6044305c-de99-4c36-80d9-8035c75e01dd,20260814,ecs-keyed,benign-ecs-geo,0,quad9
4,4,4,4,480,1.0,1.0,4,4,4,1.0,0.0,0.0,1.0,1.0,1.0,0.75,300.0,0.0,0.25,0.0,0.0,0.004796445369720459,0.0056353330612182615,0.17728869155500473,0.0043332576751708984,0.0,0,128b4a9f-191d-4c96-aa78-9f01eb5e7672,20260814,ecs-keyed,benign-ecs-geo,0,quad9
4,4,4,4,536,1.0,1.0,0,4,4,1.0,0.0,0.0,1.0,1.0,0.75,0.5,120.0,0.0,0.25,0.0,0.0,2.518724739551544,2.520603966712952,0.0006739356701143639,0.0,0.0,0,d5c466d5-65ca-413d-a847-941b146c5803,20260814,ecs-keyed,benign-ecs-geo,0,cloudflare
4,4,4,4,720,1.0,1.0,4,4,4,1.0,0.0,0.0,1.0,1.0,1.0,0.75,60.0,0.0,0.25,0.0,0.0,0.031302452087402344,0.03831268548965454,0.2584190545214015,0.03092271089553833,0.0,0,6049151e-c4ac-4136-9a29-14d7d5745b08,20260814,ecs-keyed,benign-ecs-geo,0,google
4,4,4,4,528,1.0,1.0,4,4,4,1.0,0.0,0.0,1.0,1.0,0.25,0.0,20.0,0.0,0.25,0.0,0.0,0.015773534774780273,0.01902775764465332,0.15544268819096896,0.015357613563537598,0.0,0,09875025-e147-4326-8873-b7c14b77c302,20260814,ecs-keyed,benign-ecs-geo,0,google
4,4,4,4,699,1.0,1.0,4,4,4,1.0,0.0,0.0,1.0,1.0,1.0,0.75,232.4,0.3288471599605644,0.25,0.0,0.0,0.006206631660461426,0.00893467664718628,0.419432308263294,0.0047248005867004395,0.0,0,57ba4628-601b-42dd-aca4-6f4878f52fd7,20260814,ecs-keyed,benign-ecs-geo,0,quad9
4,4,4,4,680,1.0,1.0,4,4,4,1.0,0.0,0.0,1.0,1.0,1.0,0.75,54.5,0.1747941181950243,0.25,0.0,0.0,0.02383178472518921,0.03829398155212402,0.57492668789479,0.023182690143585205,0.0,0,a8a42420-160e-499a-9fd1-821e9db9f79e,20260814,ecs-keyed,benign-ecs-geo,0,cloudflare
4,4,4,4,648,1.0,1.0,4,4,4,1.0,0.0,0.0,1.0,1.0,1.0,0.75,60.0,0.0,0.25,0.0,0.0,0.024853646755218506,0.04196852445602416,0.4894631794122673,0.02434670925140381,0.0,0,91eae99a-cea6-48e1-87e4-668cbe4bcee2,20260814,ecs-keyed,benign-ecs-geo,0,cloudflare
4,4,4,4,464,1.0,1.0,4,4,4,1.0,0.0,0.0,1.0,1.0,1.0,0.75,60.0,0.0,0.25,0.0,0.0,0.02028656005859375,0.03358587026596069,0.4694020021299724,0.02002936601638794,0.0,0,b80d6372-88d5-41f5-b295-cc0af745225c,20260814,ecs-keyed,benign-ecs-geo,0,opendns
3,3,1,3,408,0.3333333333333333,1.0,0,1,1,1.0,0.0,0.0,-0.0,-0.0,0.3333333333333333,0.0,60.0,0.0,0.3333333333333333,0.0,0.6666666666666666,2.540653387705485,2.540912890434265,8.741652609589535e-05,0.0,0.0,0,65a5ce02-c84c-4831-bf2e-63a5b2cbd18b,20260814,ecs-keyed,benign-ecs-stable,0,google
4,4,4,4,456,1.0,1.0,3,4,4,1.0,0.0,0.0,1.0,1.0,1.0,0.75,300.0,0.0,0.25,0.0,0.0,0.00680696964263916,0.009625732898712158,0.32726109497425077,0.006194412708282471,0.0,0,2721c238-ceca-4e1e-8cbf-dd697082b367,20260814,ecs-keyed,benign-ecs-geo,0,opendns
4,4,4,4,744,1.0,1.0,3,4,4,1.0,0.0,0.0,1.0,1.0,1.0,0.75,212.52631578947367,0.6058439227272941,0.25,0.0,0.0,0.008073508739471436,0.011209237575531005,0.3881088618759661,0.006412327289581299,0.0,0,116d01a5-e14c-4364-aa82-5da3017dc31a,20260814,ecs-keyed,benign-ecs-geo,0,google
4,4,4,4,664,1.0,1.0,4,4,4,1.0,0.0,0.0,1.0,1.0,1.0,0.75,60.0,0.0,0.25,0.0,0.0,0.032508790493011475,0.042730510234832764,0.27490829631539365,0.03218621015548706,0.0,0,c42772c9-a08e-4765-8cdf-d57d844b8eb9,20260814,ecs-keyed,benign-ecs-geo,0,quad9
4,4,4,4,576,1.0,1.0,4,4,4,1.0,0.0,0.0,1.0,1.0,0.75,0.5,42.857142857142854,0.46188021535170065,0.25,0.0,0.0,0.02314901351928711,0.038769292831420894,0.5972115920486302,0.021455228328704834,0.0,0,02c4aa98-f7f9-4a38-998c-77396866691c,20260814,ecs-keyed,benign-ecs-geo,0,cloudflare
4,4,4,4,480,1.0,1.0,1,4,4,1.0,0.0,0.0,1.0,1.0,1.0,0.75,300.0,0.0,0.25,0.0,0.0,1.8810942769050598,2.5073015809059145,0.5757578778233164,0.004746198654174805,0.0,0,60355f02-09bd-4102-ab5b-3121f4ed8bf7,20260814,ecs-keyed,benign-ecs-geo,0,quad9
4,4,4,4,456,1.0,1.0,2,4,4,1.0,0.0,0.0,1.0,1.0,1.0,0.75,300.0,0.0,0.25,0.0,0.0,1.2540566325187683,2.5043947100639343,0.9968410663438321,0.003499746322631836,0.0,0,da46ff3c-1086-4323-a3a4-c54ce78b4131,20260814,ecs-keyed,benign-ecs-geo,0,quad9
4,4,4,4,656,1.0,1.0,4,4,4,1.0,0.0,0.0,1.0,1.0,1.0,0.75,60.0,0.0,0.25,0.0,0.0,0.023069441318511963,0.0404612898826599,0.541472050959996,0.02280294895172119,0.0,0,53a3f728-d5d5-4f1f-a3af-8b41931d1028,20260814,ecs-keyed,benign-ecs-geo,0,opendns
4,4,4,4,744,1.0,1.0,3,4,4,1.0,0.0,0.0,1.0,1.0,1.0,0.75,256.6842105263158,0.23833603257152192,0.25,0.0,0.0,0.6312599182128906,2.133033263683318,1.7165504945152208,0.005129496256510417,0.0,0,7386f587-d6f8-4b65-a3fe-103be302f572,20260814,ecs-keyed,benign-ecs-geo,0,opendns
4,4,4,4,744,1.0,1.0,4,4,4,1.0,0.0,0.0,1.0,1.0,1.0,0.75,234.47368421052633,0.38119395446478843,0.25,0.0,0.0,0.004580855369567871,0.006147730350494384,0.29740820537234974,0.003835439682006836,0.0,0,ae7638d7-0172-4b08-815b-84448ee327e4,20260814,ecs-keyed,benign-ecs-geo,0,quad9
4,4,4,4,544,1.0,1.0,2,4,4,1.0,0.0,0.0,1.0,1.0,1.0,0.75,242.75,0.4084857208375622,0.25,0.0,0.0,1.2576441764831543,2.5093698620796205,0.9947770508054821,0.005149364471435547,0.0,0,8b1b579f-8f36-40a5-a3b1-ea141a774d16,20260814,ecs-keyed,benign-ecs-geo,0,cloudflare
4,4,4,4,888,1.0,1.0,1,4,4,1.0,0.0,0.0,1.0,1.0,0.25,0.0,67.25,0.6405317012577132,0.25,0.0,0.0,3.761965572834015,5.0189692854881285,0.5770613739233856,0.0016345977783203125,0.0,0,f89aaf62-a1b3-4b80-af3c-304eb932b850,20260814,ecs-keyed,benign-ecs-geo,0,cloudflare
4,4,4,4,644,1.0,1.0,1,4,4,1.0,0.0,0.0,1.0,1.0,1.0,0.75,186.0,0.6384168076963305,0.25,0.0,0.0,1.8866840600967407,2.5153619050979614,0.5760560372941065,0.004172801971435547,0.0,0,f61968ec-4e38-49e8-bb7a-917f77131b8c,20260814,ecs-keyed,benign-ecs-geo,0,quad9
4,4,4,4,488,1.0,1.0,0,4,4,1.0,0.0,0.0,1.0,1.0,0.5,0.5,1649.0,0.6739783780886803,0.25,0.0,0.0,2.5075581669807434,2.509432518482208,0.0005715122537430546,0.0,0.0,0,6c37501f-9e96-429d-b50b-f4b47758ab36,20260814,ecs-keyed,benign-ecs-geo,0,quad9
4,4,4,4,616,1.0,1.0,0,4,4,1.0,0.0,0.0,1.0,1.0,1.0,0.75,116.61538461538461,0.5682326212326889,0.25,0.0,0.0,2.511853277683258,2.5161449790000914,0.0015335762598385617,0.0,0.0,0,95012de9-a82e-4d83-aed4-3522ecb9767b,20260814,ecs-keyed,benign-ecs-geo,0,opendns
4,4,4,4,784,1.0,1.0,1,4,4,1.0,0.0,0.0,1.0,1.0,1.0,0.75,300.0,0.0,0.25,0.0,0.0,1.8883771896362305,2.523415505886078,0.5748700061016833,0.0074310302734375,0.0,0,6c46dff6-f1f6-4994-9bfc-5214074dbab4,20260814,ecs-keyed,benign-ecs-geo,0,opendns
4,4,4,4,696,1.0,1.0,3,4,4,1.0,0.0,0.0,1.0,1.0,1.0,0.75,220.71428571428572,0.4000251351011936,0.25,0.0,0.0,0.005449175834655762,0.0060341477394104,0.14193895272781348,0.004266321659088135,0.0,0,0af69946-2b6e-4342-91de-aca3746f44a7,20260814,ecs-keyed,benign-ecs-geo,0,quad9
4,4,4,4,744,1.0,1.0,3,4,4,1.0,0.0,0.0,1.0,1.0,1.0,0.75,299.36842105263156,0.0031054011484978362,0.25,0.0,0.0,0.004349470138549805,0.0059398412704467765,0.26041073315540975,0.0031198859214782715,0.0,0,63cdccc2-bbd1-4135-9c1a-26a93a17ab80,20260814,ecs-keyed,benign-ecs-geo,0,google
4,4,4,4,697,1.0,1.0,0,4,4,1.0,0.0,0.0,1.0,1.0,1.0,0.75,299.2,0.0032747189074641423,0.25,0.0,0.0,2.5146722197532654,2.521207129955292,0.0018525370877295927,0.0,0.0,0,b5e615ea-cb33-42db-a63a-f508d9759007,20260814,ecs-keyed,benign-ecs-geo,0,cloudflare
4,4,4,4,664,1.0,1.0,0,4,4,1.0,0.0,0.0,1.0,1.0,1.0,0.75,60.0,0.0,0.25,0.0,0.0,2.521485447883606,2.5241726517677305,0.0008462879009314824,0.0,0.0,0,8b1ab6de-4396-4e1b-a048-125ab8874018,20260814,ecs-keyed,benign-ecs-geo,0,quad9
4,4,4,4,628,1.0,1.0,1,4,4,1.0,0.0,0.0,1.0,1.0,1.0,0.75,219.5,0.36675674501211625,0.25,0.0,0.0,1.8834939002990723,2.512508308887482,0.5767468728065314,0.0017354488372802734,0.0,0,541c3eb9-578c-464d-bbdb-6c70a09d637c,20260814,ecs-keyed,benign-ecs-geo,0,google
4,4,4,4,696,1.0,1.0,3,4,4,1.0,0.0,0.0,1.0,1.0,1.0,0.75,279.85714285714283,0.25951134754488137,0.25,0.0,0.0,0.006860256195068359,0.009156978130340575,0.33953959504039855,0.006119966506958008,0.0,0,7b990bfd-63cd-4f1d-a3fe-9731caf116da,20260814,ecs-keyed,benign-ecs-geo,0,cloudflare
4,4,4,4,528,1.0,1.0,3,4,4,1.0,0.0,0.0,1.0,1.0,0.5,0.25,14.0,0.10101525445522108,0.25,0.0,0.0,0.005828440189361572,0.007885479927062988,0.3701355425097809,0.005076706409454346,0.0,0,009e7bd4-ec41-44f7-acee-a73daf732b9c,20260814,ecs-keyed,benign-ecs-geo,0,opendns
4,4,4,4,448,1.0,1.0,0,4,4,1.0,0.0,0.0,1.0,1.0,0.5,0.5,49.5,0.29742286594617084,0.25,0.0,0.0,2.5124436020851135,2.5147659182548523,0.0009482526908447122,0.0,0.0,0,7d410f06-b2a1-4f83-b499-52a69e7af704,20260814,ecs-keyed,benign-ecs-geo,0,google
4,4,4,4,632,1.0,1.0,1,4,4,1.0,0.0,0.0,1.0,1.0,1.0,0.75,60.0,0.0,0.25,0.0,0.0,1.9084511399269104,2.5457444071769713,0.5703002088193723,0.02153611183166504,0.0,0,30947ff0-289f-40ef-a69d-06eeb55a5560,20260814,ecs-keyed,benign-ecs-geo,0,quad9
4,4,4,4,628,1.0,1.0,4,4,4,1.0,0.0,0.0,1.0,1.0,1.0,0.75,300.0,0.0,0.25,0.0,0.0,0.00588071346282959,0.007337617874145507,0.1997143059033171,0.005501151084899902,0.0,0,f7fb997b-2ab5-442c-85f2-efff35237891,20260814,ecs-keyed,benign-ecs-geo,0,cloudflare
4,4,4,4,552,1.0,1.0,3,4,4,1.0,0.0,0.0,1.0,1.0,1.0,0.75,220.75,0.3590355491460032,0.25,0.0,0.0,0.005939662456512451,0.00732952356338501,0.21999892794378426,0.0039920806884765625,0.0,0,5f9bfa6a-a0d6-4145-8362-584cff3ef40b,20260814,ecs-keyed,benign-ecs-geo,0,opendns
4,4,4,4,680,1.0,1.0,4,4,4,1.0,0.0,0.0,1.0,1.0,1.0,0.75,60.0,0.0,0.25,0.0,0.0,0.03192955255508423,0.03720630407333374,0.22306161706339164,0.02967202663421631,0.0,0,9b1c4930-88b8-4dde-bbdc-b6855c01613c,20260814,ecs-keyed,benign-ecs-geo,0,quad9
4,4,4,4,690,1.0,1.0,2,4,4,1.0,0.0,0.0,1.0,1.0,1.0,0.75,181.6,0.7985120747398907,0.25,0.0,0.0,0.005253016948699951,0.009252274036407469,0.549422236450479,0.003763139247894287,0.0,0,0285466c-4528-4b16-b822-1b22bb00783b,20260814,ecs-keyed,benign-ecs-geo,0,quad9
4,4,4,4,600,1.0,1.0,2,4,4,1.0,0.0,0.0,1.0,1.0,1.0,0.75,235.3846153846154,0.41176470588235287,0.25,0.0,0.0,0.00684744119644165,0.008398151397705078,0.18851393880634643,0.004951953887939453,0.0,0,f4b9fa21-0b85-43fa-a36d-154d4f5372a1,20260814,ecs-keyed,benign-ecs-geo,0,google
4,4,4,4,696,1.0,1.0,4,4,4,1.0,0.0,0.0,1.0,1.0,1.0,0.75,60.0,0.0,0.25,0.0,0.0,0.026920616626739502,0.037130677700042726,0.37284337687558244,0.025782883167266846,0.0,0,91d5d53f-9787-44a0-8ec8-240401751094,20260814,ecs-keyed,benign-ecs-geo,0,cloudflare
4,4,4,4,792,1.0,1.0,3,4,4,1.0,0.0,0.0,1.0,1.0,1.0,0.75,212.05882352941177,0.6424532707439765,0.25,0.0,0.0,0.00757145881652832,0.012218201160430906,0.44146893066682713,0.0062503814697265625,0.0,0,7593bb61-af5e-429d-9313-c28d591b8404,20260814,ecs-keyed,benign-ecs-geo,0,google
4,4,4,4,672,1.0,1.0,4,4,4,1.0,0.0,0.0,1.0,1.0,1.0,0.75,60.0,0.0,0.25,0.0,0.0,0.03332406282424927,0.036548924446105954,0.06951778095974794,0.03270399570465088,0.0,0,eb93b8cb-756a-433e-b695-3f9b94bea151,20260814,ecs-keyed,benign-ecs-geo,0,quad9
4,4,4,4,672,1.0,1.0,4,4,4,1.0,0.0,0.0,1.0,1.0,1.0,0.75,54.0,0.19245008972987526,0.25,0.0,0.0,0.02115654945373535,0.042978703975677476,0.7642324422402607,0.020221173763275146,0.0,0,72a58bb3-c226-4abb-9b59-d161b033e077,20260814,ecs-keyed,benign-ecs-geo,0,cloudflare
4,4,4,4,648,1.0,1.0,4,4,4,1.0,0.0,0.0,1.0,1.0,1.0,0.75,60.0,0.0,0.25,0.0,0.0,0.0215187668800354,0.030476558208465572,0.2960735350161854,0.020520925521850586,0.0,0,9b36e391-b9cf-4efd-a1da-33f363d9ac83,20260814,ecs-keyed,benign-ecs-geo,0,cloudflare
4,4,4,4,680,1.0,1.0,2,4,4,1.0,0.0,0.0,1.0,1.0,1.0,0.75,60.0,0.0,0.25,0.0,0.0,1.275668740272522,2.5345556139945984,0.9773598017721649,0.02857351303100586,0.0,0,039f4c41-ef7d-4e47-a930-788467ad452a,20260814,ecs-keyed,benign-ecs-geo,0,google
4,4,4,4,776,1.0,1.0,4,4,4,1.0,0.0,0.0,1.0,1.0,1.0,0.75,171.1578947368421,0.6627452489504372,0.25,0.0,0.0,0.005417585372924805,0.01053938865661621,0.7032089832496174,0.005186915397644043,0.0,0,c9ddde9f-bb5e-4cbf-bee5-9f2579e9994d,20260814,ecs-keyed,benign-ecs-geo,0,google
4,4,4,4,648,1.0,1.0,2,4,4,1.0,0.0,0.0,1.0,1.0,1.0,0.75,53.75,0.20140125669405548,0.25,0.0,0.0,1.274870753288269,2.544561040401459,0.9924282940989254,0.009312748908996582,0.0,0,f19c5c4f-2349-4b5c-8f32-fa459a9f45f0,20260814,ecs-keyed,benign-ecs-geo,0,opendns
4,4,4,4,472,1.0,1.0,4,4,4,1.0,0.0,0.0,1.0,1.0,0.5,0.25,16.0,0.4330127018922193,0.25,0.0,0.0,0.011660933494567871,0.017736780643463134,0.525249847545698,0.011332213878631592,0.0,0,8b9db26d-48d7-4cf4-af31-f8e6d5bce9fb,20260814,ecs-keyed,benign-ecs-geo,0,cloudflare
4,4,4,4,456,1.0,1.0,3,4,4,1.0,0.0,0.0,1.0,1.0,0.5,0.25,22.75,0.544926429372195,0.25,0.0,0.0,0.6307286024093628,2.1323267579078666,1.718132259303279,0.0039217472076416016,0.0,0,ff6d8a99-7bc3-43a3-bf52-dc9fdc00ede3,20260814,ecs-keyed,benign-ecs-geo,0,cloudflare
4,4,4,4,964,1.0,1.0,4,4,4,1.0,0.0,0.0,1.0,1.0,1.0,0.75,300.0,0.0,0.25,0.0,0.0,0.00308150053024292,0.0034168243408203122,0.08606646988778362,0.002919614315032959,0.0,0,37303a1f-d694-47cd-8aea-a7e804f9e1d2,20260814,ecs-keyed,benign-ecs-geo,0,google
4,4,4,4,576,1.0,1.0,1,4,4,1.0,0.0,0.0,1.0,1.0,0.25,0.0,9.75,0.13323467750529824,0.25,0.0,0.0,1.8806436657905579,2.50763224363327,0.5769229411466983,0.001331329345703125,0.0,0,ed731a15-b212-4c76-a42d-35e3d42555d6,20260814,ecs-keyed,benign-ecs-geo,0,quad9
4,4,4,4,456,1.0,1.0,0,4,4,1.0,0.0,0.0,1.0,1.0,0.25,0.0,12.25,0.6009155862994064,0.25,0.0,0.0,2.504248261451721,2.50542334318161,0.00038817842821099095,0.0,0.0,0,e8e725dd-d7e1-4405-8bcd-ffde29cec94f,20260814,ecs-keyed,benign-ecs-geo,0,opendns
4,4,4,4,844,1.0,1.0,0,4,4,1.0,0.0,0.0,1.0,1.0,1.0,0.75,300.0,0.0,0.25,0.0,0.0,2.5061906576156616,2.5068298101425173,0.0003717750324913743,0.0,0.0,0,4b37011b-6648-4a08-af60-c58761ca4b8e,20260814,ecs-keyed,benign-ecs-geo,0,quad9
4,4,4,4,456,1.0,1.0,0,4,4,1.0,0.0,0.0,1.0,1.0,1.0,0.75,147.75,0.6732456433929891,0.25,0.0,0.0,2.506373882293701,2.5078796267509462,0.0006963157486478265,0.0,0.0,0,ef07f418-06d3-4e9a-9cca-39336105853c,20260814,ecs-keyed,benign-ecs-geo,0,opendns
4,4,4,4,536,1.0,1.0,4,4,4,1.0,0.0,0.0,1.0,1.0,0.75,0.5,235.5,0.47438334220039313,0.25,0.0,0.0,0.004018127918243408,0.005106651782989502,0.2249429286757265,0.00310361385345459,0.0,0,6bab86bb-f701-41d6-9ad9-ad725a0e692d,20260814,ecs-keyed,benign-ecs-geo,0,opendns
4,4,4,4,900,1.0,1.0,3,4,4,1.0,0.0,0.0,1.0,1.0,1.0,0.75,291.7826086956522,0.04257802735732019,0.25,0.0,0.0,0.0038679838180541992,0.005356168746948242,0.31311541741606486,0.003140747547149658,0.0,0,744f8189-fb71-4f63-b3c1-37568fa33f00,20260814,ecs-keyed,benign-ecs-geo,0,quad9
4,4,4,4,480,1.0,1.0,0,4,4,1.0,0.0,0.0,1.0,1.0,0.25,0.0,2090.25,0.8206209512547072,0.25,0.0,0.0,2.5068482756614685,2.5085675358772277,0.000580913642602021,0.0,0.0,0,aa69fed8-9e2a-48b5-8aa2-0823f130a34e,20260814,ecs-keyed,benign-ecs-geo,0,quad9
4,4,4,4,472,1.0,1.0,4,4,4,1.0,0.0,0.0,1.0,1.0,0.25,0.0,128.75,0.46075914686783725,0.25,0.0,0.0,0.0022282004356384277,0.0027516961097717287,0.23302497842194458,0.0014957189559936523,0.0,0,f6a0fa48-7ce6-47ed-8dc5-d41ae122989e,20260814,ecs-keyed,benign-ecs-geo,0,quad9
4,4,4,4,628,1.0,1.0,3,4,4,1.0,0.0,0.0,1.0,1.0,1.0,0.75,297.75,0.008354218615504786,0.25,0.0,0.0,0.0033533573150634766,0.004120683670043945,0.16508010945274096,0.0028173327445983887,0.0,0,58a43a4f-76f5-4d1d-b638-a30426104d00,20260814,ecs-keyed,benign-ecs-geo,0,opendns
4,4,4,4,696,1.0,1.0,0,4,4,1.0,0.0,0.0,1.0,1.0,1.0,0.75,60.0,0.0,0.25,0.0,0.0,2.527314007282257,2.5355815291404724,0.0031016879104885826,0.0,0.0,0,3949f944-6c5b-4e30-95d6-7bc3675326ba,20260814,ecs-keyed,benign-ecs-geo,0,quad9
4,4,4,4,632,1.0,1.0,0,4,4,1.0,0.0,0.0,1.0,1.0,1.0,0.75,52.5,0.24743582965269675,0.25,0.0,0.0,2.525385558605194,2.537913680076599,0.005198134032236103,0.0,0.0,0,5e1b17a2-e335-49f7-b60b-467c20396f12,20260814,ecs-keyed,benign-ecs-geo,0,quad9
4,4,4,4,824,1.0,1.0,4,4,4,1.0,0.0,0.0,1.0,1.0,1.0,0.75,212.25,0.4300111229790805,0.25,0.0,0.0,0.002504885196685791,0.0033329486846923827,0.31870286928971087,0.0023401975631713867,0.0,0,37672919-acdc-4c6d-87b5-7f698b96f702,20260814,ecs-keyed,benign-ecs-geo,0,google
4,4,4,4,688,1.0,1.0,1,4,4,1.0,0.0,0.0,1.0,1.0,1.0,0.75,60.0,0.0,0.25,0.0,0.0,1.908015787601471,2.546852779388428,0.5698613517119858,0.02321600914001465,0.0,0,267f88ab-0e38-4708-ad1c-41c8009b7a99,20260814,ecs-keyed,benign-ecs-geo,0,google
4,4,4,4,744,1.0,1.0,4,4,4,1.0,0.0,0.0,1.0,1.0,1.0,0.75,269.85714285714283,0.2736063185427478,0.25,0.0,0.0,0.004074513912200928,0.005929303169250488,0.39007696723301355,0.003910064697265625,0.0,0,b8506e00-4dfd-4485-ba3e-5e9b86f8d41a,20260814,ecs-keyed,benign-ecs-geo,0,opendns
4,4,4,4,600,1.0,1.0,4,4,4,1.0,0.0,0.0,1.0,1.0,0.75,0.5,60.0,0.0,0.25,0.0,0.0,0.020181715488433838,0.03309297561645507,0.4589531489973911,0.019034922122955322,0.0,0,23bba8c5-d667-4d3e-9df0-c9d05a2b0033,20260814,ecs-keyed,benign-ecs-geo,0,cloudflare
4,4,4,4,528,1.0,1.0,4,4,4,1.0,0.0,0.0,1.0,1.0,0.25,0.0,14.25,0.43365638927397454,0.25,0.0,0.0,0.011320888996124268,0.021925938129425046,0.7290602444477352,0.010391414165496826,0.0,0,d5597d89-8b4d-461a-8aee-816cca0da4be,20260814,ecs-keyed,benign-ecs-geo,0,cloudflare
4,4,4,4,698,1.0,1.0,4,4,4,1.0,0.0,0.0,1.0,1.0,1.0,0.75,244.0,0.28108898687675815,0.25,0.0,0.0,0.004536151885986328,0.004998159408569336,0.0739137052027713,0.003705143928527832,0.0,0,116d4564-ec33-43d3-bb4d-dc4d0f443df5,20260814,ecs-keyed,benign-ecs-geo,0,cloudflare
4,4,4,4,672,1.0,1.0,4,4,4,1.0,0.0,0.0,1.0,1.0,1.0,0.75,60.0,0.0,0.25,0.0,0.0,0.030299901962280273,0.03799395561218261,0.296241833331564,0.029582977294921875,0.0,0,64461a6b-b8f8-45cd-bffb-aea1211d0b13,20260814,ecs-keyed,benign-ecs-geo,0,opendns
4,4,4,4,432,1.0,1.0,0,4,4,1.0,0.0,0.0,1.0,1.0,1.0,0.75,58.0,0.05972588991616818,0.25,0.0,0.0,2.5296475887298584,2.5447896361351012,0.006387172484313745,0.0,0.0,0,5e9033cf-15c1-4998-9204-f970809b751e,20260814,ecs-keyed,benign-ecs-geo,0,google
4,4,4,4,632,1.0,1.0,0,4,4,1.0,0.0,0.0,1.0,1.0,1.0,0.75,60.0,0.0,0.25,0.0,0.0,2.5374431014060974,2.5497420907020567,0.004701377774827306,0.0,0.0,0,9986e416-073f-4150-b03e-f88256ba2315,20260814,ecs-keyed,benign-ecs-geo,0,opendns
4,4,4,4,632,1.0,1.0,0,4,4,1.0,0.0,0.0,1.0,1.0,1.0,0.75,60.0,0.0,0.25,0.0,0.0,2.5360732078552246,2.5478132009506225,0.003886690005489666,0.0,0.0,0,fcfc1189-2dbc-47fd-949d-010510c64636,20260814,ecs-keyed,benign-ecs-geo,0,opendns
4,4,4,4,672,1.0,1.0,4,4,4,1.0,0.0,0.0,1.0,1.0,1.0,0.75,59.25,0.02192469376669465,0.25,0.0,0.0,0.02185523509979248,0.036255931854248045,0.6292624726993339,0.021434664726257324,0.0,0,ef865bb7-09f5-434b-84f8-cca93fd3763c,20260814,ecs-keyed,benign-ecs-geo,0,cloudflare
4,4,4,4,664,1.0,1.0,4,4,4,1.0,0.0,0.0,1.0,1.0,1.0,0.75,60.0,0.0,0.25,0.0,0.0,0.025569558143615723,0.033882188796997066,0.2860234532096647,0.025440096855163574,0.0,0,6148ae8c-ab59-46dc-9565-0195b3849b98,20260814,ecs-keyed,benign-ecs-geo,0,cloudflare
4,4,4,4,488,1.0,1.0,4,4,4,1.0,0.0,0.0,1.0,1.0,0.75,0.5,60.0,0.0,0.25,0.0,0.0,0.027280449867248535,0.0412318468093872,0.3931753301958776,0.026673495769500732,0.0,0,97bbcc4c-0aaa-43b9-89d4-c3b570780c7e,20260814,ecs-keyed,benign-ecs-geo,0,google
4,4,4,4,744,1.0,1.0,1,4,4,1.0,0.0,0.0,1.0,1.0,1.0,0.75,285.1578947368421,0.22082404462304142,0.25,0.0,0.0,1.8824671506881714,2.513907790184021,0.5762634853280375,0.003191232681274414,0.0,0,507bb90e-9ff8-4ce7-bf50-8c974abbc351,20260814,ecs-keyed,benign-ecs-geo,0,cloudflare
4,4,4,4,656,1.0,1.0,0,4,4,1.0,0.0,0.0,1.0,1.0,1.0,0.75,60.0,0.0,0.25,0.0,0.0,2.532424211502075,2.5393116593360903,0.0032184649222631602,0.0,0.0,0,6deb8662-f104-4de6-a1a1-e116804e85c4,20260814,ecs-keyed,benign-ecs-geo,0,opendns
4,4,4,4,516,1.0,1.0,4,0,0,0.0,0.0,0.0,1.0,1.0,1.0,0.75,140.15384615384616,1.0800497278186523,0.25,0.0,0.0,0.04186278581619263,0.13833320140838617,1.6627515415337244,0.04177135229110718,0.0,0,5633c8d4-7ad8-4c4a-a6e4-6c62cd4e95d0,20260814,ecs-keyed,benign-burst,0,quad9
4,4,4,4,526,1.0,1.0,4,0,0,0.0,0.0,0.0,1.0,1.0,1.0,0.75,72.84615384615384,1.3595121018782579,0.25,0.0,0.0,0.00842428207397461,0.015588736534118653,0.8106250277730669,0.008176624774932861,0.0,0,03b6f617-1940-4cbb-b5aa-2df99aea582e,20260814,ecs-keyed,benign-burst,0,google
4,4,4,4,520,1.0,1.0,4,0,0,0.0,0.0,0.0,1.0,1.0,1.0,0.75,116.81818181818181,0.4961063553758382,0.25,0.0,0.0,0.005216836929321289,0.013560903072357173,1.1479280557664677,0.0049468278884887695,0.0,0,e96adc8a-0047-40ef-a0e9-2419784cd09c,20260814,ecs-keyed,benign-burst,0,quad9
4,4,4,4,448,1.0,1.0,0,0,0,0.0,0.0,0.0,1.0,1.0,1.0,0.75,164.8,0.8096070167299172,0.25,0.0,0.0,2.5060479044914246,2.50755774974823,0.0005545858810596127,0.0,0.0,0,cfafdd91-b25e-43f9-9637-2f03bb7dd293,20260814,ecs-keyed,benign-burst,0,cloudflare
4,4,4,4,372,1.0,1.0,1,0,0,0.0,0.0,0.0,1.0,1.0,1.0,0.75,44.75,1.3254594656830099,0.25,0.0,0.0,1.8819894194602966,2.50477557182312,0.5731185371994395,0.01370859146118164,0.0,0,423d55b8-3f48-4174-8ba6-a34e015075d3,20260814,ecs-keyed,benign-burst,0,opendns
4,4,4,4,464,1.0,1.0,1,4,4,1.0,0.0,0.0,1.0,1.0,1.0,0.75,60.0,0.0,0.25,0.0,0.0,1.900225043296814,2.526028037071228,0.5686161992812944,0.028641462326049805,0.0,0,33ed1d69-9d67-40b7-9990-a16367735d43,20260814,ecs-keyed,benign-ecs-geo,0,quad9
4,4,4,4,424,1.0,1.0,0,4,4,1.0,0.0,0.0,1.0,1.0,0.75,0.5,57.5,0.07530655685082076,0.25,0.0,0.0,2.518010973930359,2.5223614096641542,0.001906531258486239,0.0,0.0,0,c58870a1-637c-48b4-8fbd-45dc930378b0,20260814,ecs-keyed,benign-ecs-geo,0,opendns
4,4,4,4,518,1.0,1.0,0,0,0,0.0,0.0,0.0,1.0,1.0,1.0,0.75,12819.538461538461,0.7858219616076144,0.25,0.0,0.0,2.503620207309723,2.5045995473861695,0.0003516242054139056,0.0,0.0,0,a9a17f53-6f4d-4581-84a3-7ac346466271,20260814,ecs-keyed,benign-burst,0,cloudflare
4,4,4,4,554,1.0,1.0,4,0,0,0.0,0.0,0.0,1.0,1.0,1.0,0.75,101.4,1.017388281294342,0.25,0.0,0.0,0.010212600231170654,0.01998801231384277,0.8099777223694543,0.00985562801361084,0.0,0,9f9a0568-da44-4ec9-a721-5e227ab5bef7,20260814,ecs-keyed,benign-burst,0,opendns
4,4,4,4,632,1.0,1.0,2,4,4,1.0,0.0,0.0,1.0,1.0,1.0,0.75,60.0,0.0,0.25,0.0,0.0,1.2822644710540771,2.5384816765785216,0.9753765667174716,0.03066718578338623,0.0,0,1f4fcec8-09af-42a8-b7b9-0eb79908a6c1,20260814,ecs-keyed,benign-ecs-geo,0,google
4,4,4,4,704,1.0,1.0,0,4,4,1.0,0.0,0.0,1.0,1.0,1.0,0.75,57.5,0.07530655685082076,0.25,0.0,0.0,2.531083405017853,2.542371320724487,0.00560079676562919,0.0,0.0,0,6a324315-54b8-44b4-911d-8dc1c9312386,20260814,ecs-keyed,benign-ecs-geo,0,quad9
4,4,4,4,577,1.0,1.0,3,0,0,0.0,0.0,0.0,1.0,1.0,1.0,0.75,79.2,0.4498967296014245,0.25,0.0,0.0,0.004717707633972168,0.011630630493164058,1.0573216134653753,0.004577577114105225,0.0,0,fe0c7f08-ae86-4227-b4bb-bbf95ad0c887,20260814,ecs-keyed,benign-burst,0,quad9
4,4,4,4,410,1.0,1.0,4,0,0,0.0,0.0,0.0,1.0,1.0,1.0,0.75,92.14285714285714,0.977302658109423,0.25,0.0,0.0,0.00603032112121582,0.013219189643859859,0.8558349905142566,0.005530714988708496,0.0,0,6d55df07-218f-4bdc-8dc5-d212b7fba1bb,20260814,ecs-keyed,benign-burst,0,cloudflare
4,4,4,4,424,1.0,1.0,0,0,0,0.0,0.0,0.0,1.0,1.0,1.0,0.75,152.85714285714286,0.65089281387101,0.25,0.0,0.0,2.5186761021614075,2.5328831672668457,0.0043711934145305815,0.0,0.0,0,fc4672e9-b9c2-47c2-811d-41293fbdd380,20260814,ecs-keyed,benign-burst,0,google
4,4,4,4,606,1.0,1.0,4,0,0,0.0,0.0,0.0,1.0,1.0,1.0,0.75,292.7857142857143,0.5040003966164337,0.25,0.0,0.0,0.018153369426727295,0.03604779243469238,0.8198812166068831,0.017958343029022217,0.0,0,2fb3496e-7e21-4319-ba25-7da960deb1f5,20260814,ecs-keyed,benign-burst,0,google
4,4,4,4,544,1.0,1.0,0,0,0,0.0,0.0,0.0,1.0,1.0,1.0,0.75,249.28571428571428,0.5931993362271994,0.25,0.0,0.0,2.512133240699768,2.531361198425293,0.0054733365570936495,0.0,0.0,0,014af86d-a263-4cdc-ae4e-3f602f3ac9c7,20260814,ecs-keyed,benign-burst,0,quad9
4,4,4,4,450,1.0,1.0,0,0,0,0.0,0.0,0.0,1.0,1.0,1.0,0.75,134.625,0.7487131492100099,0.25,0.0,0.0,2.5195721983909607,2.545286846160889,0.007335317524042032,0.0,0.0,0,59358ec5-31ce-453c-aba8-0730282400d9,20260814,ecs-keyed,benign-burst,0,opendns
4,4,4,4,516,1.0,1.0,4,0,0,0.0,0.0,0.0,1.0,1.0,1.0,0.75,486.0,2.105392452948433,0.25,0.0,0.0,0.002512335777282715,0.0038053035736083977,0.36806156025291237,0.0022573471069335938,0.0,0,0aaf34a5-e4fb-45dd-be86-9a51be667242,20260814,ecs-keyed,benign-burst,0,google
4,4,4,4,560,1.0,1.0,4,0,0,0.0,0.0,0.0,1.0,1.0,1.0,0.75,3035.2727272727275,2.0297570505348643,0.25,0.0,0.0,0.010247349739074707,0.030644702911376942,1.4346063120758945,0.010016202926635742,0.0,0,0129bde5-1911-4915-a98d-0dd3967012fe,20260814,ecs-keyed,benign-burst,0,google
4,4,4,4,436,1.0,1.0,4,0,0,0.0,0.0,0.0,1.0,1.0,1.0,0.75,700.5,0.7036450936467297,0.25,0.0,0.0,0.0034909844398498535,0.004751813411712646,0.26897248536374674,0.003224968910217285,0.0,0,4861105d-3f4b-4d0c-937b-1c35c9a66888,20260814,ecs-keyed,benign-burst,0,opendns
4,4,4,4,492,1.0,1.0,4,0,0,0.0,0.0,0.0,1.0,1.0,1.0,0.75,124.54545454545455,0.7833555421916949,0.25,0.0,0.0,0.006778240203857422,0.013772630691528316,0.741593658161053,0.0060149431228637695,0.0,0,81487c4c-e021-4726-aabc-0894ef2c3330,20260814,ecs-keyed,benign-burst,0,google
4,4,4,4,618,1.0,1.0,3,0,0,0.0,0.0,0.0,1.0,1.0,1.0,0.75,192.52631578947367,0.18496697456574382,0.25,0.0,0.0,0.005937337875366211,0.013519287109374997,0.9157827436939416,0.004895389080047607,0.0,0,9a1f8cc2-5317-422f-9957-5a2c6d45bcf1,20260814,ecs-keyed,benign-burst,0,cloudflare
4,4,4,4,601,1.0,1.0,4,0,0,0.0,0.0,0.0,1.0,1.0,1.0,0.75,225.125,0.3428959830689434,0.25,0.0,0.0,0.0132598876953125,0.02963905334472656,0.9101450157094583,0.012499213218688965,0.0,0,5eeb17b0-2629-4b24-bd30-a57702b91ec1,20260814,ecs-keyed,benign-burst,0,opendns
4,4,4,4,607,1.0,1.0,4,0,0,0.0,0.0,0.0,1.0,1.0,1.0,0.75,1665.5,1.5346050024559599,0.25,0.0,0.0,0.006840527057647705,0.016568863391876215,1.0108164255710907,0.006473898887634277,0.0,0,086df651-c7aa-4de0-bab2-7d672197e868,20260814,ecs-keyed,benign-burst,0,cloudflare
4,4,4,4,574,1.0,1.0,4,0,0,0.0,0.0,0.0,1.0,1.0,1.0,0.75,354.2142857142857,0.759299238264567,0.25,0.0,0.0,0.009613335132598877,0.026657891273498525,1.2638021575815674,0.009508788585662842,0.0,0,1312805e-b15a-4983-b802-eec24a3e1289,20260814,ecs-keyed,benign-burst,0,cloudflare
4,4,4,4,454,1.0,1.0,4,0,0,0.0,0.0,0.0,1.0,1.0,1.0,0.75,4958.375,1.651942507837496,0.25,0.0,0.0,0.005536258220672607,0.012550783157348628,0.9056267969857006,0.0050408244132995605,0.0,0,ebb525d5-33de-429b-b2d2-4e35807aa174,20260814,ecs-keyed,benign-burst,0,opendns
4,4,4,4,660,1.0,1.0,3,0,0,0.0,0.0,0.0,1.0,1.0,1.0,0.75,91.8,0.7566816083104856,0.25,0.0,0.0,0.01344156265258789,0.03825119733810423,1.328226531057772,0.012951254844665527,0.0,0,a2a54ae8-7c83-4cb9-835f-076cb4836ece,20260814,ecs-keyed,benign-burst,0,cloudflare
4,4,4,4,452,1.0,1.0,0,0,0,0.0,0.0,0.0,1.0,1.0,1.0,0.75,150.66666666666666,0.8893695239929991,0.25,0.0,0.0,2.567936599254608,2.6254413604736326,0.02203534081076162,0.0,0.0,0,18a6c3dd-ce46-4c32-a6b1-aef79add4089,20260814,ecs-keyed,benign-burst,0,cloudflare
4,4,4,4,404,1.0,1.0,0,0,0,0.0,0.0,0.0,1.0,1.0,1.0,0.75,449.0,0.5180856919792692,0.25,0.0,0.0,2.562523663043976,2.686158967018127,0.034482027531532476,0.0,0.0,0,feba5661-404f-4514-9bc1-456445d9ddf1,20260814,ecs-keyed,benign-burst,0,cloudflare
4,4,4,4,456,1.0,1.0,4,0,0,0.0,0.0,0.0,1.0,1.0,1.0,0.75,74.55555555555556,0.7384527062442483,0.25,0.0,0.0,0.0076667070388793945,0.013383007049560547,0.7413165908926116,0.007534146308898926,0.0,0,db003cb5-e51b-45cf-9221-360791836b6d,20260814,ecs-keyed,benign-burst,0,google
4,4,4,4,478,1.0,1.0,1,0,0,0.0,0.0,0.0,1.0,1.0,1.0,0.75,385.1,2.5805469488809374,0.25,0.0,0.0,1.8937763571739197,2.529689705371857,0.5679420254009219,0.0307161808013916,0.0,0,e559cbd6-0c26-4563-81ba-ffcbe33cde5b,20260814,ecs-keyed,benign-burst,0,opendns
4,4,4,4,416,1.0,1.0,4,0,0,0.0,0.0,0.0,1.0,1.0,1.0,0.75,525.0,2.215714293024323,0.25,0.0,0.0,0.005071759223937988,0.01222356557846069,1.0105061236743091,0.004825592041015625,0.0,0,c93ebf8d-9980-45de-994b-ab951650074b,20260814,ecs-keyed,benign-burst,0,quad9
4,4,4,4,524,1.0,1.0,0,0,0,0.0,0.0,0.0,1.0,1.0,1.0,0.75,546.5,3.0054388816626516,0.25,0.0,0.0,2.5035518407821655,2.503837776184082,0.00013544909506795614,0.0,0.0,0,0d7d2561-41a7-4718-ae12-9dd5116bb1d9,20260814,ecs-keyed,benign-burst,0,cloudflare
4,4,4,4,504,1.0,1.0,0,0,0,0.0,0.0,0.0,1.0,1.0,1.0,0.75,151.0,0.554079487770911,0.25,0.0,0.0,2.506862461566925,2.514223337173462,0.0021044975793400155,0.0,0.0,0,735a7e1f-2ecc-404b-b2b9-f19be48eb8d3,20260814,ecs-keyed,benign-burst,0,opendns
4,4,4,4,448,1.0,1.0,0,0,0,0.0,0.0,0.0,1.0,1.0,1.0,0.75,2348.875,2.4495442958425246,0.25,0.0,0.0,2.510102689266205,2.5170981526374816,0.0024690967400604097,0.0,0.0,0,fc5c8bac-e72e-4990-ae8c-05e796d18ca8,20260814,ecs-keyed,benign-burst,0,quad9
4,4,4,4,465,1.0,1.0,0,0,0,0.0,0.0,0.0,1.0,1.0,1.0,0.75,2597.875,2.5303337992732478,0.25,0.0,0.0,2.5142711400985718,2.5213026881217955,0.0025270821857859478,0.0,0.0,0,3f39a471-cc28-485d-9f93-061916970f08,20260814,ecs-keyed,benign-burst,0,opendns
4,4,4,4,462,1.0,1.0,4,0,0,0.0,0.0,0.0,1.0,1.0,1.0,0.75,5037.25,1.7046278955984797,0.25,0.0,0.0,0.009173274040222168,0.01763721704483032,0.7891796112277653,0.008887529373168945,0.0,0,242ba343-845a-420e-95a3-3b9c22cb1342,20260814,ecs-keyed,benign-burst,0,opendns
4,4,4,4,419,1.0,1.0,4,0,0,0.0,0.0,0.0,1.0,1.0,1.0,0.75,3210.8333333333335,2.1273018640612724,0.25,0.0,0.0,0.016782402992248535,0.026976788043975828,0.592485871228586,0.016644060611724854,0.0,0,b1f16c99-95df-4da0-9bed-a8f81a966a95,20260814,ecs-keyed,benign-burst,0,cloudflare
4,4,4,4,508,1.0,1.0,0,0,0,0.0,0.0,0.0,1.0,1.0,0.75,0.5,6451.111111111111,1.3914996524566277,0.25,0.0,0.0,2.5099838376045227,2.5216914415359497,0.0033573842614802066,0.0,0.0,0,dcd57001-ee5f-4736-85d4-0619c02eb9ed,20260814,ecs-keyed,benign-burst,0,cloudflare
4,4,4,4,476,1.0,1.0,1,0,0,0.0,0.0,0.0,1.0,1.0,1.0,0.75,71.54545454545455,0.6218962188421787,0.25,0.0,0.0,1.8881185054779053,2.535671865940094,0.5769750431605849,0.0013737678527832031,0.0,0,5e140192-79d5-40bd-876d-e2b7c992b000,20260814,ecs-keyed,benign-burst,0,google
4,4,4,4,571,1.0,1.0,4,0,0,0.0,0.0,0.0,1.0,1.0,1.0,0.75,730.3125,1.0954051901602138,0.25,0.0,0.0,0.0029472708702087402,0.003786039352416992,0.204002944408838,0.0027051568031311035,0.0,0,109e2e7f-6bf3-497e-910b-f035a1c7f178,20260814,ecs-keyed,benign-burst,0,opendns
4,4,4,4,478,1.0,1.0,0,0,0,0.0,0.0,0.0,1.0,1.0,1.0,0.75,1494.8,1.1504851109910428,0.25,0.0,0.0,2.521662473678589,2.5325090646743775,0.003939229084030056,0.0,0.0,0,4a9f2f7d-788d-44ce-8321-fe5ff6a9a0e6,20260814,ecs-keyed,benign-burst,0,cloudflare
4,4,4,4,512,1.0,1.0,4,0,0,0.0,0.0,0.0,1.0,1.0,1.0,0.75,3334.9166666666665,1.89300403256357,0.25,0.0,0.0,0.0038493871688842773,0.006863045692443846,0.560196399892914,0.003280162811279297,0.0,0,4c35b5b5-6a56-4e52-866a-c9ac345faf03,20260814,ecs-keyed,benign-burst,0,opendns
4,4,4,4,528,1.0,1.0,0,0,0,0.0,0.0,0.0,1.0,1.0,1.0,0.75,119.0,1.0251041093086497,0.25,0.0,0.0,2.513172149658203,2.5308104753494263,0.005041251912135677,0.0,0.0,0,21f3d035-8607-4fa3-9acb-840e5236802e,20260814,ecs-keyed,benign-burst,0,cloudflare
4,4,4,4,420,1.0,1.0,4,0,0,0.0,0.0,0.0,1.0,1.0,1.0,0.75,197.14285714285714,0.38359008962407115,0.25,0.0,0.0,0.002695143222808838,0.003265380859375,0.2163940334134197,0.0020307302474975586,0.0,0,f7944dce-67ca-4608-87fb-ab12ebb982ab,20260814,ecs-keyed,benign-burst,0,opendns
4,4,4,4,507,1.0,1.0,3,0,0,0.0,0.0,0.0,1.0,1.0,1.0,0.75,72.0909090909091,0.9998497141578665,0.25,0.0,0.0,0.003315269947052002,0.00466165542602539,0.2971641879294984,0.0027527809143066406,0.0,0,6e8b688f-6311-4ffd-9037-e8787cf09f4e,20260814,ecs-keyed,benign-burst,0,quad9
4,4,4,4,710,1.0,1.0,4,0,0,0.0,0.0,0.0,1.0,1.0,1.0,0.75,196.61904761904762,2.8060364188852533,0.25,0.0,0.0,0.0016940832138061523,0.0020006299018859863,0.134852769337705,0.0015282630920410156,0.0,0,0fe3b8d7-84fb-47db-8bc8-f2da17dfe54d,20260814,ecs-keyed,benign-burst,0,google
4,4,4,4,488,1.0,1.0,4,0,0,0.0,0.0,0.0,1.0,1.0,1.0,0.75,275.27272727272725,0.4677179583668054,0.25,0.0,0.0,0.00877910852432251,0.01487431526184082,0.6500953586943035,0.008510291576385498,0.0,0,e6f72888-e44b-40cd-ad17-de22b99162f1,20260814,ecs-keyed,benign-burst,0,google
4,4,4,4,564,1.0,1.0,4,0,0,0.0,0.0,0.0,1.0,1.0,1.0,0.75,180.76923076923077,0.6626626400806248,0.25,0.0,0.0,0.011142194271087646,0.033299100399017324,1.4267253421929658,0.011000096797943115,0.0,0,2f206827-3c8e-4ec4-b489-afc1da7c848a,20260814,ecs-keyed,benign-burst,0,cloudflare
4,4,4,4,588,1.0,1.0,4,0,0,0.0,0.0,0.0,1.0,1.0,1.0,0.75,247.2,0.4281105119057043,0.25,0.0,0.0,0.003403186798095703,0.004349863529205322,0.3205569995990123,0.0033158063888549805,0.0,0,083b64c2-da55-4c64-ae5f-98e55f54e0f9,20260814,ecs-keyed,benign-burst,0,quad9
4,4,4,4,444,1.0,1.0,4,0,0,0.0,0.0,0.0,1.0,1.0,1.0,0.75,132.14285714285714,1.1003121942260754,0.25,0.0,0.0,0.0053070783615112305,0.012316894531249995,0.9456162480112243,0.005076766014099121,0.0,0,8dc06a3e-02f9-4775-acbe-34394b92e010,20260814,ecs-keyed,benign-burst,0,google
4,4,4,4,509,1.0,1.0,3,0,0,0.0,0.0,0.0,1.0,1.0,1.0,0.75,1833.0,2.9347406267438805,0.25,0.0,0.0,0.013858318328857422,0.029005479812622068,0.858377474607657,0.013573408126831055,0.0,0,e3277bbd-24cc-4288-b583-d8cd1532f226,20260814,ecs-keyed,benign-burst,0,google
4,4,4,4,412,1.0,1.0,4,0,0,0.0,0.0,0.0,1.0,1.0,1.0,0.75,1242.0,1.9356453674366394,0.25,0.0,0.0,0.009891092777252197,0.019797921180725094,0.8295086155261423,0.009487688541412354,0.0,0,1fd11874-37ec-4a65-8c9d-e8267d383775,20260814,ecs-keyed,benign-burst,0,google
4,4,4,4,508,1.0,1.0,3,0,0,0.0,0.0,0.0,1.0,1.0,1.0,0.75,227.1818181818182,1.31133765675473,0.25,0.0,0.0,0.009240567684173584,0.026182186603546133,1.3103531234465076,0.008768618106842041,0.0,0,453fbb52-ccf6-42c4-bd84-3059bfcbcddb,20260814,ecs-keyed,benign-burst,0,cloudflare
4,4,4,4,620,1.0,1.0,4,0,0,0.0,0.0,0.0,1.0,1.0,1.0,0.75,64.11764705882354,0.628124878956146,0.25,0.0,0.0,0.006982922554016113,0.01607627868652343,0.9264580917247638,0.006270945072174072,0.0,0,59286335-7f1d-4cef-b56b-565bf68d2e5a,20260814,ecs-keyed,benign-burst,0,google
4,4,4,4,573,1.0,1.0,1,0,0,0.0,0.0,0.0,1.0,1.0,1.0,0.75,2331.5454545454545,2.4848080967792106,0.25,0.0,0.0,1.894837200641632,2.54816712141037,0.5768617645647215,0.0018017292022705078,0.0,0,f26eeba8-508f-4b27-b483-6e721ee06b2f,20260814,ecs-keyed,benign-burst,0,cloudflare
4,4,4,4,404,1.0,1.0,4,0,0,0.0,0.0,0.0,1.0,1.0,1.0,0.75,2463.6,1.6192816274977198,0.25,0.0,0.0,0.015234768390655518,0.046741700172424294,1.4888092193448426,0.014974594116210938,0.0,0,524caa73-6b0c-4f68-a6e8-66041da8673a,20260814,ecs-keyed,benign-burst,0,google
4,4,4,4,728,1.0,1.0,2,0,0,0.0,0.0,0.0,1.0,1.0,1.0,0.75,241.0,1.5790894251768155,0.25,0.0,0.0,1.323895275592804,2.6590145587921143,0.9942922346396947,0.007500052452087402,0.0,0,baaceba7-0446-47c9-8d29-c9a699f7c153,20260814,ecs-keyed,benign-burst,0,opendns
4,4,4,4,500,1.0,1.0,4,0,0,0.0,0.0,0.0,1.0,1.0,1.0,0.75,235.30769230769232,0.45650719616733354,0.25,0.0,0.0,0.0023606419563293457,0.002519822120666504,0.08461116943483188,0.0019941329956054688,0.0,0,4ddb66fb-7072-4957-98a2-d5d45d3c98fc,20260814,ecs-keyed,benign-burst,0,cloudflare
4,4,4,4,420,1.0,1.0,1,0,0,0.0,0.0,0.0,1.0,1.0,1.0,0.75,107.28571428571429,1.1582028284303476,0.25,0.0,0.0,2.517115533351898,4.638629591464995,0.702878574986464,0.002240419387817383,0.0,0,0dddcabd-a2ff-4b7c-80b2-65e3228c261f,20260814,ecs-keyed,benign-burst,0,opendns
4,4,4,4,438,1.0,1.0,3,0,0,0.0,0.0,0.0,1.0,1.0,1.0,0.75,1576.142857142857,0.6808857358780864,0.25,0.0,0.0,0.6653718948364258,2.149920606613158,1.5978613799513712,0.05214627583821615,0.0,0,18510fd9-5f05-416b-9240-3fcdf27ec783,20260814,ecs-keyed,benign-burst,0,quad9
4,4,4,4,489,1.0,1.0,4,0,0,0.0,0.0,0.0,1.0,1.0,1.0,0.75,4526.5,1.6802248576013266,0.25,0.0,0.0,0.002100348472595215,0.002799856662750244,0.2407359782833602,0.001877903938293457,0.0,0,96c55cc1-8caf-428a-9ad0-cc72eef8c3f0,20260814,ecs-keyed,benign-burst,0,google
4,4,4,4,526,1.0,1.0,4,0,0,0.0,0.0,0.0,1.0,1.0,1.0,0.75,278.46153846153845,0.2679415613918706,0.25,0.0,0.0,0.01117628812789917,0.014140605926513672,0.4024220173143291,0.010980725288391113,0.0,0,9e9c53f3-5aa2-4965-a2bc-53db91cc18f3,20260814,ecs-keyed,benign-burst,0,google
4,4,4,4,634,1.0,1.0,2,0,0,0.0,0.0,0.0,1.0,1.0,1.0,0.75,171.11111111111111,0.6103992814928791,0.25,0.0,0.0,0.6287651658058167,2.1308298349380483,1.7238270074245214,0.0026667118072509766,0.0,0,ba0d8005-774b-4773-abc9-90c067fbb8a9,20260814,ecs-keyed,benign-burst,0,google
4,4,4,4,416,1.0,1.0,0,0,0,0.0,0.0,0.0,1.0,1.0,1.0,0.75,211.85714285714286,0.5962766262682604,0.25,0.0,0.0,2.5036316514015198,2.504023516178131,0.00021504735576626058,0.0,0.0,0,e54cb7ab-9207-4b12-8626-2a3b2699ad27,20260814,ecs-keyed,benign-burst,0,cloudflare
4,4,4,4,615,1.0,1.0,2,0,0,0.0,0.0,0.0,1.0,1.0,1.0,0.75,1714.25,2.5798274373400565,0.25,0.0,0.0,2.504627227783203,5.007676386833191,0.9993304257897113,0.0016171932220458984,0.0,0,7fb9f21a-cf08-4753-9b75-8117b8fc5814,20260814,ecs-keyed,benign-burst,0,google
4,4,4,4,452,1.0,1.0,0,0,0,0.0,0.0,0.0,1.0,1.0,1.0,0.75,114.6,0.26502353709700754,0.25,0.0,0.0,2.508818507194519,2.5168232321739197,0.0022910916502259793,0.0,0.0,0,74ad62a8-7531-4a5e-b915-dda2b4d2d9f1,20260814,ecs-keyed,benign-burst,0,opendns
4,4,4,4,527,1.0,1.0,4,0,0,0.0,0.0,0.0,1.0,1.0,1.0,0.75,264.5833333333333,0.27790648942411145,0.25,0.0,0.0,0.00655132532119751,0.014037466049194333,0.8293415533642902,0.006052732467651367,0.0,0,12fa4296-a5f9-4283-9091-4a03a09b223e,20260814,ecs-keyed,benign-burst,0,quad9
4,4,4,4,570,1.0,1.0,0,0,0,0.0,0.0,0.0,1.0,1.0,1.0,0.75,4216.285714285715,1.5290136697102292,0.25,0.0,0.0,2.5098777413368225,2.5167043566703797,0.0019479505374950321,0.0,0.0,0,98c58fd5-d225-4a75-a67b-ee14a3d00fa1,20260814,ecs-keyed,benign-burst,0,opendns
4,4,4,4,491,1.0,1.0,0,0,0,0.0,0.0,0.0,1.0,1.0,1.0,0.75,3351.5,1.4427931057575234,0.25,0.0,0.0,2.5092433094978333,2.520026206970215,0.003071885289756722,0.0,0.0,0,cf3cd7d5-e2a8-4e12-a732-291f12bf4db4,20260814,ecs-keyed,benign-burst,0,quad9
4,4,4,4,476,1.0,1.0,3,0,0,0.0,0.0,0.0,1.0,1.0,1.0,0.75,164.1,0.7569353019307452,0.25,0.0,0.0,0.008721768856048584,0.014932203292846679,0.6589496279395466,0.007854640483856201,0.0,0,d332c929-9b36-4f48-bd23-895045965fb3,20260814,ecs-keyed,benign-burst,0,cloudflare
4,4,4,4,648,1.0,1.0,0,0,0,0.0,0.0,0.0,1.0,1.0,1.0,0.75,131.4,0.7424925248992184,0.25,0.0,0.0,2.514962077140808,2.519240927696228,0.0028092922983744984,0.0,0.0,0,abaef84f-f636-450a-8361-2e1da8306b51,20260814,ecs-keyed,benign-burst,0,opendns
4,4,4,4,448,1.0,1.0,1,0,0,0.0,0.0,0.0,1.0,1.0,1.0,0.75,107.625,0.7535294676745851,0.25,0.0,0.0,1.8843754529953003,2.51782546043396,0.5769046720519947,0.0014061927795410156,0.0,0,fbaa5aa1-1dec-49fe-a0fc-2077b22aa130,20260814,ecs-keyed,benign-burst,0,google
4,4,4,4,406,1.0,1.0,3,0,0,0.0,0.0,0.0,1.0,1.0,1.0,0.75,672.4,1.3058163114803305,0.25,0.0,0.0,0.00982898473739624,0.020067858695983883,0.8143141492464369,0.009293556213378906,0.0,0,67de6e6f-df4b-4048-8b52-32375649018f,20260814,ecs-keyed,benign-burst,0,cloudflare
4,4,4,4,428,1.0,1.0,4,0,0,0.0,0.0,0.0,1.0,1.0,1.0,0.75,328.85714285714283,1.357637596567747,0.25,0.0,0.0,0.008286654949188232,0.014246737957000733,0.7127239878657952,0.008084416389465332,0.0,0,9adfe39b-2736-4676-a164-4b44d9d8ec6c,20260814,ecs-keyed,benign-burst,0,opendns
4,4,4,4,430,1.0,1.0,3,0,0,0.0,0.0,0.0,1.0,1.0,1.0,0.75,374.7142857142857,2.251389110304773,0.25,0.0,0.0,0.0051223039627075195,0.01192696094512939,0.9527377435147951,0.004728794097900391,0.0,0,af152d0d-6cf9-49cc-abd6-86b9bfe9b096,20260814,ecs-keyed,benign-burst,0,google
4,4,4,4,498,1.0,1.0,0,0,0,0.0,0.0,0.0,1.0,1.0,1.0,0.75,105.83333333333333,0.6425988063064324,0.25,0.0,0.0,2.5080392360687256,2.519800770282745,0.0033694365435560252,0.0,0.0,0,7dc79f6f-403f-465a-98f5-0bb8e37caefd,20260814,ecs-keyed,benign-burst,0,opendns
4,4,4,4,416,1.0,1.0,4,0,0,0.0,0.0,0.0,1.0,1.0,1.0,0.75,29.714285714285715,0.34775271769279087,0.25,0.0,0.0,0.0063307881355285645,0.012598037719726559,0.7084881246793564,0.006123900413513184,0.0,0,8a8d62e1-18d2-4709-9c99-8fe80a375c80,20260814,ecs-keyed,benign-burst,0,google
4,4,4,4,544,1.0,1.0,0,0,0,0.0,0.0,0.0,1.0,1.0,1.0,0.75,96.26666666666667,1.1958741029912425,0.25,0.0,0.0,2.5137223601341248,2.5262760400772093,0.003735096407606421,0.0,0.0,0,6b0446c6-7a3c-4f88-af97-2920eb94e4b6,20260814,ecs-keyed,benign-burst,0,cloudflare
4,4,4,4,424,1.0,1.0,4,0,0,0.0,0.0,0.0,1.0,1.0,1.0,0.75,94.875,0.7926792914334195,0.25,0.0,0.0,0.007535994052886963,0.016958153247833247,0.888794974371439,0.006034374237060547,0.0,0,eee76e01-0659-4dfe-b520-0b6d9c471197,20260814,ecs-keyed,benign-burst,0,opendns
4,4,4,4,534,1.0,1.0,4,0,0,0.0,0.0,0.0,1.0,1.0,1.0,0.75,338.84615384615387,1.6549185439444083,0.25,0.0,0.0,0.002115786075592041,0.0039621591567993155,0.6254562964461603,0.0019383430480957031,0.0,0,a992728a-fa5d-44ba-bbb2-cccad11965d1,20260814,ecs-keyed,benign-burst,0,cloudflare
4,4,4,4,511,1.0,1.0,4,0,0,0.0,0.0,0.0,1.0,1.0,1.0,0.75,3330.1,1.840189078293682,0.25,0.0,0.0,0.00643610954284668,0.016612386703491206,1.1364708803104449,0.006232082843780518,0.0,0,15114b63-210c-4016-82ae-c1174fe7d57d,20260814,ecs-keyed,benign-burst,0,cloudflare
4,4,4,4,474,1.0,1.0,4,0,0,0.0,0.0,0.0,1.0,1.0,1.0,0.75,57.0,0.15789473684210525,0.25,0.0,0.0,0.011874198913574219,0.01562051773071289,0.4317231763046468,0.01164942979812622,0.0,0,d9c045ba-ba3f-451a-8e8e-30ee6fa465e3,20260814,ecs-keyed,benign-burst,0,google
1,1,1,1,125,1.0,1.0,1,1,1,1.0,1.0,0.0,-0.0,-0.0,1.0,0.0,162.0,0.0,1.0,0.0,0.0,0.0024161338806152344,0.0024161338806152344,0.0,0.002234935760498047,0.0,0,694f0226-d068-4e4e-aa86-527d4a6c7a0a,20260814,ecs-keyed,adverse-ecs-omit,1,local-adverse-authority
4,4,4,4,376,1.0,1.0,4,0,0,0.0,0.0,0.0,1.0,1.0,1.0,0.75,60.0,0.732954447576534,0.25,0.0,0.0,0.00911015272140503,0.01924396753311157,0.86435842810679,0.008937299251556396,0.0,0,00ce1750-77d1-489a-961b-7b9c5652aae7,20260814,ecs-keyed,benign-burst,0,opendns
4,4,4,4,434,1.0,1.0,4,0,0,0.0,0.0,0.0,1.0,1.0,1.0,0.75,51.375,0.3998493094716134,0.25,0.0,0.0,0.014295578002929688,0.031033372879028315,0.9093699505652291,0.013376712799072266,0.0,0,a7d7c93a-0460-4737-89f8-83aecb7febea,20260814,ecs-keyed,benign-burst,0,google
4,4,4,4,504,1.0,1.0,3,0,0,0.0,0.0,0.0,1.0,1.0,1.0,0.75,115.45454545454545,0.7873566916341792,0.25,0.0,0.0,0.013766825199127197,0.03807749748229979,1.2716209020864786,0.01280742883682251,0.0,0,a4a6291e-b930-4537-9fe8-80191c545eb2,20260814,ecs-keyed,benign-burst,0,cloudflare
4,4,4,4,591,1.0,1.0,4,0,0,0.0,0.0,0.0,1.0,1.0,1.0,0.75,490.07142857142856,1.4676899147143403,0.25,0.0,0.0,0.015054404735565186,0.045868790149688705,1.474876428164086,0.01484447717666626,0.0,0,0755b924-b1fb-4411-87c6-7b988dd72d62,20260814,ecs-keyed,benign-burst,0,opendns
4,4,4,4,542,1.0,1.0,4,0,0,0.0,0.0,0.0,1.0,1.0,1.0,0.75,162.53846153846155,2.522649118080421,0.25,0.0,0.0,0.0152207612991333,0.035528659820556634,0.9878097179513509,0.014932215213775635,0.0,0,3ea351ef-9065-40b5-acbd-b17913aa45c2,20260814,ecs-keyed,benign-burst,0,google
4,4,4,4,668,1.0,1.0,3,0,0,0.0,0.0,0.0,1.0,1.0,1.0,0.75,180.4,0.8051490567674731,0.25,0.0,0.0,0.014621496200561523,0.04186631441116331,1.3365927549050771,0.01393061876296997,0.0,0,2c658aae-940d-48dc-8f25-b89ffbb993cc,20260814,ecs-keyed,benign-burst,0,quad9
1,1,1,1,157,1.0,1.0,1,1,1,1.0,1.0,0.0,-0.0,-0.0,1.0,0.0,2230.0,0.0,1.0,0.0,0.0,0.02119159698486328,0.02119159698486328,0.0,0.02103424072265625,0.0,0,89badfbc-8a86-4981-9b65-77747445ac44,20260814,ecs-keyed,adverse-ecs-omit,1,local-adverse-authority
1,1,1,1,128,1.0,1.0,1,1,1,1.0,0.0,0.0,-0.0,-0.0,1.0,0.0,1.0,0.0,1.0,0.0,0.0,0.023136138916015625,0.023136138916015625,0.0,0.02302098274230957,0.0,0,5bafba42-f16b-428f-bd86-388bcef0d2f7,20260814,ecs-keyed,adverse-ecs-omit,1,local-adverse-authority
1,1,1,1,129,1.0,1.0,1,1,1,1.0,1.0,0.0,-0.0,-0.0,1.0,0.0,121.0,0.0,1.0,0.0,0.0,0.005282878875732422,0.005282878875732422,0.0,0.00509333610534668,0.0,0,7e0abb0b-c82b-4b9e-888d-976fa834d277,20260814,ecs-keyed,adverse-ecs-omit,1,local-adverse-authority
4,4,4,4,500,1.0,1.0,4,0,0,0.0,0.0,0.0,1.0,1.0,1.0,0.75,219.54545454545453,0.5691158528172982,0.25,0.0,0.0,0.03787416219711304,0.1083312630653381,1.3235253385597756,0.03694486618041992,0.0,0,4acd13f6-0817-4855-ac87-5f9150a1272f,20260814,ecs-keyed,benign-burst,0,opendns
1,1,1,1,133,1.0,1.0,1,1,1,1.0,1.0,0.0,-0.0,-0.0,1.0,0.0,900.0,0.0,1.0,0.0,0.0,0.0034372806549072266,0.0034372806549072266,0.0,0.0031976699829101562,0.0,0,dee61ea1-5ff4-4dcc-9fe7-873696c45e51,20260814,ecs-keyed,adverse-ecs-omit,1,local-adverse-authority
1,1,1,1,103,1.0,1.0,1,1,1,1.0,1.0,0.0,-0.0,-0.0,1.0,0.0,600.0,0.0,1.0,0.0,0.0,0.01581287384033203,0.01581287384033203,0.0,0.015572309494018555,0.0,0,5b86ceee-b28f-49f3-92f9-5de30eadc84b,20260814,ecs-keyed,adverse-ecs-omit,1,local-adverse-authority
1,1,1,1,105,1.0,1.0,1,1,1,1.0,1.0,0.0,-0.0,-0.0,1.0,0.0,60.0,0.0,1.0,0.0,0.0,0.013395547866821289,0.013395547866821289,0.0,0.013221263885498047,0.0,0,dff54c3e-b9e3-4fa9-ab6f-79bc682d3240,20260814,ecs-keyed,adverse-ecs-omit,1,local-adverse-authority
1,1,1,1,141,1.0,1.0,1,1,1,1.0,1.0,0.0,-0.0,-0.0,1.0,0.0,56.0,0.0,1.0,0.0,0.0,0.01457524299621582,0.01457524299621582,0.0,0.01435232162475586,0.0,0,4087b01f-3129-4a09-89bf-a74ba6467d38,20260814,ecs-keyed,adverse-ecs-omit,1,local-adverse-authority
4,4,4,4,400,1.0,1.0,3,0,0,0.0,0.0,0.0,1.0,1.0,1.0,0.75,120.5,1.0608539314434826,0.25,0.0,0.0,0.6432792544364929,2.143582558631896,1.6795734571536032,0.01933741569519043,0.0,0,fc9aa87e-6912-45a5-991b-f07dd83ffbaa,20260814,ecs-keyed,benign-burst,0,quad9
1,1,1,1,164,1.0,1.0,1,1,1,1.0,0.0,0.0,-0.0,-0.0,1.0,0.0,60.0,0.0,1.0,0.0,0.0,0.0070285797119140625,0.0070285797119140625,0.0,0.0068399906158447266,0.0,0,7d92cf67-52a1-4597-b871-dc26351ecd47,20260814,ecs-keyed,adverse-ecs-omit,1,local-adverse-authority
1,1,1,1,131,1.0,1.0,1,1,1,1.0,1.0,0.0,-0.0,-0.0,1.0,0.0,17.0,0.0,1.0,0.0,0.0,0.0039670467376708984,0.0039670467376708984,0.0,0.003793954849243164,0.0,0,1def9a16-34b6-43f5-bcdd-374414c32043,20260814,ecs-keyed,adverse-ecs-omit,1,local-adverse-authority
1,1,1,1,155,1.0,1.0,1,1,1,1.0,1.0,0.0,-0.0,-0.0,1.0,0.0,39.0,0.0,1.0,0.0,0.0,0.0022611618041992188,0.0022611618041992188,0.0,0.002112150192260742,0.0,0,704c4572-5ab5-4445-a85c-23b3893edfa0,20260814,ecs-keyed,adverse-ecs-omit,1,local-adverse-authority
1,1,1,1,165,1.0,1.0,1,1,1,1.0,1.0,0.0,-0.0,-0.0,1.0,0.0,30.0,0.0,1.0,0.0,0.0,0.001969575881958008,0.001969575881958008,0.0,0.0018138885498046875,0.0,0,8b2188f4-5372-40d4-a2bb-03f28be1b767,20260814,ecs-keyed,adverse-ecs-omit,1,local-adverse-authority
1,1,1,1,145,1.0,1.0,1,1,1,1.0,1.0,0.0,-0.0,-0.0,1.0,0.0,60.0,0.0,1.0,0.0,0.0,0.002062559127807617,0.002062559127807617,0.0,0.001911163330078125,0.0,0,9ee23e46-695e-46e3-b3ce-5c21246340b2,20260814,ecs-keyed,adverse-ecs-omit,1,local-adverse-authority
1,1,1,1,111,1.0,1.0,1,1,1,1.0,1.0,0.0,-0.0,-0.0,1.0,0.0,580.0,0.0,1.0,0.0,0.0,0.019805192947387695,0.019805192947387695,0.0,0.01965618133544922,0.0,0,ca2010df-5e2d-48cc-b294-7243df04a828,20260814,ecs-keyed,adverse-ecs-omit,1,local-adverse-authority
1,1,1,1,115,1.0,1.0,1,1,1,1.0,1.0,0.0,-0.0,-0.0,1.0,0.0,21.0,0.0,1.0,0.0,0.0,0.0020303726196289062,0.0020303726196289062,0.0,0.0018341541290283203,0.0,0,f50b8f8d-5193-47eb-8e6f-daa5abcbe5e2,20260814,ecs-keyed,adverse-ecs-omit,1,local-adverse-authority
1,1,1,1,120,1.0,1.0,1,1,1,1.0,0.0,0.0,-0.0,-0.0,1.0,0.0,270.0,0.0,1.0,0.0,0.0,0.002441883087158203,0.002441883087158203,0.0,0.0022716522216796875,0.0,0,93f57147-cbeb-46ba-a6b4-9fbf56b4b5a1,20260814,ecs-keyed,adverse-ecs-omit,1,local-adverse-authority
1,1,1,1,109,1.0,1.0,1,1,1,1.0,1.0,0.0,-0.0,-0.0,1.0,0.0,60.0,0.0,1.0,0.0,0.0,0.04356646537780762,0.04356646537780762,0.0,0.04346275329589844,0.0,0,44f90335-1f4e-42e8-9bd3-7b9b98dc1fbb,20260814,ecs-keyed,adverse-ecs-omit,1,local-adverse-authority
1,1,1,1,108,1.0,1.0,1,1,1,1.0,0.0,0.0,-0.0,-0.0,1.0,0.0,28.0,0.0,1.0,0.0,0.0,0.003955364227294922,0.003955364227294922,0.0,0.0037813186645507812,0.0,0,fe01bde5-3ff4-442a-9c28-e7dfe77b313d,20260814,ecs-keyed,adverse-ecs-omit,1,local-adverse-authority
1,1,1,1,107,1.0,1.0,1,1,1,1.0,1.0,0.0,-0.0,-0.0,1.0,0.0,137.0,0.0,1.0,0.0,0.0,0.013225078582763672,0.013225078582763672,0.0,0.013078927993774414,0.0,0,8f27d5cc-2a75-4be5-bbdf-d3ab57e6d567,20260814,ecs-keyed,adverse-ecs-omit,1,local-adverse-authority
1,1,1,1,103,1.0,1.0,1,1,1,1.0,1.0,0.0,-0.0,-0.0,1.0,0.0,300.0,0.0,1.0,0.0,0.0,0.002233743667602539,0.002233743667602539,0.0,0.0020546913146972656,0.0,0,82c263d8-4b80-4994-9ef8-960d8a1837e0,20260814,ecs-keyed,adverse-ecs-omit,1,local-adverse-authority
1,1,1,1,109,1.0,1.0,1,1,1,1.0,1.0,0.0,-0.0,-0.0,1.0,0.0,2662.0,0.0,1.0,0.0,0.0,0.004289865493774414,0.004289865493774414,0.0,0.004148006439208984,0.0,0,e54f1813-b799-4ed6-82fd-164628b49585,20260814,ecs-keyed,adverse-ecs-omit,1,local-adverse-authority
1,1,1,1,109,1.0,1.0,1,1,1,1.0,1.0,0.0,-0.0,-0.0,1.0,0.0,300.0,0.0,1.0,0.0,0.0,0.03310871124267578,0.03310871124267578,0.0,0.032947540283203125,0.0,0,7159659a-a151-46d6-bc2f-78f6141fb0d2,20260814,ecs-keyed,adverse-ecs-omit,1,local-adverse-authority
1,1,1,1,143,1.0,1.0,1,1,1,1.0,1.0,0.0,-0.0,-0.0,1.0,0.0,1946.0,0.0,1.0,0.0,0.0,0.0027785301208496094,0.0027785301208496094,0.0,0.0024373531341552734,0.0,0,735e59eb-1e5e-4846-a8de-b58fabb30504,20260814,ecs-keyed,adverse-ecs-omit,1,local-adverse-authority
1,1,1,1,216,1.0,1.0,1,1,1,1.0,0.0,0.0,-0.0,-0.0,1.0,0.0,300.0,0.0,1.0,0.0,0.0,0.03752493858337402,0.03752493858337402,0.0,0.03736162185668945,0.0,0,5be0cf64-aa2e-49f5-bc8b-1a767dbeba5a,20260814,ecs-keyed,adverse-ecs-omit,1,local-adverse-authority
1,1,1,1,109,1.0,1.0,1,1,1,1.0,1.0,0.0,-0.0,-0.0,1.0,0.0,297.0,0.0,1.0,0.0,0.0,0.004747629165649414,0.004747629165649414,0.0,0.00455927848815918,0.0,0,a0b03362-02b4-475d-9591-8d2999aec326,20260814,ecs-keyed,adverse-ecs-omit,1,local-adverse-authority
1,1,1,1,135,1.0,1.0,1,1,1,1.0,1.0,0.0,-0.0,-0.0,1.0,0.0,41.0,0.0,1.0,0.0,0.0,0.0031092166900634766,0.0031092166900634766,0.0,0.002898693084716797,0.0,0,1b6b18dc-2a25-4475-aa68-e32ae50ffedf,20260814,ecs-keyed,adverse-ecs-omit,1,local-adverse-authority
1,1,1,1,115,1.0,1.0,1,1,1,1.0,1.0,0.0,-0.0,-0.0,1.0,0.0,20243.0,0.0,1.0,0.0,0.0,0.002312898635864258,0.002312898635864258,0.0,0.0021457672119140625,0.0,0,3258c444-af3a-419c-86dd-c369ec65f70c,20260814,ecs-keyed,adverse-ecs-omit,1,local-adverse-authority
1,1,1,1,116,1.0,1.0,1,1,1,1.0,0.0,0.0,-0.0,-0.0,1.0,0.0,69.0,0.0,1.0,0.0,0.0,0.0341796875,0.0341796875,0.0,0.034036874771118164,0.0,0,7e14149f-ad06-472c-a0d6-5e7b5c46b6b7,20260814,ecs-keyed,adverse-ecs-omit,1,local-adverse-authority
1,1,1,1,115,1.0,1.0,1,1,1,1.0,1.0,0.0,-0.0,-0.0,1.0,0.0,16059.0,0.0,1.0,0.0,0.0,0.03665947914123535,0.03665947914123535,0.0,0.03645181655883789,0.0,0,9c140048-5d2a-4efe-8ad4-1146c4baabbb,20260814,ecs-keyed,adverse-ecs-omit,1,local-adverse-authority
1,1,1,1,128,1.0,1.0,1,1,1,1.0,0.0,0.0,-0.0,-0.0,1.0,0.0,20409.0,0.0,1.0,0.0,0.0,0.0053293704986572266,0.0053293704986572266,0.0,0.00497746467590332,0.0,0,2e772237-2ea6-467f-9a63-536f069c055c,20260814,ecs-keyed,adverse-ecs-omit,1,local-adverse-authority
1,1,1,1,195,1.0,1.0,1,1,1,1.0,1.0,0.0,-0.0,-0.0,1.0,0.0,300.0,0.0,1.0,0.0,0.0,0.012030839920043945,0.012030839920043945,0.0,0.01183319091796875,0.0,0,5b34629b-d929-4011-b897-03c2ebd28a71,20260814,ecs-keyed,adverse-ecs-omit,1,local-adverse-authority
1,1,1,1,97,1.0,1.0,1,1,1,1.0,1.0,0.0,-0.0,-0.0,1.0,0.0,30.0,0.0,1.0,0.0,0.0,0.015284061431884766,0.015284061431884766,0.0,0.015129804611206055,0.0,0,70b8027c-4f59-4429-9b53-3413238cd42e,20260814,ecs-keyed,adverse-ecs-omit,1,local-adverse-authority
1,1,1,1,120,1.0,1.0,1,1,1,1.0,0.0,0.0,-0.0,-0.0,1.0,0.0,50.0,0.0,1.0,0.0,0.0,0.0015821456909179688,0.0015821456909179688,0.0,0.0013742446899414062,0.0,0,6a26a490-4b2e-4db1-b9a0-b3a49e5c5075,20260814,ecs-keyed,adverse-ecs-omit,1,local-adverse-authority
1,1,1,1,111,1.0,1.0,1,1,1,1.0,1.0,0.0,-0.0,-0.0,1.0,0.0,300.0,0.0,1.0,0.0,0.0,0.004971504211425781,0.004971504211425781,0.0,0.004792451858520508,0.0,0,26f27a8c-8351-4e0a-bc00-6c04c4add11b,20260814,ecs-keyed,adverse-ecs-omit,1,local-adverse-authority
1,1,1,1,115,1.0,1.0,1,1,1,1.0,1.0,0.0,-0.0,-0.0,1.0,0.0,20.0,0.0,1.0,0.0,0.0,0.0035903453826904297,0.0035903453826904297,0.0,0.003437042236328125,0.0,0,a8ad56f8-b3c2-4e0c-8932-b1f4aeae5e83,20260814,ecs-keyed,adverse-ecs-omit,1,local-adverse-authority
1,1,1,1,153,1.0,1.0,1,1,1,1.0,1.0,0.0,-0.0,-0.0,1.0,0.0,91.0,0.0,1.0,0.0,0.0,0.0020847320556640625,0.0020847320556640625,0.0,0.00193023681640625,0.0,0,ac8a29a0-2733-46cd-8528-177238ed515e,20260814,ecs-keyed,adverse-ecs-omit,1,local-adverse-authority
1,1,1,1,115,1.0,1.0,1,1,1,1.0,1.0,0.0,-0.0,-0.0,1.0,0.0,10394.0,0.0,1.0,0.0,0.0,0.002718210220336914,0.002718210220336914,0.0,0.0025277137756347656,0.0,0,d7b22f43-424f-4e7c-a155-93bc9ffb5cdc,20260814,ecs-keyed,adverse-ecs-omit,1,local-adverse-authority
1,1,1,1,124,1.0,1.0,1,1,1,1.0,0.0,0.0,-0.0,-0.0,1.0,0.0,653.0,0.0,1.0,0.0,0.0,0.0018379688262939453,0.0018379688262939453,0.0,0.001659393310546875,0.0,0,7ccb99d5-1cda-4828-b6d1-a2afbd73ced9,20260814,ecs-keyed,adverse-ecs-omit,1,local-adverse-authority
1,1,1,1,127,1.0,1.0,1,1,1,1.0,1.0,0.0,-0.0,-0.0,1.0,0.0,169.0,0.0,1.0,0.0,0.0,0.0045452117919921875,0.0045452117919921875,0.0,0.004296779632568359,0.0,0,2f32276d-e326-46df-a2c1-910c98190062,20260814,ecs-keyed,adverse-ecs-omit,1,local-adverse-authority
1,1,1,1,113,1.0,1.0,1,1,1,1.0,1.0,0.0,-0.0,-0.0,1.0,0.0,653.0,0.0,1.0,0.0,0.0,0.002838611602783203,0.002838611602783203,0.0,0.0023980140686035156,0.0,0,1dadafae-a28f-4926-ab75-6b8842c41965,20260814,ecs-keyed,adverse-ecs-omit,1,local-adverse-authority
1,1,1,1,116,1.0,1.0,1,1,1,1.0,0.0,0.0,-0.0,-0.0,1.0,0.0,300.0,0.0,1.0,0.0,0.0,0.0019605159759521484,0.0019605159759521484,0.0,0.0017278194427490234,0.0,0,ed5d2502-fdf3-4005-ba97-0c2308219f90,20260814,ecs-keyed,adverse-ecs-omit,1,local-adverse-authority
1,1,1,1,103,1.0,1.0,1,1,1,1.0,1.0,0.0,-0.0,-0.0,1.0,0.0,300.0,0.0,1.0,0.0,0.0,0.0027256011962890625,0.0027256011962890625,0.0,0.00250244140625,0.0,0,00e834be-3073-41ee-9f6c-ff81a0c4ca76,20260814,ecs-keyed,adverse-ecs-omit,1,local-adverse-authority
1,1,1,1,97,1.0,1.0,1,1,1,1.0,1.0,0.0,-0.0,-0.0,1.0,0.0,300.0,0.0,1.0,0.0,0.0,0.004881143569946289,0.004881143569946289,0.0,0.0047833919525146484,0.0,0,79f52e42-3238-49cc-b220-2d6c1644b26b,20260814,ecs-keyed,adverse-ecs-omit,1,local-adverse-authority
1,1,1,1,188,1.0,1.0,1,1,1,1.0,0.0,0.0,-0.0,-0.0,1.0,0.0,300.0,0.0,1.0,0.0,0.0,0.003310680389404297,0.003310680389404297,0.0,0.0031566619873046875,0.0,0,a10a3ea0-2df0-459d-aa9f-7ffd9d4a2036,20260814,ecs-keyed,adverse-ecs-omit,1,local-adverse-authority
1,1,1,1,117,1.0,1.0,1,1,1,1.0,1.0,0.0,-0.0,-0.0,1.0,0.0,243.0,0.0,1.0,0.0,0.0,0.01392674446105957,0.01392674446105957,0.0,0.01373910903930664,0.0,0,199ad4ad-0e7b-42bd-9e89-05519dad5d10,20260814,ecs-keyed,adverse-ecs-omit,1,local-adverse-authority
1,1,1,1,123,1.0,1.0,1,1,1,1.0,1.0,0.0,-0.0,-0.0,1.0,0.0,300.0,0.0,1.0,0.0,0.0,0.003204822540283203,0.003204822540283203,0.0,0.0020678043365478516,0.0,0,8ad2aeec-a61a-437f-876d-d5a0cf3a952f,20260814,ecs-keyed,adverse-ecs-omit,1,local-adverse-authority
1,1,1,1,120,1.0,1.0,1,1,1,1.0,0.0,0.0,-0.0,-0.0,1.0,0.0,300.0,0.0,1.0,0.0,0.0,0.015885353088378906,0.015885353088378906,0.0,0.01528310775756836,0.0,0,973010ea-5760-4cb3-b306-3eb337ff0b92,20260814,ecs-keyed,adverse-ecs-omit,1,local-adverse-authority
1,1,1,1,107,1.0,1.0,1,1,1,1.0,1.0,0.0,-0.0,-0.0,1.0,0.0,300.0,0.0,1.0,0.0,0.0,0.006148338317871094,0.006148338317871094,0.0,0.005730628967285156,0.0,0,3aee2970-73a3-4252-973e-9376f106dd0c,20260814,ecs-keyed,adverse-ecs-omit,1,local-adverse-authority
1,1,1,1,97,1.0,1.0,1,1,1,1.0,1.0,0.0,-0.0,-0.0,1.0,0.0,300.0,0.0,1.0,0.0,0.0,0.01883673667907715,0.01883673667907715,0.0,0.018363237380981445,0.0,0,1f58a883-ace6-4edd-a8c0-300a4123defd,20260814,ecs-keyed,adverse-ecs-omit,1,local-adverse-authority
1,1,1,1,110,1.0,1.0,1,1,1,1.0,0.0,0.0,-0.0,-0.0,1.0,0.0,300.0,0.0,1.0,0.0,0.0,0.004095315933227539,0.004095315933227539,0.0,0.003885507583618164,0.0,0,7b853d5e-1319-4728-bc47-8bee619b308b,20260814,ecs-keyed,adverse-ecs-omit,1,local-adverse-authority
1,1,1,1,113,1.0,1.0,1,1,1,1.0,1.0,0.0,-0.0,-0.0,1.0,0.0,300.0,0.0,1.0,0.0,0.0,0.014876842498779297,0.014876842498779297,0.0,0.014745235443115234,0.0,0,d0586b54-3d0c-4fb6-a3fd-44fd596a1537,20260814,ecs-keyed,adverse-ecs-omit,1,local-adverse-authority
1,1,1,1,121,1.0,1.0,1,1,1,1.0,1.0,0.0,-0.0,-0.0,1.0,0.0,67.0,0.0,1.0,0.0,0.0,0.003716707229614258,0.003716707229614258,0.0,0.002582073211669922,0.0,0,2849d16c-d051-4b34-bab6-44f40b7a4a74,20260814,ecs-keyed,adverse-ecs-omit,1,local-adverse-authority
1,1,1,1,162,1.0,1.0,1,1,1,1.0,0.0,0.0,-0.0,-0.0,1.0,0.0,23.0,0.0,1.0,0.0,0.0,0.0030930042266845703,0.0030930042266845703,0.0,0.0018301010131835938,0.0,0,a86527a9-3678-43c0-9643-299dcd6a410f,20260814,ecs-keyed,adverse-ecs-omit,1,local-adverse-authority
1,1,1,1,109,1.0,1.0,1,1,1,1.0,1.0,0.0,-0.0,-0.0,1.0,0.0,2522.0,0.0,1.0,0.0,0.0,0.004563570022583008,0.004563570022583008,0.0,0.003997802734375,0.0,0,b12894a2-8105-4959-84af-ce975c3a2461,20260814,ecs-keyed,adverse-ecs-omit,1,local-adverse-authority
1,1,1,1,111,1.0,1.0,1,1,1,1.0,1.0,0.0,-0.0,-0.0,1.0,0.0,112.0,0.0,1.0,0.0,0.0,0.012275457382202148,0.012275457382202148,0.0,0.012130260467529297,0.0,0,df4a6e68-886f-4457-8176-f95d925c6c8c,20260814,ecs-keyed,adverse-ecs-omit,1,local-adverse-authority
1,1,1,1,117,1.0,1.0,1,1,1,1.0,1.0,0.0,-0.0,-0.0,1.0,0.0,20.0,0.0,1.0,0.0,0.0,0.01704716682434082,0.01704716682434082,0.0,0.0166471004486084,0.0,0,b3b14f35-a914-4870-83b3-d9e2f5d745b8,20260814,ecs-keyed,adverse-ecs-omit,1,local-adverse-authority
1,1,1,1,95,1.0,1.0,1,1,1,1.0,1.0,0.0,-0.0,-0.0,1.0,0.0,60.0,0.0,1.0,0.0,0.0,0.016463279724121094,0.016463279724121094,0.0,0.016360759735107422,0.0,0,378c11db-d528-4724-96f8-d7a704d020e1,20260814,ecs-keyed,adverse-ecs-omit,1,local-adverse-authority
1,1,1,1,198,1.0,1.0,1,1,1,1.0,0.0,0.0,-0.0,-0.0,1.0,0.0,300.0,0.0,1.0,0.0,0.0,0.0028753280639648438,0.0028753280639648438,0.0,0.0025565624237060547,0.0,0,dbdf8375-fabc-474c-9187-8c97e90e1a97,20260814,ecs-keyed,adverse-ecs-omit,1,local-adverse-authority
1,1,1,1,111,1.0,1.0,1,1,1,1.0,1.0,0.0,-0.0,-0.0,1.0,0.0,1456.0,0.0,1.0,0.0,0.0,0.003958940505981445,0.003958940505981445,0.0,0.0034046173095703125,0.0,0,158fee50-8668-4a26-b5f0-e0532260f4d2,20260814,ecs-keyed,adverse-ecs-omit,1,local-adverse-authority
1,1,1,1,151,1.0,1.0,1,1,1,1.0,1.0,0.0,-0.0,-0.0,1.0,0.0,300.0,0.0,1.0,0.0,0.0,0.003423452377319336,0.003423452377319336,0.0,0.0033044815063476562,0.0,0,dd51964f-a868-4fc8-88c4-e5d9fcc25a28,20260814,ecs-keyed,adverse-ecs-omit,1,local-adverse-authority
1,1,1,1,117,1.0,1.0,1,1,1,1.0,1.0,0.0,-0.0,-0.0,1.0,0.0,278.0,0.0,1.0,0.0,0.0,0.019707679748535156,0.019707679748535156,0.0,0.019578933715820312,0.0,0,ea77c204-a488-4c52-a887-76371e624c2c,20260814,ecs-keyed,adverse-ecs-omit,1,local-adverse-authority
1,1,1,1,204,1.0,1.0,1,1,1,1.0,0.0,0.0,-0.0,-0.0,1.0,0.0,95.0,0.0,1.0,0.0,0.0,0.024303674697875977,0.024303674697875977,0.0,0.023825645446777344,0.0,0,7b5ba463-038b-4087-9d9b-dece94e70e5b,20260814,ecs-keyed,adverse-ecs-omit,1,local-adverse-authority
1,1,1,1,107,1.0,1.0,1,1,1,1.0,1.0,0.0,-0.0,-0.0,1.0,0.0,60.0,0.0,1.0,0.0,0.0,0.00513005256652832,0.00513005256652832,0.0,0.0035877227783203125,0.0,0,7e38a455-59e4-414d-bd99-af558ffdb95e,20260814,ecs-keyed,adverse-ecs-omit,1,local-adverse-authority
1,1,1,1,145,1.0,1.0,1,1,1,1.0,1.0,0.0,-0.0,-0.0,1.0,0.0,20.0,0.0,1.0,0.0,0.0,0.0026979446411132812,0.0026979446411132812,0.0,0.0025844573974609375,0.0,0,c7ffcf07-a14a-4917-9390-bb4fbda6f6ee,20260814,ecs-keyed,adverse-ecs-omit,1,local-adverse-authority
1,1,1,1,172,1.0,1.0,1,1,1,1.0,0.0,0.0,-0.0,-0.0,1.0,0.0,26.0,0.0,1.0,0.0,0.0,0.002354145050048828,0.002354145050048828,0.0,0.002234935760498047,0.0,0,127e74b2-f539-471b-baa3-1c8c4fd4d4c0,20260814,ecs-keyed,adverse-ecs-omit,1,local-adverse-authority
1,1,1,1,193,1.0,1.0,1,1,1,1.0,1.0,0.0,-0.0,-0.0,1.0,0.0,300.0,0.0,1.0,0.0,0.0,0.0025985240936279297,0.0025985240936279297,0.0,0.002446889877319336,0.0,0,6e8a5fa1-3b95-4042-8d78-915d5b6e183f,20260814,ecs-keyed,adverse-ecs-omit,1,local-adverse-authority
1,1,1,1,199,1.0,1.0,1,1,1,1.0,1.0,0.0,-0.0,-0.0,1.0,0.0,165.0,0.0,1.0,0.0,0.0,0.002744913101196289,0.002744913101196289,0.0,0.0024230480194091797,0.0,0,c3589c27-ba08-44d4-97b2-907968bcc1a9,20260814,ecs-keyed,adverse-ecs-omit,1,local-adverse-authority
1,1,1,1,164,1.0,1.0,1,1,1,1.0,0.0,0.0,-0.0,-0.0,1.0,0.0,60.0,0.0,1.0,0.0,0.0,0.002882719039916992,0.002882719039916992,0.0,0.0026962757110595703,0.0,0,4db2357a-6ecc-4754-a887-56739c536bd8,20260814,ecs-keyed,adverse-ecs-omit,1,local-adverse-authority
1,1,1,1,118,1.0,1.0,1,1,1,1.0,0.0,0.0,-0.0,-0.0,1.0,0.0,136.0,0.0,1.0,0.0,0.0,0.049675941467285156,0.049675941467285156,0.0,0.04937267303466797,0.0,0,f2f8729f-99bc-411c-9818-651e6fbbf438,20260814,ecs-keyed,adverse-ecs-omit,1,local-adverse-authority
1,1,1,1,113,1.0,1.0,1,1,1,1.0,1.0,0.0,-0.0,-0.0,1.0,0.0,20.0,0.0,1.0,0.0,0.0,0.001989603042602539,0.001989603042602539,0.0,0.0018613338470458984,0.0,0,d61e1b97-6cc9-48b7-a9d2-5e8bee8ff35a,20260814,ecs-keyed,adverse-ecs-omit,1,local-adverse-authority
1,1,1,1,140,1.0,1.0,1,1,1,1.0,0.0,0.0,-0.0,-0.0,1.0,0.0,592.0,0.0,1.0,0.0,0.0,0.01508331298828125,0.01508331298828125,0.0,0.014580965042114258,0.0,0,392d2413-4b2c-4d8a-96e6-9a58d1892b0b,20260814,ecs-keyed,adverse-ecs-omit,1,local-adverse-authority
1,1,1,1,148,1.0,1.0,1,1,1,1.0,0.0,0.0,-0.0,-0.0,1.0,0.0,138.0,0.0,1.0,0.0,0.0,0.0235595703125,0.0235595703125,0.0,0.022988319396972656,0.0,0,57487d78-ae29-455c-b033-5942dfbced59,20260814,ecs-keyed,adverse-ecs-omit,1,local-adverse-authority
1,1,1,1,127,1.0,1.0,1,1,1,1.0,1.0,0.0,-0.0,-0.0,1.0,0.0,5120.0,0.0,1.0,0.0,0.0,0.015659809112548828,0.015659809112548828,0.0,0.015526771545410156,0.0,0,0ca44fe8-dca5-41ab-bc08-581129f5b9eb,20260814,ecs-keyed,adverse-ecs-omit,1,local-adverse-authority
1,1,1,1,130,1.0,1.0,1,1,1,1.0,0.0,0.0,-0.0,-0.0,1.0,0.0,300.0,0.0,1.0,0.0,0.0,0.004208087921142578,0.004208087921142578,0.0,0.003911495208740234,0.0,0,d9dcc177-9673-412e-9c56-cd1f1d692075,20260814,ecs-keyed,adverse-ecs-omit,1,local-adverse-authority
1,1,1,1,199,1.0,1.0,1,1,1,1.0,1.0,0.0,-0.0,-0.0,1.0,0.0,37.0,0.0,1.0,0.0,0.0,0.005099058151245117,0.005099058151245117,0.0,0.004395723342895508,0.0,0,e27413da-e140-456d-8306-023feec8b6ea,20260814,ecs-keyed,adverse-ecs-omit,1,local-adverse-authority
1,1,1,1,125,1.0,1.0,1,1,1,1.0,1.0,0.0,-0.0,-0.0,1.0,0.0,300.0,0.0,1.0,0.0,0.0,0.0023648738861083984,0.0023648738861083984,0.0,0.0021162033081054688,0.0,0,0690e3a3-9750-40d9-ad79-4088436cba6b,20260814,ecs-keyed,adverse-ecs-omit,1,local-adverse-authority
1,1,1,1,193,1.0,1.0,1,1,1,1.0,1.0,0.0,-0.0,-0.0,1.0,0.0,300.0,0.0,1.0,0.0,0.0,0.007653474807739258,0.007653474807739258,0.0,0.007517576217651367,0.0,0,8977c71b-b211-49fb-a981-bb5d7d79d5a8,20260814,ecs-keyed,adverse-ecs-omit,1,local-adverse-authority
1,1,1,1,123,1.0,1.0,1,1,1,1.0,1.0,0.0,-0.0,-0.0,1.0,0.0,300.0,0.0,1.0,0.0,0.0,0.004102230072021484,0.004102230072021484,0.0,0.003950595855712891,0.0,0,48cb3459-c9d9-481e-87d2-c85b62a72180,20260814,ecs-keyed,adverse-ecs-omit,1,local-adverse-authority
1,1,1,1,205,1.0,1.0,1,1,1,1.0,1.0,0.0,-0.0,-0.0,1.0,0.0,300.0,0.0,1.0,0.0,0.0,0.0025055408477783203,0.0025055408477783203,0.0,0.0018515586853027344,0.0,0,52b2431a-4d09-4bd5-8d7e-10de05836ea5,20260814,ecs-keyed,adverse-ecs-omit,1,local-adverse-authority
1,1,1,1,132,1.0,1.0,1,1,1,1.0,0.0,0.0,-0.0,-0.0,1.0,0.0,300.0,0.0,1.0,0.0,0.0,0.0209195613861084,0.0209195613861084,0.0,0.020446062088012695,0.0,0,b33b749b-7bcf-496b-b1d1-57879243c889,20260814,ecs-keyed,adverse-ecs-omit,1,local-adverse-authority
1,1,1,1,205,1.0,1.0,1,1,1,1.0,1.0,0.0,-0.0,-0.0,1.0,0.0,72.0,0.0,1.0,0.0,0.0,0.0518641471862793,0.0518641471862793,0.0,0.0517575740814209,0.0,0,3b613666-3c25-4e75-ba3e-2408aee99401,20260814,ecs-keyed,adverse-ecs-omit,1,local-adverse-authority
1,1,1,1,103,1.0,1.0,1,1,1,1.0,1.0,0.0,-0.0,-0.0,1.0,0.0,1197.0,0.0,1.0,0.0,0.0,0.023670434951782227,0.023670434951782227,0.0,0.023546457290649414,0.0,0,47f0c4f0-c100-40ec-b369-320f1704ac6d,20260814,ecs-keyed,adverse-ecs-omit,1,local-adverse-authority
1,1,1,1,99,1.0,1.0,1,1,1,1.0,1.0,0.0,-0.0,-0.0,1.0,0.0,900.0,0.0,1.0,0.0,0.0,0.0034265518188476562,0.0034265518188476562,0.0,0.002393960952758789,0.0,0,6897d9ff-ae47-4a70-9519-a6f0a4560b0f,20260814,ecs-keyed,adverse-ecs-omit,1,local-adverse-authority
1,1,1,1,110,1.0,1.0,1,1,1,1.0,0.0,0.0,-0.0,-0.0,1.0,0.0,19586.0,0.0,1.0,0.0,0.0,0.0018415451049804688,0.0018415451049804688,0.0,0.0016741752624511719,0.0,0,57c56ec1-4ef0-44c9-ba1d-a26d01f8624c,20260814,ecs-keyed,adverse-ecs-mismatch,1,local-adverse-authority
1,1,1,1,117,1.0,1.0,1,1,1,1.0,1.0,0.0,-0.0,-0.0,1.0,0.0,6763.0,0.0,1.0,0.0,0.0,0.0019707679748535156,0.0019707679748535156,0.0,0.0018138885498046875,0.0,0,72b7badd-2821-4428-ad2a-ca2a678ec116,20260814,ecs-keyed,adverse-ecs-omit,1,local-adverse-authority
1,1,1,1,157,1.0,1.0,1,1,1,1.0,1.0,0.0,-0.0,-0.0,1.0,0.0,60.0,0.0,1.0,0.0,0.0,0.014322996139526367,0.014322996139526367,0.0,0.01351475715637207,0.0,0,2fb6a8e1-7929-43b5-a57c-1c9a67b30e04,20260814,ecs-keyed,adverse-ecs-omit,1,local-adverse-authority
1,1,1,1,116,1.0,1.0,1,1,1,1.0,0.0,0.0,-0.0,-0.0,1.0,0.0,60.0,0.0,1.0,0.0,0.0,0.016127824783325195,0.016127824783325195,0.0,0.015380859375,0.0,0,bf44a573-3441-4d90-a3a6-4f74ed9cc360,20260814,ecs-keyed,adverse-ecs-omit,1,local-adverse-authority
1,1,1,1,120,1.0,1.0,1,1,1,1.0,0.0,0.0,-0.0,-0.0,1.0,0.0,114.0,0.0,1.0,0.0,0.0,0.013130903244018555,0.013130903244018555,0.0,0.012887001037597656,0.0,0,cc48f267-58b0-4782-a545-83f081adfec4,20260814,ecs-keyed,adverse-ecs-mismatch,1,local-adverse-authority
1,1,1,1,172,1.0,1.0,1,1,1,1.0,0.0,0.0,-0.0,-0.0,1.0,0.0,60.0,0.0,1.0,0.0,0.0,0.013956785202026367,0.013956785202026367,0.0,0.013823747634887695,0.0,0,8b4e71af-ac8b-4729-9d03-9127857483af,20260814,ecs-keyed,adverse-ecs-omit,1,local-adverse-authority
1,1,1,1,147,1.0,1.0,1,1,1,1.0,1.0,0.0,-0.0,-0.0,1.0,0.0,60.0,0.0,1.0,0.0,0.0,0.03843545913696289,0.03843545913696289,0.0,0.037993669509887695,0.0,0,0dd5ab3d-752b-4ca1-bd9c-4c47fdeaa07d,20260814,ecs-keyed,adverse-ecs-omit,1,local-adverse-authority
1,1,1,1,134,1.0,1.0,1,1,1,1.0,0.0,0.0,-0.0,-0.0,1.0,0.0,120.0,0.0,1.0,0.0,0.0,0.01485133171081543,0.01485133171081543,0.0,0.014662027359008789,0.0,0,34fa9628-3fb8-44d5-8713-ad8ca1715951,20260814,ecs-keyed,adverse-ecs-mismatch,1,local-adverse-authority
1,1,1,1,104,1.0,1.0,1,1,1,1.0,0.0,1.0,-0.0,-0.0,1.0,0.0,42.0,0.0,1.0,0.0,0.0,0.0027008056640625,0.0027008056640625,0.0,0.002543210983276367,0.0,0,4897b54e-d980-4737-a408-322f705a5c88,20260814,ecs-keyed,adverse-ecs-mismatch,1,local-adverse-authority
1,1,1,1,118,1.0,1.0,1,1,1,1.0,0.0,1.0,-0.0,-0.0,1.0,0.0,3394.0,0.0,1.0,0.0,0.0,0.002473592758178711,0.002473592758178711,0.0,0.002173900604248047,0.0,0,fc8169cf-f53a-43f5-8a7c-0774c4b2764e,20260814,ecs-keyed,adverse-ecs-mismatch,1,local-adverse-authority
1,1,1,1,158,1.0,1.0,1,1,1,1.0,0.0,0.0,-0.0,-0.0,1.0,0.0,60.0,0.0,1.0,0.0,0.0,0.015284061431884766,0.015284061431884766,0.0,0.015141963958740234,0.0,0,7a9d2d27-c78b-4448-9a99-ac2c7225d20e,20260814,ecs-keyed,adverse-ecs-mismatch,1,local-adverse-authority
1,1,1,1,146,1.0,1.0,1,1,1,1.0,0.0,1.0,-0.0,-0.0,1.0,0.0,589.0,0.0,1.0,0.0,0.0,0.005642890930175781,0.005642890930175781,0.0,0.00545954704284668,0.0,0,f8b05589-b28c-4fb8-9a5a-645aa170250c,20260814,ecs-keyed,adverse-ecs-mismatch,1,local-adverse-authority
1,1,1,1,134,1.0,1.0,1,1,1,1.0,0.0,1.0,-0.0,-0.0,1.0,0.0,273.0,0.0,1.0,0.0,0.0,0.0021152496337890625,0.0021152496337890625,0.0,0.0019359588623046875,0.0,0,422ba833-9b90-4e93-8031-9590238c43c9,20260814,ecs-keyed,adverse-ecs-mismatch,1,local-adverse-authority
1,1,1,1,128,1.0,1.0,1,1,1,1.0,0.0,1.0,-0.0,-0.0,1.0,0.0,18816.0,0.0,1.0,0.0,0.0,0.007716178894042969,0.007716178894042969,0.0,0.0074841976165771484,0.0,0,bb738439-e08d-49f1-9f24-e1cca48f8096,20260814,ecs-keyed,adverse-ecs-mismatch,1,local-adverse-authority
1,1,1,1,110,1.0,1.0,1,1,1,1.0,0.0,0.0,-0.0,-0.0,1.0,0.0,2443.0,0.0,1.0,0.0,0.0,0.0049359798431396484,0.0049359798431396484,0.0,0.004784584045410156,0.0,0,f7759dad-4723-4a53-91eb-fef780ae24c0,20260814,ecs-keyed,adverse-ecs-mismatch,1,local-adverse-authority
1,1,1,1,110,1.0,1.0,1,1,1,1.0,0.0,0.0,-0.0,-0.0,1.0,0.0,60.0,0.0,1.0,0.0,0.0,0.032535552978515625,0.032535552978515625,0.0,0.03236222267150879,0.0,0,da4af5f9-da45-4964-a63d-bca3510378f5,20260814,ecs-keyed,adverse-ecs-mismatch,1,local-adverse-authority
1,1,1,1,128,1.0,1.0,1,1,1,1.0,0.0,1.0,-0.0,-0.0,1.0,0.0,15915.0,0.0,1.0,0.0,0.0,0.006219625473022461,0.006219625473022461,0.0,0.006071329116821289,0.0,0,0e754070-e855-4614-803f-0a6cadaac64a,20260814,ecs-keyed,adverse-ecs-mismatch,1,local-adverse-authority
1,1,1,1,128,1.0,1.0,1,1,1,1.0,0.0,0.0,-0.0,-0.0,1.0,0.0,17320.0,0.0,1.0,0.0,0.0,0.0029735565185546875,0.0029735565185546875,0.0,0.0028142929077148438,0.0,0,ae5e983e-85ad-4c1c-ae95-737e2378d08b,20260814,ecs-keyed,adverse-ecs-mismatch,1,local-adverse-authority
1,1,1,1,206,1.0,1.0,1,1,1,1.0,0.0,1.0,-0.0,-0.0,1.0,0.0,300.0,0.0,1.0,0.0,0.0,0.016292095184326172,0.016292095184326172,0.0,0.01615452766418457,0.0,0,6451dfcf-aefb-450d-a3ae-458e7de35598,20260814,ecs-keyed,adverse-ecs-mismatch,1,local-adverse-authority
1,1,1,1,294,1.0,1.0,1,1,1,1.0,0.0,1.0,-0.0,-0.0,1.0,0.0,33.0,0.0,1.0,0.0,0.0,0.0027201175689697266,0.0027201175689697266,0.0,0.0025610923767089844,0.0,0,55a881ac-f6a1-442a-9e2b-3d646a993081,20260814,ecs-keyed,adverse-ecs-mismatch,1,local-adverse-authority
1,1,1,1,150,1.0,1.0,1,1,1,1.0,0.0,1.0,-0.0,-0.0,1.0,0.0,300.0,0.0,1.0,0.0,0.0,0.028391361236572266,0.028391361236572266,0.0,0.028137683868408203,0.0,0,76a2c636-548d-4b40-800c-c446cc1eb84f,20260814,ecs-keyed,adverse-ecs-mismatch,1,local-adverse-authority
1,1,1,1,132,1.0,1.0,1,1,1,1.0,0.0,0.0,-0.0,-0.0,1.0,0.0,100.0,0.0,1.0,0.0,0.0,0.015332937240600586,0.015332937240600586,0.0,0.015174627304077148,0.0,0,26d9e513-0074-4e91-ada8-0ebe8e061bb1,20260814,ecs-keyed,adverse-ecs-mismatch,1,local-adverse-authority
1,1,1,1,114,1.0,1.0,1,1,1,1.0,0.0,0.0,-0.0,-0.0,1.0,0.0,1196.0,0.0,1.0,0.0,0.0,0.004778385162353516,0.004778385162353516,0.0,0.004574775695800781,0.0,0,977590ad-99a2-48f5-95cd-4d3948dc4e9a,20260814,ecs-keyed,adverse-ecs-mismatch,1,local-adverse-authority
1,1,1,1,162,1.0,1.0,1,1,1,1.0,0.0,0.0,-0.0,-0.0,1.0,0.0,217.0,0.0,1.0,0.0,0.0,0.0031006336212158203,0.0031006336212158203,0.0,0.002969503402709961,0.0,0,d9c505c8-d455-480e-89a8-cfdbd516977c,20260814,ecs-keyed,adverse-ecs-mismatch,1,local-adverse-authority
1,1,1,1,114,1.0,1.0,1,1,1,1.0,0.0,0.0,-0.0,-0.0,1.0,0.0,1131.0,0.0,1.0,0.0,0.0,0.003149271011352539,0.003149271011352539,0.0,0.002330303192138672,0.0,0,20279b95-3721-4d2d-b209-7b824b5ec4b2,20260814,ecs-keyed,adverse-ecs-mismatch,1,local-adverse-authority
1,1,1,1,172,1.0,1.0,1,1,1,1.0,0.0,1.0,-0.0,-0.0,1.0,0.0,3340.0,0.0,1.0,0.0,0.0,0.002260446548461914,0.002260446548461914,0.0,0.002068042755126953,0.0,0,c37f010e-225c-4092-9311-c43512e5a833,20260814,ecs-keyed,adverse-ecs-mismatch,1,local-adverse-authority
1,1,1,1,134,1.0,1.0,1,1,1,1.0,0.0,0.0,-0.0,-0.0,1.0,0.0,292.0,0.0,1.0,0.0,0.0,0.0023889541625976562,0.0023889541625976562,0.0,0.002254486083984375,0.0,0,c1bf0aba-e2d3-4515-b629-c3afe2880258,20260814,ecs-keyed,adverse-ecs-mismatch,1,local-adverse-authority
1,1,1,1,126,1.0,1.0,1,1,1,1.0,0.0,1.0,-0.0,-0.0,1.0,0.0,20.0,0.0,1.0,0.0,0.0,0.038222312927246094,0.038222312927246094,0.0,0.03774237632751465,0.0,0,8f93e405-5131-4eb9-b726-a64616a76d8f,20260814,ecs-keyed,adverse-ecs-mismatch,1,local-adverse-authority
1,1,1,1,164,1.0,1.0,1,1,1,1.0,0.0,0.0,-0.0,-0.0,1.0,0.0,60.0,0.0,1.0,0.0,0.0,0.033327579498291016,0.033327579498291016,0.0,0.03261733055114746,0.0,0,37ad052b-e585-4a9f-89d6-b22a5df4d697,20260814,ecs-keyed,adverse-ecs-mismatch,1,local-adverse-authority
1,1,1,1,140,1.0,1.0,1,1,1,1.0,0.0,1.0,-0.0,-0.0,1.0,0.0,300.0,0.0,1.0,0.0,0.0,0.01593637466430664,0.01593637466430664,0.0,0.015600442886352539,0.0,0,4847d41c-4ddd-42ab-991f-f44741656758,20260814,ecs-keyed,adverse-ecs-mismatch,1,local-adverse-authority
1,1,1,1,122,1.0,1.0,1,1,1,1.0,0.0,0.0,-0.0,-0.0,1.0,0.0,60.0,0.0,1.0,0.0,0.0,0.006829738616943359,0.006829738616943359,0.0,0.006678342819213867,0.0,0,2c40f6a6-d213-4f75-941f-ac7676f8312c,20260814,ecs-keyed,adverse-ecs-mismatch,1,local-adverse-authority
1,1,1,1,140,1.0,1.0,1,1,1,1.0,0.0,0.0,-0.0,-0.0,1.0,0.0,60.0,0.0,1.0,0.0,0.0,0.04614543914794922,0.04614543914794922,0.0,0.04598236083984375,0.0,0,65dd64b6-4b77-4e7d-af35-c50c88264f22,20260814,ecs-keyed,adverse-ecs-mismatch,1,local-adverse-authority
1,1,1,1,164,1.0,1.0,1,1,1,1.0,0.0,0.0,-0.0,-0.0,1.0,0.0,60.0,0.0,1.0,0.0,0.0,0.01487112045288086,0.01487112045288086,0.0,0.01461482048034668,0.0,0,ae4b152f-0ef5-434d-b045-a6ad8bf60dab,20260814,ecs-keyed,adverse-ecs-mismatch,1,local-adverse-authority
1,1,1,1,158,1.0,1.0,1,1,1,1.0,0.0,0.0,-0.0,-0.0,1.0,0.0,2109.0,0.0,1.0,0.0,0.0,0.033667564392089844,0.033667564392089844,0.0,0.03350114822387695,0.0,0,0f69d6e1-8f58-4537-9985-a1d2eedb6517,20260814,ecs-keyed,adverse-ecs-mismatch,1,local-adverse-authority
1,1,1,1,174,1.0,1.0,1,1,1,1.0,0.0,0.0,-0.0,-0.0,1.0,0.0,60.0,0.0,1.0,0.0,0.0,0.014786005020141602,0.014786005020141602,0.0,0.014492034912109375,0.0,0,e73aa7cd-c013-414c-b38c-1e7407043ade,20260814,ecs-keyed,adverse-ecs-mismatch,1,local-adverse-authority
1,1,1,1,164,1.0,1.0,1,1,1,1.0,0.0,1.0,-0.0,-0.0,1.0,0.0,60.0,0.0,1.0,0.0,0.0,0.0031032562255859375,0.0031032562255859375,0.0,0.002911090850830078,0.0,0,ab3ee5b2-a5c0-4af6-9837-689c61453c5d,20260814,ecs-keyed,adverse-ecs-mismatch,1,local-adverse-authority
1,1,1,1,138,1.0,1.0,1,1,1,1.0,0.0,1.0,-0.0,-0.0,1.0,0.0,300.0,0.0,1.0,0.0,0.0,0.031070947647094727,0.031070947647094727,0.0,0.03080010414123535,0.0,0,33e405da-5d0b-440b-80b5-7e0715b4bbc7,20260814,ecs-keyed,adverse-ecs-mismatch,1,local-adverse-authority
1,1,1,1,128,1.0,1.0,1,1,1,1.0,0.0,1.0,-0.0,-0.0,1.0,0.0,18413.0,0.0,1.0,0.0,0.0,0.002232789993286133,0.002232789993286133,0.0,0.0019965171813964844,0.0,0,558d0ba9-4d31-418c-8556-18ee6f50c43e,20260814,ecs-keyed,adverse-ecs-mismatch,1,local-adverse-authority
1,1,1,1,140,1.0,1.0,1,1,1,1.0,0.0,1.0,-0.0,-0.0,1.0,0.0,300.0,0.0,1.0,0.0,0.0,0.015834808349609375,0.015834808349609375,0.0,0.015599250793457031,0.0,0,bcb95fc8-5298-4a57-b279-e1805156a4e2,20260814,ecs-keyed,adverse-ecs-mismatch,1,local-adverse-authority
1,1,1,1,142,1.0,1.0,1,1,1,1.0,0.0,0.0,-0.0,-0.0,1.0,0.0,121.0,0.0,1.0,0.0,0.0,0.1417536735534668,0.1417536735534668,0.0,0.14107179641723633,0.0,0,7cb0850e-0a06-4fd8-9d23-bfa4eeb5385b,20260814,ecs-keyed,adverse-ecs-mismatch,1,local-adverse-authority
1,1,1,1,126,1.0,1.0,1,1,1,1.0,0.0,0.0,-0.0,-0.0,1.0,0.0,74.0,0.0,1.0,0.0,0.0,0.003065347671508789,0.003065347671508789,0.0,0.0029020309448242188,0.0,0,224a3458-5361-4f6e-a733-4769ce1f2b41,20260814,ecs-keyed,adverse-ecs-mismatch,1,local-adverse-authority
1,1,1,1,138,1.0,1.0,1,1,1,1.0,0.0,1.0,-0.0,-0.0,1.0,0.0,167.0,0.0,1.0,0.0,0.0,0.004329681396484375,0.004329681396484375,0.0,0.004123687744140625,0.0,0,bfc4cfcc-894f-47a3-9c12-ea46b872112e,20260814,ecs-keyed,adverse-ecs-mismatch,1,local-adverse-authority
1,1,1,1,206,1.0,1.0,1,1,1,1.0,0.0,1.0,-0.0,-0.0,1.0,0.0,64.0,0.0,1.0,0.0,0.0,0.002178192138671875,0.002178192138671875,0.0,0.002019166946411133,0.0,0,2a27b63f-9b5d-430b-8a0c-41a0b6452b8d,20260814,ecs-keyed,adverse-ecs-mismatch,1,local-adverse-authority
1,1,1,1,103,1.0,1.0,1,1,1,1.0,1.0,0.0,-0.0,-0.0,1.0,0.0,300.0,0.0,1.0,0.0,0.0,0.01389312744140625,0.01389312744140625,0.0,0.013562679290771484,0.0,0,dfbd8551-b5d8-40c3-a9db-92d48c591293,20260814,ecs-keyed,adverse-ecs-omit,1,local-adverse-authority
1,1,1,1,120,1.0,1.0,1,1,1,1.0,0.0,1.0,-0.0,-0.0,1.0,0.0,5001.0,0.0,1.0,0.0,0.0,0.002262592315673828,0.002262592315673828,0.0,0.002065420150756836,0.0,0,7a3fb937-8605-46af-aa52-2d46774514d6,20260814,ecs-keyed,adverse-ecs-mismatch,1,local-adverse-authority
1,1,1,1,110,1.0,1.0,1,1,1,1.0,0.0,1.0,-0.0,-0.0,1.0,0.0,617.0,0.0,1.0,0.0,0.0,0.004859447479248047,0.004859447479248047,0.0,0.004734039306640625,0.0,0,80d4934d-e0dd-4011-9559-a7dfc1cf49dc,20260814,ecs-keyed,adverse-ecs-mismatch,1,local-adverse-authority
1,1,1,1,128,1.0,1.0,1,1,1,1.0,0.0,0.0,-0.0,-0.0,1.0,0.0,20289.0,0.0,1.0,0.0,0.0,0.029490232467651367,0.029490232467651367,0.0,0.029242753982543945,0.0,0,cf036ad7-bb50-4a1b-8be6-3488cc452b45,20260814,ecs-keyed,adverse-ecs-mismatch,1,local-adverse-authority
1,1,1,1,118,1.0,1.0,1,1,1,1.0,0.0,0.0,-0.0,-0.0,1.0,0.0,135.0,0.0,1.0,0.0,0.0,0.0019268989562988281,0.0019268989562988281,0.0,0.0017163753509521484,0.0,0,d309d5b0-88a2-4e2d-97df-963e6e0ffbeb,20260814,ecs-keyed,adverse-ecs-mismatch,1,local-adverse-authority
3,3,3,3,176,1.0,1.0,3,0,0,0.0,0.0,0.0,1.0,1.0,0.6666666666666666,0.33333333333333337,20.0,0.0,0.6666666666666666,0.0,0.0,5.008411248524983,7.505735445022583,0.7051621263966594,5.008195877075195,0.0,2,f3e7afcf-88ee-496b-8684-b79d579b0c19,20260814,ecs-keyed,benign-burst,0,cloudflare
4,4,4,4,593,1.0,1.0,0,0,0,0.0,0.0,0.0,1.0,1.0,1.0,0.75,143.8,0.13750144967970027,0.25,0.0,0.0,5.010807037353516,5.019526398181915,0.0012500068660357482,0.0,0.0,0,5c0e86b7-5394-456b-9d1b-b597b5307008,20260814,ecs-keyed,benign-burst,0,cloudflare
1,1,1,1,168,1.0,1.0,1,1,1,1.0,0.0,0.0,-0.0,-0.0,1.0,0.0,300.0,0.0,1.0,0.0,0.0,0.0021209716796875,0.0021209716796875,0.0,0.0019850730895996094,0.0,0,d627deca-1455-466e-b9ff-a2b38f904b23,20260814,ecs-keyed,adverse-ecs-mismatch,1,local-adverse-authority
1,1,1,1,110,1.0,1.0,1,1,1,1.0,0.0,1.0,-0.0,-0.0,1.0,0.0,3359.0,0.0,1.0,0.0,0.0,0.014306306838989258,0.014306306838989258,0.0,0.014163970947265625,0.0,0,b84c58ea-8e32-4735-9a5c-349df5cb70db,20260814,ecs-keyed,adverse-ecs-mismatch,1,local-adverse-authority
1,1,1,1,180,1.0,1.0,1,1,1,1.0,0.0,0.0,-0.0,-0.0,1.0,0.0,300.0,0.0,1.0,0.0,0.0,0.026256561279296875,0.026256561279296875,0.0,0.026043415069580078,0.0,0,3d36a3e5-009a-43c7-af36-3657070d01fb,20260814,ecs-keyed,adverse-ecs-mismatch,1,local-adverse-authority
1,1,1,1,103,1.0,1.0,1,1,1,1.0,1.0,0.0,-0.0,-0.0,1.0,0.0,300.0,0.0,1.0,0.0,0.0,0.0019378662109375,0.0019378662109375,0.0,0.0017018318176269531,0.0,0,88fc19fd-039a-4a49-b717-38915e84745f,20260814,ecs-keyed,adverse-ecs-omit,1,local-adverse-authority
1,1,1,1,112,1.0,1.0,1,1,1,1.0,0.0,1.0,-0.0,-0.0,1.0,0.0,45.0,0.0,1.0,0.0,0.0,0.03868675231933594,0.03868675231933594,0.0,0.038527488708496094,0.0,0,67c691cf-5b7c-4e37-8ffb-cd26f2bcb007,20260814,ecs-keyed,adverse-ecs-mismatch,1,local-adverse-authority
1,1,1,1,132,1.0,1.0,1,1,1,1.0,0.0,1.0,-0.0,-0.0,1.0,0.0,20.0,0.0,1.0,0.0,0.0,0.0050890445709228516,0.0050890445709228516,0.0,0.00482487678527832,0.0,0,888fdc9f-e33b-436d-9e9f-1c0eefa0db13,20260814,ecs-keyed,adverse-ecs-mismatch,1,local-adverse-authority
1,1,1,1,110,1.0,1.0,1,1,1,1.0,0.0,0.0,-0.0,-0.0,1.0,0.0,86.0,0.0,1.0,0.0,0.0,0.01633143424987793,0.01633143424987793,0.0,0.016131162643432617,0.0,0,4a28a402-d787-4e05-a7da-6e0c34e83bc2,20260814,ecs-keyed,adverse-ecs-mismatch,1,local-adverse-authority
1,1,1,1,106,1.0,1.0,1,1,1,1.0,0.0,0.0,-0.0,-0.0,1.0,0.0,36.0,0.0,1.0,0.0,0.0,0.01393890380859375,0.01393890380859375,0.0,0.013664484024047852,0.0,0,bcbd8ddb-83bb-4e4b-ba45-0fc159d6b74c,20260814,ecs-keyed,adverse-ecs-mismatch,1,local-adverse-authority
1,1,1,1,142,1.0,1.0,1,1,1,1.0,0.0,1.0,-0.0,-0.0,1.0,0.0,53.0,0.0,1.0,0.0,0.0,0.016710281372070312,0.016710281372070312,0.0,0.016476154327392578,0.0,0,de482bde-7f6a-4a93-b2ad-2a731fa76486,20260814,ecs-keyed,adverse-ecs-mismatch,1,local-adverse-authority
1,1,1,1,122,1.0,1.0,1,1,1,1.0,0.0,1.0,-0.0,-0.0,1.0,0.0,118.0,0.0,1.0,0.0,0.0,0.016306638717651367,0.016306638717651367,0.0,0.016119003295898438,0.0,0,25c71060-33fc-484c-b79f-4b519599781a,20260814,ecs-keyed,adverse-ecs-mismatch,1,local-adverse-authority
1,1,1,1,110,1.0,1.0,1,1,1,1.0,0.0,1.0,-0.0,-0.0,1.0,0.0,20.0,0.0,1.0,0.0,0.0,0.0023043155670166016,0.0023043155670166016,0.0,0.002051115036010742,0.0,0,e813226b-6879-4707-88ab-fbf01a5af5c8,20260814,ecs-keyed,adverse-ecs-mismatch,1,local-adverse-authority
1,1,1,1,126,1.0,1.0,1,1,1,1.0,0.0,1.0,-0.0,-0.0,1.0,0.0,60.0,0.0,1.0,0.0,0.0,0.0022363662719726562,0.0022363662719726562,0.0,0.0019199848175048828,0.0,0,3a3f5969-ee93-4f32-9c64-83cb9b169fa9,20260814,ecs-keyed,adverse-ecs-mismatch,1,local-adverse-authority
1,1,1,1,110,1.0,1.0,1,1,1,1.0,0.0,1.0,-0.0,-0.0,1.0,0.0,307.0,0.0,1.0,0.0,0.0,0.0015799999237060547,0.0015799999237060547,0.0,0.0013561248779296875,0.0,0,7321664a-d635-491f-af71-a297827c8fc5,20260814,ecs-keyed,adverse-ecs-mismatch,1,local-adverse-authority
1,1,1,1,120,1.0,1.0,1,1,1,1.0,0.0,0.0,-0.0,-0.0,1.0,0.0,60.0,0.0,1.0,0.0,0.0,0.013735294342041016,0.013735294342041016,0.0,0.013503789901733398,0.0,0,78a20e3a-2fc3-448d-9ee8-fd451d5af663,20260814,ecs-keyed,adverse-ecs-mismatch,1,local-adverse-authority
1,1,1,1,146,1.0,1.0,1,1,1,1.0,0.0,0.0,-0.0,-0.0,1.0,0.0,398.0,0.0,1.0,0.0,0.0,0.0022706985473632812,0.0022706985473632812,0.0,0.002035856246948242,0.0,0,f13e0c13-b334-49cb-8567-4e7441435956,20260814,ecs-keyed,adverse-ecs-mismatch,1,local-adverse-authority
1,1,1,1,198,1.0,1.0,1,1,1,1.0,0.0,0.0,-0.0,-0.0,1.0,0.0,300.0,0.0,1.0,0.0,0.0,0.0041353702545166016,0.0041353702545166016,0.0,0.003988981246948242,0.0,0,17348326-01da-4b38-993a-f5542760b798,20260814,ecs-keyed,adverse-ecs-mismatch,1,local-adverse-authority
1,1,1,1,158,1.0,1.0,1,1,1,1.0,0.0,0.0,-0.0,-0.0,1.0,0.0,52.0,0.0,1.0,0.0,0.0,0.02944469451904297,0.02944469451904297,0.0,0.02929520606994629,0.0,0,5e94ac9f-6b84-4968-84f0-eec3b6f1ef5d,20260814,ecs-keyed,adverse-ecs-mismatch,1,local-adverse-authority
1,1,1,1,146,1.0,1.0,1,1,1,1.0,0.0,1.0,-0.0,-0.0,1.0,0.0,900.0,0.0,1.0,0.0,0.0,0.02750992774963379,0.02750992774963379,0.0,0.02723073959350586,0.0,0,3c5d5317-2fca-4aab-9d1f-0e1ebd53697b,20260814,ecs-keyed,adverse-ecs-mismatch,1,local-adverse-authority
1,1,1,1,126,1.0,1.0,1,1,1,1.0,0.0,1.0,-0.0,-0.0,1.0,0.0,548.0,0.0,1.0,0.0,0.0,0.002732515335083008,0.002732515335083008,0.0,0.0024979114532470703,0.0,0,e1768743-3676-4d63-93e9-09079110abd7,20260814,ecs-keyed,adverse-ecs-mismatch,1,local-adverse-authority
1,1,1,1,112,1.0,1.0,1,1,1,1.0,0.0,1.0,-0.0,-0.0,1.0,0.0,3568.0,0.0,1.0,0.0,0.0,0.002438783645629883,0.002438783645629883,0.0,0.0022428035736083984,0.0,0,e47cec2a-8041-4785-a9d7-cd32f3e1756e,20260814,ecs-keyed,adverse-ecs-mismatch,1,local-adverse-authority
1,1,1,1,178,1.0,1.0,1,1,1,1.0,0.0,1.0,-0.0,-0.0,1.0,0.0,60.0,0.0,1.0,0.0,0.0,0.005133152008056641,0.005133152008056641,0.0,0.004831790924072266,0.0,0,39791353-40ec-4d35-9da2-512d17873f25,20260814,ecs-keyed,adverse-ecs-mismatch,1,local-adverse-authority
1,1,1,1,130,1.0,1.0,1,1,1,1.0,0.0,0.0,-0.0,-0.0,1.0,0.0,269.0,0.0,1.0,0.0,0.0,0.004439830780029297,0.004439830780029297,0.0,0.00422358512878418,0.0,0,2b72c28c-1229-4e90-909a-686b211e0682,20260814,ecs-keyed,adverse-ecs-mismatch,1,local-adverse-authority
1,1,1,1,172,1.0,1.0,1,1,1,1.0,0.0,0.0,-0.0,-0.0,1.0,0.0,422.0,0.0,1.0,0.0,0.0,0.01373434066772461,0.01373434066772461,0.0,0.013456344604492188,0.0,0,a27985c0-0141-4ff8-9905-2f8cd982835c,20260814,ecs-keyed,adverse-ecs-mismatch,1,local-adverse-authority
1,1,1,1,148,1.0,1.0,1,1,1,1.0,0.0,1.0,-0.0,-0.0,1.0,0.0,140.0,0.0,1.0,0.0,0.0,0.034662723541259766,0.034662723541259766,0.0,0.0344538688659668,0.0,0,0dd1591a-7a0e-4d20-b4f5-d91df268cfd1,20260814,ecs-keyed,adverse-ecs-mismatch,1,local-adverse-authority
1,1,1,1,138,1.0,1.0,1,1,1,1.0,0.0,0.0,-0.0,-0.0,1.0,0.0,19326.0,0.0,1.0,0.0,0.0,0.002441883087158203,0.002441883087158203,0.0,0.0022034645080566406,0.0,0,168ed891-516e-45b6-983f-d90fdf846bee,20260814,ecs-keyed,adverse-ecs-mismatch,1,local-adverse-authority
1,1,1,1,116,1.0,1.0,1,1,1,1.0,0.0,0.0,-0.0,-0.0,1.0,0.0,225.0,0.0,1.0,0.0,0.0,0.002070903778076172,0.002070903778076172,0.0,0.001836538314819336,0.0,0,6d9c79a3-8e45-47a9-8fd3-a0d3ea748f11,20260814,ecs-keyed,adverse-ecs-mismatch,1,local-adverse-authority
1,1,1,1,130,1.0,1.0,1,1,1,1.0,0.0,0.0,-0.0,-0.0,1.0,0.0,296.0,0.0,1.0,0.0,0.0,0.01668715476989746,0.01668715476989746,0.0,0.01650404930114746,0.0,0,767652ea-763a-4e7a-90ad-ebe25f97d16f,20260814,ecs-keyed,adverse-ecs-mismatch,1,local-adverse-authority
1,1,1,1,164,1.0,1.0,1,1,1,1.0,0.0,1.0,-0.0,-0.0,1.0,0.0,49.0,0.0,1.0,0.0,0.0,0.0024957656860351562,0.0024957656860351562,0.0,0.0022826194763183594,0.0,0,1b6e1e26-b98f-428e-b7ff-dfbdbe64b849,20260814,ecs-keyed,adverse-ecs-mismatch,1,local-adverse-authority
1,1,1,1,134,1.0,1.0,1,1,1,1.0,0.0,0.0,-0.0,-0.0,1.0,0.0,62.0,0.0,1.0,0.0,0.0,0.001483917236328125,0.001483917236328125,0.0,0.0013556480407714844,0.0,0,83a24ae9-68c2-4605-b805-85e44774dab7,20260814,ecs-keyed,adverse-ecs-mismatch,1,local-adverse-authority
1,1,1,1,120,1.0,1.0,1,1,1,1.0,0.0,0.0,-0.0,-0.0,1.0,0.0,2518.0,0.0,1.0,0.0,0.0,0.002417325973510742,0.002417325973510742,0.0,0.002267599105834961,0.0,0,2a1b7f56-08a9-4501-940b-a05ec942c979,20260814,ecs-keyed,adverse-ecs-mismatch,1,local-adverse-authority
1,1,1,1,142,1.0,1.0,1,1,1,1.0,0.0,1.0,-0.0,-0.0,1.0,0.0,49.0,0.0,1.0,0.0,0.0,0.003697633743286133,0.003697633743286133,0.0,0.003551483154296875,0.0,0,a7cf88cd-f6c1-4cc4-9e74-0cf0950553cd,20260814,ecs-keyed,adverse-ecs-mismatch,1,local-adverse-authority
1,1,1,1,136,1.0,1.0,1,1,1,1.0,0.0,0.0,-0.0,-0.0,1.0,0.0,107.0,0.0,1.0,0.0,0.0,0.0017824172973632812,0.0017824172973632812,0.0,0.001649618148803711,0.0,0,e1375d84-1c36-4240-a594-185065d5efb8,20260814,ecs-keyed,adverse-ecs-mismatch,1,local-adverse-authority
1,1,1,1,132,1.0,1.0,1,1,1,1.0,0.0,0.0,-0.0,-0.0,1.0,0.0,300.0,0.0,1.0,0.0,0.0,0.0023784637451171875,0.0023784637451171875,0.0,0.002151966094970703,0.0,0,48605529-2c2c-45d8-a7e3-a0c489efb169,20260814,ecs-keyed,adverse-ecs-mismatch,1,local-adverse-authority
1,1,1,1,172,1.0,1.0,1,1,1,1.0,0.0,0.0,-0.0,-0.0,1.0,0.0,60.0,0.0,1.0,0.0,0.0,0.003142118453979492,0.003142118453979492,0.0,0.002939939498901367,0.0,0,30a7a7d0-cf9b-4194-b4bd-f0e68714a804,20260814,ecs-keyed,adverse-ecs-mismatch,1,local-adverse-authority
1,1,1,1,114,1.0,1.0,1,1,1,1.0,0.0,0.0,-0.0,-0.0,1.0,0.0,47.0,0.0,1.0,0.0,0.0,0.0029778480529785156,0.0029778480529785156,0.0,0.002818584442138672,0.0,0,34bd75e7-995e-46b3-97dd-0962d097473c,20260814,ecs-keyed,adverse-ecs-mismatch,1,local-adverse-authority
1,1,1,1,148,1.0,1.0,1,1,1,1.0,0.0,1.0,-0.0,-0.0,1.0,0.0,517.0,0.0,1.0,0.0,0.0,0.018883228302001953,0.018883228302001953,0.0,0.01871657371520996,0.0,0,53913045-e986-4c0a-a269-523fd2117f53,20260814,ecs-keyed,adverse-ecs-mismatch,1,local-adverse-authority
1,1,1,1,110,1.0,1.0,1,1,1,1.0,0.0,0.0,-0.0,-0.0,1.0,0.0,129.0,0.0,1.0,0.0,0.0,0.021525144577026367,0.021525144577026367,0.0,0.021338462829589844,0.0,0,83d515ba-8945-4fb4-821c-615d73b29f18,20260814,ecs-keyed,adverse-ecs-mismatch,1,local-adverse-authority
6,11,6,11,1077,1.0,1.8333333333333333,6,6,6,1.0,0.0,0.0,1.0,1.0,0.5454545454545454,0.4545454545454546,110.0,0.0,0.09090909090909091,0.0,0.0,0.03005274859341708,0.0446467399597168,0.4625709566990327,0.028092265129089355,0.00010380744934082031,0,3d9e9e56-4987-4064-a5a6-54894f5e840b,20260814,ecs-keyed,adverse-conflict,1,local-adverse-authority
6,12,6,12,1038,1.0,2.0,6,6,6,1.0,0.0,0.0,1.0,1.0,0.5833333333333334,0.5,118.0,0.0,0.08333333333333333,0.0,0.0,0.027207334836324055,0.04523468017578125,0.5564899343623159,0.02662988503774007,5.4995218912760414e-05,0,1fee320b-135b-42ae-a9b1-e11b7e4119bb,20260814,ecs-keyed,adverse-conflict,1,local-adverse-authority
6,11,6,11,1060,1.0,1.8333333333333333,6,6,6,1.0,0.0,0.0,1.0,1.0,0.5454545454545454,0.4545454545454546,300.0,0.0,0.09090909090909091,0.0,0.0,0.028575983914462002,0.051024436950683594,0.5649968072484213,0.025953014691670735,5.5456161499023436e-05,0,3c63a006-6513-413b-9636-84e50877a140,20260814,ecs-keyed,adverse-conflict,1,local-adverse-authority
6,11,6,11,1438,1.0,1.8333333333333333,6,6,6,1.0,0.0,0.0,1.0,1.0,0.5454545454545454,0.4545454545454546,227.0,0.0,0.09090909090909091,0.0,0.0,0.03165323084050959,0.06656754016876221,0.6700856554844437,0.030913154284159344,7.319450378417969e-05,0,0ecb3c70-4187-48fb-9c43-0a8950284417,20260814,ecs-keyed,adverse-conflict,1,local-adverse-authority
6,11,6,11,1043,1.0,1.8333333333333333,6,6,6,1.0,0.0,0.0,1.0,1.0,0.5454545454545454,0.4545454545454546,17.0,0.0,0.09090909090909091,0.0,0.0,0.01634881713173606,0.055399298667907715,1.130403412728084,0.014453490575154623,5.8269500732421876e-05,0,b68ec84d-3bf6-4f77-afff-f4d15e3b56cf,20260814,ecs-keyed,adverse-conflict,1,local-adverse-authority
6,11,6,11,1427,1.0,1.8333333333333333,6,6,6,1.0,0.0,0.0,1.0,1.0,0.45454545454545453,0.4545454545454546,300.0,0.0,0.09090909090909091,0.0,0.0,0.029125907204367897,0.053847312927246094,0.5721521334399752,0.026734550793965656,6.580352783203125e-05,0,65f635e9-18f4-4e39-937e-659ed46c8d72,20260814,ecs-keyed,adverse-conflict,1,local-adverse-authority
6,11,6,11,1105,1.0,1.8333333333333333,6,6,6,1.0,0.0,0.0,1.0,1.0,0.5454545454545454,0.4545454545454546,588.0,0.0,0.09090909090909091,0.0,0.0,0.02148706262761896,0.059839487075805664,0.9566207702921625,0.01940766970316569,4.901885986328125e-05,0,4e20497e-42e8-47fa-a30c-a94a105d2896,20260814,ecs-keyed,adverse-conflict,1,local-adverse-authority
6,10,6,10,1040,1.0,1.6666666666666667,6,6,6,1.0,0.0,0.0,1.0,1.0,0.5,0.4,16208.0,0.0,0.1,0.0,0.0,0.02510201930999756,0.07211074829101563,1.0575425565865892,0.02093084653218587,4.100799560546875e-05,0,e44813df-5ac5-4154-bb7f-3795e0da6dc7,20260814,ecs-keyed,adverse-conflict,1,local-adverse-authority
6,10,6,10,1008,1.0,1.6666666666666667,6,6,6,1.0,0.0,0.0,1.0,1.0,0.5,0.4,65.0,0.0,0.1,0.0,0.0,0.015924406051635743,0.0332584023475647,0.6578320496515335,0.014300187428792318,4.0590763092041016e-05,0,1b999670-7a02-4cd3-9f47-4fae9173e476,20260814,ecs-keyed,adverse-conflict,1,local-adverse-authority
6,11,6,11,1399,1.0,1.8333333333333333,6,6,6,1.0,0.0,0.0,1.0,1.0,0.5454545454545454,0.4545454545454546,13869.0,0.0,0.09090909090909091,0.0,0.0,0.014864336360584606,0.05475318431854248,1.2716868706392954,0.013419906298319498,4.5347213745117185e-05,0,93bc55ba-82d6-4d63-a149-be8bb06b5f36,20260814,ecs-keyed,adverse-conflict,1,local-adverse-authority
6,11,6,11,1365,1.0,1.8333333333333333,6,6,6,1.0,0.0,0.0,1.0,1.0,0.5454545454545454,0.4545454545454546,60.0,0.0,0.09090909090909091,0.0,0.0,0.02724478461525657,0.05465245246887207,0.7420697751983111,0.024744550387064617,5.550384521484375e-05,0,d80c3753-9780-40aa-8fce-d416b1696376,20260814,ecs-keyed,adverse-conflict,1,local-adverse-authority
6,9,6,9,1287,1.0,1.5,6,6,6,1.0,0.0,0.0,1.0,1.0,0.4444444444444444,0.33333333333333337,300.0,0.0,0.1111111111111111,0.0,0.0,0.01607733302646213,0.03100242614746094,0.8031099965621579,0.0121688445409139,9.26653544108073e-05,0,a2f43105-2cd1-4c82-a59a-bef4cd530b7c,20260814,ecs-keyed,adverse-conflict,1,local-adverse-authority
1,1,1,1,126,1.0,1.0,1,1,1,1.0,0.0,1.0,-0.0,-0.0,1.0,0.0,300.0,0.0,1.0,0.0,0.0,0.002164602279663086,0.002164602279663086,0.0,0.0017898082733154297,0.0,0,da00a062-7eba-485f-b52c-068a42937cff,20260814,ecs-keyed,adverse-ecs-mismatch,1,local-adverse-authority
1,1,1,1,118,1.0,1.0,1,1,1,1.0,0.0,1.0,-0.0,-0.0,1.0,0.0,300.0,0.0,1.0,0.0,0.0,0.0029189586639404297,0.0029189586639404297,0.0,0.002454519271850586,0.0,0,476d4d05-9599-4d25-a208-be4c9df73b86,20260814,ecs-keyed,adverse-ecs-mismatch,1,local-adverse-authority
1,1,1,1,114,1.0,1.0,1,1,1,1.0,0.0,1.0,-0.0,-0.0,1.0,0.0,300.0,0.0,1.0,0.0,0.0,0.0028731822967529297,0.0028731822967529297,0.0,0.002301931381225586,0.0,0,b421f0f8-8ad3-4246-a37f-fb9dcce38ad5,20260814,ecs-keyed,adverse-ecs-mismatch,1,local-adverse-authority
1,1,1,1,128,1.0,1.0,1,1,1,1.0,0.0,0.0,-0.0,-0.0,1.0,0.0,300.0,0.0,1.0,0.0,0.0,0.015796422958374023,0.015796422958374023,0.0,0.015472888946533203,0.0,0,191e390a-3cf5-4d2e-8188-2b1fefe32321,20260814,ecs-keyed,adverse-ecs-mismatch,1,local-adverse-authority
1,1,1,1,120,1.0,1.0,1,1,1,1.0,0.0,1.0,-0.0,-0.0,1.0,0.0,300.0,0.0,1.0,0.0,0.0,0.004228830337524414,0.004228830337524414,0.0,0.004045963287353516,0.0,0,00d5a46c-c804-4255-b4c4-232747829e1b,20260814,ecs-keyed,adverse-ecs-mismatch,1,local-adverse-authority
6,11,6,11,1060,1.0,1.8333333333333333,6,6,6,1.0,0.0,0.0,1.0,1.0,0.5454545454545454,0.4545454545454546,563.0,0.0,0.09090909090909091,0.0,0.0,0.01849753206426447,0.028929591178894043,0.4131204407427801,0.01873477300008138,0.00011129379272460938,0,ae16778a-0e79-4fab-a9bb-4c4842c5803e,20260814,ecs-keyed,adverse-conflict,1,local-adverse-authority
6,11,6,11,1122,1.0,1.8333333333333333,6,6,6,1.0,0.0,0.0,1.0,1.0,0.45454545454545453,0.4545454545454546,133.0,0.0,0.09090909090909091,0.0,0.0,0.032401540062644264,0.05394089221954346,0.4800983045187185,0.028954267501831055,7.333755493164063e-05,0,3291b36a-ea76-4bd1-948a-7fe4fea59b28,20260814,ecs-keyed,adverse-conflict,1,local-adverse-authority
6,12,6,12,1074,1.0,2.0,6,6,6,1.0,0.0,0.0,1.0,1.0,0.5,0.5,52.0,0.0,0.08333333333333333,0.0,0.0,0.0126725435256958,0.022777700424194337,0.515761782380523,0.011617898941040039,0.00031606356302897137,0,5a52e7de-8e05-4b29-b5e2-b3903649739f,20260814,ecs-keyed,adverse-conflict,1,local-adverse-authority
6,10,6,10,1056,1.0,1.6666666666666667,6,6,6,1.0,0.0,0.0,1.0,1.0,0.5,0.4,15799.0,0.0,0.1,0.0,0.0,0.02509026527404785,0.06888405084609986,0.9279178242770226,0.021142045656840008,0.00012612342834472656,0,95624a41-6a83-4075-9a89-7bbec5a4ab59,20260814,ecs-keyed,adverse-conflict,1,local-adverse-authority
6,10,6,10,1168,1.0,1.6666666666666667,6,6,6,1.0,0.0,0.0,1.0,1.0,0.4,0.4,37.0,0.0,0.1,0.0,0.0,0.015579509735107421,0.03115241527557373,0.6166189787703926,0.014146049817403158,4.45246696472168e-05,0,65b6727c-8f39-485f-ae6f-b6b1b60ca73c,20260814,ecs-keyed,adverse-conflict,1,local-adverse-authority
6,11,6,11,1642,1.0,1.8333333333333333,6,6,6,1.0,0.0,0.0,1.0,1.0,0.5454545454545454,0.4545454545454546,47.0,0.0,0.09090909090909091,0.0,0.0,0.028036572716452858,0.05017530918121338,0.5643179741978542,0.029427091280619305,5.4931640625e-05,0,23ea63bd-8d7b-4325-b6ea-6ee3e4fec11b,20260814,ecs-keyed,adverse-conflict,1,local-adverse-authority
1,1,1,1,108,1.0,1.0,1,1,1,1.0,0.0,0.0,-0.0,-0.0,1.0,0.0,300.0,0.0,1.0,0.0,0.0,0.039911746978759766,0.039911746978759766,0.0,0.039395809173583984,0.0,0,ae2d25b2-5d77-4877-a7e3-fda414b92250,20260814,ecs-keyed,adverse-ecs-mismatch,1,local-adverse-authority
6,10,6,10,976,1.0,1.6666666666666667,6,6,6,1.0,0.0,0.0,1.0,1.0,0.5,0.4,138.0,0.0,0.1,0.0,0.0,0.027695369720458985,0.04936118125915527,0.5779258222719864,0.028464436531066895,0.00024336576461791992,0,7f564fad-34dd-41bc-a057-7934add917d7,20260814,ecs-keyed,adverse-conflict,1,local-adverse-authority
6,10,6,10,1264,1.0,1.6666666666666667,6,6,6,1.0,0.0,0.0,1.0,1.0,0.5,0.4,35.0,0.0,0.1,0.0,0.0,0.0268934965133667,0.03888888359069824,0.4994514844210294,0.022065083185831707,0.0006649494171142578,0,d36726fc-1021-4ee1-9cf8-ae8c531a602d,20260814,ecs-keyed,adverse-conflict,1,local-adverse-authority
6,12,6,12,1494,1.0,2.0,6,6,6,1.0,0.0,0.0,1.0,1.0,0.5833333333333334,0.5,299.0,0.0,0.08333333333333333,0.0,0.0,0.018332163492838543,0.029509592056274413,0.3971735858265076,0.0174943208694458,7.065137227376302e-05,0,c8c0ddb6-795f-4fcb-bbd8-05e33cddf7e7,20260814,ecs-keyed,adverse-conflict,1,local-adverse-authority
1,1,1,1,124,1.0,1.0,1,1,1,1.0,0.0,1.0,-0.0,-0.0,1.0,0.0,300.0,0.0,1.0,0.0,0.0,0.00897073745727539,0.00897073745727539,0.0,0.008774995803833008,0.0,0,d7b9b4a9-c4c0-4f5a-b882-7cc887627a5a,20260814,ecs-keyed,adverse-ecs-mismatch,1,local-adverse-authority
6,10,6,10,992,1.0,1.6666666666666667,6,6,6,1.0,0.0,0.0,1.0,1.0,0.5,0.4,4760.0,0.0,0.1,0.0,0.0,0.02310922145843506,0.09276781082153307,1.890286047331006,0.03181083997090658,5.02467155456543e-05,0,266c9a43-6e9b-4ca4-a91c-81df75f2a563,20260814,ecs-keyed,adverse-conflict,1,local-adverse-authority
1,1,1,1,126,1.0,1.0,1,1,1,1.0,0.0,1.0,-0.0,-0.0,1.0,0.0,300.0,0.0,1.0,0.0,0.0,0.13424205780029297,0.13424205780029297,0.0,0.13344168663024902,0.0,0,5c70fbee-000d-46a1-9ff6-9f31a9d8864a,20260814,ecs-keyed,adverse-ecs-mismatch,1,local-adverse-authority
6,11,6,11,1026,1.0,1.8333333333333333,5,6,6,1.0,0.0,0.0,1.0,1.0,0.45454545454545453,0.4545454545454546,10.0,0.0,0.09090909090909091,0.0,0.0,0.03405464779246937,0.058707237243652344,0.49571081925059196,0.02980383237202962,0.0004303455352783203,0,e7a129be-e4d3-4b0b-a9b0-64bda857f018,20260814,ecs-keyed,adverse-conflict,1,local-adverse-authority
1,1,1,1,116,1.0,1.0,1,1,1,1.0,0.0,1.0,-0.0,-0.0,1.0,0.0,300.0,0.0,1.0,0.0,0.0,0.005133152008056641,0.005133152008056641,0.0,0.0026655197143554688,0.0,0,b28c710b-5c24-4be8-9295-b0f359ff4879,20260814,ecs-keyed,adverse-ecs-mismatch,1,local-adverse-authority
6,10,6,10,1520,1.0,1.6666666666666667,6,6,6,1.0,0.0,0.0,1.0,1.0,0.5,0.4,300.0,0.0,0.1,0.0,0.0,0.03185381889343262,0.06805366277694702,0.6961808886289019,0.027792493502298992,6.568431854248047e-05,0,cac85677-824c-4bc2-8efe-def60b663c27,20260814,ecs-keyed,adverse-conflict,1,local-adverse-authority
6,12,6,12,1110,1.0,2.0,6,6,6,1.0,0.0,0.0,1.0,1.0,0.5833333333333334,0.5,765.0,0.0,0.08333333333333333,0.0,0.0,0.02567070722579956,0.04641655683517456,0.5677521713831685,0.024714946746826172,0.00034670035044352215,0,5fa8b0e0-0191-45fe-a735-264d2cf14a8d,20260814,ecs-keyed,adverse-conflict,1,local-adverse-authority
6,11,6,11,1218,1.0,1.8333333333333333,6,6,6,1.0,0.0,0.0,1.0,1.0,0.5454545454545454,0.4545454545454546,60.0,0.0,0.09090909090909091,0.0,0.0,0.016677032817493786,0.029349803924560547,0.39650620432331246,0.011409481366475424,7.290840148925782e-05,0,41c7df8a-3923-48be-ad43-dafde88f6834,20260814,ecs-keyed,adverse-conflict,1,local-adverse-authority
6,10,6,10,1152,1.0,1.6666666666666667,6,6,6,1.0,0.0,0.0,1.0,1.0,0.5,0.4,109.0,0.0,0.1,0.0,0.0,0.03649656772613526,0.07554183006286622,0.7299529764953009,0.02992824713389079,0.00019234418869018555,0,4264a880-a52e-48a9-a937-3c1ffe92295d,20260814,ecs-keyed,adverse-conflict,1,local-adverse-authority
6,10,6,10,896,1.0,1.6666666666666667,5,6,6,1.0,0.0,0.0,1.0,1.0,0.5,0.4,15.0,0.0,0.1,0.0,0.0,0.0239513635635376,0.041210389137268065,0.432164698727119,0.018743157386779785,4.965066909790039e-05,0,77fa6ce5-41a2-4a9e-979d-198e02b7a422,20260814,ecs-keyed,adverse-conflict,1,local-adverse-authority
6,12,6,12,1542,1.0,2.0,6,6,6,1.0,0.0,0.0,1.0,1.0,0.5833333333333334,0.5,2750.0,0.0,0.08333333333333333,0.0,0.0,0.0250240961710612,0.046724128723144534,0.6043235006476756,0.02358547846476237,0.00021068255106608072,0,b79a7a8a-8859-47c8-bf0d-25d848096bad,20260814,ecs-keyed,adverse-conflict,1,local-adverse-authority
6,11,6,11,975,1.0,1.8333333333333333,6,6,6,1.0,0.0,0.0,1.0,1.0,0.5454545454545454,0.4545454545454546,321.0,0.0,0.09090909090909091,0.0,0.0,0.026180093938654118,0.08088099956512451,1.3745759573453127,0.03345811367034912,0.00273284912109375,0,6b6e769e-7f16-4ef2-8476-83b04b140285,20260814,ecs-keyed,adverse-conflict,1,local-adverse-authority
6,11,6,11,1122,1.0,1.8333333333333333,6,6,6,1.0,0.0,0.0,1.0,1.0,0.5454545454545454,0.4545454545454546,20.0,0.0,0.09090909090909091,0.0,0.0,0.030065276406028053,0.0761270523071289,0.7622596760105705,0.028303345044453938,4.892349243164062e-05,0,84fdd150-c828-4c43-b58c-7595644c6439,20260814,ecs-keyed,adverse-conflict,1,local-adverse-authority
6,12,6,12,1680,1.0,2.0,6,6,6,1.0,0.0,0.0,1.0,1.0,0.5833333333333334,0.5,300.0,0.0,0.08333333333333333,0.0,0.0,0.029763142267862957,0.07129753828048706,0.7650127002623167,0.027225335439046223,0.0005207856496175131,0,5f1fe48b-0dcb-4ba3-833c-219ca6cdcb9b,20260814,ecs-keyed,adverse-conflict,1,local-adverse-authority
6,10,6,10,1056,1.0,1.6666666666666667,6,6,6,1.0,0.0,0.0,1.0,1.0,0.5,0.4,300.0,0.0,0.1,0.0,0.0,0.027740788459777833,0.061125648021697995,0.7849289462515529,0.023087342580159504,4.309415817260742e-05,0,d9fdff26-bc69-42c1-b123-28b1edd281b4,20260814,ecs-keyed,adverse-conflict,1,local-adverse-authority
6,10,6,10,912,1.0,1.6666666666666667,6,6,6,1.0,0.0,0.0,1.0,1.0,0.5,0.4,10.0,0.0,0.1,0.0,0.0,0.011390089988708496,0.031756150722503665,0.9161897366691515,0.00994567076365153,8.982419967651367e-05,0,fc3e291b-5707-4a93-8c22-7ed667e6df21,20260814,ecs-keyed,adverse-conflict,1,local-adverse-authority
6,11,6,11,941,1.0,1.8333333333333333,6,6,6,1.0,0.0,0.0,1.0,1.0,0.5454545454545454,0.4545454545454546,76.0,0.0,0.09090909090909091,0.0,0.0,0.024869355288418857,0.044608473777770996,0.511106060140869,0.02284383773803711,4.224777221679687e-05,0,33571c9c-ef85-4a9d-804f-aed501d6ee67,20260814,ecs-keyed,adverse-conflict,1,local-adverse-authority
6,11,6,11,1043,1.0,1.8333333333333333,6,6,6,1.0,0.0,0.0,1.0,1.0,0.5454545454545454,0.4545454545454546,167.0,0.0,0.09090909090909091,0.0,0.0,0.032673012126575814,0.0534285306930542,0.5094824184471365,0.0291901429494222,0.00026607513427734375,0,b060be29-d175-4fc3-a488-2ffa69ee43c8,20260814,ecs-keyed,adverse-conflict,1,local-adverse-authority
6,9,6,9,1167,1.0,1.5,6,6,6,1.0,0.0,0.0,1.0,1.0,0.4444444444444444,0.33333333333333337,60.0,0.0,0.1111111111111111,0.0,0.0,0.0192516909705268,0.03430838584899902,0.5958733466289259,0.01460576057434082,0.0002835591634114583,0,11e9981d-e457-4165-97ad-798a2510d3b9,20260814,ecs-keyed,adverse-conflict,1,local-adverse-authority
6,9,6,9,1041,1.0,1.5,6,6,6,1.0,0.0,0.0,1.0,1.0,0.4444444444444444,0.33333333333333337,300.0,0.0,0.1111111111111111,0.0,0.0,0.02904057502746582,0.07313604354858398,0.875159315423524,0.025713682174682617,7.160504659016927e-05,0,60fadd10-4baf-4076-8be0-0d6143fdb30f,20260814,ecs-keyed,adverse-conflict,1,local-adverse-authority
6,9,6,9,1293,1.0,1.5,5,6,6,1.0,0.0,0.0,1.0,1.0,0.4444444444444444,0.33333333333333337,89.0,0.0,0.1111111111111111,0.0,0.0,0.025260051091512043,0.06316161155700684,0.833394776162981,0.02260700861612956,0.00020035107930501303,0,af920e7f-2b75-4c37-8da8-123ae47bbf71,20260814,ecs-keyed,adverse-conflict,1,local-adverse-authority
6,12,6,12,1038,1.0,2.0,6,6,6,1.0,0.0,0.0,1.0,1.0,0.5833333333333334,0.5,2964.0,0.0,0.08333333333333333,0.0,0.0,0.024447937806447346,0.05145574808120727,0.6035216160058048,0.023748199144999187,0.0001894235610961914,0,c96abaed-8a45-4e12-9778-11795731ca80,20260814,ecs-keyed,adverse-conflict,1,local-adverse-authority
6,11,6,11,1659,1.0,1.8333333333333333,6,6,6,1.0,0.0,0.0,1.0,1.0,0.5454545454545454,0.4545454545454546,14.0,0.0,0.09090909090909091,0.0,0.0,0.022860158573497425,0.045473575592041016,0.6495317262193938,0.020597020785013836,0.00011973381042480468,0,94e0bfda-46f6-464f-a50d-a91988e6c10b,20260814,ecs-keyed,adverse-conflict,1,local-adverse-authority
6,11,6,11,1060,1.0,1.8333333333333333,6,6,6,1.0,0.0,0.0,1.0,1.0,0.5454545454545454,0.4545454545454546,277.0,0.0,0.09090909090909091,0.0,0.0,0.019743030721491032,0.0307462215423584,0.3958053788000155,0.019462029139200848,0.00011386871337890626,0,bdbec03f-72cc-4a9d-b94f-fdb65abf400b,20260814,ecs-keyed,adverse-conflict,1,local-adverse-authority
6,9,6,9,954,1.0,1.5,6,6,6,1.0,0.0,0.0,1.0,1.0,0.4444444444444444,0.33333333333333337,300.0,0.0,0.1111111111111111,0.0,0.0,0.011856211556328667,0.020686531066894533,0.5628488860625823,0.009964386622111002,3.170967102050781e-05,0,1a1ec8d5-3f51-4e34-972b-0bcec651b20f,20260814,ecs-keyed,adverse-conflict,1,local-adverse-authority
6,10,6,10,1120,1.0,1.6666666666666667,5,6,6,1.0,0.0,0.0,1.0,1.0,0.5,0.4,604.0,0.0,0.1,0.0,0.0,0.02724757194519043,0.059200382232666014,0.8332421546015037,0.022723833719889324,0.00024896860122680664,0,4a69c8b1-9681-4102-b3b4-c6789f5d26f5,20260814,ecs-keyed,adverse-conflict,1,local-adverse-authority
6,12,6,12,1200,1.0,2.0,6,6,6,1.0,0.0,0.0,1.0,1.0,0.5833333333333334,0.5,2903.0,0.0,0.08333333333333333,0.0,0.0,0.02187160650889079,0.053932785987854004,0.7446976615612682,0.020651578903198242,0.00014559427897135416,0,f67a35ef-1cd9-42d3-a3b6-63eb48db4e56,20260814,ecs-keyed,adverse-conflict,1,local-adverse-authority
6,10,6,10,1584,1.0,1.6666666666666667,6,6,6,1.0,0.0,0.0,1.0,1.0,0.5,0.4,154.0,0.0,0.1,0.0,0.0,0.032589292526245116,0.05877090692520141,0.5292640286246816,0.028554201126098633,4.100799560546875e-05,0,310e6f8f-675a-4ea8-bbb4-67286ad44de1,20260814,ecs-keyed,adverse-conflict,1,local-adverse-authority
6,11,6,11,1094,1.0,1.8333333333333333,5,6,6,1.0,0.0,0.0,1.0,1.0,0.5454545454545454,0.4545454545454546,20.0,0.0,0.09090909090909091,0.0,0.0,0.02248473600907759,0.04077005386352539,0.4723645590008631,0.0189208189646403,9.2315673828125e-05,0,a2cd3cba-ba73-4cbf-9b84-d97a4932f2d6,20260814,ecs-keyed,adverse-conflict,1,local-adverse-authority
6,9,6,9,984,1.0,1.5,6,6,6,1.0,0.0,0.0,1.0,1.0,0.4444444444444444,0.33333333333333337,19583.0,0.0,0.1111111111111111,0.0,0.0,0.033688757154676646,0.06637024879455566,0.6714367203737682,0.027326027552286785,3.639856974283854e-05,0,7ea15b2d-a834-497b-a74e-d848206ebb52,20260814,ecs-keyed,adverse-conflict,1,local-adverse-authority
6,8,6,8,884,1.0,1.3333333333333333,6,6,6,1.0,0.0,0.0,1.0,1.0,0.375,0.25,20.0,0.0,0.125,0.0,0.0,0.029421329498291016,0.04308209419250488,0.49873311132643955,0.024819334348042805,4.851818084716797e-05,0,d25f95b7-bf2d-48c4-8c7c-0088da9b6710,20260814,ecs-keyed,adverse-conflict,1,local-adverse-authority
6,11,6,11,1150,1.0,1.8333333333333333,6,6,6,1.0,0.0,0.0,1.0,1.0,0.5454545454545454,0.4545454545454546,600.0,0.0,0.09090909090909091,0.0,0.0,0.02663586356423118,0.051900386810302734,0.5873036813788794,0.02213438351949056,0.0002208232879638672,0,5c2d1631-d821-4c5c-8d6f-1df75364ffd9,20260814,ecs-keyed,adverse-conflict,1,local-adverse-authority
6,10,6,10,1520,1.0,1.6666666666666667,6,6,6,1.0,0.0,0.0,1.0,1.0,0.5,0.4,137.0,0.0,0.1,0.0,0.0,0.022761964797973634,0.043505585193634025,0.7250018009426029,0.02250985304514567,5.429983139038086e-05,0,03fd5162-94f6-4857-8203-418d858a3d74,20260814,ecs-keyed,adverse-conflict,1,local-adverse-authority
6,11,6,11,1218,1.0,1.8333333333333333,6,6,6,1.0,0.0,0.0,1.0,1.0,0.5454545454545454,0.4545454545454546,300.0,0.0,0.09090909090909091,0.0,0.0,0.0328747575933283,0.15221798419952393,1.7145962183464427,0.031132857004801433,6.29425048828125e-05,0,439a5568-c517-47d9-a57b-48bbce9eece4,20260814,ecs-keyed,adverse-conflict,1,local-adverse-authority
6,10,6,10,1040,1.0,1.6666666666666667,6,6,6,1.0,0.0,0.0,1.0,1.0,0.5,0.4,20.0,0.0,0.1,0.0,0.0,0.023706746101379395,0.05692511796951294,0.8865658863827537,0.021976113319396973,3.403425216674805e-05,0,bd463193-c614-4967-a067-9df416341e89,20260814,ecs-keyed,adverse-conflict,1,local-adverse-authority
1,1,1,1,114,1.0,1.0,1,1,1,1.0,0.0,1.0,-0.0,-0.0,1.0,0.0,300.0,0.0,1.0,0.0,0.0,0.018859148025512695,0.018859148025512695,0.0,0.01856255531311035,0.0,0,073c0399-9d77-4a2a-9af9-c32a5dbf750e,20260814,ecs-keyed,adverse-ecs-mismatch,1,local-adverse-authority
1,1,1,1,108,1.0,1.0,1,1,1,1.0,0.0,0.0,-0.0,-0.0,1.0,0.0,300.0,0.0,1.0,0.0,0.0,0.0025835037231445312,0.0025835037231445312,0.0,0.002427339553833008,0.0,0,4bcaf17a-9fe6-4f31-8bec-5d1cf97790f0,20260814,ecs-keyed,adverse-ecs-mismatch,1,local-adverse-authority
6,11,6,11,1111,1.0,1.8333333333333333,6,6,6,1.0,0.0,0.0,1.0,1.0,0.5454545454545454,0.4545454545454546,20294.0,0.0,0.09090909090909091,0.0,0.0,0.02211826497858221,0.03715157508850098,0.5632567623775485,0.02112885316212972,0.00012569427490234376,0,e7f935cf-727a-40ff-b287-9b688ebfe8cb,20260814,ecs-keyed,adverse-conflict,1,local-adverse-authority
6,11,6,11,1608,1.0,1.8333333333333333,6,6,6,1.0,0.0,0.0,1.0,1.0,0.5454545454545454,0.4545454545454546,276.0,0.0,0.09090909090909091,0.0,0.0,0.02572839910333807,0.060090065002441406,0.8575450115742534,0.023668289184570312,0.00014472007751464844,0,c62c9664-a9ed-4a0c-ab5f-f81941962a97,20260814,ecs-keyed,adverse-conflict,1,local-adverse-authority
6,12,6,12,1716,1.0,2.0,6,6,6,1.0,0.0,0.0,1.0,1.0,0.5833333333333334,0.5,109.0,0.0,0.08333333333333333,0.0,0.0,0.023496548334757488,0.050134801864624025,0.8227667278342126,0.022671739260355633,8.940696716308594e-05,0,9c2a16f1-1b7f-46f4-8532-51e6cd2fcb30,20260814,ecs-keyed,adverse-conflict,1,local-adverse-authority
1,1,1,1,110,1.0,1.0,1,1,1,1.0,0.0,0.0,-0.0,-0.0,1.0,0.0,300.0,0.0,1.0,0.0,0.0,0.031768798828125,0.031768798828125,0.0,0.03157496452331543,0.0,0,b36e2f27-0324-413c-b953-56df5fd59573,20260814,ecs-keyed,adverse-ecs-mismatch,1,local-adverse-authority
6,9,6,9,930,1.0,1.5,5,6,6,1.0,0.0,0.0,1.0,1.0,0.4444444444444444,0.33333333333333337,285.0,0.0,0.1111111111111111,0.0,0.0,0.015628205405341253,0.039815235137939456,0.9071181535301398,0.011672019958496094,0.00024207433064778647,0,f8b817ab-b20b-4760-b79d-8de3b2daa638,20260814,ecs-keyed,adverse-conflict,1,local-adverse-authority
6,11,6,11,1297,1.0,1.8333333333333333,6,6,6,1.0,0.0,0.0,1.0,1.0,0.5454545454545454,0.4545454545454546,37.0,0.0,0.09090909090909091,0.0,0.0,0.028972062197598545,0.09605002403259277,1.5062484871577686,0.039815425872802734,3.35693359375e-05,0,846867db-0dae-425a-9a25-ef21fdcfb610,20260814,ecs-keyed,adverse-conflict,1,local-adverse-authority
6,11,6,11,1122,1.0,1.8333333333333333,6,6,6,1.0,0.0,0.0,1.0,1.0,0.5454545454545454,0.4545454545454546,437.0,0.0,0.09090909090909091,0.0,0.0,0.046376943588256836,0.13875210285186768,1.008843633080036,0.04235676924387614,0.00032296180725097654,0,08f305f2-80b2-4e96-9c9c-7b6c5b06e743,20260814,ecs-keyed,adverse-conflict,1,local-adverse-authority
6,10,6,10,1152,1.0,1.6666666666666667,6,6,6,1.0,0.0,0.0,1.0,1.0,0.5,0.4,17340.0,0.0,0.1,0.0,0.0,0.032079315185546874,0.06432515382766724,0.6521028015342534,0.02814813454945882,0.00013399124145507812,0,6382f65b-a1c7-4e3e-8497-6f7b7994fc2b,20260814,ecs-keyed,adverse-conflict,1,local-adverse-authority
6,12,6,12,1314,1.0,2.0,6,6,6,1.0,0.0,0.0,1.0,1.0,0.5833333333333334,0.5,24.0,0.0,0.08333333333333333,0.0,0.0,0.021276672681172688,0.04030189514160156,0.5370600446218962,0.019075473149617512,0.00028443336486816406,0,b344ebfb-9f12-4973-8b7e-31a319b6cd9c,20260814,ecs-keyed,adverse-conflict,1,local-adverse-authority
6,9,6,9,909,1.0,1.5,5,6,6,1.0,0.0,0.0,1.0,1.0,0.4444444444444444,0.33333333333333337,5104.0,0.0,0.1111111111111111,0.0,0.0,0.01915301216973199,0.042361211776733396,0.6716314961491854,0.013841589291890463,0.0001232624053955078,0,8a9969cb-70e5-494c-9d4b-863f385f6ae4,20260814,ecs-keyed,adverse-conflict,1,local-adverse-authority
6,11,6,11,1348,1.0,1.8333333333333333,5,6,6,1.0,0.0,0.0,1.0,1.0,0.5454545454545454,0.4545454545454546,60.0,0.0,0.09090909090909091,0.0,0.0,0.025805408304387874,0.056171298027038574,0.7433607580133746,0.02249586582183838,0.0005229473114013672,0,18852682-cbe7-4b0e-93cd-65ea9a85abab,20260814,ecs-keyed,adverse-conflict,1,local-adverse-authority
6,10,6,10,1472,1.0,1.6666666666666667,6,6,6,1.0,0.0,0.0,1.0,1.0,0.5,0.4,884.0,0.0,0.1,0.0,0.0,0.017441487312316893,0.036093366146087644,0.6398092306741576,0.015585700670878092,0.00012218952178955078,0,520cb0fa-a370-4a05-9800-8a5f8115558b,20260814,ecs-keyed,adverse-conflict,1,local-adverse-authority
6,8,6,8,912,1.0,1.3333333333333333,6,6,6,1.0,0.0,0.0,1.0,1.0,0.375,0.25,20405.0,0.0,0.125,0.0,0.0,0.01586318016052246,0.03144328594207763,0.7164003825751754,0.015604813893636068,0.00015354156494140625,0,c93971ca-9181-4287-a020-9d241e5a23ed,20260814,ecs-keyed,adverse-conflict,1,local-adverse-authority
6,11,6,11,1382,1.0,1.8333333333333333,6,6,6,1.0,0.0,0.0,1.0,1.0,0.5454545454545454,0.4545454545454546,60.0,0.0,0.09090909090909091,0.0,0.0,0.03818754716352983,0.052286744117736816,0.24730156076075757,0.03390967845916748,0.0001903533935546875,0,59085f94-a0d4-4ce5-8ebe-18933f578480,20260814,ecs-keyed,adverse-conflict,1,local-adverse-authority
6,11,6,11,1043,1.0,1.8333333333333333,6,6,6,1.0,0.0,0.0,1.0,1.0,0.5454545454545454,0.4545454545454546,9.0,0.0,0.09090909090909091,0.0,0.0,0.02887890555641868,0.08577513694763184,0.9804843106393812,0.02603284517923991,0.0002649784088134766,0,ffd092db-9b57-4001-9cf5-5f406853889e,20260814,ecs-keyed,adverse-conflict,1,local-adverse-authority
6,9,6,9,1317,1.0,1.5,6,6,6,1.0,0.0,0.0,1.0,1.0,0.4444444444444444,0.33333333333333337,9400.0,0.0,0.1111111111111111,0.0,0.0,0.01801429854498969,0.03830862045288086,0.794750009434029,0.013616164525349935,3.7670135498046875e-05,0,dbd7e139-fb99-4ebc-86c9-9617dc61b7c8,20260814,ecs-keyed,adverse-conflict,1,local-adverse-authority
6,12,6,12,1260,1.0,2.0,6,6,6,1.0,0.0,0.0,1.0,1.0,0.5833333333333334,0.5,15.0,0.0,0.08333333333333333,0.0,0.0,0.015640656153361004,0.05370466709136963,1.0915075152216154,0.0142440398534139,4.466374715169271e-05,0,1cf7c09f-0c40-4ca0-b08e-b33731dbeb6b,20260814,ecs-keyed,adverse-conflict,1,local-adverse-authority
6,12,6,12,1134,1.0,2.0,6,6,6,1.0,0.0,0.0,1.0,1.0,0.5833333333333334,0.5,20.0,0.0,0.08333333333333333,0.0,0.0,0.023979783058166504,0.06774359941482544,0.9628585974122907,0.023104151089986164,6.747245788574219e-05,0,c237674d-c0cc-43c8-a54f-7958b19062d6,20260814,ecs-keyed,adverse-conflict,1,local-adverse-authority
6,8,6,8,842,1.0,1.3333333333333333,6,6,6,1.0,0.0,0.0,1.0,1.0,0.375,0.25,138.0,0.0,0.125,0.0,0.0,0.022233545780181885,0.03545337915420532,0.5212975314615796,0.020937999089558918,2.682209014892578e-05,0,2fda04da-71b7-494a-a1c6-c5fc1b905a74,20260814,ecs-keyed,adverse-conflict,1,local-adverse-authority
6,10,6,10,1536,1.0,1.6666666666666667,6,6,6,1.0,0.0,0.0,1.0,1.0,0.5,0.4,276.0,0.0,0.1,0.0,0.0,0.016421866416931153,0.03295292854309082,0.6587143998397037,0.01427316665649414,5.3882598876953125e-05,0,209e85d7-39e5-438c-8382-499f8881b610,20260814,ecs-keyed,adverse-conflict,1,local-adverse-authority
6,10,6,10,1024,1.0,1.6666666666666667,6,6,6,1.0,0.0,0.0,1.0,1.0,0.5,0.4,240.0,0.0,0.1,0.0,0.0,0.01825525760650635,0.03266609907150268,0.6335878665692952,0.015141487121582031,4.750490188598633e-05,0,143df7bd-f475-4665-a02f-4fb80a820554,20260814,ecs-keyed,adverse-conflict,1,local-adverse-authority
6,10,6,10,1520,1.0,1.6666666666666667,6,6,6,1.0,0.0,0.0,1.0,1.0,0.5,0.4,272.0,0.0,0.1,0.0,0.0,0.08502557277679443,0.2852141261100769,1.1830112688662633,0.07282682259877522,0.00012385845184326172,0,7360c356-2d57-46bf-bfa1-6c8538802d86,20260814,ecs-keyed,adverse-conflict,1,local-adverse-authority
6,11,6,11,1314,1.0,1.8333333333333333,6,6,6,1.0,0.0,0.0,1.0,1.0,0.5454545454545454,0.4545454545454546,60.0,0.0,0.09090909090909091,0.0,0.0,0.028862086209383877,0.04208183288574219,0.4087032454607036,0.02583777904510498,4.253387451171875e-05,0,65e2173b-e5d3-4d76-a897-ee3436a8be6e,20260814,ecs-keyed,adverse-conflict,1,local-adverse-authority
6,8,6,8,1050,1.0,1.3333333333333333,6,6,6,1.0,0.0,0.0,1.0,1.0,0.375,0.25,3130.0,0.0,0.125,0.0,0.0,0.015122592449188232,0.04522424936294556,1.1537651237946687,0.010619441668192545,4.6133995056152344e-05,0,cde43791-08df-4ad7-932c-c409c125148e,20260814,ecs-keyed,adverse-conflict,1,local-adverse-authority
6,10,6,10,976,1.0,1.6666666666666667,6,6,6,1.0,0.0,0.0,1.0,1.0,0.5,0.4,134.0,0.0,0.1,0.0,0.0,0.025263309478759766,0.05970246791839599,0.8381193708081413,0.021137356758117676,4.696846008300781e-05,0,5702e011-f2b3-4cef-b591-2056fb527856,20260814,ecs-keyed,adverse-conflict,1,local-adverse-authority
6,11,6,11,1043,1.0,1.8333333333333333,6,6,6,1.0,0.0,0.0,1.0,1.0,0.5454545454545454,0.4545454545454546,137.0,0.0,0.09090909090909091,0.0,0.0,0.03310697728937322,0.08644461631774902,0.8314705874402086,0.029830217361450195,3.2567977905273436e-05,0,7eb4652e-1185-49e0-acc3-e94dee2b3114,20260814,ecs-keyed,adverse-conflict,1,local-adverse-authority
6,10,6,10,1024,1.0,1.6666666666666667,6,6,6,1.0,0.0,0.0,1.0,1.0,0.5,0.4,1569.0,0.0,0.1,0.0,0.0,0.017475152015686037,0.03751592636108399,0.674575315888846,0.016736825307210285,7.480382919311523e-05,0,204e9935-c1a7-4003-be99-c095a3947805,20260814,ecs-keyed,adverse-conflict,1,local-adverse-authority
6,12,6,12,942,1.0,2.0,6,6,6,1.0,1.0,0.0,1.0,1.0,0.5833333333333334,0.5,300.0,0.0,0.08333333333333333,0.0,0.0,0.028857747713724773,0.061308872699737546,0.6921955851087503,0.027855594952901203,3.918011983235677e-05,0,8deeabb9-b52c-4e2e-b047-b79f169b2f84,20260814,ecs-keyed,adverse-ecs-fanout,1,local-adverse-authority
6,10,6,10,952,1.0,1.6666666666666667,6,6,6,1.0,0.6666666666666666,0.0,1.0,1.0,0.5,0.4,22.0,0.0,0.1,0.0,0.0,0.028454160690307616,0.0681377649307251,0.8424710998289068,0.02632935841878255,4.094839096069336e-05,0,e83f6d5a-1fcc-4524-b4d1-4f81bce47d19,20260814,ecs-keyed,adverse-ecs-fanout,1,local-adverse-authority
4,4,4,4,302,1.0,1.0,3,0,0,0.0,0.0,0.0,1.0,1.0,0.75,0.5,155.33333333333334,0.07890461935987225,0.5,0.0,0.0,5.005216896533966,7.506397223472595,0.6120738578676925,5.004487832387288,0.0,2,7584f602-fb9c-4b75-b5af-12e9d7bad8c9,20260814,ecs-keyed,benign-burst,0,cloudflare
6,9,6,9,858,1.0,1.5,6,6,6,1.0,0.5,0.0,1.0,1.0,0.4444444444444444,0.33333333333333337,53.0,0.0,0.1111111111111111,0.0,0.0,0.016501903533935547,0.035367584228515624,0.7567147186731048,0.012956619262695312,5.141894022623698e-05,0,3b7f4459-397b-4cb2-ba8d-9271d83c4a56,20260814,ecs-keyed,adverse-ecs-fanout,1,local-adverse-authority
6,11,6,11,933,1.0,1.8333333333333333,6,6,6,1.0,0.8333333333333334,0.0,1.0,1.0,0.5454545454545454,0.4545454545454546,20.0,0.0,0.09090909090909091,0.0,0.0,0.022944558750499378,0.0409773588180542,0.5171638345783867,0.022954424222310383,2.8848648071289062e-05,0,3a318680-991c-4bd7-82ea-93a9f11fb942,20260814,ecs-keyed,adverse-ecs-fanout,1,local-adverse-authority
6,8,6,8,962,1.0,1.3333333333333333,6,6,6,1.0,0.3333333333333333,0.0,1.0,1.0,0.375,0.25,5.0,0.0,0.125,0.0,0.0,0.05864718556404114,0.20195564031600952,1.4149865381985733,0.041002233823140465,6.330013275146484e-05,0,c065747b-7a8e-49e0-bac0-60cc29298023,20260814,ecs-keyed,adverse-ecs-fanout,1,local-adverse-authority
6,8,6,8,936,1.0,1.3333333333333333,6,6,6,1.0,0.3333333333333333,0.0,1.0,1.0,0.375,0.25,110.0,0.0,0.125,0.0,0.0,0.021946698427200317,0.04196553230285645,0.7199571084084232,0.020038485527038574,3.910064697265625e-05,0,51186bc8-0762-4382-967b-5795aa3e4ead,20260814,ecs-keyed,adverse-ecs-fanout,1,local-adverse-authority
6,12,6,12,1050,1.0,2.0,6,6,6,1.0,1.0,0.0,1.0,1.0,0.5833333333333334,0.5,20.0,0.0,0.08333333333333333,0.0,0.0,0.03017115592956543,0.07149826288223267,0.7370955952658457,0.029578248659769695,5.070368448893229e-05,0,8ac7395e-5209-493d-b1a6-a14a129dcc23,20260814,ecs-keyed,adverse-ecs-fanout,1,local-adverse-authority
6,10,6,10,1192,1.0,1.6666666666666667,6,6,6,1.0,0.6666666666666666,0.0,1.0,1.0,0.5,0.4,277.0,0.0,0.1,0.0,0.0,0.027874517440795898,0.04476954936981201,0.5116735235602993,0.02740963300069173,5.0961971282958984e-05,0,369d0821-82b6-430b-9f19-07544531ea3a,20260814,ecs-keyed,adverse-ecs-fanout,1,local-adverse-authority
6,10,6,10,1432,1.0,1.6666666666666667,6,6,6,1.0,0.6666666666666666,0.0,1.0,1.0,0.5,0.4,2.0,0.0,0.1,0.0,0.0,0.026314520835876466,0.035888957977294925,0.37151853344934743,0.024076382319132488,6.020069122314453e-05,0,d8a0116c-5bb7-4158-840e-8fa83233372f,20260814,ecs-keyed,adverse-ecs-fanout,1,local-adverse-authority
6,9,6,9,768,1.0,1.5,6,6,6,1.0,0.5,0.0,1.0,1.0,0.4444444444444444,0.33333333333333337,12610.0,0.0,0.1111111111111111,0.0,0.0,0.019917753007676866,0.043195581436157225,0.8254099530604208,0.01889495054880778,3.067652384440104e-05,0,0ec17981-ba97-4249-ac3e-c1d5235b989b,20260814,ecs-keyed,adverse-ecs-fanout,1,local-adverse-authority
6,9,6,9,1020,1.0,1.5,6,6,6,1.0,0.5,0.0,1.0,1.0,0.4444444444444444,0.33333333333333337,300.0,0.0,0.1111111111111111,0.0,0.0,0.005063639746771919,0.0067002296447753905,0.2933131228727398,0.004088203112284343,4.5140584309895836e-05,0,5d982391-4d77-45e4-b5fa-2ba0a281d5bd,20260814,ecs-keyed,adverse-ecs-fanout,1,local-adverse-authority
6,11,6,11,1165,1.0,1.8333333333333333,6,6,6,1.0,0.8333333333333334,0.0,1.0,1.0,0.45454545454545453,0.4545454545454546,3485.0,0.0,0.09090909090909091,0.0,0.0,0.04166215116327459,0.07244002819061279,0.4815976256130119,0.038141727447509766,3.1900405883789065e-05,0,04b47d18-65ec-40f8-b568-5d96b30007cb,20260814,ecs-keyed,adverse-ecs-fanout,1,local-adverse-authority
6,9,6,9,990,1.0,1.5,6,6,6,1.0,0.5,0.0,1.0,1.0,0.4444444444444444,0.33333333333333337,267.0,0.0,0.1111111111111111,0.0,0.0,0.013270934422810873,0.028821182250976556,0.686592851618251,0.014327486356099447,4.116694132486979e-05,0,15d2ef02-3be4-4d62-8cc6-647f34a5f932,20260814,ecs-keyed,adverse-ecs-fanout,1,local-adverse-authority
6,9,6,9,858,1.0,1.5,6,6,6,1.0,0.5,0.0,1.0,1.0,0.4444444444444444,0.33333333333333337,300.0,0.0,0.1111111111111111,0.0,0.0,0.02511816554599338,0.07499632835388184,1.1047969091615861,0.019540985425313313,3.0517578125e-05,0,9a3fd3a0-1bbc-448b-a90d-7f28252dc758,20260814,ecs-keyed,adverse-ecs-fanout,1,local-adverse-authority
6,11,6,11,933,1.0,1.8333333333333333,6,6,6,1.0,0.8333333333333334,0.0,1.0,1.0,0.5454545454545454,0.4545454545454546,94.0,0.0,0.09090909090909091,0.0,0.0,0.015700665387240322,0.043599724769592285,0.9071001799912187,0.014369328816731771,4.4298171997070315e-05,0,a81a7d44-1921-4615-9d6c-f75dc0e73d18,20260814,ecs-keyed,adverse-ecs-fanout,1,local-adverse-authority
6,11,6,11,933,1.0,1.8333333333333333,6,6,6,1.0,0.8333333333333334,0.0,1.0,1.0,0.5454545454545454,0.4545454545454546,229.0,0.0,0.09090909090909091,0.0,0.0,0.02280426025390625,0.03458142280578613,0.3847377910897062,0.020540356636047363,2.803802490234375e-05,0,507bbe0b-c77d-4afc-bbe6-5c3e9b236e5a,20260814,ecs-keyed,adverse-ecs-fanout,1,local-adverse-authority
6,12,6,12,1092,1.0,2.0,6,6,6,1.0,1.0,0.0,1.0,1.0,0.5833333333333334,0.5,105.0,0.0,0.08333333333333333,0.0,0.0,0.025990406672159832,0.05198667049407959,0.5954472895861189,0.025598804155985515,3.234545389811198e-05,0,12dd4290-16f4-44bc-8aac-99fa148940aa,20260814,ecs-keyed,adverse-ecs-fanout,1,local-adverse-authority
6,10,6,10,1064,1.0,1.6666666666666667,6,6,6,1.0,0.6666666666666666,0.0,1.0,1.0,0.5,0.4,300.0,0.0,0.1,0.0,0.0,0.008574724197387695,0.015950381755828847,0.5147711864426529,0.008392810821533203,9.679794311523438e-05,0,7f85d471-ce1b-4f37-ae72-894c4dbcd32a,20260814,ecs-keyed,adverse-ecs-fanout,1,local-adverse-authority
6,11,6,11,1080,1.0,1.8333333333333333,6,6,6,1.0,0.8333333333333334,0.0,1.0,1.0,0.45454545454545453,0.4545454545454546,105.0,0.0,0.09090909090909091,0.0,0.0,0.039465384049849075,0.062473416328430176,0.49116501292989867,0.037275473276774086,0.00020241737365722656,0,2948fd79-9edb-4aaa-b4c1-efbcec34c981,20260814,ecs-keyed,adverse-ecs-fanout,1,local-adverse-authority
6,12,6,12,1074,1.0,2.0,6,6,6,1.0,1.0,0.0,1.0,1.0,0.5833333333333334,0.5,17.0,0.0,0.08333333333333333,0.0,0.0,0.022230148315429688,0.04507416486740112,0.6562289241880391,0.021281639734903973,3.3060709635416664e-05,0,9b99a250-6a9d-4381-8d0f-468b2db454f4,20260814,ecs-keyed,adverse-ecs-fanout,1,local-adverse-authority
6,10,6,10,1112,1.0,1.6666666666666667,5,6,6,1.0,0.6666666666666666,0.0,1.0,1.0,0.5,0.4,3271.0,0.0,0.1,0.0,0.0,0.021500873565673827,0.07435832023620606,1.2598130840474673,0.01792895793914795,3.927946090698242e-05,0,34380d5b-616f-4aa3-a6c3-b172ead46bde,20260814,ecs-keyed,adverse-ecs-fanout,1,local-adverse-authority
6,11,6,11,1204,1.0,1.8333333333333333,6,6,6,1.0,0.8333333333333334,0.0,1.0,1.0,0.5454545454545454,0.4545454545454546,318.0,0.0,0.09090909090909091,0.0,0.0,0.018568580800836735,0.04040861129760742,0.7592390106991003,0.01685806115468343,4.992485046386719e-05,0,72f3d0e1-b258-4f01-8f9d-df9f7540eee2,20260814,ecs-keyed,adverse-ecs-fanout,1,local-adverse-authority
6,10,6,10,1256,1.0,1.6666666666666667,6,6,6,1.0,0.6666666666666666,0.0,1.0,1.0,0.5,0.4,156.0,0.0,0.1,0.0,0.0,0.03890862464904785,0.10265721082687365,1.04628746405696,0.047774831453959145,9.274482727050781e-05,0,95f6ff9f-6d44-4b0a-88eb-6d1cd27545f6,20260814,ecs-keyed,adverse-ecs-fanout,1,local-adverse-authority
6,11,6,11,967,1.0,1.8333333333333333,6,6,6,1.0,0.8333333333333334,0.0,1.0,1.0,0.5454545454545454,0.4545454545454546,300.0,0.0,0.09090909090909091,0.0,0.0,0.019251021471890537,0.04878044128417969,0.8596005314316921,0.017287413279215496,0.00011930465698242187,0,ffbe8aa4-f530-4327-bd12-66e19cb54031,20260814,ecs-keyed,adverse-ecs-fanout,1,local-adverse-authority
6,11,6,11,933,1.0,1.8333333333333333,6,6,6,1.0,0.8333333333333334,0.0,1.0,1.0,0.5454545454545454,0.4545454545454546,93.0,0.0,0.09090909090909091,0.0,0.0,0.02098148519342596,0.05222916603088379,0.742385657862492,0.020400206247965496,3.914833068847656e-05,0,b6da20c0-da99-4a3f-8ef7-98a16372a709,20260814,ecs-keyed,adverse-ecs-fanout,1,local-adverse-authority
6,9,6,9,828,1.0,1.5,6,6,6,1.0,0.5,0.0,1.0,1.0,0.4444444444444444,0.33333333333333337,5372.0,0.0,0.1111111111111111,0.0,0.0,0.03514536221822103,0.061154413223266604,0.7289084225576515,0.0313640832901001,5.14984130859375e-05,0,360ab687-a10e-4344-a951-65dbb3aee4c3,20260814,ecs-keyed,adverse-ecs-fanout,1,local-adverse-authority
6,10,6,10,1192,1.0,1.6666666666666667,6,6,6,1.0,0.6666666666666666,0.0,1.0,1.0,0.5,0.4,137.0,0.0,0.1,0.0,0.0,0.036986899375915525,0.08399887084960937,0.6986568446687547,0.033165415128072105,5.412101745605469e-05,0,01253f8f-f236-4195-b221-5a08a3ea0fe4,20260814,ecs-keyed,adverse-ecs-fanout,1,local-adverse-authority
6,8,6,8,1854,1.0,1.3333333333333333,6,6,6,1.0,0.3333333333333333,0.0,1.0,1.0,0.375,0.25,271.0,0.0,0.125,0.0,0.0,0.020864158868789673,0.03736945390701294,0.647067667033043,0.018102566401163738,6.99758529663086e-05,0,30b3f1ec-b9ff-4a2f-aab7-e09b5be3f2f2,20260814,ecs-keyed,adverse-ecs-fanout,1,local-adverse-authority
6,9,6,9,1611,1.0,1.5,6,6,6,1.0,0.5,0.0,1.0,1.0,0.4444444444444444,0.33333333333333337,75.0,0.0,0.1111111111111111,0.0,0.0,0.015156454510158963,0.04271054267883301,1.0336896868563814,0.011454105377197266,5.094210306803385e-05,0,524588f1-8908-45bc-9d87-bdb797ca73e9,20260814,ecs-keyed,adverse-ecs-fanout,1,local-adverse-authority
6,11,6,11,865,1.0,1.8333333333333333,6,6,6,1.0,0.8333333333333334,0.0,1.0,1.0,0.5454545454545454,0.4545454545454546,46.0,0.0,0.09090909090909091,0.0,0.0,0.016740387136285954,0.03834402561187744,0.6643878867738725,0.016223033269246418,2.827644348144531e-05,0,d79e0ae1-80a6-42f9-8643-157c1a6ec151,20260814,ecs-keyed,adverse-ecs-fanout,1,local-adverse-authority
6,10,6,10,904,1.0,1.6666666666666667,6,6,6,1.0,0.6666666666666666,0.0,1.0,1.0,0.5,0.4,60.0,0.0,0.1,0.0,0.0,0.021576881408691406,0.040272629261016844,0.5161054334026305,0.018436312675476074,3.361701965332031e-05,0,6dfa6f1b-8aba-411c-8db1-8810b2dd20ad,20260814,ecs-keyed,adverse-ecs-fanout,1,local-adverse-authority
6,8,6,8,936,1.0,1.3333333333333333,6,6,6,1.0,0.3333333333333333,0.0,1.0,1.0,0.375,0.25,18.0,0.0,0.125,0.0,0.0,0.016132444143295288,0.029599511623382563,0.5942982348939302,0.015140930811564127,4.029273986816406e-05,0,17f10c6d-524d-40fe-94a1-e96b691481db,20260814,ecs-keyed,adverse-ecs-fanout,1,local-adverse-authority
6,11,6,11,1108,1.0,1.8333333333333333,6,6,6,1.0,0.8333333333333334,0.0,1.0,1.0,0.5454545454545454,0.4545454545454546,134.0,0.0,0.09090909090909091,0.0,0.0,0.028823245655406605,0.049349427223205566,0.6969140144678716,0.026111761728922527,0.0003571033477783203,0,1e71e57a-4b55-4874-b65a-1491325b5d40,20260814,ecs-keyed,adverse-ecs-fanout,1,local-adverse-authority
6,12,6,12,1038,1.0,2.0,6,6,6,1.0,1.0,0.0,1.0,1.0,0.5833333333333334,0.5,48.0,0.0,0.08333333333333333,0.0,0.0,0.019160032272338867,0.03767530918121338,0.6301046012793117,0.018448352813720703,4.299481709798177e-05,0,c4f276a0-6de7-4dae-b79b-9648f49a8f8e,20260814,ecs-keyed,adverse-ecs-fanout,1,local-adverse-authority
6,10,6,10,1352,1.0,1.6666666666666667,6,6,6,1.0,0.6666666666666666,0.0,1.0,1.0,0.5,0.4,60.0,0.0,0.1,0.0,0.0,0.021726155281066896,0.03651107549667358,0.5805799861853439,0.021088361740112305,4.166364669799805e-05,0,bff94463-1571-4ff7-b0cc-7fa866af000f,20260814,ecs-keyed,adverse-ecs-fanout,1,local-adverse-authority
6,10,6,10,968,1.0,1.6666666666666667,6,6,6,1.0,0.6666666666666666,0.0,1.0,1.0,0.5,0.4,141.0,0.0,0.1,0.0,0.0,0.013579392433166504,0.040285563468933104,1.0088156771849364,0.01112985610961914,4.4286251068115234e-05,0,30996b8e-9e35-4e0a-ae20-65898ac2b12e,20260814,ecs-keyed,adverse-ecs-fanout,1,local-adverse-authority
6,10,6,10,872,1.0,1.6666666666666667,6,6,6,1.0,0.6666666666666666,0.0,1.0,1.0,0.5,0.4,1338.0,0.0,0.1,0.0,0.0,0.009755849838256836,0.015284764766693108,0.3643024284784769,0.00885621706644694,3.147125244140625e-05,0,735009c4-edea-4cff-a861-e888bd5bd672,20260814,ecs-keyed,adverse-ecs-fanout,1,local-adverse-authority
6,9,6,9,843,1.0,1.5,6,6,6,1.0,0.5,0.0,1.0,1.0,0.4444444444444444,0.33333333333333337,21.0,0.0,0.1111111111111111,0.0,0.0,0.04818945460849338,0.14061861038208007,1.0424580701613024,0.03877584139506022,0.00025765101114908856,0,6b1a6f18-c10b-41d2-b630-366671bf8c56,20260814,ecs-keyed,adverse-ecs-fanout,1,local-adverse-authority
6,12,6,12,1266,1.0,2.0,6,6,6,1.0,1.0,0.0,1.0,1.0,0.5833333333333334,0.5,60.0,0.0,0.08333333333333333,0.0,0.0,0.031254351139068604,0.050298869609832764,0.4502330053479554,0.030547062555948894,7.585684458414714e-05,0,3622a0f7-54da-45dd-9be4-14436c25db13,20260814,ecs-keyed,adverse-ecs-fanout,1,local-adverse-authority
6,11,6,11,950,1.0,1.8333333333333333,6,6,6,1.0,0.8333333333333334,0.0,1.0,1.0,0.5454545454545454,0.4545454545454546,600.0,0.0,0.09090909090909091,0.0,0.0,0.015108260241421785,0.03550457954406738,0.8202553751557298,0.013610124588012695,4.00543212890625e-05,0,18146c55-972e-4bcc-bd1e-09dd3579ba7b,20260814,ecs-keyed,adverse-ecs-fanout,1,local-adverse-authority
6,11,6,11,1498,1.0,1.8333333333333333,6,6,6,1.0,0.8333333333333334,0.0,1.0,1.0,0.5454545454545454,0.4545454545454546,300.0,0.0,0.09090909090909091,0.0,0.0,0.03215276111255993,0.08254814147949219,0.8895007264365719,0.029241005579630535,6.561279296875e-05,0,85a5fab2-9362-4df0-b59f-843f64d88038,20260814,ecs-keyed,adverse-ecs-fanout,1,local-adverse-authority
6,9,6,9,1197,1.0,1.5,6,6,6,1.0,0.5,0.0,1.0,1.0,0.4444444444444444,0.33333333333333337,896.0,0.0,0.1111111111111111,0.0,0.0,0.028463866975572374,0.045229196548461914,0.36087057149313284,0.025203903516133625,7.51813252766927e-05,0,0f5e3f7a-973b-4887-ab85-e92dce1d605a,20260814,ecs-keyed,adverse-ecs-fanout,1,local-adverse-authority
6,8,6,8,770,1.0,1.3333333333333333,6,6,6,1.0,0.3333333333333333,0.0,1.0,1.0,0.375,0.25,41.0,0.0,0.125,0.0,0.0,0.020818054676055908,0.039540767669677734,0.6857683569619208,0.016222834587097168,4.38690185546875e-05,0,a8b4d710-e547-426a-a1ce-489b4f8a57df,20260814,ecs-keyed,adverse-ecs-fanout,1,local-adverse-authority
6,12,6,12,942,1.0,2.0,6,6,6,1.0,1.0,0.0,1.0,1.0,0.5833333333333334,0.5,273.0,0.0,0.08333333333333333,0.0,0.0,0.042026023070017494,0.11902697086334228,0.8912438276772792,0.0411763588587443,4.200140635172526e-05,0,73d7088d-c190-4f49-82bc-a857988ceae3,20260814,ecs-keyed,adverse-ecs-fanout,1,local-adverse-authority
6,11,6,11,1029,1.0,1.8333333333333333,5,6,6,1.0,0.8333333333333334,0.0,1.0,1.0,0.5454545454545454,0.4545454545454546,20.0,0.0,0.09090909090909091,0.0,0.0,0.02196790955283425,0.04365837574005127,0.6432282197556083,0.019828955332438152,4.510879516601562e-05,0,8aadeac8-66e9-4d5e-b206-06c1d60ce08a,20260814,ecs-keyed,adverse-ecs-fanout,1,local-adverse-authority
6,10,6,10,1192,1.0,1.6666666666666667,6,6,6,1.0,0.6666666666666666,0.0,1.0,1.0,0.5,0.4,56.0,0.0,0.1,0.0,0.0,0.03343777656555176,0.0760144591331482,0.7344540186643002,0.02803504467010498,4.26173210144043e-05,0,cb28b230-422e-489d-a4c2-296cf900a1a8,20260814,ecs-keyed,adverse-ecs-fanout,1,local-adverse-authority
6,11,6,11,1221,1.0,1.8333333333333333,6,6,6,1.0,0.8333333333333334,0.0,1.0,1.0,0.5454545454545454,0.4545454545454546,54.0,0.0,0.09090909090909091,0.0,0.0,0.03755573792891069,0.0722360610961914,0.6267351793042969,0.03552218278249105,6.208419799804687e-05,0,b09e23be-cbb7-4ffa-9e74-115c166b753e,20260814,ecs-keyed,adverse-ecs-fanout,1,local-adverse-authority
6,9,6,9,975,1.0,1.5,6,6,6,1.0,0.5,0.0,1.0,1.0,0.4444444444444444,0.33333333333333337,33.0,0.0,0.1111111111111111,0.0,0.0,0.0173947811126709,0.043767118453979494,0.9777492059358707,0.01667169729868571,4.6412150065104164e-05,0,98afb6d8-a8a0-4cb4-b5ac-55b557b7ff06,20260814,ecs-keyed,adverse-ecs-fanout,1,local-adverse-authority
6,11,6,11,967,1.0,1.8333333333333333,6,6,6,1.0,0.8333333333333334,0.0,1.0,1.0,0.5454545454545454,0.4545454545454546,58.0,0.0,0.09090909090909091,0.0,0.0,0.03295248205011541,0.06657052040100098,0.6746810306735385,0.03232343991597494,4.010200500488281e-05,0,045d0c9c-4676-496a-a79f-4c43cb8b2d9f,20260814,ecs-keyed,adverse-ecs-fanout,1,local-adverse-authority
6,11,6,11,1187,1.0,1.8333333333333333,6,6,6,1.0,0.8333333333333334,0.0,1.0,1.0,0.5454545454545454,0.4545454545454546,208.0,0.0,0.09090909090909091,0.0,0.0,0.015967607498168945,0.04958474636077881,1.036718269208723,0.014452656110127768,3.8051605224609374e-05,0,f4a3b30f-7aa6-48bd-9719-1b103153e30d,20260814,ecs-keyed,adverse-ecs-fanout,1,local-adverse-authority
6,9,6,9,768,1.0,1.5,6,6,6,1.0,0.5,0.0,1.0,1.0,0.4444444444444444,0.33333333333333337,1800.0,0.0,0.1111111111111111,0.0,0.0,0.05378672811720106,0.1804563045501709,1.3028765055734652,0.04060204823811849,4.299481709798177e-05,0,e1c343b3-809c-40cd-b052-4cca20679899,20260814,ecs-keyed,adverse-ecs-fanout,1,local-adverse-authority
6,11,6,11,984,1.0,1.8333333333333333,6,6,6,1.0,0.8333333333333334,0.0,1.0,1.0,0.5454545454545454,0.4545454545454546,96.0,0.0,0.09090909090909091,0.0,0.0,0.015833031047474255,0.0425792932510376,0.8570189819289478,0.014588395754496256,3.304481506347656e-05,0,5f3f28a4-3ddc-4ca1-ad78-aaf47c6b37b7,20260814,ecs-keyed,adverse-ecs-fanout,1,local-adverse-authority
6,12,6,12,1434,1.0,2.0,6,6,6,1.0,1.0,0.0,1.0,1.0,0.5833333333333334,0.5,85.0,0.0,0.08333333333333333,0.0,0.0,0.015224754810333252,0.03614851236343384,0.8096862904563116,0.0147324800491333,4.088878631591797e-05,0,4054b5a6-df99-4295-8124-f39e0e872110,20260814,ecs-keyed,adverse-ecs-fanout,1,local-adverse-authority
6,11,6,11,1317,1.0,1.8333333333333333,6,6,6,1.0,0.8333333333333334,0.0,1.0,1.0,0.5454545454545454,0.4545454545454546,300.0,0.0,0.09090909090909091,0.0,0.0,0.028776927427812057,0.06991875171661377,0.8002998854024893,0.02618130048116048,5.2547454833984376e-05,0,8f9717b6-1a35-45d1-b265-8ccedc26a34d,20260814,ecs-keyed,adverse-ecs-fanout,1,local-adverse-authority
6,10,6,10,904,1.0,1.6666666666666667,6,6,6,1.0,0.6666666666666666,0.0,1.0,1.0,0.5,0.4,60.0,0.0,0.1,0.0,0.0,0.012295126914978027,0.040787804126739505,1.1631218382180146,0.01024941603342692,4.082918167114258e-05,0,ed812324-52b6-4676-bb34-b1c7034f7faa,20260814,ecs-keyed,adverse-ecs-fanout,1,local-adverse-authority
6,10,6,10,856,1.0,1.6666666666666667,6,6,6,1.0,0.6666666666666666,0.0,1.0,1.0,0.5,0.4,300.0,0.0,0.1,0.0,0.0,0.041393184661865236,0.0788500189781189,0.6302292592887808,0.03759249051411947,3.743171691894531e-05,0,4b1306a0-dd6e-4de5-9dfb-89c9a2bf8f54,20260814,ecs-keyed,adverse-ecs-fanout,1,local-adverse-authority
6,10,6,10,824,1.0,1.6666666666666667,6,6,6,1.0,0.6666666666666666,0.0,1.0,1.0,0.5,0.4,6.0,0.0,0.1,0.0,0.0,0.024634361267089844,0.049123942852020264,0.7829275726185245,0.023555954297383625,3.1888484954833984e-05,0,f48e1afe-d6f1-4145-af8f-1cd80e1f8a87,20260814,ecs-keyed,adverse-ecs-fanout,1,local-adverse-authority
6,12,6,12,978,1.0,2.0,6,6,6,1.0,1.0,0.0,1.0,1.0,0.5833333333333334,0.5,267.0,0.0,0.08333333333333333,0.0,0.0,0.022541463375091553,0.03479545116424561,0.44090312234916,0.021862347920735676,3.421306610107422e-05,0,b244a36c-3152-4424-9e50-f530e340f964,20260814,ecs-keyed,adverse-ecs-fanout,1,local-adverse-authority
6,12,6,12,1548,1.0,2.0,6,6,6,1.0,1.0,0.0,1.0,1.0,0.5833333333333334,0.5,13.0,0.0,0.08333333333333333,0.0,0.0,0.019857605298360188,0.037022411823272705,0.6957684534073773,0.018580158551534016,4.490216573079427e-05,0,9069b7aa-0906-46c1-84a8-a1472ed84562,20260814,ecs-keyed,adverse-ecs-fanout,1,local-adverse-authority
6,10,6,10,1080,1.0,1.6666666666666667,6,6,6,1.0,0.6666666666666666,0.0,1.0,1.0,0.5,0.4,293.0,0.0,0.1,0.0,0.0,0.012991380691528321,0.034474754333496095,0.8405625495399177,0.012214342753092447,3.904104232788086e-05,0,ea8cf0a6-2535-4024-a71b-e444c63d434e,20260814,ecs-keyed,adverse-ecs-fanout,1,local-adverse-authority
6,11,6,11,1136,1.0,1.8333333333333333,6,6,6,1.0,0.8333333333333334,0.0,1.0,1.0,0.5454545454545454,0.4545454545454546,6.0,0.0,0.09090909090909091,0.0,0.0,0.019028988751498135,0.03918337821960449,0.6810114366468922,0.01716478665669759,3.5142898559570314e-05,0,9b427551-5bc5-4985-82bd-557cceb0e742,20260814,ecs-keyed,adverse-ecs-fanout,1,local-adverse-authority
6,11,6,11,967,1.0,1.8333333333333333,6,6,6,1.0,0.8333333333333334,0.0,1.0,1.0,0.5454545454545454,0.4545454545454546,218.0,0.0,0.09090909090909091,0.0,0.0,0.008370009335604582,0.01701188087463379,0.49981485424409633,0.007887800534566244,2.8562545776367187e-05,0,06496485-2e10-4085-8301-e052d73bdece,20260814,ecs-keyed,adverse-ecs-fanout,1,local-adverse-authority
6,12,6,12,1020,1.0,2.0,6,6,6,1.0,1.0,0.0,1.0,1.0,0.5833333333333334,0.5,300.0,0.0,0.08333333333333333,0.0,0.0,0.01513675848642985,0.04319751262664795,0.85702088755831,0.014407078425089518,4.371007283528646e-05,0,d69d0e59-6bba-4bf2-88ec-ed3953a5f7d8,20260814,ecs-keyed,adverse-ecs-fanout,1,local-adverse-authority
6,10,6,10,1000,1.0,1.6666666666666667,6,6,6,1.0,0.6666666666666666,0.0,1.0,1.0,0.5,0.4,60.0,0.0,0.1,0.0,0.0,0.03747313022613526,0.07981421947479247,0.667287347951595,0.03206944465637207,2.8014183044433594e-05,0,4a911e14-8b8f-4d9d-9171-452d80dfb339,20260814,ecs-keyed,adverse-ecs-fanout,1,local-adverse-authority
6,8,6,8,854,1.0,1.3333333333333333,6,6,6,1.0,0.3333333333333333,0.0,1.0,1.0,0.375,0.25,17682.0,0.0,0.125,0.0,0.0,0.01602470874786377,0.03321133852005005,0.7488555174664852,0.012392878532409668,4.494190216064453e-05,0,dba26409-249e-4090-8cc5-f5007d28e938,20260814,ecs-keyed,adverse-ecs-fanout,1,local-adverse-authority
6,11,6,11,1018,1.0,1.8333333333333333,6,6,6,1.0,0.8333333333333334,0.0,1.0,1.0,0.5454545454545454,0.4545454545454546,155.0,0.0,0.09090909090909091,0.0,0.0,0.03341009400107644,0.08030486106872559,0.7403575247290036,0.03061385949452718,4.220008850097656e-05,0,cf55929c-ea06-427f-a014-3689a19f9661,20260814,ecs-keyed,adverse-ecs-fanout,1,local-adverse-authority
6,12,6,12,1050,1.0,2.0,6,6,6,1.0,1.0,0.0,1.0,1.0,0.5833333333333334,0.5,17693.0,0.0,0.08333333333333333,0.0,0.0,0.03272026777267456,0.06284927129745484,0.6362608306436183,0.03183587392171224,3.4689903259277344e-05,0,06f5136c-8ae8-4bfa-8bd6-91221cfc378f,20260814,ecs-keyed,adverse-ecs-fanout,1,local-adverse-authority
6,12,6,12,996,1.0,2.0,6,6,6,1.0,1.0,0.0,1.0,1.0,0.5833333333333334,0.5,1285.0,0.0,0.08333333333333333,0.0,0.0,0.012437125047047934,0.029738914966583253,0.7223625757053547,0.01192009449005127,5.869070688883463e-05,0,e85284f4-fae6-4e7f-8ecc-b1737b3d3139,20260814,ecs-keyed,adverse-ecs-fanout,1,local-adverse-authority
6,10,6,10,1432,1.0,1.6666666666666667,6,6,6,1.0,0.6666666666666666,0.0,1.0,1.0,0.5,0.4,300.0,0.0,0.1,0.0,0.0,0.017730402946472167,0.036563754081726074,0.7273303034886602,0.014965216318766275,6.514787673950195e-05,0,67fb154a-8185-4f9a-bdc7-43ff2c5f64a2,20260814,ecs-keyed,adverse-ecs-fanout,1,local-adverse-authority
6,12,6,12,1038,1.0,2.0,6,6,6,1.0,1.0,0.0,1.0,1.0,0.5833333333333334,0.5,544.0,0.0,0.08333333333333333,0.0,0.0,0.020985126495361328,0.047180664539337155,0.6669842062270032,0.020055373509724934,3.870328267415365e-05,0,d5e07a2e-1a68-4671-8970-93a05b5577b6,20260814,ecs-keyed,adverse-ecs-fanout,1,local-adverse-authority
6,11,6,11,1091,1.0,1.8333333333333333,6,6,6,1.0,0.8333333333333334,0.0,1.0,1.0,0.5454545454545454,0.4545454545454546,491.0,0.0,0.09090909090909091,0.0,0.0,0.02705561030994762,0.04907107353210449,0.6611073922401098,0.024802446365356445,0.00011768341064453126,0,efa9ae0a-4b38-40d9-9b47-a3a467f3a11a,20260814,ecs-keyed,adverse-ecs-fanout,1,local-adverse-authority
6,10,6,10,824,1.0,1.6666666666666667,6,6,6,1.0,0.6666666666666666,0.0,1.0,1.0,0.5,0.4,8.0,0.0,0.1,0.0,0.0,0.010099506378173828,0.028056156635284425,0.9103665973048823,0.008046746253967285,0.0001538395881652832,0,bdf05fb9-1245-47db-a338-896474f25b77,20260814,ecs-keyed,adverse-ecs-fanout,1,local-adverse-authority
6,11,6,11,1187,1.0,1.8333333333333333,6,6,6,1.0,0.8333333333333334,0.0,1.0,1.0,0.5454545454545454,0.4545454545454546,13.0,0.0,0.09090909090909091,0.0,0.0,0.02508378028869629,0.11470818519592285,1.6847079401153984,0.02264293034871419,0.00011763572692871093,0,25ce6999-8060-4cf2-ac6c-7dffa174196e,20260814,ecs-keyed,adverse-ecs-fanout,1,local-adverse-authority
6,9,6,9,849,1.0,1.5,5,6,6,1.0,0.0,0.0,1.0,1.0,0.4444444444444444,0.33333333333333337,300.0,0.0,0.1111111111111111,0.0,0.0,0.024305423100789387,0.043268442153930664,0.7622379287140727,0.02158347765604655,0.0001819133758544922,0,0aec0571-d385-416d-87a9-e7e595add927,20260814,ecs-keyed,adverse-conflict,1,local-adverse-authority
6,8,6,8,884,1.0,1.3333333333333333,6,6,6,1.0,0.0,0.0,1.0,1.0,0.375,0.25,300.0,0.0,0.125,0.0,0.0,0.020461618900299072,0.047137212753295896,0.8711478622292599,0.017340699831644695,0.001049637794494629,0,78410da1-791f-4a9d-b3ed-0c7c38841ef8,20260814,ecs-keyed,adverse-conflict,1,local-adverse-authority
6,10,6,10,912,1.0,1.6666666666666667,6,6,6,1.0,0.0,0.0,1.0,1.0,0.5,0.4,300.0,0.0,0.1,0.0,0.0,0.02160921096801758,0.052451157569885255,0.7342251911046607,0.019151687622070312,8.606910705566406e-05,0,3dac4513-8262-4b4c-8951-5a544c4c0005,20260814,ecs-keyed,adverse-conflict,1,local-adverse-authority
6,12,6,12,1092,1.0,2.0,6,6,6,1.0,0.0,0.0,1.0,1.0,0.5833333333333334,0.5,300.0,0.0,0.08333333333333333,0.0,0.0,0.03171652555465698,0.06313182115554809,0.6053468046253907,0.031061093012491863,0.0002804994583129883,0,1ad2940c-a7a0-4220-ab8a-6951d08f9a03,20260814,ecs-keyed,adverse-conflict,1,local-adverse-authority
6,12,6,12,1602,1.0,2.0,6,6,6,1.0,1.0,0.0,1.0,1.0,0.5833333333333334,0.5,300.0,0.0,0.08333333333333333,0.0,0.0,0.032764156659444175,0.05578360557556152,0.42955471221784614,0.030460476875305176,0.0006734530131022135,0,0685bc88-51c1-4cb3-bbc8-ab255f32bd8f,20260814,ecs-keyed,adverse-ecs-fanout,1,local-adverse-authority
6,11,6,11,1026,1.0,1.8333333333333333,6,6,6,1.0,0.0,0.0,1.0,1.0,0.5454545454545454,0.4545454545454546,300.0,0.0,0.09090909090909091,0.0,0.0,0.031170519915494053,0.050811052322387695,0.4253950020256853,0.027113040288289387,0.00042395591735839845,0,69fd6910-4a3f-45b1-a406-2a0d459121a5,20260814,ecs-keyed,adverse-conflict,1,local-adverse-authority
6,10,6,10,912,1.0,1.6666666666666667,6,6,6,1.0,0.0,0.0,1.0,1.0,0.5,0.4,300.0,0.0,0.1,0.0,0.0,0.03346946239471436,0.0579856276512146,0.5511668555661504,0.029687960942586262,0.00018459558486938477,0,591c7167-4e7f-4383-88b8-7a3d57e75c38,20260814,ecs-keyed,adverse-conflict,1,local-adverse-authority
6,9,6,9,879,1.0,1.5,5,6,6,1.0,0.0,0.0,1.0,1.0,0.4444444444444444,0.33333333333333337,300.0,0.0,0.1111111111111111,0.0,0.0,0.027432176801893447,0.05416207313537598,0.6147246247576074,0.023514389991760254,6.739298502604167e-05,0,c9b5f86e-f479-4f2e-ac79-8de5ff1dbdf9,20260814,ecs-keyed,adverse-conflict,1,local-adverse-authority
6,11,6,11,1080,1.0,1.8333333333333333,6,6,6,1.0,0.8333333333333334,0.0,1.0,1.0,0.5454545454545454,0.4545454545454546,104.0,0.0,0.09090909090909091,0.0,0.0,0.05363978039134632,0.1571100950241089,0.9713844573010262,0.05174020926157633,4.792213439941406e-05,0,f0e6d146-aae6-4e73-a320-765b8c143778,20260814,ecs-keyed,adverse-ecs-fanout,1,local-adverse-authority
6,11,6,11,1306,1.0,1.8333333333333333,6,6,6,1.0,0.8333333333333334,0.0,1.0,1.0,0.5454545454545454,0.4545454545454546,60.0,0.0,0.09090909090909091,0.0,0.0,0.029142943295565518,0.04940390586853027,0.5629342867485736,0.02877819538116455,6.046295166015625e-05,0,23f51815-02ec-49e9-a0f1-100194a6774e,20260814,ecs-keyed,adverse-ecs-fanout,1,local-adverse-authority
6,9,6,9,903,1.0,1.5,6,6,6,1.0,0.5,0.0,1.0,1.0,0.4444444444444444,0.33333333333333337,20197.0,0.0,0.1111111111111111,0.0,0.0,0.019927024841308594,0.040188837051391604,0.7460037678270907,0.01974618434906006,6.389617919921875e-05,0,62f9b475-9e0f-4d72-ada9-007478099205,20260814,ecs-keyed,adverse-ecs-fanout,1,local-adverse-authority
6,11,6,11,975,1.0,1.8333333333333333,5,6,6,1.0,0.0,0.0,1.0,1.0,0.5454545454545454,0.4545454545454546,300.0,0.0,0.09090909090909091,0.0,0.0,0.02037852460687811,0.03519761562347412,0.5386439337640034,0.01749106248219808,0.00016627311706542968,0,0aa4be36-cc0b-442f-8fec-b06f61e51d66,20260814,ecs-keyed,adverse-conflict,1,local-adverse-authority
6,12,6,12,1092,1.0,2.0,6,6,6,1.0,0.0,0.0,1.0,1.0,0.5833333333333334,0.5,300.0,0.0,0.08333333333333333,0.0,0.0,0.03968356053034464,0.09088188409805298,0.6353583303405604,0.03802311420440674,0.0004558165868123372,0,8e5dd347-2f56-4448-966f-f44d75d33356,20260814,ecs-keyed,adverse-conflict,1,local-adverse-authority
6,8,6,8,852,1.0,1.3333333333333333,6,6,6,1.0,0.3333333333333333,0.0,1.0,1.0,0.375,0.25,300.0,0.0,0.125,0.0,0.0,0.01393774151802063,0.04130192995071409,1.1608970727122954,0.014213085174560547,7.891654968261719e-05,0,a2051b5c-bab6-4c5d-9a53-1134361890b0,20260814,ecs-keyed,adverse-ecs-fanout,1,local-adverse-authority
6,12,6,12,1038,1.0,2.0,6,6,6,1.0,0.0,0.0,1.0,1.0,0.5833333333333334,0.5,300.0,0.0,0.08333333333333333,0.0,0.0,0.04245875279108683,0.05214214324951172,0.3134885315000185,0.040808518727620445,0.0012135903040568035,0,7da73c5b-226c-41b2-ac11-e821263ede23,20260814,ecs-keyed,adverse-conflict,1,local-adverse-authority
1,1,1,1,122,1.0,1.0,1,0,0,0.0,0.0,0.0,-0.0,-0.0,1.0,0.0,452.0,0.0,1.0,0.0,0.0,0.003040790557861328,0.003040790557861328,0.0,0.0021305084228515625,0.0,0,904d2a7f-1812-4e13-8c1b-ec9076950e59,20260814,ecs-strict,benign-plain,0,opendns
6,9,6,9,990,1.0,1.5,4,6,6,1.0,0.5,0.0,1.0,1.0,0.4444444444444444,0.33333333333333337,7.0,0.0,0.1111111111111111,0.0,0.0,0.02176698048909505,0.0515625,0.7485331915796716,0.015033324559529623,0.004248301188151042,0,055b6aa1-8303-48fd-a5cc-377aec1e152c,20260814,ecs-keyed,adverse-ecs-fanout,1,local-adverse-authority
1,1,1,1,94,1.0,1.0,1,0,0,0.0,0.0,0.0,-0.0,-0.0,1.0,0.0,53.0,0.0,1.0,0.0,0.0,0.003223896026611328,0.003223896026611328,0.0,0.0021097660064697266,0.0,0,6b865144-f3b9-4d18-9ec2-edfbb90ba073,20260814,ecs-strict,benign-plain,0,google
6,11,6,11,950,1.0,1.8333333333333333,5,6,6,1.0,0.8333333333333334,0.0,1.0,1.0,0.5454545454545454,0.4545454545454546,2517.0,0.0,0.09090909090909091,0.0,0.0,0.039687178351662376,0.06158745288848877,0.4456104974272483,0.03555866082509359,0.0008130550384521484,0,aa67d996-5886-446e-8d70-466a7fe6bd0e,20260814,ecs-keyed,adverse-ecs-fanout,1,local-adverse-authority
1,1,1,1,150,1.0,1.0,1,0,0,0.0,0.0,0.0,-0.0,-0.0,1.0,0.0,2609.0,0.0,1.0,0.0,0.0,0.003381490707397461,0.003381490707397461,0.0,0.0025815963745117188,0.0,0,8bcc7f57-dcbb-4275-9193-a3a152ad86e7,20260814,ecs-strict,benign-plain,0,opendns
1,1,1,1,82,1.0,1.0,1,0,0,0.0,0.0,0.0,-0.0,-0.0,1.0,0.0,39.0,0.0,1.0,0.0,0.0,0.002218961715698242,0.002218961715698242,0.0,0.0017938613891601562,0.0,0,a605c504-4fa5-44bb-9c88-41c893098c1e,20260814,ecs-strict,benign-plain,0,google
1,1,1,1,205,1.0,1.0,1,0,0,0.0,0.0,0.0,-0.0,-0.0,1.0,0.0,60.0,0.0,1.0,0.0,0.0,0.0021333694458007812,0.0021333694458007812,0.0,0.002064228057861328,0.0,0,471556be-e165-4450-9685-b86cafea0bd1,20260814,ecs-strict,benign-plain,0,google
1,1,1,1,98,1.0,1.0,1,0,0,0.0,0.0,0.0,-0.0,-0.0,1.0,0.0,25.0,0.0,1.0,0.0,0.0,0.0032820701599121094,0.0032820701599121094,0.0,0.0030150413513183594,0.0,0,90492b07-6314-4dd6-ba0b-ecb539b05eb6,20260814,ecs-strict,benign-plain,0,opendns
1,1,1,1,88,1.0,1.0,1,0,0,0.0,0.0,0.0,-0.0,-0.0,1.0,0.0,782.0,0.0,1.0,0.0,0.0,0.0026459693908691406,0.0026459693908691406,0.0,0.0026078224182128906,0.0,0,ec633aa2-873b-45e1-8711-5beaa5147eca,20260814,ecs-strict,benign-plain,0,quad9
6,11,6,11,882,1.0,1.8333333333333333,6,6,6,1.0,0.8333333333333334,0.0,1.0,1.0,0.5454545454545454,0.4545454545454546,270.0,0.0,0.09090909090909091,0.0,0.0,0.03784483129327947,0.05612659454345703,0.4143336681625555,0.030650734901428223,0.00043215751647949217,0,8baa75dd-e6eb-4bf0-8c98-645f912ec208,20260814,ecs-keyed,adverse-ecs-fanout,1,local-adverse-authority
1,1,1,1,128,1.0,1.0,1,0,0,0.0,0.0,0.0,-0.0,-0.0,1.0,0.0,162.0,0.0,1.0,0.0,0.0,0.00231170654296875,0.00231170654296875,0.0,0.0022423267364501953,0.0,0,9d6612f4-f41d-4d59-b043-9438d64bc80c,20260814,ecs-strict,benign-plain,0,quad9
6,10,6,10,1048,1.0,1.6666666666666667,5,6,6,1.0,0.6666666666666666,0.0,1.0,1.0,0.5,0.4,2236.0,0.0,0.1,0.0,0.0,0.03837819099426269,0.07464821338653564,0.4746680729921596,0.031326492627461754,6.145238876342773e-05,0,61d12dc4-afd5-4c17-8fd5-fc212ce35dbc,20260814,ecs-keyed,adverse-ecs-fanout,1,local-adverse-authority
6,10,6,10,1448,1.0,1.6666666666666667,5,6,6,1.0,0.6666666666666666,0.0,1.0,1.0,0.5,0.4,300.0,0.0,0.1,0.0,0.0,0.03135225772857666,0.04127435684204101,0.24311134264365408,0.02252817153930664,0.0007245540618896484,0,89815085-4125-4704-8e3a-160bdd9af00c,20260814,ecs-keyed,adverse-ecs-fanout,1,local-adverse-authority
6,11,6,11,1026,1.0,1.8333333333333333,6,6,6,1.0,0.0,0.0,1.0,1.0,0.5454545454545454,0.4545454545454546,300.0,0.0,0.09090909090909091,0.0,0.0,0.036629069935191765,0.04838299751281738,0.20899096957511654,0.035841941833496094,0.0013734817504882813,0,aa2d4e51-12ec-437b-9e9e-b9062b810b79,20260814,ecs-keyed,adverse-conflict,1,local-adverse-authority
6,10,6,10,952,1.0,1.6666666666666667,5,6,6,1.0,0.6666666666666666,0.0,1.0,1.0,0.5,0.4,138.0,0.0,0.1,0.0,0.0,0.0426069974899292,0.07452492713928223,0.44575783375080913,0.03556267420450846,0.00014322996139526367,0,04c6edef-e56a-4071-a569-d9933f28a5e1,20260814,ecs-keyed,adverse-ecs-fanout,1,local-adverse-authority
6,11,6,11,1052,1.0,1.8333333333333333,6,6,6,1.0,0.8333333333333334,0.0,1.0,1.0,0.5454545454545454,0.4545454545454546,1.0,0.0,0.09090909090909091,0.0,0.0,0.03654105013067072,0.08644664287567139,0.6878139444948249,0.03145575523376465,0.00013074874877929687,0,58095347-39dc-4fc3-aa40-e39e7768535e,20260814,ecs-keyed,adverse-ecs-fanout,1,local-adverse-authority
6,12,6,12,1602,1.0,2.0,6,6,6,1.0,1.0,0.0,1.0,1.0,0.5833333333333334,0.5,300.0,0.0,0.08333333333333333,0.0,0.0,0.028928319613138836,0.04909659624099731,0.42735800437423754,0.025107343991597492,0.0014690558115641277,0,83db81cc-c122-41a2-aee2-f744f9950382,20260814,ecs-keyed,adverse-ecs-fanout,1,local-adverse-authority
1,1,1,1,102,1.0,1.0,1,0,0,0.0,0.0,0.0,-0.0,-0.0,1.0,0.0,300.0,0.0,1.0,0.0,0.0,0.042501211166381836,0.042501211166381836,0.0,0.04126882553100586,0.0,0,eb640695-33e0-43be-8393-dead246dabc7,20260814,ecs-strict,benign-plain,0,quad9
6,10,6,10,856,1.0,1.6666666666666667,6,6,6,1.0,0.6666666666666666,0.0,1.0,1.0,0.5,0.4,23.0,0.0,0.1,0.0,0.0,0.04490294456481934,0.0601676344871521,0.33425709011048477,0.03853305180867513,0.0002270340919494629,0,33cda684-83b0-407f-a3e9-d56c22c93909,20260814,ecs-keyed,adverse-ecs-fanout,1,local-adverse-authority
6,11,6,11,1159,1.0,1.8333333333333333,5,6,6,1.0,0.8333333333333334,0.0,1.0,1.0,0.5454545454545454,0.4545454545454546,300.0,0.0,0.09090909090909091,0.0,0.0,0.03165433623573997,0.058982133865356445,0.5039856967791597,0.027885993321736652,0.0004134178161621094,0,51716a12-a8db-4cba-b656-95184d4a1d00,20260814,ecs-keyed,adverse-ecs-fanout,1,local-adverse-authority
1,1,1,1,116,1.0,1.0,1,0,0,0.0,0.0,0.0,-0.0,-0.0,1.0,0.0,296.0,0.0,1.0,0.0,0.0,0.002510547637939453,0.002510547637939453,0.0,0.002341747283935547,0.0,0,115c3db3-16ad-4af9-b294-1d9cb7d85548,20260814,ecs-strict,benign-plain,0,cloudflare
6,10,6,10,1224,1.0,1.6666666666666667,6,6,6,1.0,0.6666666666666666,0.0,1.0,1.0,0.5,0.4,60.0,0.0,0.1,0.0,0.0,0.022081446647644044,0.03899409770965576,0.5302874853285804,0.019872109095255535,7.426738739013672e-05,0,725f0351-91f9-453c-9281-fc62629a0097,20260814,ecs-keyed,adverse-ecs-fanout,1,local-adverse-authority
6,10,6,10,1064,1.0,1.6666666666666667,6,6,6,1.0,0.6666666666666666,0.0,1.0,1.0,0.5,0.4,300.0,0.0,0.1,0.0,0.0,0.02296299934387207,0.06532844305038452,0.9330557881722107,0.01928083101908366,4.589557647705078e-05,0,39b55b45-ba59-4a57-a87b-0886dec33eee,20260814,ecs-keyed,adverse-ecs-fanout,1,local-adverse-authority
1,1,1,1,102,1.0,1.0,1,0,0,0.0,0.0,0.0,-0.0,-0.0,1.0,0.0,135.0,0.0,1.0,0.0,0.0,0.0022325515747070312,0.0022325515747070312,0.0,0.0021800994873046875,0.0,0,a237e4e7-c86a-4b0f-8712-24ad29083f5e,20260814,ecs-strict,benign-plain,0,cloudflare
1,1,1,1,96,1.0,1.0,0,0,0,0.0,0.0,0.0,-0.0,-0.0,1.0,0.0,108.0,0.0,1.0,0.0,0.0,2.508945941925049,2.508945941925049,0.0,0.0,0.0,0,b440bca2-6f30-4470-ba4d-3bc26289c0a4,20260814,ecs-strict,benign-plain,0,opendns
1,1,1,1,88,1.0,1.0,0,0,0,0.0,0.0,0.0,-0.0,-0.0,1.0,0.0,19342.0,0.0,1.0,0.0,0.0,2.5051186084747314,2.5051186084747314,0.0,0.0,0.0,0,13e0b3de-d7e2-46a1-8b0f-a5f78ec21849,20260814,ecs-strict,benign-plain,0,google
1,1,1,1,122,1.0,1.0,1,0,0,0.0,0.0,0.0,-0.0,-0.0,1.0,0.0,17369.0,0.0,1.0,0.0,0.0,0.0015366077423095703,0.0015366077423095703,0.0,0.001180410385131836,0.0,0,2155b9df-b1ae-4a1f-a334-2b7ee2029499,20260814,ecs-strict,benign-plain,0,quad9
1,1,1,1,120,1.0,1.0,0,0,0,0.0,0.0,0.0,-0.0,-0.0,1.0,0.0,290.0,0.0,1.0,0.0,0.0,2.50555682182312,2.50555682182312,0.0,0.0,0.0,0,996ca14f-c7a8-414f-aad3-c8f4f1a1b2e1,20260814,ecs-strict,benign-plain,0,cloudflare
1,1,1,1,136,1.0,1.0,0,0,0,0.0,0.0,0.0,-0.0,-0.0,1.0,0.0,1177.0,0.0,1.0,0.0,0.0,2.507683753967285,2.507683753967285,0.0,0.0,0.0,0,85c23dda-b7d4-49bc-8cc8-051ab88bf343,20260814,ecs-strict,benign-plain,0,quad9
1,1,1,1,104,1.0,1.0,0,0,0,0.0,0.0,0.0,-0.0,-0.0,1.0,0.0,299.0,0.0,1.0,0.0,0.0,2.5047638416290283,2.5047638416290283,0.0,0.0,0.0,0,0d6ab3e6-360b-44a2-95c9-dbddefb7af75,20260814,ecs-strict,benign-plain,0,quad9
1,1,1,1,136,1.0,1.0,1,0,0,0.0,0.0,0.0,-0.0,-0.0,1.0,0.0,131.0,0.0,1.0,0.0,0.0,0.0021545886993408203,0.0021545886993408203,0.0,0.002041339874267578,0.0,0,c6860612-d373-4176-8671-60a97e1e8e2d,20260814,ecs-strict,benign-plain,0,quad9
1,1,1,1,92,1.0,1.0,1,0,0,0.0,0.0,0.0,-0.0,-0.0,1.0,0.0,300.0,0.0,1.0,0.0,0.0,0.003379344940185547,0.003379344940185547,0.0,0.0028960704803466797,0.0,0,00b55556-3b3c-4d5d-84ae-b7917952daa2,20260814,ecs-strict,benign-plain,0,google
1,1,1,1,116,1.0,1.0,1,0,0,0.0,0.0,0.0,-0.0,-0.0,1.0,0.0,243.0,0.0,1.0,0.0,0.0,0.0015714168548583984,0.0015714168548583984,0.0,0.0012347698211669922,0.0,0,2e8f7ab0-a09e-4277-9c9b-e290cb64d745,20260814,ecs-strict,benign-plain,0,opendns
1,1,1,1,98,1.0,1.0,0,0,0,0.0,0.0,0.0,-0.0,-0.0,1.0,0.0,109.0,0.0,1.0,0.0,0.0,2.5054543018341064,2.5054543018341064,0.0,0.0,0.0,0,87bc3f19-d78e-432a-ae96-bc8440351999,20260814,ecs-strict,benign-plain,0,opendns
1,1,1,1,96,1.0,1.0,1,0,0,0.0,0.0,0.0,-0.0,-0.0,1.0,0.0,390.0,0.0,1.0,0.0,0.0,0.0022132396697998047,0.0022132396697998047,0.0,0.002170085906982422,0.0,0,f90079cd-fd03-476f-bfd9-39b082217e81,20260814,ecs-strict,benign-plain,0,google
1,1,1,1,146,1.0,1.0,0,0,0,0.0,0.0,0.0,-0.0,-0.0,1.0,0.0,156.0,0.0,1.0,0.0,0.0,2.5059144496917725,2.5059144496917725,0.0,0.0,0.0,0,3333d97c-50aa-4bb6-a926-aa2f95692a64,20260814,ecs-strict,benign-plain,0,google
1,1,1,1,104,1.0,1.0,0,0,0,0.0,0.0,0.0,-0.0,-0.0,1.0,0.0,16050.0,0.0,1.0,0.0,0.0,2.5054931640625,2.5054931640625,0.0,0.0,0.0,0,3bfc15f5-1ece-488c-ba88-7f3483994b27,20260814,ecs-strict,benign-plain,0,quad9
1,1,1,1,144,1.0,1.0,0,0,0,0.0,0.0,0.0,-0.0,-0.0,1.0,0.0,50.0,0.0,1.0,0.0,0.0,2.5057764053344727,2.5057764053344727,0.0,0.0,0.0,0,82c797f6-1fca-4f81-873f-ef75b17423b3,20260814,ecs-strict,benign-plain,0,quad9
1,1,1,1,96,1.0,1.0,1,0,0,0.0,0.0,0.0,-0.0,-0.0,1.0,0.0,263.0,0.0,1.0,0.0,0.0,0.0019919872283935547,0.0019919872283935547,0.0,0.0014274120330810547,0.0,0,5839a591-2d62-48de-9d67-8f699c7c569b,20260814,ecs-strict,benign-plain,0,opendns
1,1,1,1,94,1.0,1.0,0,0,0,0.0,0.0,0.0,-0.0,-0.0,1.0,0.0,49.0,0.0,1.0,0.0,0.0,2.5155158042907715,2.5155158042907715,0.0,0.0,0.0,0,b08c1b2d-70a8-4df0-acd2-4a08ec66c07e,20260814,ecs-strict,benign-plain,0,google
1,1,1,1,90,1.0,1.0,1,0,0,0.0,0.0,0.0,-0.0,-0.0,1.0,0.0,507.0,0.0,1.0,0.0,0.0,0.0031363964080810547,0.0031363964080810547,0.0,0.0028085708618164062,0.0,0,8042e719-d594-4f0e-a8ee-1cdc996205b4,20260814,ecs-strict,benign-plain,0,google
1,1,1,1,223,1.0,1.0,1,0,0,0.0,0.0,0.0,-0.0,-0.0,1.0,0.0,300.0,0.0,1.0,0.0,0.0,0.005888938903808594,0.005888938903808594,0.0,0.005281925201416016,0.0,0,50c43f4f-0055-4572-89ef-60ee859f4242,20260814,ecs-strict,benign-plain,0,google
1,1,1,1,116,1.0,1.0,1,0,0,0.0,0.0,0.0,-0.0,-0.0,1.0,0.0,2233.0,0.0,1.0,0.0,0.0,0.0029768943786621094,0.0029768943786621094,0.0,0.0016629695892333984,0.0,0,1dd423a6-7f08-4848-ba89-b9028d7fb724,20260814,ecs-strict,benign-plain,0,google
1,1,1,1,96,1.0,1.0,1,0,0,0.0,0.0,0.0,-0.0,-0.0,1.0,0.0,1.0,0.0,1.0,0.0,0.0,0.0015404224395751953,0.0015404224395751953,0.0,0.0012536048889160156,0.0,0,2ac97e81-0d2e-412b-ab50-4699e32b16d3,20260814,ecs-strict,benign-plain,0,google
1,1,1,1,134,1.0,1.0,1,0,0,0.0,0.0,0.0,-0.0,-0.0,1.0,0.0,20.0,0.0,1.0,0.0,0.0,0.0024242401123046875,0.0024242401123046875,0.0,0.002321481704711914,0.0,0,6b85eae8-7d5b-40d0-bb5b-d2a41519337c,20260814,ecs-strict,benign-plain,0,cloudflare
1,1,1,1,116,1.0,1.0,1,0,0,0.0,0.0,0.0,-0.0,-0.0,1.0,0.0,3265.0,0.0,1.0,0.0,0.0,0.003828287124633789,0.003828287124633789,0.0,0.003227710723876953,0.0,0,35204b0e-246a-4b83-a1c4-8d1881e6dc74,20260814,ecs-strict,benign-plain,0,google
1,1,1,1,108,1.0,1.0,1,0,0,0.0,0.0,0.0,-0.0,-0.0,1.0,0.0,583.0,0.0,1.0,0.0,0.0,0.0015442371368408203,0.0015442371368408203,0.0,0.001447439193725586,0.0,0,4d8a4d42-8593-4fc7-9763-bad2be5b08a3,20260814,ecs-strict,benign-plain,0,google
1,1,1,1,98,1.0,1.0,1,0,0,0.0,0.0,0.0,-0.0,-0.0,1.0,0.0,28.0,0.0,1.0,0.0,0.0,0.003300905227661133,0.003300905227661133,0.0,0.002278566360473633,0.0,0,61b441d4-a475-45a8-a89b-32bc243ce7aa,20260814,ecs-strict,benign-plain,0,quad9
1,1,1,1,96,1.0,1.0,1,0,0,0.0,0.0,0.0,-0.0,-0.0,1.0,0.0,138.0,0.0,1.0,0.0,0.0,0.0033752918243408203,0.0033752918243408203,0.0,0.0026900768280029297,0.0,0,ef1de2cc-4764-445a-a198-7a0f15a78d77,20260814,ecs-strict,benign-plain,0,quad9
1,1,1,1,184,1.0,1.0,1,0,0,0.0,0.0,0.0,-0.0,-0.0,1.0,0.0,127.0,0.0,1.0,0.0,0.0,0.0038149356842041016,0.0038149356842041016,0.0,0.002983570098876953,0.0,0,7e19330d-a12a-477b-8f8d-635c752f7ad8,20260814,ecs-strict,benign-plain,0,google
1,1,1,1,146,1.0,1.0,1,0,0,0.0,0.0,0.0,-0.0,-0.0,1.0,0.0,1850.0,0.0,1.0,0.0,0.0,0.0031900405883789062,0.0031900405883789062,0.0,0.0021409988403320312,0.0,0,49a669a1-fda9-467c-b34a-c04f2e5ac527,20260814,ecs-strict,benign-plain,0,opendns
1,1,1,1,96,1.0,1.0,1,0,0,0.0,0.0,0.0,-0.0,-0.0,1.0,0.0,760.0,0.0,1.0,0.0,0.0,0.0028944015502929688,0.0028944015502929688,0.0,0.0020155906677246094,0.0,0,4fc9ed17-a32d-4aaa-8ead-7bd2e232fc91,20260814,ecs-strict,benign-plain,0,opendns
1,1,1,1,104,1.0,1.0,1,0,0,0.0,0.0,0.0,-0.0,-0.0,1.0,0.0,267.0,0.0,1.0,0.0,0.0,0.002607583999633789,0.002607583999633789,0.0,0.0016715526580810547,0.0,0,0fbf78f2-8b3e-4e13-9802-e5fdad40440f,20260814,ecs-strict,benign-plain,0,quad9
1,1,1,1,188,1.0,1.0,1,0,0,0.0,0.0,0.0,-0.0,-0.0,1.0,0.0,300.0,0.0,1.0,0.0,0.0,0.004631757736206055,0.004631757736206055,0.0,0.004117727279663086,0.0,0,98b7233f-0d78-43f2-a033-efb96d20ea81,20260814,ecs-strict,benign-plain,0,opendns
1,1,1,1,156,1.0,1.0,1,0,0,0.0,0.0,0.0,-0.0,-0.0,1.0,0.0,1064.0,0.0,1.0,0.0,0.0,0.0023217201232910156,0.0023217201232910156,0.0,0.0018277168273925781,0.0,0,7ac973ea-84be-4fc5-851b-76219267df88,20260814,ecs-strict,benign-plain,0,google
1,1,1,1,152,1.0,1.0,1,0,0,0.0,0.0,0.0,-0.0,-0.0,1.0,0.0,21.0,0.0,1.0,0.0,0.0,0.002711057662963867,0.002711057662963867,0.0,0.0024175643920898438,0.0,0,a0e30b8d-fd83-4a6a-b8b8-6ab3afa71012,20260814,ecs-strict,benign-plain,0,google
1,1,1,1,128,1.0,1.0,1,0,0,0.0,0.0,0.0,-0.0,-0.0,1.0,0.0,109.0,0.0,1.0,0.0,0.0,0.0031583309173583984,0.0031583309173583984,0.0,0.002105236053466797,0.0,0,24899e15-a176-4030-a830-cc44602bbdfc,20260814,ecs-strict,benign-plain,0,cloudflare
1,1,1,1,94,1.0,1.0,1,0,0,0.0,0.0,0.0,-0.0,-0.0,1.0,0.0,605.0,0.0,1.0,0.0,0.0,0.0012888908386230469,0.0012888908386230469,0.0,0.0011925697326660156,0.0,0,abae7017-7369-4a99-98be-5fd6d072219d,20260814,ecs-strict,benign-plain,0,cloudflare
1,1,1,1,94,1.0,1.0,1,0,0,0.0,0.0,0.0,-0.0,-0.0,1.0,0.0,106.0,0.0,1.0,0.0,0.0,0.0020151138305664062,0.0020151138305664062,0.0,0.0018889904022216797,0.0,0,4aabd56d-48c2-49a7-a332-351d373ee8aa,20260814,ecs-strict,benign-plain,0,quad9
1,1,1,1,140,1.0,1.0,0,0,0,0.0,0.0,0.0,-0.0,-0.0,1.0,0.0,49.0,0.0,1.0,0.0,0.0,2.505373477935791,2.505373477935791,0.0,0.0,0.0,0,65a32f8f-dfef-4b13-adc6-3f1aa31c42fe,20260814,ecs-strict,benign-plain,0,cloudflare
1,1,1,1,140,1.0,1.0,0,0,0,0.0,0.0,0.0,-0.0,-0.0,1.0,0.0,49.0,0.0,1.0,0.0,0.0,2.504570722579956,2.504570722579956,0.0,0.0,0.0,0,1699ed86-b056-48b7-bea2-598dab0a235a,20260814,ecs-strict,benign-plain,0,quad9
1,1,1,1,88,1.0,1.0,1,0,0,0.0,0.0,0.0,-0.0,-0.0,1.0,0.0,5.0,0.0,1.0,0.0,0.0,0.014496326446533203,0.014496326446533203,0.0,0.014429807662963867,0.0,0,0a2720e7-2e62-4301-b897-e1da56648ee4,20260814,ecs-strict,benign-plain,0,cloudflare
1,1,1,1,98,1.0,1.0,1,0,0,0.0,0.0,0.0,-0.0,-0.0,1.0,0.0,57.0,0.0,1.0,0.0,0.0,0.0023047924041748047,0.0023047924041748047,0.0,0.00196075439453125,0.0,0,241acbc2-d51a-42e9-9ef9-c172f35bb4ca,20260814,ecs-strict,benign-plain,0,quad9
1,1,1,1,120,1.0,1.0,1,0,0,0.0,0.0,0.0,-0.0,-0.0,1.0,0.0,43.0,0.0,1.0,0.0,0.0,0.002686738967895508,0.002686738967895508,0.0,0.0025763511657714844,0.0,0,cb428cee-5364-4b31-a30d-35107386a843,20260814,ecs-strict,benign-plain,0,quad9
1,1,1,1,112,1.0,1.0,1,0,0,0.0,0.0,0.0,-0.0,-0.0,1.0,0.0,16.0,0.0,1.0,0.0,0.0,0.00235748291015625,0.00235748291015625,0.0,0.0017888545989990234,0.0,0,2b7d80dd-707d-4e38-832d-fbecbd7d7743,20260814,ecs-strict,benign-plain,0,opendns
1,1,1,1,212,1.0,1.0,1,0,0,0.0,0.0,0.0,-0.0,-0.0,1.0,0.0,106.0,1.0673309904702604,1.0,0.0,0.0,0.002363920211791992,0.002363920211791992,0.0,0.0018227100372314453,0.0,0,91685a6f-6c9e-4c00-bdd5-46d96bf9782c,20260814,ecs-strict,benign-plain,0,quad9
1,1,1,1,96,1.0,1.0,1,0,0,0.0,0.0,0.0,-0.0,-0.0,1.0,0.0,52.0,0.0,1.0,0.0,0.0,0.001897573471069336,0.001897573471069336,0.0,0.0017311573028564453,0.0,0,aa37a643-f0b5-452f-8154-5aa438114fc4,20260814,ecs-strict,benign-plain,0,quad9
1,1,1,1,98,1.0,1.0,1,0,0,0.0,0.0,0.0,-0.0,-0.0,1.0,0.0,250.0,0.0,1.0,0.0,0.0,0.0031588077545166016,0.0031588077545166016,0.0,0.002181529998779297,0.0,0,404ac2fc-eeea-4fc1-9227-b04056f71ad4,20260814,ecs-strict,benign-plain,0,google
1,1,1,1,96,1.0,1.0,1,0,0,0.0,0.0,0.0,-0.0,-0.0,1.0,0.0,126.0,0.0,1.0,0.0,0.0,0.0019369125366210938,0.0019369125366210938,0.0,0.0016927719116210938,0.0,0,b6b6031a-f8f8-4ba6-bddd-828bc7e744e1,20260814,ecs-strict,benign-plain,0,google
1,1,1,1,135,1.0,1.0,0,0,0,0.0,0.0,0.0,-0.0,-0.0,1.0,0.0,300.0,0.0,1.0,0.0,0.0,2.5056538581848145,2.5056538581848145,0.0,0.0,0.0,0,39d8b67d-93c9-4b67-a1ce-869ec0eba9f4,20260814,ecs-strict,benign-plain,0,cloudflare
1,1,1,1,136,1.0,1.0,1,0,0,0.0,0.0,0.0,-0.0,-0.0,1.0,0.0,300.0,0.0,1.0,0.0,0.0,0.014929056167602539,0.014929056167602539,0.0,0.014882087707519531,0.0,0,1cad9752-5f9f-4974-b52a-2b129a0abd54,20260814,ecs-strict,benign-plain,0,quad9
1,1,1,1,112,1.0,1.0,1,0,0,0.0,0.0,0.0,-0.0,-0.0,1.0,0.0,20.0,0.0,1.0,0.0,0.0,0.012508392333984375,0.012508392333984375,0.0,0.012407302856445312,0.0,0,55b510b7-9371-45c0-b2a4-c293ed4ce98e,20260814,ecs-strict,benign-plain,0,quad9
1,1,1,1,164,1.0,1.0,1,0,0,0.0,0.0,0.0,-0.0,-0.0,1.0,0.0,37.0,0.0,1.0,0.0,0.0,0.002856731414794922,0.002856731414794922,0.0,0.002377033233642578,0.0,0,e7abf288-b116-4fd2-8a03-2983d6161eed,20260814,ecs-strict,benign-plain,0,cloudflare
1,1,1,1,178,1.0,1.0,1,0,0,0.0,0.0,0.0,-0.0,-0.0,1.0,0.0,427.0,0.0,1.0,0.0,0.0,0.0029654502868652344,0.0029654502868652344,0.0,0.0028100013732910156,0.0,0,6b221c00-0816-4460-a1cd-8b0cef2a44e6,20260814,ecs-strict,benign-plain,0,opendns
1,1,1,1,128,1.0,1.0,1,0,0,0.0,0.0,0.0,-0.0,-0.0,1.0,0.0,60.0,0.0,1.0,0.0,0.0,0.013680219650268555,0.013680219650268555,0.0,0.013503789901733398,0.0,0,2e3a55ce-2c84-4ce8-bcef-f8781bceb0fa,20260814,ecs-strict,benign-plain,0,google
1,1,1,1,92,1.0,1.0,1,0,0,0.0,0.0,0.0,-0.0,-0.0,1.0,0.0,300.0,0.0,1.0,0.0,0.0,0.003264904022216797,0.003264904022216797,0.0,0.0032181739807128906,0.0,0,9835bbb5-7c24-40b3-a0c8-fda866f6657c,20260814,ecs-strict,benign-plain,0,opendns
1,1,1,1,152,1.0,1.0,1,0,0,0.0,0.0,0.0,-0.0,-0.0,1.0,0.0,59.0,0.0,1.0,0.0,0.0,0.0016150474548339844,0.0016150474548339844,0.0,0.00157928466796875,0.0,0,529b571a-0905-4888-a959-b4d421c234dc,20260814,ecs-strict,benign-plain,0,quad9
1,1,1,1,186,1.0,1.0,1,0,0,0.0,0.0,0.0,-0.0,-0.0,1.0,0.0,300.0,0.0,1.0,0.0,0.0,0.004866600036621094,0.004866600036621094,0.0,0.004508018493652344,0.0,0,dda211dd-2c63-4cdd-864a-07da26f44858,20260814,ecs-strict,benign-plain,0,quad9
1,1,1,1,96,1.0,1.0,1,0,0,0.0,0.0,0.0,-0.0,-0.0,1.0,0.0,35.0,0.0,1.0,0.0,0.0,0.004135847091674805,0.004135847091674805,0.0,0.00405573844909668,0.0,0,3fb5d2bd-e3b2-40e8-99df-4edb87e10ce2,20260814,ecs-strict,benign-plain,0,opendns
1,1,1,1,154,1.0,1.0,1,0,0,0.0,0.0,0.0,-0.0,-0.0,1.0,0.0,57.0,0.0,1.0,0.0,0.0,0.0018284320831298828,0.0018284320831298828,0.0,0.0017919540405273438,0.0,0,49d6fc12-fea2-4aa7-b79f-3e0d8bca3604,20260814,ecs-strict,benign-plain,0,quad9
1,1,1,1,135,1.0,1.0,1,0,0,0.0,0.0,0.0,-0.0,-0.0,1.0,0.0,9666.0,0.9813780260707635,1.0,0.0,0.0,0.020502805709838867,0.020502805709838867,0.0,0.020067453384399414,0.0,0,3e1e419a-65b7-4e52-b87b-29d59dfcb7d1,20260814,ecs-strict,benign-plain,0,google
1,1,1,1,98,1.0,1.0,1,0,0,0.0,0.0,0.0,-0.0,-0.0,1.0,0.0,2651.0,0.0,1.0,0.0,0.0,0.0039293766021728516,0.0039293766021728516,0.0,0.002694368362426758,0.0,0,8aea8bca-22e5-4065-9fd1-c3057ffdb0c5,20260814,ecs-strict,benign-plain,0,cloudflare
1,1,1,1,146,1.0,1.0,1,0,0,0.0,0.0,0.0,-0.0,-0.0,1.0,0.0,21.0,0.0,1.0,0.0,0.0,0.002881288528442383,0.002881288528442383,0.0,0.002548694610595703,0.0,0,1ccbeb72-3d4f-4693-bad7-c177714a4ecd,20260814,ecs-strict,benign-plain,0,quad9
1,1,1,1,98,1.0,1.0,1,0,0,0.0,0.0,0.0,-0.0,-0.0,1.0,0.0,3291.0,0.0,1.0,0.0,0.0,0.0027239322662353516,0.0027239322662353516,0.0,0.002226114273071289,0.0,0,ca2332ef-c62c-4474-8270-230f5b990005,20260814,ecs-strict,benign-plain,0,cloudflare
1,1,1,1,186,1.0,1.0,1,0,0,0.0,0.0,0.0,-0.0,-0.0,1.0,0.0,13.0,0.0,1.0,0.0,0.0,0.0021638870239257812,0.0021638870239257812,0.0,0.0017626285552978516,0.0,0,143ef839-a477-41ec-adb1-43727a72c082,20260814,ecs-strict,benign-plain,0,google
1,1,1,1,135,1.0,1.0,1,0,0,0.0,0.0,0.0,-0.0,-0.0,1.0,0.0,9626.5,0.986495611073599,1.0,0.0,0.0,0.002568483352661133,0.002568483352661133,0.0,0.0017054080963134766,0.0,0,38d2634a-1f3a-4591-9d7e-13a55cd542ca,20260814,ecs-strict,benign-plain,0,quad9
1,1,1,1,98,1.0,1.0,1,0,0,0.0,0.0,0.0,-0.0,-0.0,1.0,0.0,18.0,0.0,1.0,0.0,0.0,0.002449512481689453,0.002449512481689453,0.0,0.0021185874938964844,0.0,0,912952c5-6a4a-4b9f-abdd-551306c232ec,20260814,ecs-strict,benign-plain,0,quad9
1,1,1,1,108,1.0,1.0,1,0,0,0.0,0.0,0.0,-0.0,-0.0,1.0,0.0,60.0,0.0,1.0,0.0,0.0,0.001878976821899414,0.001878976821899414,0.0,0.001531362533569336,0.0,0,618e3ddd-03f3-491b-95f3-d7042762d73d,20260814,ecs-strict,benign-plain,0,cloudflare
1,1,1,1,144,1.0,1.0,1,0,0,0.0,0.0,0.0,-0.0,-0.0,1.0,0.0,65.0,0.0,1.0,0.0,0.0,0.0016145706176757812,0.0016145706176757812,0.0,0.0014400482177734375,0.0,0,3d1d91f6-46b2-4464-9638-997bd88ac185,20260814,ecs-strict,benign-plain,0,google
1,1,1,1,188,1.0,1.0,0,0,0,0.0,0.0,0.0,-0.0,-0.0,1.0,0.0,149.0,0.0,1.0,0.0,0.0,2.5020911693573,2.5020911693573,0.0,0.0,0.0,0,192f6412-5ee0-4a0c-8a43-3ba5a27d9bec,20260814,ecs-strict,benign-plain,0,opendns
1,1,1,1,100,1.0,1.0,1,0,0,0.0,0.0,0.0,-0.0,-0.0,1.0,0.0,60.0,0.0,1.0,0.0,0.0,0.020298004150390625,0.020298004150390625,0.0,0.020183324813842773,0.0,0,eb363085-03f3-405d-8b63-e9b2eaccd1d4,20260814,ecs-strict,benign-plain,0,opendns
1,1,1,1,142,1.0,1.0,1,0,0,0.0,0.0,0.0,-0.0,-0.0,1.0,0.0,60.0,0.0,1.0,0.0,0.0,0.015488147735595703,0.015488147735595703,0.0,0.015457391738891602,0.0,0,3e8f2252-e200-4cfb-8653-bbb19fb304fe,20260814,ecs-strict,benign-plain,0,google
1,1,1,1,98,1.0,1.0,1,0,0,0.0,0.0,0.0,-0.0,-0.0,1.0,0.0,60.0,0.0,1.0,0.0,0.0,0.01742839813232422,0.01742839813232422,0.0,0.017318010330200195,0.0,0,091fcd67-6796-4922-b660-ac65ea9b067d,20260814,ecs-strict,benign-plain,0,quad9
1,1,1,1,112,1.0,1.0,1,0,0,0.0,0.0,0.0,-0.0,-0.0,1.0,0.0,300.0,0.0,1.0,0.0,0.0,0.013452768325805664,0.013452768325805664,0.0,0.013026237487792969,0.0,0,fa248b94-18d0-4b80-9810-f8b0736199b1,20260814,ecs-strict,benign-plain,0,quad9
3,3,1,3,392,0.3333333333333333,1.0,1,1,1,1.0,0.0,0.0,-0.0,-0.0,0.3333333333333333,0.0,38.0,0.0,0.3333333333333333,0.0,0.6666666666666666,0.0012764135996500652,0.002505636215209961,0.8304073431911462,0.0025987625122070312,0.0,0,ee58c211-28af-4dcb-9519-c2ebadd5d520,20260814,ecs-strict,benign-ecs-stable,0,cloudflare
1,1,1,1,98,1.0,1.0,1,0,0,0.0,0.0,0.0,-0.0,-0.0,1.0,0.0,300.0,0.0,1.0,0.0,0.0,0.0039825439453125,0.0039825439453125,0.0,0.0038683414459228516,0.0,0,d4ab5b51-2336-485a-b65f-26037ba26c2c,20260814,ecs-strict,benign-plain,0,opendns
3,3,1,3,240,0.3333333333333333,1.0,1,1,1,1.0,0.0,0.0,-0.0,-0.0,0.3333333333333333,0.0,38.0,0.0,0.3333333333333333,0.0,0.6666666666666666,0.0021473566691080728,0.0035058498382568356,0.5773839335117589,0.003565073013305664,0.0,0,bd6cde53-2b5c-4bd6-a363-23d377494427,20260814,ecs-strict,benign-ecs-stable,0,cloudflare
3,3,1,3,252,0.3333333333333333,1.0,1,1,1,1.0,0.0,0.0,-0.0,-0.0,0.3333333333333333,0.0,1.0,0.0,0.3333333333333333,0.0,0.6666666666666666,0.002237240473429362,0.0029776334762573243,0.2802054821545817,0.002193927764892578,0.0,0,fe1b67ef-5178-403a-b67e-b3386303337e,20260814,ecs-strict,benign-ecs-stable,0,cloudflare
3,3,1,3,492,0.3333333333333333,1.0,1,1,1,1.0,0.0,0.0,-0.0,-0.0,0.3333333333333333,0.0,1.0,0.0,0.3333333333333333,0.0,0.6666666666666666,0.0014896392822265625,0.002992773056030273,0.9856889355624939,0.0021390914916992188,0.0,0,1dac550c-1931-4ad5-a6af-f52baa9661a0,20260814,ecs-strict,benign-ecs-stable,0,google
3,3,2,3,353,0.6666666666666666,1.0,1,1,1,0.5,0.0,0.0,1.0,1.0,0.3333333333333333,0.0,286.6666666666667,0.032888687497048714,0.3333333333333333,0.0,0.3333333333333333,0.0030480225880940757,0.0042751550674438475,0.3657357977983732,0.0031442642211914062,0.0,0,39c06024-c92c-4399-8fd7-9a944e4893ac,20260814,ecs-strict,benign-ecs-stable,0,google
1,1,1,1,134,1.0,1.0,1,0,0,0.0,0.0,0.0,-0.0,-0.0,1.0,0.0,60.0,0.0,1.0,0.0,0.0,0.015189170837402344,0.015189170837402344,0.0,0.014279603958129883,0.0,0,be602949-77fe-42a1-8a1f-3eb07a6c5d6b,20260814,ecs-strict,benign-plain,0,cloudflare
1,1,1,1,96,1.0,1.0,1,0,0,0.0,0.0,0.0,-0.0,-0.0,1.0,0.0,300.0,0.0,1.0,0.0,0.0,0.015062093734741211,0.015062093734741211,0.0,0.014012575149536133,0.0,0,27dec96c-b14f-48e8-8986-249833edaab8,20260814,ecs-strict,benign-plain,0,cloudflare
3,3,1,3,292,0.3333333333333333,1.0,1,1,1,1.0,0.0,0.0,-0.0,-0.0,0.3333333333333333,0.0,25.0,0.0,0.3333333333333333,0.0,0.6666666666666666,0.0018384456634521484,0.0027431249618530273,0.4491061736200765,0.0022611618041992188,0.0,0,3f56d673-2e50-4787-ae19-380c3c87e79e,20260814,ecs-strict,benign-ecs-stable,0,google
3,3,1,3,292,0.3333333333333333,1.0,1,1,1,1.0,0.0,0.0,-0.0,-0.0,0.3333333333333333,0.0,300.0,0.0,0.3333333333333333,0.0,0.6666666666666666,0.0027449925740559897,0.0037471771240234373,0.4073100373267461,0.0031838417053222656,0.0,0,c9767c14-3b30-4cbf-8ad4-881bbf944586,20260814,ecs-strict,benign-ecs-stable,0,quad9
1,1,1,1,86,1.0,1.0,1,0,0,0.0,0.0,0.0,-0.0,-0.0,1.0,0.0,20.0,0.0,1.0,0.0,0.0,0.01698923110961914,0.01698923110961914,0.0,0.01694202423095703,0.0,0,b462476e-c87f-4cd1-8a91-5e28cba32af3,20260814,ecs-strict,benign-plain,0,opendns
3,3,2,3,303,0.6666666666666666,1.0,1,1,1,0.5,0.0,0.0,1.0,1.0,0.6666666666666666,0.33333333333333337,14.666666666666666,0.25712973861329,0.3333333333333333,0.0,0.3333333333333333,0.0029261906941731772,0.0046041011810302734,0.5147632919702084,0.0025131702423095703,0.0,0,2fdfaef0-22c9-4755-885b-66016c9d16b4,20260814,ecs-strict,benign-ecs-stable,0,google
3,3,1,3,288,0.3333333333333333,1.0,1,1,1,1.0,0.0,0.0,-0.0,-0.0,0.3333333333333333,0.0,15.0,0.0,0.3333333333333333,0.0,0.6666666666666666,0.0014986991882324219,0.002697634696960449,0.7551867019036624,0.0025606155395507812,0.0,0,22684109-9ee6-485f-bc6b-52b35645972e,20260814,ecs-strict,benign-ecs-stable,0,opendns
3,3,1,3,528,0.3333333333333333,1.0,1,1,1,1.0,0.0,0.0,-0.0,-0.0,0.3333333333333333,0.0,300.0,0.0,0.3333333333333333,0.0,0.6666666666666666,0.004260937372843425,0.005304551124572754,0.2706511635200257,0.00421142578125,0.0,0,55d059ae-8ab9-4015-ac3e-3c6baa0b07b9,20260814,ecs-strict,benign-ecs-stable,0,quad9
3,3,1,3,348,0.3333333333333333,1.0,1,1,1,1.0,0.0,0.0,-0.0,-0.0,0.3333333333333333,0.0,60.0,0.0,0.3333333333333333,0.0,0.6666666666666666,0.013060569763183594,0.013520359992980957,0.03258129007611153,0.013480663299560547,0.0,0,0f5b17e4-58d3-4005-943a-57edfad630f9,20260814,ecs-strict,benign-ecs-stable,0,opendns
3,3,1,3,359,0.3333333333333333,1.0,1,1,1,1.0,0.0,0.0,-0.0,-0.0,0.3333333333333333,0.0,300.0,0.0,0.3333333333333333,0.0,0.6666666666666666,0.00341184933980306,0.004659318923950195,0.3433209880581711,0.00427699089050293,0.0,0,567c1ffb-822e-4114-9c09-9166452b3f98,20260814,ecs-strict,benign-ecs-stable,0,google
3,3,1,3,244,0.3333333333333333,1.0,1,1,1,1.0,0.0,0.0,-0.0,-0.0,0.3333333333333333,0.0,300.0,0.0,0.3333333333333333,0.0,0.6666666666666666,0.002697626749674479,0.003495645523071289,0.3187340870987103,0.002966642379760742,0.0,0,5755f618-e26e-44f8-9dcd-9ef62c27e517,20260814,ecs-strict,benign-ecs-stable,0,quad9
3,3,1,3,300,0.3333333333333333,1.0,1,1,1,1.0,0.0,0.0,-0.0,-0.0,0.3333333333333333,0.0,120.0,0.0,0.3333333333333333,0.0,0.6666666666666666,0.011379082997639975,0.014116191864013672,0.20674418555815322,0.013182640075683594,0.0,0,507e04c2-7e24-4351-9dbd-a4396763e05e,20260814,ecs-strict,benign-ecs-stable,0,quad9
3,3,1,3,264,0.3333333333333333,1.0,1,1,1,1.0,0.0,0.0,-0.0,-0.0,0.3333333333333333,0.0,300.0,0.0,0.3333333333333333,0.0,0.6666666666666666,0.005339225133260091,0.006033945083618164,0.12275786794239012,0.005190134048461914,0.0,0,1b7a2075-176b-4f20-8787-b2e645d1678b,20260814,ecs-strict,benign-ecs-stable,0,cloudflare
1,1,1,1,110,1.0,1.0,1,0,0,0.0,0.0,0.0,-0.0,-0.0,1.0,0.0,300.0,0.0,1.0,0.0,0.0,0.04941582679748535,0.04941582679748535,0.0,0.04913330078125,0.0,0,a5b7c2c4-b3df-4e70-b8ca-26fea8f62110,20260814,ecs-strict,benign-plain,0,google
3,3,1,3,412,0.3333333333333333,1.0,1,1,1,1.0,0.0,0.0,-0.0,-0.0,0.3333333333333333,0.0,60.0,0.0,0.3333333333333333,0.0,0.6666666666666666,0.015352010726928711,0.015938162803649902,0.0339916158427118,0.015255212783813477,0.0,0,e86250d1-ed68-458d-8f0e-781ba820d2ed,20260814,ecs-strict,benign-ecs-stable,0,google
3,3,1,3,284,0.3333333333333333,1.0,1,1,1,1.0,0.0,0.0,-0.0,-0.0,0.3333333333333333,0.0,300.0,0.0,0.3333333333333333,0.0,0.6666666666666666,0.002914587656656901,0.003228569030761719,0.09748293313516447,0.002866506576538086,0.0,0,a54d2785-1210-48eb-a160-bc9fe2e866b2,20260814,ecs-strict,benign-ecs-stable,0,opendns
1,1,1,1,110,1.0,1.0,1,0,0,0.0,0.0,0.0,-0.0,-0.0,1.0,0.0,300.0,0.0,1.0,0.0,0.0,0.04185342788696289,0.04185342788696289,0.0,0.04173922538757324,0.0,0,f419ee4f-e723-43b7-81bf-fd104f5e33cd,20260814,ecs-strict,benign-plain,0,opendns
3,3,1,3,228,0.3333333333333333,1.0,1,1,1,1.0,0.0,0.0,-0.0,-0.0,0.3333333333333333,0.0,60.0,0.0,0.3333333333333333,0.0,0.6666666666666666,0.020300944646199543,0.021092939376831054,0.03764491691215861,0.01964855194091797,0.0,0,ac5f1844-1a11-488b-b5a5-401deb1e2a5f,20260814,ecs-strict,benign-ecs-stable,0,quad9
3,3,1,3,400,0.3333333333333333,1.0,1,1,1,1.0,0.0,0.0,-0.0,-0.0,0.3333333333333333,0.0,60.0,0.0,0.3333333333333333,0.0,0.6666666666666666,0.03438727060953776,0.035534906387329104,0.028563118922447825,0.03562474250793457,0.0,0,01654d9b-9205-460d-bbd9-372efccbde8b,20260814,ecs-strict,benign-ecs-stable,0,cloudflare
3,3,1,3,416,0.3333333333333333,1.0,1,1,1,1.0,0.0,0.0,-0.0,-0.0,0.3333333333333333,0.0,60.0,0.0,0.3333333333333333,0.0,0.6666666666666666,0.03634254137674967,0.03720388412475586,0.02424212635919618,0.03713679313659668,0.0,0,28c86317-6bb9-4a0f-a87e-a15606bce783,20260814,ecs-strict,benign-ecs-stable,0,opendns
3,3,1,3,464,0.3333333333333333,1.0,1,1,1,1.0,0.0,0.0,-0.0,-0.0,0.3333333333333333,0.0,49.0,0.0,0.3333333333333333,0.0,0.6666666666666666,0.0011932849884033203,0.0016012907028198243,0.2841597655811674,0.0015528202056884766,0.0,0,71bee81d-c873-4f51-9224-cd45fb947e4b,20260814,ecs-strict,benign-ecs-stable,0,cloudflare
3,3,1,3,408,0.3333333333333333,1.0,1,1,1,1.0,0.0,0.0,-0.0,-0.0,0.3333333333333333,0.0,60.0,0.0,0.3333333333333333,0.0,0.6666666666666666,0.03591426213582357,0.036231040954589844,0.007692786875617178,0.035822153091430664,0.0,0,6cf4cf2c-70f1-45b5-89ba-9506652888eb,20260814,ecs-strict,benign-ecs-stable,0,cloudflare
3,3,1,3,256,0.3333333333333333,1.0,1,1,1,1.0,0.0,0.0,-0.0,-0.0,0.3333333333333333,0.0,60.0,0.0,0.3333333333333333,0.0,0.6666666666666666,0.02942498524983724,0.02979576587677002,0.01168223025722162,0.02915167808532715,0.0,0,99fc1fcf-db09-4c53-8dd5-99efc507153b,20260814,ecs-strict,benign-ecs-stable,0,google
3,3,1,3,400,0.3333333333333333,1.0,1,1,1,1.0,0.0,0.0,-0.0,-0.0,0.3333333333333333,0.0,60.0,0.0,0.3333333333333333,0.0,0.6666666666666666,0.05324514706929525,0.053738522529602054,0.008210171253321122,0.05373859405517578,0.0,0,e8ab5626-e507-4de8-8367-1906d96bbaeb,20260814,ecs-strict,benign-ecs-stable,0,cloudflare
3,3,1,3,524,0.3333333333333333,1.0,1,1,1,1.0,0.0,0.0,-0.0,-0.0,0.3333333333333333,0.0,300.0,0.0,0.3333333333333333,0.0,0.6666666666666666,0.012272198994954428,0.012475919723510743,0.014732822284593867,0.0123291015625,0.0,0,55f16eec-1dbd-44f7-a2ec-2da2711b38dd,20260814,ecs-strict,benign-ecs-stable,0,opendns
1,1,1,1,100,1.0,1.0,1,0,0,0.0,0.0,0.0,-0.0,-0.0,1.0,0.0,3600.0,0.0,1.0,0.0,0.0,0.1497187614440918,0.1497187614440918,0.0,0.14953207969665527,0.0,0,05c1fdd3-78a4-4888-99b4-c58192e77cec,20260814,ecs-strict,benign-plain,0,opendns
3,3,1,3,516,0.3333333333333333,1.0,1,1,1,1.0,0.0,0.0,-0.0,-0.0,0.3333333333333333,0.0,275.0,0.0,0.3333333333333333,0.0,0.6666666666666666,0.0022236506144205728,0.0025768041610717773,0.13351854058883533,0.002051115036010742,0.0,0,e1acfd79-b670-4833-9c20-68c8a096d51a,20260814,ecs-strict,benign-ecs-stable,0,opendns
1,1,1,1,88,1.0,1.0,1,0,0,0.0,0.0,0.0,-0.0,-0.0,1.0,0.0,900.0,0.0,1.0,0.0,0.0,0.12585997581481934,0.12585997581481934,0.0,0.12577223777770996,0.0,0,1138e956-f8d5-4174-8585-269a6354d54b,20260814,ecs-strict,benign-plain,0,cloudflare
3,3,1,3,532,0.3333333333333333,1.0,1,1,1,1.0,0.0,0.0,-0.0,-0.0,0.3333333333333333,0.0,118.0,0.0,0.3333333333333333,0.0,0.6666666666666666,0.0015564759572347004,0.0018405914306640625,0.15377780793724885,0.001543283462524414,0.0,0,631d0d69-7dcd-4bb9-96a1-6604dc817bef,20260814,ecs-strict,benign-ecs-stable,0,google
1,1,1,1,124,1.0,1.0,1,0,0,0.0,0.0,0.0,-0.0,-0.0,1.0,0.0,600.0,0.0,1.0,0.0,0.0,0.13893508911132812,0.13893508911132812,0.0,0.1388416290283203,0.0,0,c29a2abb-336d-475f-9527-eabd022a5e07,20260814,ecs-strict,benign-plain,0,google
3,3,1,3,268,0.3333333333333333,1.0,1,1,1,1.0,0.0,0.0,-0.0,-0.0,0.3333333333333333,0.0,300.0,0.0,0.3333333333333333,0.0,0.6666666666666666,0.005479097366333008,0.005768799781799316,0.045091316146776264,0.005349397659301758,0.0,0,5e8bdac7-e026-44d1-b7d2-53d93955155b,20260814,ecs-strict,benign-ecs-stable,0,quad9
3,3,1,3,264,0.3333333333333333,1.0,0,1,1,1.0,0.0,0.0,-0.0,-0.0,0.3333333333333333,0.0,300.0,0.0,0.3333333333333333,0.0,0.6666666666666666,2.5037617683410645,2.5043169498443603,0.0002043651890625642,0.0,0.0,0,b319ba2b-3438-4714-8f03-ae8a9a3e46db,20260814,ecs-strict,benign-ecs-stable,0,quad9
3,3,1,3,392,0.3333333333333333,1.0,0,1,1,1.0,0.0,0.0,-0.0,-0.0,0.3333333333333333,0.0,300.0,0.0,0.3333333333333333,0.0,0.6666666666666666,2.505810817082723,2.506255555152893,0.00020037728883883952,0.0,0.0,0,12c43c4f-568a-477d-a26f-edab5603299e,20260814,ecs-strict,benign-ecs-stable,0,cloudflare
3,3,1,3,532,0.3333333333333333,1.0,0,1,1,1.0,0.0,0.0,-0.0,-0.0,0.3333333333333333,0.0,300.0,0.0,0.3333333333333333,0.0,0.6666666666666666,2.5090290705362954,2.509471964836121,0.00018518037996077455,0.0,0.0,0,7bdac5c3-9f10-498a-9e11-bc3478a0d07d,20260814,ecs-strict,benign-ecs-stable,0,cloudflare
3,3,1,3,377,0.3333333333333333,1.0,0,1,1,1.0,0.0,0.0,-0.0,-0.0,0.3333333333333333,0.0,300.0,0.0,0.3333333333333333,0.0,0.6666666666666666,2.5066614945729575,2.507013535499573,0.00012795077648341242,0.0,0.0,0,b7ba5c07-d8b8-4945-bd2b-81a211c00ee7,20260814,ecs-strict,benign-ecs-stable,0,quad9
3,3,1,3,464,0.3333333333333333,1.0,1,1,1,1.0,0.0,0.0,-0.0,-0.0,0.3333333333333333,0.0,70.0,0.0,0.3333333333333333,0.0,0.6666666666666666,0.0013006528218587239,0.002397489547729492,0.697922509356708,0.0018606185913085938,0.0,0,2a2c0a8c-21a6-4bb5-9b9a-f8157cb21900,20260814,ecs-strict,benign-ecs-stable,0,opendns
3,3,1,3,284,0.3333333333333333,1.0,0,1,1,1.0,0.0,0.0,-0.0,-0.0,0.3333333333333333,0.0,300.0,0.0,0.3333333333333333,0.0,0.6666666666666666,2.5060203870137534,2.5063461780548097,0.00012691457945737333,0.0,0.0,0,78d32390-fde5-4cbf-9a3d-eac8d06375b4,20260814,ecs-strict,benign-ecs-stable,0,quad9
3,3,1,3,380,0.3333333333333333,1.0,0,1,1,1.0,0.0,0.0,-0.0,-0.0,0.3333333333333333,0.0,36.0,0.0,0.3333333333333333,0.0,0.6666666666666666,2.503756284713745,2.504064702987671,0.0001081279163291798,0.0,0.0,0,7ce38800-cb59-427f-9970-65fc968e38c4,20260814,ecs-strict,benign-ecs-stable,0,opendns
3,3,1,3,248,0.3333333333333333,1.0,1,1,1,1.0,0.0,0.0,-0.0,-0.0,0.3333333333333333,0.0,60.0,0.0,0.3333333333333333,0.0,0.6666666666666666,0.015399853388468424,0.015838885307312013,0.030150280379353637,0.015715360641479492,0.0,0,a8aff2d8-3a6c-4737-aefb-3b073681f113,20260814,ecs-strict,benign-ecs-stable,0,opendns
3,3,1,3,392,0.3333333333333333,1.0,1,1,1,1.0,0.0,0.0,-0.0,-0.0,0.3333333333333333,0.0,60.0,0.0,0.3333333333333333,0.0,0.6666666666666666,0.015273412068684896,0.015927219390869142,0.03691856577279264,0.01555943489074707,0.0,0,165233a3-a39a-4ca0-b421-9fcb9a8acb2d,20260814,ecs-strict,benign-ecs-stable,0,quad9
3,3,1,3,256,0.3333333333333333,1.0,1,1,1,1.0,0.0,0.0,-0.0,-0.0,0.3333333333333333,0.0,300.0,0.0,0.3333333333333333,0.0,0.6666666666666666,0.0038881301879882812,0.004134273529052735,0.05568692828191473,0.004090070724487305,0.0,0,3afb2263-95a0-45c5-8c1e-bcb07ce5915c,20260814,ecs-strict,benign-ecs-stable,0,cloudflare
3,3,1,3,508,0.3333333333333333,1.0,1,1,1,1.0,0.0,0.0,-0.0,-0.0,0.3333333333333333,0.0,300.0,0.0,0.3333333333333333,0.0,0.6666666666666666,0.0030908584594726562,0.003514671325683594,0.11397931415070124,0.003130674362182617,0.0,0,99bffa08-ea32-4551-84fb-d13441a0ec78,20260814,ecs-strict,benign-ecs-stable,0,google
3,3,1,3,256,0.3333333333333333,1.0,1,1,1,1.0,0.0,0.0,-0.0,-0.0,0.3333333333333333,0.0,300.0,0.0,0.3333333333333333,0.0,0.6666666666666666,0.0039891401926676435,0.00434422492980957,0.0779102153912355,0.00412440299987793,0.0,0,f1b5decd-de79-4390-8629-afd35f1610fb,20260814,ecs-strict,benign-ecs-stable,0,google
3,3,1,3,392,0.3333333333333333,1.0,1,1,1,1.0,0.0,0.0,-0.0,-0.0,0.3333333333333333,0.0,60.0,0.0,0.3333333333333333,0.0,0.6666666666666666,0.02122012774149577,0.021822285652160645,0.024276839230992137,0.021836042404174805,0.0,0,4db67d8e-a9bf-4904-b02e-92112568c611,20260814,ecs-strict,benign-ecs-stable,0,google
3,3,1,3,508,0.3333333333333333,1.0,1,1,1,1.0,0.0,0.0,-0.0,-0.0,0.3333333333333333,0.0,300.0,0.0,0.3333333333333333,0.0,0.6666666666666666,0.0032976468404134116,0.0034616708755493162,0.04447667383828906,0.003173828125,0.0,0,4e325f2a-f344-403e-aa5c-af224d2d57a6,20260814,ecs-strict,benign-ecs-stable,0,quad9
3,3,1,3,504,0.3333333333333333,1.0,0,1,1,1.0,0.0,0.0,-0.0,-0.0,0.3333333333333333,0.0,300.0,0.0,0.3333333333333333,0.0,0.6666666666666666,2.5076902707417807,2.508034086227417,0.00011427640597735207,0.0,0.0,0,2cbf7199-fd78-4130-9a42-607a04ef144b,20260814,ecs-strict,benign-ecs-stable,0,google
3,3,1,3,244,0.3333333333333333,1.0,1,1,1,1.0,0.0,0.0,-0.0,-0.0,0.3333333333333333,0.0,19.0,0.0,0.3333333333333333,0.0,0.6666666666666666,0.0013936360677083333,0.0017377614974975586,0.2142665720510307,0.001573324203491211,0.0,0,2fd1ef7d-5a4c-4215-996c-7c817c3195c2,20260814,ecs-strict,benign-ecs-stable,0,quad9
3,3,1,3,632,0.3333333333333333,1.0,0,1,1,1.0,0.0,0.0,-0.0,-0.0,0.3333333333333333,0.0,300.0,0.0,0.3333333333333333,0.0,0.6666666666666666,2.506897528966268,2.5072633743286135,0.0001271768618260365,0.0,0.0,0,c0ac1948-f58a-4b0a-bdf9-c68f0d8a7087,20260814,ecs-strict,benign-ecs-stable,0,opendns
3,3,1,3,232,0.3333333333333333,1.0,1,1,1,1.0,0.0,0.0,-0.0,-0.0,0.3333333333333333,0.0,60.0,0.0,0.3333333333333333,0.0,0.6666666666666666,0.012639522552490234,0.012836694717407227,0.015339024526055784,0.01272439956665039,0.0,0,987ddf6b-e7f0-4a47-ba4f-c4085b3c974c,20260814,ecs-strict,benign-ecs-stable,0,google
3,3,1,3,264,0.3333333333333333,1.0,1,1,1,1.0,0.0,0.0,-0.0,-0.0,0.3333333333333333,0.0,300.0,0.0,0.3333333333333333,0.0,0.6666666666666666,0.0025224685668945312,0.002921175956726074,0.14963915296830466,0.0028836727142333984,0.0,0,c3fba82c-fe34-4871-aea5-b512601b3e59,20260814,ecs-strict,benign-ecs-stable,0,quad9
3,3,1,3,420,0.3333333333333333,1.0,1,1,1,1.0,0.0,0.0,-0.0,-0.0,0.3333333333333333,0.0,60.0,0.0,0.3333333333333333,0.0,0.6666666666666666,0.030500014623006184,0.030660033226013184,0.004564780782910216,0.030561208724975586,0.0,0,a446cb0d-1b4c-45c4-8535-c3e9b6e2a499,20260814,ecs-strict,benign-ecs-stable,0,quad9
3,3,1,3,508,0.3333333333333333,1.0,1,1,1,1.0,0.0,0.0,-0.0,-0.0,0.3333333333333333,0.0,300.0,0.0,0.3333333333333333,0.0,0.6666666666666666,0.0026405652364095054,0.0035318613052368166,0.41082041756154863,0.003178834915161133,0.0,0,fde494bb-cc49-488b-9a6d-9555d8a32f97,20260814,ecs-strict,benign-ecs-stable,0,google
3,3,1,3,256,0.3333333333333333,1.0,0,1,1,1.0,0.0,0.0,-0.0,-0.0,0.3333333333333333,0.0,60.0,0.0,0.3333333333333333,0.0,0.6666666666666666,2.531971295674642,2.5323137044906616,0.00011638158796479044,0.0,0.0,0,b4365cde-9652-4735-a864-2522563de13f,20260814,ecs-strict,benign-ecs-stable,0,cloudflare
3,3,1,3,280,0.3333333333333333,1.0,1,1,1,1.0,0.0,0.0,-0.0,-0.0,0.3333333333333333,0.0,20.0,0.0,0.3333333333333333,0.0,0.6666666666666666,0.01342153549194336,0.01382756233215332,0.02725664255780662,0.012608528137207031,0.0,0,15af96be-aed0-4186-b07d-709032277ff9,20260814,ecs-strict,benign-ecs-stable,0,quad9
3,3,1,3,508,0.3333333333333333,1.0,1,1,1,1.0,0.0,0.0,-0.0,-0.0,0.3333333333333333,0.0,45.0,0.0,0.3333333333333333,0.0,0.6666666666666666,0.0013995965321858723,0.001862645149230957,0.2801214598948019,0.0018534660339355469,0.0,0,a0528424-6872-41c3-a18a-347f07a3e957,20260814,ecs-strict,benign-ecs-stable,0,cloudflare
3,3,1,3,440,0.3333333333333333,1.0,1,1,1,1.0,0.0,0.0,-0.0,-0.0,0.3333333333333333,0.0,60.0,0.0,0.3333333333333333,0.0,0.6666666666666666,0.03041187922159831,0.030640530586242675,0.0067824683608278084,0.030469894409179688,0.0,0,fe74da33-edbd-4a33-9890-b0a88ada6c8a,20260814,ecs-strict,benign-ecs-stable,0,opendns
3,3,1,3,396,0.3333333333333333,1.0,0,1,1,1.0,0.0,0.0,-0.0,-0.0,0.3333333333333333,0.0,60.0,0.0,0.3333333333333333,0.0,0.6666666666666666,2.5199391841888428,2.52016282081604,7.464674524690725e-05,0.0,0.0,0,d9664448-5ff1-4164-937d-b09f401db299,20260814,ecs-strict,benign-ecs-stable,0,cloudflare
3,3,1,3,508,0.3333333333333333,1.0,1,1,1,1.0,0.0,0.0,-0.0,-0.0,0.3333333333333333,0.0,300.0,0.0,0.3333333333333333,0.0,0.6666666666666666,0.0035485426584879556,0.0037536859512329102,0.05297855821878393,0.0036568641662597656,0.0,0,5f91a2dd-0b98-4449-b9a2-c87e144a1ec4,20260814,ecs-strict,benign-ecs-stable,0,opendns
3,3,1,3,396,0.3333333333333333,1.0,1,1,1,1.0,0.0,0.0,-0.0,-0.0,0.3333333333333333,0.0,60.0,0.0,0.3333333333333333,0.0,0.6666666666666666,0.01552740732828776,0.016312479972839355,0.04337943448691598,0.016126632690429688,0.0,0,78c5ae1d-feae-412b-bf1d-0f94299d9475,20260814,ecs-strict,benign-ecs-stable,0,cloudflare
3,3,1,3,384,0.3333333333333333,1.0,1,1,1,1.0,0.0,0.0,-0.0,-0.0,0.3333333333333333,0.0,300.0,0.0,0.3333333333333333,0.0,0.6666666666666666,0.003522793451944987,0.003780031204223633,0.07359461921710443,0.0033915042877197266,0.0,0,ea81a906-3d1b-46d5-8975-da12e70ccaec,20260814,ecs-strict,benign-ecs-stable,0,opendns
3,3,1,3,510,0.3333333333333333,1.0,1,1,1,1.0,0.0,0.0,-0.0,-0.0,0.3333333333333333,0.0,77.0,0.0,0.3333333333333333,0.0,0.6666666666666666,0.0016782283782958984,0.002995204925537109,0.6696849937016803,0.0024878978729248047,0.0,0,8457204d-7bf8-4583-b992-e7f410ec6ff5,20260814,ecs-strict,benign-ecs-stable,0,opendns
3,3,1,3,392,0.3333333333333333,1.0,1,1,1,1.0,0.0,0.0,-0.0,-0.0,0.3333333333333333,0.0,60.0,0.0,0.3333333333333333,0.0,0.6666666666666666,0.016133944193522137,0.01647312641143799,0.02141766273959119,0.016168832778930664,0.0,0,00382de7-6306-4684-8944-3d9227bae157,20260814,ecs-strict,benign-ecs-stable,0,google
3,3,1,3,347,0.3333333333333333,1.0,1,1,1,1.0,0.0,0.0,-0.0,-0.0,0.3333333333333333,0.0,300.0,0.0,0.3333333333333333,0.0,0.6666666666666666,0.004965623219807942,0.006147599220275878,0.2242427887497826,0.005311250686645508,0.0,0,169af264-dfb0-40a9-afeb-03be21efd060,20260814,ecs-strict,benign-ecs-stable,0,quad9
3,3,1,3,516,0.3333333333333333,1.0,1,1,1,1.0,0.0,0.0,-0.0,-0.0,0.3333333333333333,0.0,118.0,0.0,0.3333333333333333,0.0,0.6666666666666666,0.0015178521474202473,0.001989316940307617,0.2588720564983581,0.0019550323486328125,0.0,0,379b7fec-97cd-4a2d-9d8d-d9ded245b485,20260814,ecs-strict,benign-ecs-stable,0,google
3,3,1,3,396,0.3333333333333333,1.0,1,1,1,1.0,0.0,0.0,-0.0,-0.0,0.3333333333333333,0.0,60.0,0.0,0.3333333333333333,0.0,0.6666666666666666,0.015344540278116861,0.015838885307312013,0.028068738307997578,0.014978408813476562,0.0,0,006b894f-e64f-4823-9b02-1ef9453953a6,20260814,ecs-strict,benign-ecs-stable,0,google
3,3,1,3,424,0.3333333333333333,1.0,1,1,1,1.0,0.0,0.0,-0.0,-0.0,0.3333333333333333,0.0,60.0,0.0,0.3333333333333333,0.0,0.6666666666666666,0.030994415283203125,0.03146951198577881,0.013105039156067077,0.031426429748535156,0.0,0,0bee8c26-fae3-45de-a7ed-567401a2d219,20260814,ecs-strict,benign-ecs-stable,0,google
3,3,1,3,408,0.3333333333333333,1.0,1,1,1,1.0,0.0,0.0,-0.0,-0.0,0.3333333333333333,0.0,60.0,0.0,0.3333333333333333,0.0,0.6666666666666666,0.021416982014973957,0.02224273681640625,0.032735995885892016,0.021578311920166016,0.0,0,b424c8e3-2652-4e6b-8793-285e6c0f0d79,20260814,ecs-strict,benign-ecs-stable,0,cloudflare
3,3,1,3,524,0.3333333333333333,1.0,1,1,1,1.0,0.0,0.0,-0.0,-0.0,0.3333333333333333,0.0,300.0,0.0,0.3333333333333333,0.0,0.6666666666666666,0.002695163091023763,0.0038519859313964843,0.38952914493299673,0.003836393356323242,0.0,0,40255000-97d6-4b45-9722-ca2e38b100f4,20260814,ecs-strict,benign-ecs-stable,0,google
3,3,1,3,508,0.3333333333333333,1.0,1,1,1,1.0,0.0,0.0,-0.0,-0.0,0.3333333333333333,0.0,300.0,0.0,0.3333333333333333,0.0,0.6666666666666666,0.0023092428843180337,0.004303669929504394,0.7664253817327058,0.003262758255004883,0.0,0,541093e8-4e24-4d9a-8471-c86861ba0924,20260814,ecs-strict,benign-ecs-stable,0,opendns
3,3,1,3,524,0.3333333333333333,1.0,1,1,1,1.0,0.0,0.0,-0.0,-0.0,0.3333333333333333,0.0,114.0,0.0,0.3333333333333333,0.0,0.6666666666666666,0.0020983219146728516,0.002724933624267578,0.2535117373148123,0.0027170181274414062,0.0,0,f79c5987-5fb5-4a6a-93c5-14cc55748c87,20260814,ecs-strict,benign-ecs-stable,0,quad9
3,3,1,3,392,0.3333333333333333,1.0,1,1,1,1.0,0.0,0.0,-0.0,-0.0,0.3333333333333333,0.0,60.0,0.0,0.3333333333333333,0.0,0.6666666666666666,0.01423796017964681,0.01542801856994629,0.0955550428746587,0.015410900115966797,0.0,0,530eae7e-61f5-4f74-b037-5f5a08de28fa,20260814,ecs-strict,benign-ecs-stable,0,opendns
3,3,1,3,508,0.3333333333333333,1.0,1,1,1,1.0,0.0,0.0,-0.0,-0.0,0.3333333333333333,0.0,300.0,0.0,0.3333333333333333,0.0,0.6666666666666666,0.004584153493245442,0.005235981941223144,0.13633230055349246,0.0038995742797851562,0.0,0,2442a4ec-f0bd-43a8-a0fd-cbe7b4bd50d6,20260814,ecs-strict,benign-ecs-stable,0,opendns
3,3,1,3,512,0.3333333333333333,1.0,1,1,1,1.0,0.0,0.0,-0.0,-0.0,0.3333333333333333,0.0,300.0,0.0,0.3333333333333333,0.0,0.6666666666666666,0.003213008244832357,0.0035696506500244142,0.09344778573253326,0.003239154815673828,0.0,0,0da4cfa7-aa01-4b3f-83b7-a22c5873da20,20260814,ecs-strict,benign-ecs-stable,0,google
3,3,1,3,346,0.3333333333333333,1.0,1,1,1,1.0,0.0,0.0,-0.0,-0.0,0.3333333333333333,0.0,300.0,0.0,0.3333333333333333,0.0,0.6666666666666666,0.005282163619995117,0.0061119794845581055,0.13145561388299964,0.006138324737548828,0.0,0,7f820d2d-b022-4f4b-88cf-5888c261fc33,20260814,ecs-strict,benign-ecs-stable,0,google
3,3,1,3,348,0.3333333333333333,1.0,1,1,1,1.0,0.0,0.0,-0.0,-0.0,0.3333333333333333,0.0,60.0,0.0,0.3333333333333333,0.0,0.6666666666666666,0.012384335199991861,0.013368582725524903,0.07875510880341267,0.012993574142456055,0.0,0,cf9252a7-997a-4bdc-a30d-210ebf93f443,20260814,ecs-strict,benign-ecs-stable,0,google
3,3,1,3,420,0.3333333333333333,1.0,1,1,1,1.0,0.0,0.0,-0.0,-0.0,0.3333333333333333,0.0,60.0,0.0,0.3333333333333333,0.0,0.6666666666666666,0.016956488291422527,0.01772913932800293,0.04055605522742698,0.017220020294189453,0.0,0,8d41f0bd-7c50-40ee-8feb-66bc440e49a1,20260814,ecs-strict,benign-ecs-stable,0,cloudflare
3,3,1,3,244,0.3333333333333333,1.0,1,1,1,1.0,0.0,0.0,-0.0,-0.0,0.3333333333333333,0.0,300.0,0.0,0.3333333333333333,0.0,0.6666666666666666,0.0029123624165852866,0.003260302543640137,0.10142705200562555,0.0026710033416748047,0.0,0,693cfdac-4e75-49eb-a5e9-d9a3f608fd56,20260814,ecs-strict,benign-ecs-stable,0,opendns
3,3,1,3,492,0.3333333333333333,1.0,1,1,1,1.0,0.0,0.0,-0.0,-0.0,0.3333333333333333,0.0,300.0,0.0,0.3333333333333333,0.0,0.6666666666666666,0.0047444502512613935,0.005499482154846191,0.1785937615893229,0.0050013065338134766,0.0,0,e8dc6b13-7b11-4e76-8a7d-294f51119216,20260814,ecs-strict,benign-ecs-stable,0,opendns
3,3,1,3,408,0.3333333333333333,1.0,1,1,1,1.0,0.0,0.0,-0.0,-0.0,0.3333333333333333,0.0,60.0,0.0,0.3333333333333333,0.0,0.6666666666666666,0.04232343037923177,0.04307129383087158,0.015607188912565012,0.04233264923095703,0.0,0,9859dcdc-dd0c-48d4-95ef-c842264cee02,20260814,ecs-strict,benign-ecs-stable,0,google
3,3,1,3,508,0.3333333333333333,1.0,1,1,1,1.0,0.0,0.0,-0.0,-0.0,0.3333333333333333,0.0,117.0,0.0,0.3333333333333333,0.0,0.6666666666666666,0.00283050537109375,0.0036504745483398435,0.30966857073739756,0.002247333526611328,0.0,0,773c32b4-6155-4418-ab1f-f49346ed66af,20260814,ecs-strict,benign-ecs-stable,0,cloudflare
3,3,1,3,508,0.3333333333333333,1.0,0,1,1,1.0,0.0,0.0,-0.0,-0.0,0.3333333333333333,0.0,300.0,0.0,0.3333333333333333,0.0,0.6666666666666666,2.508789300918579,2.5090526580810546,9.302825341280504e-05,0.0,0.0,0,d7adad37-edab-4855-8a25-d7eff405ac72,20260814,ecs-strict,benign-ecs-stable,0,opendns
3,3,1,3,508,0.3333333333333333,1.0,1,1,1,1.0,0.0,0.0,-0.0,-0.0,0.3333333333333333,0.0,300.0,0.0,0.3333333333333333,0.0,0.6666666666666666,0.005084037780761719,0.0056159734725952145,0.08717765154545075,0.005186557769775391,0.0,0,3889bcc5-1c94-421f-baca-1ed49f3cb36f,20260814,ecs-strict,benign-ecs-stable,0,google
3,3,1,3,380,0.3333333333333333,1.0,0,1,1,1.0,0.0,0.0,-0.0,-0.0,0.3333333333333333,0.0,60.0,0.0,0.3333333333333333,0.0,0.6666666666666666,2.533134857813517,2.5333356142044066,6.717785404835974e-05,0.0,0.0,0,04c55c6b-bba4-4a04-afc8-401cab8215a4,20260814,ecs-strict,benign-ecs-stable,0,cloudflare
3,3,1,3,380,0.3333333333333333,1.0,1,1,1,1.0,0.0,0.0,-0.0,-0.0,0.3333333333333333,0.0,60.0,0.0,0.3333333333333333,0.0,0.6666666666666666,0.03319875399271647,0.03443915843963623,0.03505299401651817,0.033057451248168945,0.0,0,d5efab8f-f095-4b4e-ba5d-2000bd962448,20260814,ecs-strict,benign-ecs-stable,0,cloudflare
3,3,1,3,300,0.3333333333333333,1.0,1,1,1,1.0,0.0,0.0,-0.0,-0.0,0.3333333333333333,0.0,20.0,0.0,0.3333333333333333,0.0,0.6666666666666666,0.013216336568196615,0.014341354370117188,0.07595764575528063,0.013968229293823242,0.0,0,99723176-6606-4bdf-a2fd-a207e84efff8,20260814,ecs-strict,benign-ecs-stable,0,google
4,4,4,4,672,1.0,1.0,4,4,4,1.0,0.0,0.0,1.0,1.0,1.0,0.75,300.0,0.0,0.25,0.0,0.0,0.005225658416748047,0.007081067562103271,0.3141640919744655,0.004982948303222656,0.0,0,44d248de-e67a-4519-8569-8f97f8c8a7cc,20260814,ecs-strict,benign-ecs-geo,0,cloudflare
3,3,1,3,412,0.3333333333333333,1.0,1,1,1,1.0,0.0,0.0,-0.0,-0.0,0.3333333333333333,0.0,60.0,0.0,0.3333333333333333,0.0,0.6666666666666666,0.024449268976847332,0.025183701515197755,0.026537455253819252,0.023982524871826172,0.0,0,4fd2e281-d209-4293-9bf5-4a528ab8751f,20260814,ecs-strict,benign-ecs-stable,0,quad9
3,3,1,3,504,0.3333333333333333,1.0,1,1,1,1.0,0.0,0.0,-0.0,-0.0,0.3333333333333333,0.0,300.0,0.0,0.3333333333333333,0.0,0.6666666666666666,0.006847381591796875,0.008483290672302246,0.19950174855509117,0.006913661956787109,0.0,0,c5f33ae5-fd59-4ac4-8161-7da3380993a4,20260814,ecs-strict,benign-ecs-stable,0,cloudflare
3,3,1,3,228,0.3333333333333333,1.0,0,1,1,1.0,0.0,0.0,-0.0,-0.0,0.3333333333333333,0.0,282.0,0.0,0.3333333333333333,0.0,0.6666666666666666,2.5065627098083496,2.5068818807601927,0.0001058366273602347,0.0,0.0,0,c49ecd7e-0bcd-4b16-9e18-c9e464ef8fa7,20260814,ecs-strict,benign-ecs-stable,0,cloudflare
3,3,1,3,376,0.3333333333333333,1.0,1,1,1,1.0,0.0,0.0,-0.0,-0.0,0.3333333333333333,0.0,60.0,0.0,0.3333333333333333,0.0,0.6666666666666666,0.042019923528035484,0.042187952995300294,0.0034894826066092306,0.04176831245422363,0.0,0,6420e035-6ccb-4798-9087-5977403a59a3,20260814,ecs-strict,benign-ecs-stable,0,cloudflare
4,4,4,4,697,1.0,1.0,4,4,4,1.0,0.0,0.0,1.0,1.0,1.0,0.75,236.8,0.3268744758105931,0.25,0.0,0.0,0.00790029764175415,0.012952315807342529,0.5093143732856112,0.007357597351074219,0.0,0,854aacc9-0392-40bf-b470-35001049635b,20260814,ecs-strict,benign-ecs-geo,0,quad9
3,3,1,3,400,0.3333333333333333,1.0,1,1,1,1.0,0.0,0.0,-0.0,-0.0,0.3333333333333333,0.0,60.0,0.0,0.3333333333333333,0.0,0.6666666666666666,0.04620671272277832,0.047401714324951175,0.024257338749761926,0.046259403228759766,0.0,0,7d547732-d885-46cc-9e44-a7c311c68a1d,20260814,ecs-strict,benign-ecs-stable,0,cloudflare
3,3,1,3,256,0.3333333333333333,1.0,1,1,1,1.0,0.0,0.0,-0.0,-0.0,0.3333333333333333,0.0,60.0,0.0,0.3333333333333333,0.0,0.6666666666666666,0.021442731221516926,0.02337038516998291,0.07442052444953742,0.023425579071044922,0.0,0,f0a32b3c-be23-48f1-89fb-4368948c8cd2,20260814,ecs-strict,benign-ecs-stable,0,cloudflare
4,4,4,4,512,1.0,1.0,3,4,4,1.0,0.0,0.0,1.0,1.0,0.5,0.25,10.0,0.0,0.25,0.0,0.0,0.006884932518005371,0.009326565265655517,0.31714560451343504,0.005513429641723633,0.0,0,deee5b8c-c4b7-4e6f-87a2-fc23b4b56f76,20260814,ecs-strict,benign-ecs-geo,0,google
4,4,4,4,456,1.0,1.0,3,4,4,1.0,0.0,0.0,1.0,1.0,0.75,0.5,79.25,0.6968325018472987,0.25,0.0,0.0,0.0068666934967041016,0.007176625728607178,0.03269371377071122,0.0052207112312316895,0.0,0,68e1315e-9085-4138-8b78-e2e23aaa0b71,20260814,ecs-strict,benign-ecs-geo,0,cloudflare
4,4,4,4,644,1.0,1.0,3,4,4,1.0,0.0,0.0,1.0,1.0,1.0,0.75,300.0,0.0,0.25,0.0,0.0,0.007077455520629883,0.008216500282287598,0.11667571942064188,0.0061318278312683105,0.0,0,35ef7182-50d6-4753-a7a8-12e77b93efb0,20260814,ecs-strict,benign-ecs-geo,0,cloudflare
4,4,4,4,736,1.0,1.0,2,4,4,1.0,0.0,0.0,1.0,1.0,1.0,0.75,300.0,0.0,0.25,0.0,0.0,0.006681680679321289,0.009850966930389404,0.3634793645345975,0.005193233489990234,0.0,0,b28ebe42-9038-4edb-92bd-2fcfab02ce58,20260814,ecs-strict,benign-ecs-geo,0,opendns
4,4,4,4,648,1.0,1.0,4,4,4,1.0,0.0,0.0,1.0,1.0,1.0,0.75,300.0,0.0,0.25,0.0,0.0,0.007513165473937988,0.011681854724884031,0.40455356929077313,0.0049970149993896484,0.0,0,a903ed45-4b9d-4952-b780-8bfdeb1b8df6,20260814,ecs-strict,benign-ecs-geo,0,cloudflare
3,3,1,3,420,0.3333333333333333,1.0,1,1,1,1.0,0.0,0.0,-0.0,-0.0,0.3333333333333333,0.0,60.0,0.0,0.3333333333333333,0.0,0.6666666666666666,0.04456472396850586,0.04489889144897461,0.0064911281919538604,0.04459357261657715,0.0,0,e6e92dbf-1ae0-42ae-8f8e-18ac591dfc2a,20260814,ecs-strict,benign-ecs-stable,0,google
4,4,4,4,648,1.0,1.0,3,4,4,1.0,0.0,0.0,1.0,1.0,1.0,0.75,54.5,0.1747941181950243,0.25,0.0,0.0,0.02569681406021118,0.042200207710266106,0.5412434747980227,0.024432241916656494,0.0,0,fe378e4e-7e60-491c-960a-ef9a8ff04118,20260814,ecs-strict,benign-ecs-geo,0,opendns
4,4,4,4,672,1.0,1.0,4,4,4,1.0,0.0,0.0,1.0,1.0,1.0,0.75,60.0,0.0,0.25,0.0,0.0,0.033687472343444824,0.04464092254638671,0.27101379937412384,0.03283882141113281,0.0,0,7b7ef79d-66ad-4c49-95b2-f3b242e61030,20260814,ecs-strict,benign-ecs-geo,0,quad9
3,3,1,1,206,0.3333333333333333,1.0,0,1,1,1.0,0.0,0.0,-0.0,-0.0,0.6666666666666666,0.33333333333333337,300.0,0.0,0.6666666666666666,0.0,0.6666666666666666,5.005848964055379,5.015320658683777,0.0015735052266221076,0.0,0.0,2,42fe0413-0e93-40ee-9524-77e12293a732,20260814,ecs-strict,benign-ecs-stable,0,opendns
4,4,4,4,536,1.0,1.0,1,4,4,1.0,0.0,0.0,1.0,1.0,1.0,0.75,289.0,0.06592580928462854,0.25,0.0,0.0,1.2575905323028564,2.510666513442993,0.9963273633705511,0.003464937210083008,0.0,0,1d56b303-83a0-461d-9bbd-9cd1150c6b53,20260814,ecs-strict,benign-ecs-geo,0,quad9
4,4,4,4,616,1.0,1.0,1,4,4,1.0,0.0,0.0,1.0,1.0,1.0,0.75,298.3076923076923,0.01965194314931165,0.25,0.0,0.0,1.8841605186462402,2.512351620197296,0.5760314485184371,0.003244161605834961,0.0,0,22eee78b-fad3-4836-a00e-a56a93014d8d,20260814,ecs-strict,benign-ecs-geo,0,quad9
4,4,4,4,824,1.0,1.0,0,4,4,1.0,0.0,0.0,1.0,1.0,0.75,0.5,207.0,0.4499112429031974,0.25,0.0,0.0,2.5084577798843384,2.512509453296661,0.0012405175621007546,0.0,0.0,0,ec193abf-554f-41b3-a28f-bf41352d9bef,20260814,ecs-strict,benign-ecs-geo,0,opendns
4,4,4,4,672,1.0,1.0,1,4,4,1.0,0.0,0.0,1.0,1.0,1.0,0.75,240.94736842105263,0.3607556317176295,0.25,0.0,0.0,1.8857524394989014,2.514978802204132,0.5751772390417581,0.007006406784057617,0.0,0,b1e7a517-43dc-4fdd-9d4c-f1578c59a5ce,20260814,ecs-strict,benign-ecs-geo,0,opendns
4,4,4,4,624,1.0,1.0,3,4,4,1.0,0.0,0.0,1.0,1.0,1.0,0.75,60.0,0.0,0.25,0.0,0.0,0.6561124324798584,2.153632938861846,1.6451522967607324,0.031727234522501625,0.0,0,601496db-8f25-43e6-8078-e9299181efc7,20260814,ecs-strict,benign-ecs-geo,0,quad9
4,4,4,4,644,1.0,1.0,0,4,4,1.0,0.0,0.0,1.0,1.0,1.0,0.75,299.25,0.0043409794675911715,0.25,0.0,0.0,2.510268449783325,2.511869192123413,0.0004599015618773999,0.0,0.0,0,b9276d18-4817-4627-8f61-8e8135d2b547,20260814,ecs-strict,benign-ecs-geo,0,cloudflare
4,4,4,4,712,1.0,1.0,2,4,4,1.0,0.0,0.0,1.0,1.0,1.0,0.75,218.52631578947367,0.5487943890926263,0.25,0.0,0.0,0.00537419319152832,0.006301867961883544,0.15159762448504988,0.0036714673042297363,0.0,0,2f1d7969-c874-44cc-a3f0-cef50f608f18,20260814,ecs-strict,benign-ecs-geo,0,google
4,4,4,4,744,1.0,1.0,3,4,4,1.0,0.0,0.0,1.0,1.0,1.0,0.75,164.78947368421052,0.6550757502763952,0.25,0.0,0.0,0.006195068359375,0.008388280868530273,0.27386452314697934,0.004734516143798828,0.0,0,99b8b5f2-a2ff-430f-81a9-d84166a172e3,20260814,ecs-strict,benign-ecs-geo,0,google
4,4,4,4,624,1.0,1.0,0,4,4,1.0,0.0,0.0,1.0,1.0,1.0,0.75,47.75,0.44434811293651827,0.25,0.0,0.0,2.5222103595733643,2.5279370188713073,0.0029126770311490168,0.0,0.0,0,0e6e1a33-a155-4d72-a418-d29925d6f64b,20260814,ecs-strict,benign-ecs-geo,0,cloudflare
4,4,4,4,472,1.0,1.0,3,4,4,1.0,0.0,0.0,1.0,1.0,0.75,0.5,13.75,0.22044283005422075,0.25,0.0,0.0,0.005024909973144531,0.008221364021301268,0.48031781437958404,0.00494760274887085,0.0,0,a930079a-7ba1-484f-acf9-b84959e84636,20260814,ecs-strict,benign-ecs-geo,0,quad9
4,4,4,4,744,1.0,1.0,3,4,4,1.0,0.0,0.0,1.0,1.0,1.0,0.75,291.4736842105263,0.04305842242521702,0.25,0.0,0.0,0.00565725564956665,0.007699370384216308,0.3010471321927323,0.0038971304893493652,0.0,0,dae2971b-728d-4b2a-b5c4-b6cb554c4f87,20260814,ecs-strict,benign-ecs-geo,0,cloudflare
4,4,4,4,448,1.0,1.0,3,4,4,1.0,0.0,0.0,1.0,1.0,0.5,0.25,32.75,0.013221761889838757,0.25,0.0,0.0,0.005204439163208008,0.007619917392730711,0.3329085586077653,0.004302859306335449,0.0,0,49d6a1e7-98bc-466f-85cf-42b1f791f216,20260814,ecs-strict,benign-ecs-geo,0,quad9
4,4,4,4,480,1.0,1.0,2,4,4,1.0,0.0,0.0,1.0,1.0,0.5,0.25,3559.5,0.5570891167631163,0.25,0.0,0.0,0.005557119846343994,0.009274339675903319,0.5004739209061001,0.004806697368621826,0.0,0,94656261-f5d5-433f-983b-54de75623e31,20260814,ecs-strict,benign-ecs-geo,0,google
4,4,4,4,792,1.0,1.0,2,4,4,1.0,0.0,0.0,1.0,1.0,1.0,0.75,300.0,0.0,0.25,0.0,0.0,0.004949986934661865,0.006475722789764404,0.21998374394052306,0.004705309867858887,0.0,0,912cb08f-d53b-4d51-8c69-959bf79c638c,20260814,ecs-strict,benign-ecs-geo,0,opendns
4,4,4,4,664,1.0,1.0,0,4,4,1.0,0.0,0.0,1.0,1.0,1.0,0.75,60.0,0.0,0.25,0.0,0.0,2.542336404323578,2.547764813899994,0.0019501790712201463,0.0,0.0,0,bde1b9f3-cb60-4c2a-aa3a-4af1bbc8a156,20260814,ecs-strict,benign-ecs-geo,0,cloudflare
4,4,4,4,672,1.0,1.0,0,4,4,1.0,0.0,0.0,1.0,1.0,1.0,0.75,60.0,0.0,0.25,0.0,0.0,2.5508537888526917,2.555750572681427,0.001384527167374415,0.0,0.0,0,27976b47-79b4-41a7-9741-fbd54ad4a81b,20260814,ecs-strict,benign-ecs-geo,0,quad9
4,4,4,4,432,1.0,1.0,2,4,4,1.0,0.0,0.0,1.0,1.0,0.75,0.5,931.5,0.5150565837677331,0.25,0.0,0.0,0.0058016180992126465,0.00803006887435913,0.28338779868328995,0.00268477201461792,0.0,0,65288dac-0aad-41fa-9d54-62a499e5bf55,20260814,ecs-strict,benign-ecs-geo,0,opendns
4,4,4,4,536,1.0,1.0,0,4,4,1.0,0.0,0.0,1.0,1.0,0.25,0.0,20.0,0.0,0.25,0.0,0.0,2.524936556816101,2.5286862373352053,0.0011397570807390595,0.0,0.0,0,2952b9ea-1507-48ba-9ba0-59d70b1190d1,20260814,ecs-strict,benign-ecs-geo,0,opendns
4,4,4,4,664,1.0,1.0,2,4,4,1.0,0.0,0.0,1.0,1.0,1.0,0.75,60.0,0.0,0.25,0.0,0.0,1.286830723285675,2.5486679077148438,0.9714338601239006,0.03455305099487305,0.0,0,2b3b7030-514b-46fd-9da6-aa67e04cf6ee,20260814,ecs-strict,benign-ecs-geo,0,cloudflare
4,4,4,4,696,1.0,1.0,0,4,4,1.0,0.0,0.0,1.0,1.0,1.0,0.75,60.0,0.0,0.25,0.0,0.0,2.5390413999557495,2.5519993901252747,0.003975125264700559,0.0,0.0,0,32d73070-32eb-484a-b527-003f321292d3,20260814,ecs-strict,benign-ecs-geo,0,cloudflare
4,4,4,4,512,1.0,1.0,3,4,4,1.0,0.0,0.0,1.0,1.0,0.5,0.5,8.5,0.17647058823529413,0.25,0.0,0.0,0.0048819780349731445,0.007032811641693114,0.3279666229071598,0.0035281777381896973,0.0,0,f4ec1eac-eaa1-4951-a3d6-5817eafec630,20260814,ecs-strict,benign-ecs-geo,0,google
4,4,4,4,784,1.0,1.0,3,4,4,1.0,0.0,0.0,1.0,1.0,1.0,0.75,286.2631578947368,0.20359059006032976,0.25,0.0,0.0,0.006895601749420166,0.011253952980041502,0.48489214298979727,0.0053408145904541016,0.0,0,ddf75d79-8116-4988-83a6-19f02592b159,20260814,ecs-strict,benign-ecs-geo,0,opendns
4,4,4,4,752,1.0,1.0,4,4,4,1.0,0.0,0.0,1.0,1.0,1.0,0.75,60.0,0.0,0.25,0.0,0.0,0.03645116090774536,0.049477434158325194,0.30755105658087106,0.035093486309051514,0.0,0,f0b7d811-3012-41d9-8fd7-f77f472c7827,20260814,ecs-strict,benign-ecs-geo,0,cloudflare
4,4,4,4,704,1.0,1.0,1,4,4,1.0,0.0,0.0,1.0,1.0,1.0,0.75,55.0,0.1574591643244434,0.25,0.0,0.0,1.9035567045211792,2.5461467027664186,0.5728462346543846,0.014984846115112305,0.0,0,03a080e1-2df2-473a-a95c-ff6bcefa6a32,20260814,ecs-strict,benign-ecs-geo,0,google
4,4,4,4,536,1.0,1.0,3,4,4,1.0,0.0,0.0,1.0,1.0,0.5,0.5,7.0,0.8390957231764807,0.25,0.0,0.0,0.018963277339935303,0.028248918056488034,0.49674136173244837,0.01556771993637085,0.0,0,581e0fad-731e-4837-9fe6-9adcfc0c6f0e,20260814,ecs-strict,benign-ecs-geo,0,google
4,4,4,4,632,1.0,1.0,4,4,4,1.0,0.0,0.0,1.0,1.0,1.0,0.75,60.0,0.0,0.25,0.0,0.0,0.03248089551925659,0.04596384763717651,0.32009485982989244,0.029573380947113037,0.0,0,717bf2ff-9b2b-4001-865d-c0a4efd4ef7e,20260814,ecs-strict,benign-ecs-geo,0,quad9
4,4,4,4,680,1.0,1.0,4,4,4,1.0,0.0,0.0,1.0,1.0,1.0,0.75,53.75,0.20140125669405548,0.25,0.0,0.0,0.025122106075286865,0.03637920618057251,0.47063243454834486,0.023785054683685303,0.0,0,f6141d65-b6d5-424f-829c-67c5cc9f4e28,20260814,ecs-strict,benign-ecs-geo,0,quad9
4,4,4,4,432,1.0,1.0,0,4,4,1.0,0.0,0.0,1.0,1.0,0.75,0.5,1135.0,0.39254092451429956,0.25,0.0,0.0,2.511053204536438,2.512486290931702,0.00048645058702064415,0.0,0.0,0,d1bda6d2-c841-4dd2-98bb-1a3cfa80bf25,20260814,ecs-strict,benign-ecs-geo,0,opendns
4,4,4,4,632,1.0,1.0,3,4,4,1.0,0.0,0.0,1.0,1.0,1.0,0.75,60.0,0.0,0.25,0.0,0.0,0.6590331196784973,2.152220165729522,1.633643924406295,0.03581611315409342,0.0,0,b847f605-00c1-4113-b379-596af6219c2e,20260814,ecs-strict,benign-ecs-geo,0,google
4,4,4,4,828,1.0,1.0,0,4,4,1.0,0.0,0.0,1.0,1.0,1.0,0.75,285.7391304347826,0.16172268328345848,0.25,0.0,0.0,2.5160144567489624,2.522015333175659,0.001772032726710441,0.0,0.0,0,ceb283cd-a18d-48f0-bc5d-4450f5446a34,20260814,ecs-strict,benign-ecs-geo,0,opendns
4,4,4,4,792,1.0,1.0,0,4,4,1.0,0.0,0.0,1.0,1.0,1.0,0.75,300.0,0.0,0.25,0.0,0.0,2.5124722123146057,2.518801510334015,0.0019155250971267606,0.0,0.0,0,9b2f461f-bf2f-4326-8d74-9faa4cb5ef93,20260814,ecs-strict,benign-ecs-geo,0,opendns
4,4,4,4,640,1.0,1.0,0,4,4,1.0,0.0,0.0,1.0,1.0,1.0,0.75,300.0,0.0,0.25,0.0,0.0,2.5174182653427124,2.518562340736389,0.0003482661818168067,0.0,0.0,0,559d5597-fcde-4de4-b884-f8b2492666cc,20260814,ecs-strict,benign-ecs-geo,0,google
4,4,4,4,792,1.0,1.0,0,4,4,1.0,0.0,0.0,1.0,1.0,1.0,0.75,300.0,0.0,0.25,0.0,0.0,2.515025496482849,2.5183353781700135,0.0011743361979432007,0.0,0.0,0,8cc55df3-661e-4bc8-a2a0-ea6025561195,20260814,ecs-strict,benign-ecs-geo,0,quad9
4,4,4,4,744,1.0,1.0,3,4,4,1.0,0.0,0.0,1.0,1.0,1.0,0.75,300.0,0.0,0.25,0.0,0.0,0.007743775844573975,0.009682369232177733,0.23306366220449437,0.005614519119262695,0.0,0,f4324a0d-0c44-453d-bcce-59a116b1abe1,20260814,ecs-strict,benign-ecs-geo,0,opendns
4,4,4,4,776,1.0,1.0,1,4,4,1.0,0.0,0.0,1.0,1.0,0.75,0.5,232.42105263157896,0.4279884115475905,0.25,0.0,0.0,1.8856137990951538,2.516157364845276,0.5760557395794991,0.0035469532012939453,0.0,0,77aa1d94-3666-4a84-8304-8a40c0ea0506,20260814,ecs-strict,benign-ecs-geo,0,cloudflare
4,4,4,4,480,1.0,1.0,4,4,4,1.0,0.0,0.0,1.0,1.0,0.25,0.0,5091.5,0.3676039708064953,0.25,0.0,0.0,0.011444807052612305,0.018199503421783444,0.47832777461761367,0.008386075496673584,0.0,0,22de21be-3d44-40be-b9a0-a500e2d56f7c,20260814,ecs-strict,benign-ecs-geo,0,cloudflare
4,4,4,4,528,1.0,1.0,0,4,4,1.0,0.0,0.0,1.0,1.0,0.5,0.5,241.75,0.41734006014844716,0.25,0.0,0.0,2.5222247838974,2.524298346042633,0.000958780943357423,0.0,0.0,0,e436d761-f9f2-4d8f-bb70-fa51cd58441c,20260814,ecs-strict,benign-ecs-geo,0,quad9
4,4,4,4,456,1.0,1.0,3,4,4,1.0,0.0,0.0,1.0,1.0,1.0,0.75,242.5,0.410692459526641,0.25,0.0,0.0,0.006276249885559082,0.009146761894226073,0.3615575666863508,0.005644321441650391,0.0,0,9683f16c-1c37-41f2-8af2-7c6b28205f2c,20260814,ecs-strict,benign-ecs-geo,0,quad9
4,4,4,4,456,1.0,1.0,2,4,4,1.0,0.0,0.0,1.0,1.0,1.0,0.75,254.25,0.26003916107851843,0.25,0.0,0.0,0.007947027683258057,0.0123366117477417,0.45675615994829877,0.004994094371795654,0.0,0,a37a1e54-e487-4699-8b0d-7de60e5992ad,20260814,ecs-strict,benign-ecs-geo,0,google
4,4,4,4,536,1.0,1.0,0,4,4,1.0,0.0,0.0,1.0,1.0,0.75,0.5,120.0,0.0,0.25,0.0,0.0,2.531164586544037,2.537971568107605,0.0023238074138266116,0.0,0.0,0,47009268-5ca4-47c7-890c-b0a56f68bc25,20260814,ecs-strict,benign-ecs-geo,0,quad9
4,4,4,4,752,1.0,1.0,3,4,4,1.0,0.0,0.0,1.0,1.0,1.0,0.75,233.57894736842104,0.3727183274708112,0.25,0.0,0.0,0.005558490753173828,0.00800347328186035,0.31448834815380855,0.004957139492034912,0.0,0,bf1e6277-a9ec-4065-917f-8e0b41e0f581,20260814,ecs-strict,benign-ecs-geo,0,opendns
4,4,4,4,656,1.0,1.0,1,4,4,1.0,0.0,0.0,1.0,1.0,1.0,0.75,58.75,0.03685214484189101,0.25,0.0,0.0,1.8987805843353271,2.5445739030838013,0.5724948422126521,0.01602649688720703,0.0,0,1cd253c0-0522-43c0-add8-cc792fc49bb4,20260814,ecs-strict,benign-ecs-geo,0,opendns
4,4,4,4,628,1.0,1.0,2,4,4,1.0,0.0,0.0,1.0,1.0,1.0,0.75,169.25,0.697873826242593,0.25,0.0,0.0,0.005250036716461182,0.007742691040039062,0.3800326078404104,0.003226041793823242,0.0,0,781e225d-c00b-425c-96f4-4b6ad403f178,20260814,ecs-strict,benign-ecs-geo,0,cloudflare
4,4,4,4,456,1.0,1.0,0,4,4,1.0,0.0,0.0,1.0,1.0,1.0,0.75,254.0,0.31367849270932424,0.25,0.0,0.0,2.525969624519348,2.5580455541610716,0.009056747514106922,0.0,0.0,0,fcb15694-023f-461f-8ba3-ef2ffcf3d9ac,20260814,ecs-strict,benign-ecs-geo,0,quad9
4,4,4,4,672,1.0,1.0,0,4,4,1.0,0.0,0.0,1.0,1.0,1.0,0.75,46.5,0.2903225806451613,0.25,0.0,0.0,2.5265027284622192,2.543180251121521,0.006446942909376025,0.0,0.0,0,009dce71-73de-42c0-bd8b-481b9237a54f,20260814,ecs-strict,benign-ecs-geo,0,quad9
4,4,4,4,536,1.0,1.0,4,4,4,1.0,0.0,0.0,1.0,1.0,0.75,0.5,300.0,0.0,0.25,0.0,0.0,0.006284117698669434,0.009550309181213378,0.38522470273166465,0.005825042724609375,0.0,0,b49b930c-9810-45a3-aa5f-55e3a316b04d,20260814,ecs-strict,benign-ecs-geo,0,opendns
4,4,4,4,624,1.0,1.0,3,4,4,1.0,0.0,0.0,1.0,1.0,0.25,0.0,19.75,1.17735129198265,0.25,0.0,0.0,0.010858297348022461,0.028880453109741203,1.1912727254796165,0.010507702827453613,0.0,0,773565ec-7b3a-4abb-a10c-dbd0511abcf7,20260814,ecs-strict,benign-ecs-geo,0,quad9
4,4,4,4,744,1.0,1.0,4,4,4,1.0,0.0,0.0,1.0,1.0,1.0,0.75,233.05263157894737,0.3554236100386207,0.25,0.0,0.0,0.012627601623535156,0.01587400436401367,0.2435653619788327,0.01021188497543335,0.0,0,c325a80a-7583-45b8-8086-ca8aee6891a3,20260814,ecs-strict,benign-ecs-geo,0,google
4,4,4,4,480,1.0,1.0,0,4,4,1.0,0.0,0.0,1.0,1.0,1.0,0.75,47.25,0.46737878934398275,0.25,0.0,0.0,2.535568118095398,2.552647113800049,0.005682197359623938,0.0,0.0,0,186d7bc6-80d4-4ff6-a077-c5c21892f002,20260814,ecs-strict,benign-ecs-geo,0,opendns
4,4,4,4,632,1.0,1.0,0,4,4,1.0,0.0,0.0,1.0,1.0,1.0,0.75,59.5,0.014555048803099808,0.25,0.0,0.0,2.5344385504722595,2.548740530014038,0.005546887734530104,0.0,0.0,0,0fcaaeff-e2b2-446d-a15e-ec4f1aa690e5,20260814,ecs-strict,benign-ecs-geo,0,quad9
4,4,4,4,536,1.0,1.0,4,4,4,1.0,0.0,0.0,1.0,1.0,0.5,0.5,120.0,0.0,0.25,0.0,0.0,0.018623828887939453,0.02190690040588379,0.1419059650817016,0.017997801303863525,0.0,0,27373f92-6254-4619-8c39-49c324eace2d,20260814,ecs-strict,benign-ecs-geo,0,quad9
4,4,4,4,680,1.0,1.0,4,4,4,1.0,0.0,0.0,1.0,1.0,1.0,0.75,59.5,0.014555048803099808,0.25,0.0,0.0,0.028016328811645508,0.0461040735244751,0.5864237820631901,0.025995254516601562,0.0,0,1bb5d259-c378-44ac-9272-ae2b7ca85008,20260814,ecs-strict,benign-ecs-geo,0,quad9
4,4,4,4,760,1.0,1.0,2,4,4,1.0,0.0,0.0,1.0,1.0,1.0,0.75,227.21052631578948,0.42511741150337196,0.25,0.0,0.0,0.6300179958343506,2.129017138481139,1.7168362564684458,0.005348682403564453,0.0,0,e5a7ec00-d1a4-4eb4-aaa5-aecc63936d25,20260814,ecs-strict,benign-ecs-geo,0,quad9
4,4,4,4,1120,1.0,1.0,4,4,4,1.0,0.0,0.0,1.0,1.0,1.0,0.75,298.35897435897436,0.010827099173615417,0.25,0.0,0.0,0.0036731958389282227,0.004547381401062011,0.2630604020663108,0.0031443238258361816,0.0,0,0537babf-2750-460f-9632-238537308efe,20260814,ecs-strict,benign-ecs-geo,0,cloudflare
4,4,4,4,856,1.0,1.0,4,4,4,1.0,0.0,0.0,1.0,1.0,1.0,0.75,168.25,0.783131405936498,0.25,0.0,0.0,0.0026630163192749023,0.0035424113273620603,0.30624084828408826,0.0024160146713256836,0.0,0,c731fe50-7469-43cf-9b36-0ce8ca6ceb17,20260814,ecs-strict,benign-ecs-geo,0,cloudflare
4,4,4,4,744,1.0,1.0,4,4,4,1.0,0.0,0.0,1.0,1.0,1.0,0.75,164.8421052631579,0.6262268191063536,0.25,0.0,0.0,0.0029526352882385254,0.004308497905731201,0.39178775417075823,0.0025044679641723633,0.0,0,123019cc-709d-49d4-86a5-aa027941a57e,20260814,ecs-strict,benign-ecs-geo,0,opendns
4,4,4,4,656,1.0,1.0,2,4,4,1.0,0.0,0.0,1.0,1.0,1.0,0.75,299.05263157894734,0.004663020520764439,0.25,0.0,0.0,1.2611294388771057,2.5216076970100403,0.9956841313174993,0.0044792890548706055,0.0,0,5683c06b-ad74-40b9-8f34-d1fde7414c13,20260814,ecs-strict,benign-ecs-geo,0,cloudflare
4,4,4,4,456,1.0,1.0,0,4,4,1.0,0.0,0.0,1.0,1.0,0.75,0.5,233.5,0.47370794078764117,0.25,0.0,0.0,2.5091960430145264,2.512702226638794,0.001247788262103556,0.0,0.0,0,3cc78c17-dff5-4b87-b77b-91c8bc6a310e,20260814,ecs-strict,benign-ecs-geo,0,quad9
4,4,4,4,456,1.0,1.0,2,4,4,1.0,0.0,0.0,1.0,1.0,1.0,0.75,291.25,0.05203586117159717,0.25,0.0,0.0,0.004365801811218262,0.005872988700866699,0.3062132333373714,0.0035327672958374023,0.0,0,b166c042-6e15-4def-9a7b-49e9b77d9951,20260814,ecs-strict,benign-ecs-geo,0,quad9
4,4,4,4,768,1.0,1.0,3,4,4,1.0,0.0,0.0,1.0,1.0,1.0,0.75,180.94736842105263,0.5121348863285577,0.25,0.0,0.0,0.004749894142150879,0.006646084785461425,0.2847865277656923,0.004278123378753662,0.0,0,8b9efc08-6c8d-4cdd-b7c2-0706b64d394a,20260814,ecs-strict,benign-ecs-geo,0,cloudflare
4,4,4,4,776,1.0,1.0,0,4,4,1.0,0.0,0.0,1.0,1.0,1.0,0.75,286.1578947368421,0.20522613586764246,0.25,0.0,0.0,2.5132980942726135,2.5175794839859007,0.0018491546779707026,0.0,0.0,0,0100612a-4203-4570-950e-9f328b1c1450,20260814,ecs-strict,benign-ecs-geo,0,google
4,4,4,4,744,1.0,1.0,2,4,4,1.0,0.0,0.0,1.0,1.0,1.0,0.75,233.3684210526316,0.4202754945410861,0.25,0.0,0.0,1.2606070041656494,2.5126079320907593,0.9921012257965529,0.008764982223510742,0.0,0,dedef604-a5f5-465a-983e-19818bef86cc,20260814,ecs-strict,benign-ecs-geo,0,quad9
4,4,4,4,744,1.0,1.0,0,4,4,1.0,0.0,0.0,1.0,1.0,1.0,0.75,288.3157894736842,0.04840183337273906,0.25,0.0,0.0,2.509967803955078,2.5169952869415284,0.002043181695738906,0.0,0.0,0,dc2ce029-15e1-4832-921d-77b404f6f342,20260814,ecs-strict,benign-ecs-geo,0,google
4,4,4,4,656,1.0,1.0,1,4,4,1.0,0.0,0.0,1.0,1.0,1.0,0.75,198.10526315789474,0.6751636027946031,0.25,0.0,0.0,1.8885454535484314,2.515256869792938,0.5728803634342221,0.009278535842895508,0.0,0,68f04005-3a2b-4c70-ae12-168ce8c91c3b,20260814,ecs-strict,benign-ecs-geo,0,quad9
4,4,4,4,752,1.0,1.0,0,4,4,1.0,0.0,0.0,1.0,1.0,1.0,0.75,300.0,0.0,0.25,0.0,0.0,2.5121278166770935,2.517370116710663,0.0015053195593085237,0.0,0.0,0,c135b0c4-62db-4f7e-a138-cac859f7ba87,20260814,ecs-strict,benign-ecs-geo,0,opendns
4,4,4,4,472,1.0,1.0,2,4,4,1.0,0.0,0.0,1.0,1.0,0.25,0.0,167.5,0.3143412564149315,0.25,0.0,0.0,0.004616260528564453,0.0062228918075561525,0.3702406651518309,0.0029674768447875977,0.0,0,4f4daf2a-64ca-4932-8cd7-131ea973d3ee,20260814,ecs-strict,benign-ecs-geo,0,opendns
4,4,4,4,600,1.0,1.0,2,4,4,1.0,0.0,0.0,1.0,1.0,0.75,0.5,260.53846153846155,0.28953796292968986,0.25,0.0,0.0,0.006496608257293701,0.009854209423065185,0.3688883718211827,0.004489779472351074,0.0,0,bd73cce3-748e-41c8-9901-04675b5102e1,20260814,ecs-strict,benign-ecs-geo,0,opendns
4,4,4,4,752,1.0,1.0,0,4,4,1.0,0.0,0.0,1.0,1.0,1.0,0.75,60.0,0.0,0.25,0.0,0.0,2.5305041670799255,2.5375147223472596,0.0020669870182355777,0.0,0.0,0,07045f6e-fa91-44be-80b4-9ec6052699ea,20260814,ecs-strict,benign-ecs-geo,0,opendns
4,4,4,4,698,1.0,1.0,3,4,4,1.0,0.0,0.0,1.0,1.0,1.0,0.75,277.73333333333335,0.2044014063298116,0.25,0.0,0.0,0.0075435638427734375,0.011139190196990965,0.39024116557956295,0.007015347480773926,0.0,0,e9c9e396-b7a7-498d-8bc9-816385231099,20260814,ecs-strict,benign-ecs-geo,0,opendns
4,4,4,4,776,1.0,1.0,4,4,4,1.0,0.0,0.0,1.0,1.0,1.0,0.75,286.0,0.20768171195688806,0.25,0.0,0.0,0.005984604358673096,0.007841706275939941,0.25781032516614705,0.0044841766357421875,0.0,0,e0dcf1d9-ab26-4468-afb5-a25004e3af2e,20260814,ecs-strict,benign-ecs-geo,0,quad9
4,4,4,4,704,1.0,1.0,1,4,4,1.0,0.0,0.0,1.0,1.0,1.0,0.75,51.25,0.29571599153614975,0.25,0.0,0.0,1.9084561467170715,2.54821799993515,0.5670755125890098,0.03399085998535156,0.0,0,18aa0732-3030-4ae5-9096-04a94cd57a44,20260814,ecs-strict,benign-ecs-geo,0,google
4,4,4,4,672,1.0,1.0,0,4,4,1.0,0.0,0.0,1.0,1.0,1.0,0.75,60.0,0.0,0.25,0.0,0.0,2.536433517932892,2.5402348160743715,0.0016823569512714213,0.0,0.0,0,88e2e306-2739-402b-a639-1ab912a53b31,20260814,ecs-strict,benign-ecs-geo,0,quad9
4,4,4,4,672,1.0,1.0,0,4,4,1.0,0.0,0.0,1.0,1.0,1.0,0.75,52.5,0.24743582965269675,0.25,0.0,0.0,2.533694565296173,2.5418826580047607,0.0049572515705141465,0.0,0.0,0,2f3ed45d-1caf-4d43-8355-80079aa0177d,20260814,ecs-strict,benign-ecs-geo,0,cloudflare
4,4,4,4,672,1.0,1.0,4,4,4,1.0,0.0,0.0,1.0,1.0,1.0,0.75,60.0,0.0,0.25,0.0,0.0,0.01710134744644165,0.018182909488677977,0.06266799318265219,0.01597350835800171,0.0,0,fd2b72c2-172c-439c-88a2-ccc92ea5be61,20260814,ecs-strict,benign-ecs-geo,0,google
4,4,4,4,672,1.0,1.0,0,4,4,1.0,0.0,0.0,1.0,1.0,1.0,0.75,60.0,0.0,0.25,0.0,0.0,2.5381031036376953,2.5433513045310976,0.0029535981213981146,0.0,0.0,0,1f248a82-2ea7-4589-b594-718df1fd65c9,20260814,ecs-strict,benign-ecs-geo,0,opendns
4,4,4,4,664,1.0,1.0,4,4,4,1.0,0.0,0.0,1.0,1.0,1.0,0.75,60.0,0.0,0.25,0.0,0.0,0.03166818618774414,0.04352856874465942,0.31133081776767635,0.030418992042541504,0.0,0,18e3dfab-d716-4941-ad66-abcc1c9a2897,20260814,ecs-strict,benign-ecs-geo,0,opendns
4,4,4,4,720,1.0,1.0,4,4,4,1.0,0.0,0.0,1.0,1.0,1.0,0.75,60.0,0.0,0.25,0.0,0.0,0.037996888160705566,0.047393405437469484,0.2566254932982422,0.03640705347061157,0.0,0,92aadd55-4b9c-4ed8-b6b6-8c3e6fd618b0,20260814,ecs-strict,benign-ecs-geo,0,cloudflare
4,4,4,4,632,1.0,1.0,0,4,4,1.0,0.0,0.0,1.0,1.0,1.0,0.75,60.0,0.0,0.25,0.0,0.0,2.790598213672638,3.376998424530029,0.15140764771952633,0.0,0.0,0,a0849ee3-3b3a-469e-b244-e4b11750908b,20260814,ecs-strict,benign-ecs-geo,0,opendns
4,4,4,4,426,1.0,1.0,4,0,0,0.0,0.0,0.0,1.0,1.0,1.0,0.75,263.0,1.5711344214466931,0.25,0.0,0.0,0.005010247230529785,0.012605440616607662,1.0855519311384365,0.00479203462600708,0.0,0,a0100f17-a785-4b5f-84b1-e21f2e13763a,20260814,ecs-strict,benign-burst,0,quad9
4,4,4,4,584,1.0,1.0,4,0,0,0.0,0.0,0.0,1.0,1.0,1.0,0.75,3608.266666666667,1.5355657281401178,0.25,0.0,0.0,0.01690840721130371,0.032621347904205324,0.830737926486296,0.016561388969421387,0.0,0,dbce576e-7a95-4bc5-b067-c060436ee704,20260814,ecs-strict,benign-burst,0,google
4,4,4,4,462,1.0,1.0,4,0,0,0.0,0.0,0.0,1.0,1.0,1.0,0.75,128.25,0.8024822889857579,0.25,0.0,0.0,0.005070388317108154,0.012418651580810543,1.0369011470508096,0.0048476457595825195,0.0,0,dc55dfe8-5f80-4a31-8682-09ff8eeb0d3e,20260814,ecs-strict,benign-burst,0,google
4,4,4,4,400,1.0,1.0,4,0,0,0.0,0.0,0.0,1.0,1.0,1.0,0.75,234.0,1.9149638931213577,0.25,0.0,0.0,0.013019144535064697,0.03144541978836059,1.0191806323972932,0.012821853160858154,0.0,0,27eb8f62-8d79-45b3-9d89-18daccd1db0f,20260814,ecs-strict,benign-burst,0,quad9
4,4,4,4,462,1.0,1.0,4,0,0,0.0,0.0,0.0,1.0,1.0,1.0,0.75,438.125,0.9640215491033584,0.25,0.0,0.0,0.006296098232269287,0.017096185684204096,1.236004285670815,0.006026506423950195,0.0,0,6edb0223-4697-468e-b62c-7756b149c904,20260814,ecs-strict,benign-burst,0,cloudflare
4,4,4,4,426,1.0,1.0,4,0,0,0.0,0.0,0.0,1.0,1.0,1.0,0.75,242.57142857142858,0.85177743460751,0.25,0.0,0.0,0.002023160457611084,0.0021933794021606447,0.07585292130144242,0.0018377900123596191,0.0,0,c36306af-59cf-48b0-86cc-ac8736d0db0e,20260814,ecs-strict,benign-burst,0,google
4,4,4,4,664,1.0,1.0,4,0,0,0.0,0.0,0.0,1.0,1.0,1.0,0.75,177.58823529411765,1.174221421329617,0.25,0.0,0.0,0.00952214002609253,0.026718711853027335,1.2892854283025814,0.00940614938735962,0.0,0,3a896046-fc09-4cad-a055-7d684686cae9,20260814,ecs-strict,benign-burst,0,opendns
4,4,4,4,614,1.0,1.0,4,0,0,0.0,0.0,0.0,1.0,1.0,1.0,0.75,58.588235294117645,0.3286308842647194,0.25,0.0,0.0,0.015795469284057617,0.03941935300827025,1.0722782981640784,0.015546798706054688,0.0,0,569bd0ac-de04-4b81-9a32-0d3d70ba201a,20260814,ecs-strict,benign-burst,0,google
4,4,4,4,464,1.0,1.0,4,0,0,0.0,0.0,0.0,1.0,1.0,1.0,0.75,140.77777777777777,0.8115834471032017,0.25,0.0,0.0,0.01105111837387085,0.01456378698348999,0.49202845630703246,0.010895371437072754,0.0,0,25da2bc8-3d18-4174-a736-a400819ab8f7,20260814,ecs-strict,benign-burst,0,quad9
4,4,4,4,554,1.0,1.0,4,0,0,0.0,0.0,0.0,1.0,1.0,1.0,0.75,110.07142857142857,0.8642804824604724,0.25,0.0,0.0,0.009703457355499268,0.027456021308898917,1.3138948235837284,0.00953763723373413,0.0,0,c4f7fac6-c111-4200-9f4f-94d8d01339d8,20260814,ecs-strict,benign-burst,0,google
4,4,4,4,534,1.0,1.0,4,0,0,0.0,0.0,0.0,1.0,1.0,1.0,0.75,2620.4285714285716,1.1426959649118602,0.25,0.0,0.0,0.0021678805351257324,0.0026393890380859374,0.17907907717200217,0.001949608325958252,0.0,0,7bfcb123-224b-40e6-8f3b-02d22e007465,20260814,ecs-strict,benign-burst,0,cloudflare
4,4,4,4,530,1.0,1.0,4,0,0,0.0,0.0,0.0,1.0,1.0,1.0,0.75,10860.5,0.9584336616543211,0.25,0.0,0.0,0.010462403297424316,0.031048250198364245,1.4189926806250683,0.010348260402679443,0.0,0,1f9daa5b-db9b-4b5f-88cb-bafafc8de97c,20260814,ecs-strict,benign-burst,0,quad9
4,4,4,4,438,1.0,1.0,4,0,0,0.0,0.0,0.0,1.0,1.0,1.0,0.75,127.0,0.1909811174783747,0.25,0.0,0.0,0.006634116172790527,0.01689916849136352,1.1103440234857263,0.00639951229095459,0.0,0,3fd50829-4717-4589-85c8-09a603c21cb6,20260814,ecs-strict,benign-burst,0,google
4,4,4,4,500,1.0,1.0,4,0,0,0.0,0.0,0.0,1.0,1.0,1.0,0.75,197.8181818181818,0.39469495226960033,0.25,0.0,0.0,0.0021521449089050293,0.0023783326148986814,0.09148391731800205,0.001821756362915039,0.0,0,d2a3cf7d-289a-4445-b98a-9b8ff2b0375e,20260814,ecs-strict,benign-burst,0,opendns
4,4,4,4,430,1.0,1.0,4,0,0,0.0,0.0,0.0,1.0,1.0,1.0,0.75,6783.666666666667,1.40361032769011,0.25,0.0,0.0,0.010669529438018799,0.024703478813171382,0.9705431009814385,0.010413765907287598,0.0,0,94d867b2-2e59-46a8-bca2-722f5c2fa887,20260814,ecs-strict,benign-burst,0,cloudflare
4,4,4,4,436,1.0,1.0,4,0,0,0.0,0.0,0.0,1.0,1.0,1.0,0.75,361.42857142857144,0.9308996055003083,0.25,0.0,0.0,0.011822640895843506,0.035286021232604964,1.4279274492132719,0.011520326137542725,0.0,0,b2a68ce5-1b47-4b5d-a9b0-e2855fc5c8d1,20260814,ecs-strict,benign-burst,0,cloudflare
4,4,4,4,496,1.0,1.0,1,4,4,1.0,0.0,0.0,1.0,1.0,1.0,0.75,300.0,0.0,0.25,0.0,0.0,1.8887379169464111,2.507144808769226,0.5668568863720135,0.033783674240112305,0.0,0,ba0cc9ba-51d0-4fff-90e7-10aacb43c83d,20260814,ecs-strict,benign-ecs-geo,0,opendns
4,4,4,4,539,1.0,1.0,4,0,0,0.0,0.0,0.0,1.0,1.0,1.0,0.75,217.36363636363637,0.6158766350433826,0.25,0.0,0.0,0.0024045705795288086,0.004208779335021971,0.540840139653934,0.0021649599075317383,0.0,0,f2c5d2ae-eea4-4daf-bb14-f3e9da450516,20260814,ecs-strict,benign-burst,0,opendns
4,4,4,4,446,1.0,1.0,0,0,0,0.0,0.0,0.0,1.0,1.0,1.0,0.75,288.0,0.4053140928821608,0.25,0.0,0.0,2.508174777030945,2.517606961727142,0.002676540041817843,0.0,0.0,0,625aff2c-7d03-4ade-80ad-21a13b700d68,20260814,ecs-strict,benign-burst,0,opendns
4,4,4,4,480,1.0,1.0,3,4,4,1.0,0.0,0.0,1.0,1.0,1.0,0.75,60.0,0.0,0.25,0.0,0.0,0.6486119031906128,2.15499860048294,1.6747498967038164,0.021120627721150715,0.0,0,4354d88a-afe2-4fd8-aec3-94e1741906b3,20260814,ecs-strict,benign-ecs-geo,0,cloudflare
4,4,4,4,579,1.0,1.0,0,0,0,0.0,0.0,0.0,1.0,1.0,1.0,0.75,127.2,0.9662637314268494,0.25,0.0,0.0,2.5118046402931213,2.5182366371154785,0.0022563970172237344,0.0,0.0,0,71aeba27-ece4-4be9-a2c0-e365004df4f2,20260814,ecs-strict,benign-burst,0,opendns
4,4,4,4,549,1.0,1.0,3,0,0,0.0,0.0,0.0,1.0,1.0,1.0,0.75,553.8333333333334,2.1383357696168703,0.25,0.0,0.0,0.0037535429000854492,0.0047702789306640625,0.2384948687376747,0.0027194619178771973,0.0,0,1f876e16-a787-4e9a-ae79-2521c0415523,20260814,ecs-strict,benign-burst,0,cloudflare
4,4,4,4,550,1.0,1.0,3,0,0,0.0,0.0,0.0,1.0,1.0,1.0,0.75,35.84615384615385,0.7344136483969266,0.25,0.0,0.0,0.008267700672149658,0.015058040618896484,0.7778248431585674,0.008007943630218506,0.0,0,4a0a59d7-6823-4969-9196-d27698bc41e8,20260814,ecs-strict,benign-burst,0,cloudflare
4,4,4,4,450,1.0,1.0,0,0,0,0.0,0.0,0.0,1.0,1.0,1.0,0.75,110.125,1.0756805019134568,0.25,0.0,0.0,2.5116217136383057,2.51740300655365,0.0022338358316484523,0.0,0.0,0,5a12fc0c-f7b9-41e9-9f5b-c3dbdf3847ad,20260814,ecs-strict,benign-burst,0,google
4,4,4,4,478,1.0,1.0,0,0,0,0.0,0.0,0.0,1.0,1.0,1.0,0.75,158.44444444444446,0.6800089304622984,0.25,0.0,0.0,2.5119914412498474,2.5188719391822816,0.00261335988015235,0.0,0.0,0,95a925c8-da80-4ed8-910f-af95578b9d1f,20260814,ecs-strict,benign-burst,0,google
4,4,4,4,410,1.0,1.0,0,0,0,0.0,0.0,0.0,1.0,1.0,1.0,0.75,123.14285714285714,1.0719207320017752,0.25,0.0,0.0,2.5144906044006348,2.5228030681610107,0.0027753031064116276,0.0,0.0,0,34e0db4c-79b2-4aa7-9548-5c3d80fbfe0d,20260814,ecs-strict,benign-burst,0,quad9
4,4,4,4,524,1.0,1.0,4,0,0,0.0,0.0,0.0,1.0,1.0,1.0,0.75,1864.0,2.9741564639678844,0.25,0.0,0.0,0.005510926246643066,0.012426733970642086,0.8966228685166346,0.004964232444763184,0.0,0,3a69462b-bbe4-48d5-8d72-6181b2c51b1e,20260814,ecs-strict,benign-burst,0,google
4,4,4,4,430,1.0,1.0,0,0,0,0.0,0.0,0.0,1.0,1.0,1.0,0.75,2775.75,2.5151414578460107,0.25,0.0,0.0,2.5103865265846252,2.5220265626907348,0.0033108736107691408,0.0,0.0,0,a32561d8-434a-47e6-b5d8-e46b2e52686e,20260814,ecs-strict,benign-burst,0,google
4,4,4,4,424,1.0,1.0,3,4,4,1.0,0.0,0.0,1.0,1.0,0.75,0.5,60.0,0.0,0.25,0.0,0.0,0.6499895453453064,2.167461729049682,1.684385246282212,0.017469008763631184,0.0,0,d78440ba-ddfc-4613-a2a6-9874b00aecda,20260814,ecs-strict,benign-ecs-geo,0,opendns
4,4,4,4,493,1.0,1.0,1,0,0,0.0,0.0,0.0,1.0,1.0,1.0,0.75,1838.7777777777778,2.66717840636307,0.25,0.0,0.0,1.8953630924224854,2.5349986433982847,0.568522484210052,0.02902388572692871,0.0,0,248d070c-3372-4ca3-98a9-f0ffec377962,20260814,ecs-strict,benign-burst,0,quad9
4,4,4,4,520,1.0,1.0,4,0,0,0.0,0.0,0.0,1.0,1.0,1.0,0.75,45.54545454545455,0.5368630731155409,0.25,0.0,0.0,0.010167360305786133,0.02987527847290038,1.3979456389006375,0.009925901889801025,0.0,0,ac03660e-49a4-4996-b5e5-b4305c35adaa,20260814,ecs-strict,benign-burst,0,google
4,4,4,4,398,1.0,1.0,0,0,0,0.0,0.0,0.0,1.0,1.0,1.0,0.75,589.0,1.334644466675488,0.25,0.0,0.0,2.574850857257843,2.714372169971466,0.03858685139060059,0.0,0.0,0,cda11a65-3280-44c5-8093-7e8f22428ce7,20260814,ecs-strict,benign-burst,0,cloudflare
4,4,4,4,512,1.0,1.0,4,0,0,0.0,0.0,0.0,1.0,1.0,1.0,0.75,371.3636363636364,2.0816544796130385,0.25,0.0,0.0,0.0059590935707092285,0.014539062976837153,1.026272334538941,0.0056934356689453125,0.0,0,3c194dd5-8dab-41d4-94cb-af529422e574,20260814,ecs-strict,benign-burst,0,opendns
4,4,4,4,436,1.0,1.0,4,0,0,0.0,0.0,0.0,1.0,1.0,1.0,0.75,2842.5,2.4599410723373563,0.25,0.0,0.0,0.0025578737258911133,0.0029366731643676756,0.13216866537842506,0.002323746681213379,0.0,0,16e18a96-0536-47be-84e0-fad37e8c9629,20260814,ecs-strict,benign-burst,0,google
4,4,4,4,472,1.0,1.0,2,0,0,0.0,0.0,0.0,1.0,1.0,1.0,0.75,131.88888888888889,1.2476579211708725,0.25,0.0,0.0,1.2608554363250732,2.519972729682922,0.9940008660572356,0.0074443817138671875,0.0,0,0cbff144-6979-4988-bd94-7fd36fdc384e,20260814,ecs-strict,benign-burst,0,opendns
4,4,4,4,700,1.0,1.0,4,0,0,0.0,0.0,0.0,1.0,1.0,1.0,0.75,74.91304347826087,0.8193652174155409,0.25,0.0,0.0,0.0017928481101989746,0.002202141284942627,0.2333938551927233,0.0016120076179504395,0.0,0,ec627e18-c0ff-4d1d-a987-bc1f45ede541,20260814,ecs-strict,benign-burst,0,cloudflare
4,4,4,4,538,1.0,1.0,4,0,0,0.0,0.0,0.0,1.0,1.0,1.0,0.75,108.33333333333333,1.0476234022297366,0.25,0.0,0.0,0.010917961597442627,0.014254498481750488,0.4501288821893239,0.010502159595489502,0.0,0,9c84cfaa-cb82-46a7-b114-da50217d4554,20260814,ecs-strict,benign-burst,0,opendns
4,4,4,4,476,1.0,1.0,4,0,0,0.0,0.0,0.0,1.0,1.0,1.0,0.75,117.33333333333333,0.8935144606695631,0.25,0.0,0.0,0.0018828511238098145,0.002179241180419922,0.11199266906818582,0.0016640424728393555,0.0,0,d9c4a90c-3441-4c15-af75-b42d51c3b308,20260814,ecs-strict,benign-burst,0,cloudflare
4,4,4,4,523,1.0,1.0,4,0,0,0.0,0.0,0.0,1.0,1.0,1.0,0.75,328.90909090909093,1.550276612375911,0.25,0.0,0.0,0.05357235670089722,0.13358976840972897,1.072370454989853,0.05335652828216553,0.0,0,daa7ba4f-81d8-4b70-9c70-e11e76273807,20260814,ecs-strict,benign-burst,0,opendns
4,4,4,4,497,1.0,1.0,4,0,0,0.0,0.0,0.0,1.0,1.0,1.0,0.75,2466.3,2.5438623581413835,0.25,0.0,0.0,0.008044540882110596,0.02368663549423217,1.3999743452728801,0.00794970989227295,0.0,0,607044f4-63dd-4d03-a92d-b14d2ed7e8f8,20260814,ecs-strict,benign-burst,0,quad9
4,4,4,4,556,1.0,1.0,4,0,0,0.0,0.0,0.0,1.0,1.0,1.0,0.75,155.21428571428572,0.8204967450076126,0.25,0.0,0.0,0.01455622911453247,0.04429574012756346,1.47032147906632,0.014409005641937256,0.0,0,09b61436-7183-47dc-8b37-ce0889acc232,20260814,ecs-strict,benign-burst,0,opendns
4,4,4,4,422,1.0,1.0,4,0,0,0.0,0.0,0.0,1.0,1.0,1.0,0.75,99.0,0.7324053295277123,0.25,0.0,0.0,0.002656400203704834,0.003256058692932129,0.28124705001578376,0.002371370792388916,0.0,0,7eaa7c43-b1e9-485d-9699-792542d941c1,20260814,ecs-strict,benign-burst,0,opendns
4,4,4,4,609,1.0,1.0,4,0,0,0.0,0.0,0.0,1.0,1.0,1.0,0.75,465.07142857142856,1.2380955178981872,0.25,0.0,0.0,0.00895702838897705,0.015314471721649169,0.6884935686049015,0.008726954460144043,0.0,0,ce1968af-5087-4d36-9104-262571871ba5,20260814,ecs-strict,benign-burst,0,opendns
4,4,4,4,503,1.0,1.0,4,0,0,0.0,0.0,0.0,1.0,1.0,1.0,0.75,354.14285714285717,2.1538653406811954,0.25,0.0,0.0,0.0023490190505981445,0.003056037425994873,0.3493369917683315,0.0021663904190063477,0.0,0,25ca4642-60d5-43b2-bf8c-e0586da22d6e,20260814,ecs-strict,benign-burst,0,quad9
4,4,4,4,480,1.0,1.0,4,0,0,0.0,0.0,0.0,1.0,1.0,1.0,0.75,316.3333333333333,0.7944450775144922,0.25,0.0,0.0,0.020278871059417725,0.04121981859207153,0.9223904642972781,0.020100772380828857,0.0,0,010d1430-ecb8-4d70-a03a-676da00be211,20260814,ecs-strict,benign-burst,0,quad9
4,4,4,4,510,1.0,1.0,4,0,0,0.0,0.0,0.0,1.0,1.0,1.0,0.75,110.18181818181819,0.8416011452372247,0.25,0.0,0.0,0.015698730945587158,0.03969813585281371,1.0980914579051322,0.01544100046157837,0.0,0,51ae188b-80e7-4e42-88cc-078af316c3c0,20260814,ecs-strict,benign-burst,0,cloudflare
4,4,4,4,380,1.0,1.0,4,0,0,0.0,0.0,0.0,1.0,1.0,1.0,0.75,267.8,0.7611230457504438,0.25,0.0,0.0,0.010367155075073242,0.030630624294280994,1.4083697411766554,0.010096251964569092,0.0,0,1d7b030e-4cfd-4ad0-80b9-8bb1df12bfc8,20260814,ecs-strict,benign-burst,0,quad9
4,4,4,4,463,1.0,1.0,4,0,0,0.0,0.0,0.0,1.0,1.0,1.0,0.75,2722.625,2.595424116971551,0.25,0.0,0.0,0.0069969892501831055,0.01972836256027221,1.3108945998931216,0.006791949272155762,0.0,0,46c863ed-a2e0-4372-af7f-d56855f97a49,20260814,ecs-strict,benign-burst,0,cloudflare
4,4,4,4,452,1.0,1.0,4,0,0,0.0,0.0,0.0,1.0,1.0,1.0,0.75,176.25,0.657322472884111,0.25,0.0,0.0,0.005634784698486328,0.013420152664184566,0.9918863546979634,0.0054506659507751465,0.0,0,7ee212db-b84e-424d-be40-dbdf200b81b5,20260814,ecs-strict,benign-burst,0,quad9
4,4,4,4,572,1.0,1.0,4,0,0,0.0,0.0,0.0,1.0,1.0,1.0,0.75,598.75,1.7452914764249503,0.25,0.0,0.0,0.009276211261749268,0.01829521656036377,0.8169739047467012,0.008829712867736816,0.0,0,b9f53005-3fdf-4a93-9f63-4ca29c3581a3,20260814,ecs-strict,benign-burst,0,google
4,4,4,4,554,1.0,1.0,4,0,0,0.0,0.0,0.0,1.0,1.0,1.0,0.75,5491.714285714285,1.5275625566973343,0.25,0.0,0.0,0.0022544264793395996,0.0029291987419128415,0.22271983387240263,0.001987457275390625,0.0,0,1442ed4f-2251-48e4-ac0b-18b6e4125af3,20260814,ecs-strict,benign-burst,0,cloudflare
4,4,4,4,536,1.0,1.0,4,0,0,0.0,0.0,0.0,1.0,1.0,1.0,0.75,295.4166666666667,0.7471385718617983,0.25,0.0,0.0,0.005341589450836182,0.013189113140106196,1.0581721687048469,0.005045115947723389,0.0,0,eedf456a-619a-4ee5-a4e7-2c7d9a8dbd99,20260814,ecs-strict,benign-burst,0,quad9
4,4,4,4,480,1.0,1.0,4,0,0,0.0,0.0,0.0,1.0,1.0,1.0,0.75,2302.1111111111113,2.7523344196222554,0.25,0.0,0.0,0.0024085044860839844,0.0027187108993530274,0.14387559739907294,0.002162456512451172,0.0,0,1af3244c-41e8-4d25-8083-dc324cdb7bc1,20260814,ecs-strict,benign-burst,0,google
4,4,4,4,504,1.0,1.0,4,0,0,0.0,0.0,0.0,1.0,1.0,1.0,0.75,485.3,1.1403614098692207,0.25,0.0,0.0,0.005946993827819824,0.013214266300201411,0.8764555899563294,0.005693197250366211,0.0,0,671222c4-4519-4b63-a576-fab7ad9ac9bb,20260814,ecs-strict,benign-burst,0,opendns
4,4,4,4,550,1.0,1.0,2,0,0,0.0,0.0,0.0,1.0,1.0,1.0,0.75,244.6153846153846,0.3071192248405862,0.25,0.0,0.0,1.257167398929596,2.50825697183609,0.9944218303115083,0.006954669952392578,0.0,0,59425208-378a-4993-9765-39dad4038fa8,20260814,ecs-strict,benign-burst,0,cloudflare
4,4,4,4,456,1.0,1.0,0,0,0,0.0,0.0,0.0,1.0,1.0,1.0,0.75,159.25,0.9285697698012312,0.25,0.0,0.0,2.5095198154449463,2.5194024801254273,0.002799011465029755,0.0,0.0,0,c58b82a6-8dcf-4ddf-bdd0-7124689ec5fd,20260814,ecs-strict,benign-burst,0,google
4,4,4,4,432,1.0,1.0,4,0,0,0.0,0.0,0.0,1.0,1.0,1.0,0.75,68.875,0.8176380945036051,0.25,0.0,0.0,0.012223541736602783,0.016702568531036376,0.4930620774423636,0.0115431547164917,0.0,0,ddad0956-8683-4ef0-abe8-2364c605e2df,20260814,ecs-strict,benign-burst,0,google
4,4,4,4,484,1.0,1.0,1,0,0,0.0,0.0,0.0,1.0,1.0,1.0,0.75,128.66666666666666,1.1609802370157851,0.25,0.0,0.0,1.8901504874229431,2.5306223154067995,0.5727646974743151,0.0149993896484375,0.0,0,117d1b6c-089e-4cf9-9143-34c257340ee8,20260814,ecs-strict,benign-burst,0,cloudflare
4,4,4,4,494,1.0,1.0,0,0,0,0.0,0.0,0.0,1.0,1.0,1.0,0.75,167.0909090909091,1.9072530240475045,0.25,0.0,0.0,2.5140587091445923,2.5352528572082518,0.006054598069875806,0.0,0.0,0,affae433-508b-44c4-85b3-ae770ee32de7,20260814,ecs-strict,benign-burst,0,google
4,4,4,4,488,1.0,1.0,1,0,0,0.0,0.0,0.0,1.0,1.0,1.0,0.75,334.3636363636364,1.071943935713488,0.25,0.0,0.0,3.7669541239738464,5.045028495788574,0.5770812900545763,0.0015757083892822266,0.0,0,4a684c18-a4ca-4cda-920b-e3fbfd0edb71,20260814,ecs-strict,benign-burst,0,opendns
4,4,4,4,428,1.0,1.0,0,0,0,0.0,0.0,0.0,1.0,1.0,1.0,0.75,191.85714285714286,0.5866884475277536,0.25,0.0,0.0,2.5560865998268127,2.6692618131637573,0.03169735337811187,0.0,0.0,0,adef5ea0-cd0e-45be-9b06-6e0d64dc284b,20260814,ecs-strict,benign-burst,0,quad9
4,4,4,4,718,1.0,1.0,3,0,0,0.0,0.0,0.0,1.0,1.0,1.0,0.75,89.56521739130434,1.0790555685290761,0.25,0.0,0.0,0.002649843692779541,0.003132665157318115,0.15309258277860605,0.0019535422325134277,0.0,0,053f7b0b-e2f3-47fb-b355-4329fd20a071,20260814,ecs-strict,benign-burst,0,quad9
4,4,4,4,761,1.0,1.0,0,0,0,0.0,0.0,0.0,1.0,1.0,1.0,0.75,252.32,1.7464004619088176,0.25,0.0,0.0,2.5653992295265198,2.681553566455841,0.03227502029717583,0.0,0.0,0,234348d0-3a45-4493-bc91-e093410654f1,20260814,ecs-strict,benign-burst,0,google
4,4,4,4,422,1.0,1.0,3,0,0,0.0,0.0,0.0,1.0,1.0,1.0,0.75,200.375,1.0181336990944572,0.25,0.0,0.0,0.6306104063987732,2.129750740528106,1.7141711375720117,0.0061953067779541016,0.0,0,86e13be0-c2aa-4ce5-b9a1-20566fd68313,20260814,ecs-strict,benign-burst,0,cloudflare
4,4,4,4,452,1.0,1.0,3,0,0,0.0,0.0,0.0,1.0,1.0,1.0,0.75,4726.857142857143,1.5184507117781683,0.25,0.0,0.0,0.6407118439674377,2.1423585653305044,1.689654476443785,0.015388170878092447,0.0,0,b02e2350-6f68-41cc-bfb7-f4cb1e2a5be8,20260814,ecs-strict,benign-burst,0,quad9
4,4,4,4,398,1.0,1.0,4,0,0,0.0,0.0,0.0,1.0,1.0,1.0,0.75,303.4,1.7512297402952306,0.25,0.0,0.0,0.005228221416473389,0.012500154972076412,0.9971402405010826,0.004999935626983643,0.0,0,32e84890-81c0-4357-afc9-887e1ef8e095,20260814,ecs-strict,benign-burst,0,google
4,4,4,4,524,1.0,1.0,4,0,0,0.0,0.0,0.0,1.0,1.0,1.0,0.75,946.0,1.1686303488367427,0.25,0.0,0.0,0.005350232124328613,0.012272834777832028,0.9274228689293623,0.005163729190826416,0.0,0,116539d6-50db-4754-a3cf-092ae047b75e,20260814,ecs-strict,benign-burst,0,cloudflare
4,4,4,4,533,1.0,1.0,4,0,0,0.0,0.0,0.0,1.0,1.0,1.0,0.75,1711.9166666666667,3.095152288997213,0.25,0.0,0.0,0.022347688674926758,0.033788633346557614,0.41720182574388925,0.02209991216659546,0.0,0,1a9b423b-4d1e-4981-94d8-8d478d2b3c03,20260814,ecs-strict,benign-burst,0,cloudflare
4,4,4,4,522,1.0,1.0,4,0,0,0.0,0.0,0.0,1.0,1.0,1.0,0.75,937.0,1.0296578886048167,0.25,0.0,0.0,0.00574183464050293,0.013054001331329342,0.9067788651849213,0.005560636520385742,0.0,0,ff0deacb-5a7b-482d-b830-71afd493c946,20260814,ecs-strict,benign-burst,0,quad9
4,4,4,4,490,1.0,1.0,4,0,0,0.0,0.0,0.0,1.0,1.0,1.0,0.75,417.0,1.6004139717406145,0.25,0.0,0.0,0.014287114143371582,0.0367856740951538,1.1224814733608806,0.014126479625701904,0.0,0,e9051c8a-7f74-4294-9c8d-912a075672cf,20260814,ecs-strict,benign-burst,0,cloudflare
4,4,4,4,444,1.0,1.0,4,0,0,0.0,0.0,0.0,1.0,1.0,1.0,0.75,83.625,1.5107301718673747,0.25,0.0,0.0,0.03139299154281616,0.0937214374542236,1.4140758667868962,0.031282126903533936,0.0,0,b88c3bbc-3462-44bc-a3ab-cf464b1d014d,20260814,ecs-strict,benign-burst,0,quad9
4,4,4,4,518,1.0,1.0,4,0,0,0.0,0.0,0.0,1.0,1.0,1.0,0.75,219.0,0.41677767958803863,0.25,0.0,0.0,0.01617109775543213,0.04038473367691039,1.066361140928516,0.015847861766815186,0.0,0,356905ec-30b0-44ed-988a-9eb270954df3,20260814,ecs-strict,benign-burst,0,cloudflare
4,4,4,4,418,1.0,1.0,4,0,0,0.0,0.0,0.0,1.0,1.0,1.0,0.75,606.2857142857143,1.7868608574784013,0.25,0.0,0.0,0.0021669864654541016,0.0024135589599609377,0.10941945746269062,0.001936793327331543,0.0,0,4d95f31c-4cc2-4cd4-8a92-8f5bd95e3b7a,20260814,ecs-strict,benign-burst,0,cloudflare
4,4,4,4,453,1.0,1.0,4,0,0,0.0,0.0,0.0,1.0,1.0,1.0,0.75,3656.3333333333335,2.1216227677167576,0.25,0.0,0.0,0.00981980562210083,0.019128572940826413,0.7441209631234692,0.009681880474090576,0.0,0,1effb508-2ec6-42b4-a2ce-1d4d2cfbae16,20260814,ecs-strict,benign-burst,0,quad9
4,4,4,4,499,1.0,1.0,4,0,0,0.0,0.0,0.0,1.0,1.0,1.0,0.75,1765.8181818181818,3.1053727322272184,0.25,0.0,0.0,0.002251744270324707,0.0026070475578308105,0.11324838066788058,0.001972198486328125,0.0,0,a5b1141b-eea4-45ea-8d12-a03fac6f8a32,20260814,ecs-strict,benign-burst,0,opendns
4,4,4,4,384,1.0,1.0,4,0,0,0.0,0.0,0.0,1.0,1.0,1.0,0.75,94.2,1.4355079595255622,0.25,0.0,0.0,0.007050454616546631,0.018755245208740227,1.1940001251400527,0.006843447685241699,0.0,0,83bd1712-dcfe-41b0-a204-938c1dbdf527,20260814,ecs-strict,benign-burst,0,quad9
4,4,4,4,454,1.0,1.0,4,0,0,0.0,0.0,0.0,1.0,1.0,1.0,0.75,374.6666666666667,0.6961344399764282,0.25,0.0,0.0,0.020988821983337402,0.06511762142181393,1.5116670832727914,0.02076089382171631,0.0,0,f8300f45-458a-41bc-87e2-85a1c7b5ee0e,20260814,ecs-strict,benign-burst,0,google
4,4,4,4,650,1.0,1.0,4,0,0,0.0,0.0,0.0,1.0,1.0,1.0,0.75,6856.0526315789475,1.4609842700395437,0.25,0.0,0.0,0.018602311611175537,0.057423973083496074,1.5039783185445956,0.018381118774414062,0.0,0,1c4b5076-eb2b-4892-92bd-878426a2de5a,20260814,ecs-strict,benign-burst,0,google
4,4,4,4,422,1.0,1.0,4,0,0,0.0,0.0,0.0,1.0,1.0,1.0,0.75,159.6,0.8185231139465602,0.25,0.0,0.0,0.012527704238891602,0.02898615598678588,0.9551151579713436,0.012239158153533936,0.0,0,71ea040f-c1cc-45e2-83da-deb2604fce9c,20260814,ecs-strict,benign-burst,0,opendns
4,4,4,4,676,1.0,1.0,4,0,0,0.0,0.0,0.0,1.0,1.0,1.0,0.75,130.11111111111111,1.5908589786259013,0.25,0.0,0.0,0.025456786155700684,0.08007028102874753,1.5467424167529449,0.025255322456359863,0.0,0,9a762df9-a7dd-4dd8-b037-d5af10136b84,20260814,ecs-strict,benign-burst,0,quad9
4,4,4,4,422,1.0,1.0,0,0,0,0.0,0.0,0.0,1.0,1.0,1.0,0.75,150.28571428571428,0.5979049671336925,0.25,0.0,0.0,3.138013184070587,4.634644603729247,0.34343844482075336,0.0,0.0,0,9bb76dde-3dc6-4fd5-aac5-1dd3e895e57a,20260814,ecs-strict,benign-burst,0,google
4,4,4,4,290,1.0,1.0,2,0,0,0.0,0.0,0.0,1.0,1.0,0.75,0.5,20.0,0.0,0.5,0.0,0.0,6.2656437158584595,7.509449410438537,0.19848398288708907,7.508904576301575,0.0,2,46001c29-2d50-434b-b7bf-58683065d27a,20260814,ecs-strict,benign-burst,0,cloudflare
1,1,1,1,105,1.0,1.0,1,1,1,1.0,1.0,0.0,-0.0,-0.0,1.0,0.0,44.0,0.0,1.0,0.0,0.0,0.0022089481353759766,0.0022089481353759766,0.0,0.0020263195037841797,0.0,0,678e3287-9c98-4467-bc9c-deba7c2f7bdb,20260814,ecs-strict,adverse-ecs-omit,1,local-adverse-authority
1,1,1,1,164,1.0,1.0,1,1,1,1.0,0.0,0.0,-0.0,-0.0,1.0,0.0,297.0,0.0,1.0,0.0,0.0,0.0028743743896484375,0.0028743743896484375,0.0,0.002739429473876953,0.0,0,b2511cda-e98d-4e01-9604-4e2d6470c200,20260814,ecs-strict,adverse-ecs-omit,1,local-adverse-authority
4,4,4,4,524,1.0,1.0,1,0,0,0.0,0.0,0.0,1.0,1.0,1.0,0.75,455.75,1.9207943275719557,0.25,0.0,0.0,3.7592817544937134,5.015019714832306,0.5770194611495888,0.0018055438995361328,0.0,0,bd997b8e-bf9e-4c15-8ba8-3ba7e568bb2c,20260814,ecs-strict,benign-burst,0,cloudflare
1,1,1,1,207,1.0,1.0,1,1,1,1.0,1.0,0.0,-0.0,-0.0,1.0,0.0,272.0,0.0,1.0,0.0,0.0,0.0493471622467041,0.0493471622467041,0.0,0.049098968505859375,0.0,0,d9f19fb7-b104-4633-bd41-cbfe58354551,20260814,ecs-strict,adverse-ecs-omit,1,local-adverse-authority
1,1,1,1,107,1.0,1.0,1,1,1,1.0,1.0,0.0,-0.0,-0.0,1.0,0.0,1970.0,0.0,1.0,0.0,0.0,0.015911340713500977,0.015911340713500977,0.0,0.015487432479858398,0.0,0,a98e1210-6b59-4d2d-a0ee-c1e6afbaa752,20260814,ecs-strict,adverse-ecs-omit,1,local-adverse-authority
4,4,4,4,454,1.0,1.0,0,0,0,0.0,0.0,0.0,1.0,1.0,1.0,0.75,1582.5555555555557,2.6890207987501187,0.25,0.0,0.0,2.5053855180740356,2.505926477909088,0.00020830143963986215,0.0,0.0,0,dd3e136c-67c1-46a6-b689-b675ec418483,20260814,ecs-strict,benign-burst,0,quad9
1,1,1,1,107,1.0,1.0,1,1,1,1.0,1.0,0.0,-0.0,-0.0,1.0,0.0,947.0,0.0,1.0,0.0,0.0,0.0016133785247802734,0.0016133785247802734,0.0,0.0015020370483398438,0.0,0,a2037db3-a307-4307-aa09-b92577dda447,20260814,ecs-strict,adverse-ecs-omit,1,local-adverse-authority
1,1,1,1,153,1.0,1.0,1,1,1,1.0,1.0,0.0,-0.0,-0.0,1.0,0.0,37.0,0.0,1.0,0.0,0.0,0.003190279006958008,0.003190279006958008,0.0,0.002803802490234375,0.0,0,4897e1db-365a-4bbf-8700-3fe8dde2905b,20260814,ecs-strict,adverse-ecs-omit,1,local-adverse-authority
1,1,1,1,103,1.0,1.0,1,1,1,1.0,1.0,0.0,-0.0,-0.0,1.0,0.0,52.0,0.0,1.0,0.0,0.0,0.004348278045654297,0.004348278045654297,0.0,0.004136323928833008,0.0,0,f8b4fb4a-5cb9-4e44-a16f-ddae17d69011,20260814,ecs-strict,adverse-ecs-omit,1,local-adverse-authority
1,1,1,1,127,1.0,1.0,1,1,1,1.0,1.0,0.0,-0.0,-0.0,1.0,0.0,491.0,0.0,1.0,0.0,0.0,0.02861309051513672,0.02861309051513672,0.0,0.028439044952392578,0.0,0,bedfa9ff-0545-45ad-8208-68235c874ab4,20260814,ecs-strict,adverse-ecs-omit,1,local-adverse-authority
1,1,1,1,151,1.0,1.0,1,1,1,1.0,1.0,0.0,-0.0,-0.0,1.0,0.0,54.0,0.0,1.0,0.0,0.0,0.0023300647735595703,0.0023300647735595703,0.0,0.002214670181274414,0.0,0,c0b4e875-dccf-4b36-a342-4bd94255481a,20260814,ecs-strict,adverse-ecs-omit,1,local-adverse-authority
4,4,4,4,459,1.0,1.0,0,0,0,0.0,0.0,0.0,1.0,1.0,1.0,0.75,3703.0,1.702752578053506,0.25,0.0,0.0,2.52693772315979,2.5377240061759947,0.005219395355262656,0.0,0.0,0,9de7388e-57a4-47b1-9e08-f2935f4edebb,20260814,ecs-strict,benign-burst,0,opendns
1,1,1,1,103,1.0,1.0,1,1,1,1.0,1.0,0.0,-0.0,-0.0,1.0,0.0,300.0,0.0,1.0,0.0,0.0,0.011964797973632812,0.011964797973632812,0.0,0.011743545532226562,0.0,0,f7a7070f-06a6-4366-9194-9c362350a936,20260814,ecs-strict,adverse-ecs-omit,1,local-adverse-authority
1,1,1,1,126,1.0,1.0,1,1,1,1.0,0.0,0.0,-0.0,-0.0,1.0,0.0,20219.0,0.0,1.0,0.0,0.0,0.03614664077758789,0.03614664077758789,0.0,0.03588747978210449,0.0,0,5aaf7b2f-7b53-4c32-927b-fe3f2eb507d8,20260814,ecs-strict,adverse-ecs-omit,1,local-adverse-authority
4,4,4,4,412,1.0,1.0,0,0,0,0.0,0.0,0.0,1.0,1.0,1.0,0.75,119.33333333333333,1.0079542270008954,0.25,0.0,0.0,2.5100576281547546,2.523690676689148,0.003892207714305779,0.0,0.0,0,16b50249-fde0-4efb-8f7c-4975bbdf05c4,20260814,ecs-strict,benign-burst,0,google
1,1,1,1,118,1.0,1.0,1,1,1,1.0,0.0,0.0,-0.0,-0.0,1.0,0.0,246.0,0.0,1.0,0.0,0.0,0.0026924610137939453,0.0026924610137939453,0.0,0.002407550811767578,0.0,0,5410b96c-4703-49d2-987f-05c38436cb06,20260814,ecs-strict,adverse-ecs-omit,1,local-adverse-authority
1,1,1,1,129,1.0,1.0,1,1,1,1.0,1.0,0.0,-0.0,-0.0,1.0,0.0,250.0,0.0,1.0,0.0,0.0,0.002106189727783203,0.002106189727783203,0.0,0.002050161361694336,0.0,0,9413be14-f4c9-4d1b-9290-ca113656376a,20260814,ecs-strict,adverse-ecs-omit,1,local-adverse-authority
1,1,1,1,123,1.0,1.0,1,1,1,1.0,1.0,0.0,-0.0,-0.0,1.0,0.0,10.0,0.0,1.0,0.0,0.0,0.005480289459228516,0.005480289459228516,0.0,0.0052280426025390625,0.0,0,81f8327e-5497-452c-bec1-608382527df9,20260814,ecs-strict,adverse-ecs-omit,1,local-adverse-authority
1,1,1,1,105,1.0,1.0,1,1,1,1.0,1.0,0.0,-0.0,-0.0,1.0,0.0,51.0,0.0,1.0,0.0,0.0,0.003393888473510742,0.003393888473510742,0.0,0.0032927989959716797,0.0,0,a1ffdfa5-f0a5-4b49-b325-223b857da284,20260814,ecs-strict,adverse-ecs-omit,1,local-adverse-authority
1,1,1,1,109,1.0,1.0,1,1,1,1.0,1.0,0.0,-0.0,-0.0,1.0,0.0,3351.0,0.0,1.0,0.0,0.0,0.0030019283294677734,0.0030019283294677734,0.0,0.002866029739379883,0.0,0,2ce86ddc-b341-4d06-be90-5565092c25d3,20260814,ecs-strict,adverse-ecs-omit,1,local-adverse-authority
1,1,1,1,129,1.0,1.0,1,1,1,1.0,1.0,0.0,-0.0,-0.0,1.0,0.0,20.0,0.0,1.0,0.0,0.0,0.0022497177124023438,0.0022497177124023438,0.0,0.0021317005157470703,0.0,0,a8da6398-96eb-49a6-be15-0c913d1d8daa,20260814,ecs-strict,adverse-ecs-omit,1,local-adverse-authority
1,1,1,1,124,1.0,1.0,1,1,1,1.0,0.0,0.0,-0.0,-0.0,1.0,0.0,66.0,0.0,1.0,0.0,0.0,0.0389552116394043,0.0389552116394043,0.0,0.03887605667114258,0.0,0,dad9af1a-847f-4656-96b7-600487507185,20260814,ecs-strict,adverse-ecs-omit,1,local-adverse-authority
1,1,1,1,203,1.0,1.0,1,1,1,1.0,1.0,0.0,-0.0,-0.0,1.0,0.0,270.0,0.0,1.0,0.0,0.0,0.0033960342407226562,0.0033960342407226562,0.0,0.0032563209533691406,0.0,0,e53bd4c3-a1a9-4794-949b-c3783ef7e750,20260814,ecs-strict,adverse-ecs-omit,1,local-adverse-authority
4,4,4,4,428,1.0,1.0,0,0,0,0.0,0.0,0.0,1.0,1.0,1.0,0.75,1729.857142857143,2.25063010635935,0.25,0.0,0.0,2.5182865262031555,2.5502617835998533,0.009135192055213856,0.0,0.0,0,3350481f-9c61-44ac-96f7-2a2fe025789a,20260814,ecs-strict,benign-burst,0,opendns
1,1,1,1,135,1.0,1.0,1,1,1,1.0,1.0,0.0,-0.0,-0.0,1.0,0.0,688.0,0.0,1.0,0.0,0.0,0.00758051872253418,0.00758051872253418,0.0,0.007447719573974609,0.0,0,d81879da-c47f-4bbb-a365-b7bf90d77202,20260814,ecs-strict,adverse-ecs-omit,1,local-adverse-authority
1,1,1,1,168,1.0,1.0,1,1,1,1.0,0.0,0.0,-0.0,-0.0,1.0,0.0,210.0,0.0,1.0,0.0,0.0,0.00322723388671875,0.00322723388671875,0.0,0.0030944347381591797,0.0,0,3a3ff26c-db35-4646-8fb6-02352ef874aa,20260814,ecs-strict,adverse-ecs-omit,1,local-adverse-authority
1,1,1,1,163,1.0,1.0,1,1,1,1.0,1.0,0.0,-0.0,-0.0,1.0,0.0,60.0,0.0,1.0,0.0,0.0,0.0065577030181884766,0.0065577030181884766,0.0,0.005949974060058594,0.0,0,416c42de-f848-4295-8f6f-710738e672c3,20260814,ecs-strict,adverse-ecs-omit,1,local-adverse-authority
1,1,1,1,133,1.0,1.0,1,1,1,1.0,1.0,0.0,-0.0,-0.0,1.0,0.0,27.0,0.0,1.0,0.0,0.0,0.0061495304107666016,0.0061495304107666016,0.0,0.006030082702636719,0.0,0,0de6ad41-06b3-4c59-bde1-9ec44671a07e,20260814,ecs-strict,adverse-ecs-omit,1,local-adverse-authority
4,4,4,4,460,1.0,1.0,1,0,0,0.0,0.0,0.0,1.0,1.0,1.0,0.75,2682.0,2.472187912533227,0.25,0.0,0.0,1.8912827372550964,2.5379844903945923,0.5766270205199606,0.002252817153930664,0.0,0,1d09025e-b79f-42d8-b48c-b04da6c43581,20260814,ecs-strict,benign-burst,0,cloudflare
1,1,1,1,136,1.0,1.0,1,1,1,1.0,0.0,0.0,-0.0,-0.0,1.0,0.0,300.0,0.0,1.0,0.0,0.0,0.018094301223754883,0.018094301223754883,0.0,0.017133474349975586,0.0,0,fd527600-821c-448c-81ca-a331609aadc2,20260814,ecs-strict,adverse-ecs-omit,1,local-adverse-authority
1,1,1,1,162,1.0,1.0,1,1,1,1.0,0.0,0.0,-0.0,-0.0,1.0,0.0,60.0,0.0,1.0,0.0,0.0,0.03749585151672363,0.03749585151672363,0.0,0.036919593811035156,0.0,0,56828b4a-7857-4278-9c95-48c9ce9c6ec4,20260814,ecs-strict,adverse-ecs-omit,1,local-adverse-authority
1,1,1,1,107,1.0,1.0,1,1,1,1.0,1.0,0.0,-0.0,-0.0,1.0,0.0,88.0,0.0,1.0,0.0,0.0,0.013567209243774414,0.013567209243774414,0.0,0.013340473175048828,0.0,0,ccd0050e-9523-454c-b489-eac0ec808738,20260814,ecs-strict,adverse-ecs-omit,1,local-adverse-authority
1,1,1,1,109,1.0,1.0,1,1,1,1.0,1.0,0.0,-0.0,-0.0,1.0,0.0,47.0,0.0,1.0,0.0,0.0,0.034789323806762695,0.034789323806762695,0.0,0.03466916084289551,0.0,0,62484b0c-3340-437c-a7a8-4c98d8da7c1c,20260814,ecs-strict,adverse-ecs-omit,1,local-adverse-authority
1,1,1,1,197,1.0,1.0,1,1,1,1.0,1.0,0.0,-0.0,-0.0,1.0,0.0,300.0,0.0,1.0,0.0,0.0,0.002319812774658203,0.002319812774658203,0.0,0.002093076705932617,0.0,0,ceca0cbe-d92b-47f5-ab9b-fb19a0b37bb4,20260814,ecs-strict,adverse-ecs-omit,1,local-adverse-authority
4,4,4,4,458,1.0,1.0,0,0,0,0.0,0.0,0.0,1.0,1.0,1.0,0.75,135.11111111111111,0.8652222536031964,0.25,0.0,0.0,4.418436050415039,5.109167504310608,0.24858964460605715,0.0,0.0,0,cdc069c2-aa3c-44d4-b1ee-ba40a1725622,20260814,ecs-strict,benign-burst,0,opendns
4,4,4,4,468,1.0,1.0,0,0,0,0.0,0.0,0.0,1.0,1.0,1.0,0.75,232.75,0.3749918998326405,0.25,0.0,0.0,5.046585261821747,5.126264035701752,0.011236353377154671,0.0,0.0,0,533eb918-97fb-4f3a-8b79-0508ca56c345,20260814,ecs-strict,benign-burst,0,google
1,1,1,1,107,1.0,1.0,1,1,1,1.0,1.0,0.0,-0.0,-0.0,1.0,0.0,300.0,0.0,1.0,0.0,0.0,0.0054090023040771484,0.0054090023040771484,0.0,0.005251169204711914,0.0,0,d017ec88-7b15-41f8-889e-55f11b553163,20260814,ecs-strict,adverse-ecs-omit,1,local-adverse-authority
1,1,1,1,119,1.0,1.0,1,1,1,1.0,1.0,0.0,-0.0,-0.0,1.0,0.0,518.0,0.0,1.0,0.0,0.0,0.01651477813720703,0.01651477813720703,0.0,0.01631760597229004,0.0,0,bc4c2ce6-e49b-4ee1-a64d-3b02b85dcafb,20260814,ecs-strict,adverse-ecs-omit,1,local-adverse-authority
1,1,1,1,155,1.0,1.0,1,1,1,1.0,1.0,0.0,-0.0,-0.0,1.0,0.0,123.0,0.0,1.0,0.0,0.0,0.0031571388244628906,0.0031571388244628906,0.0,0.0030202865600585938,0.0,0,ef45d467-4188-4eb4-8636-9092e2d33ad1,20260814,ecs-strict,adverse-ecs-omit,1,local-adverse-authority
4,4,4,4,388,1.0,1.0,3,0,0,0.0,0.0,0.0,1.0,1.0,1.0,0.75,209.0,1.6551040812977813,0.25,0.0,0.0,0.6588044762611389,2.1485628724098196,1.6202782669475235,0.042961676915486656,0.0,0,e840329c-0b94-4560-8935-93949a752eec,20260814,ecs-strict,benign-burst,0,cloudflare
1,1,1,1,111,1.0,1.0,1,1,1,1.0,1.0,0.0,-0.0,-0.0,1.0,0.0,300.0,0.0,1.0,0.0,0.0,0.009829282760620117,0.009829282760620117,0.0,0.009553670883178711,0.0,0,7ebea947-f0b9-4f00-9a32-8d4ac9884cb8,20260814,ecs-strict,adverse-ecs-omit,1,local-adverse-authority
1,1,1,1,111,1.0,1.0,1,1,1,1.0,1.0,0.0,-0.0,-0.0,1.0,0.0,300.0,0.0,1.0,0.0,0.0,0.0021331310272216797,0.0021331310272216797,0.0,0.0019998550415039062,0.0,0,5f4f2f9b-7b49-4b49-8822-5ae2fa99f437,20260814,ecs-strict,adverse-ecs-omit,1,local-adverse-authority
1,1,1,1,120,1.0,1.0,1,1,1,1.0,0.0,0.0,-0.0,-0.0,1.0,0.0,2494.0,0.0,1.0,0.0,0.0,0.004393339157104492,0.004393339157104492,0.0,0.004256486892700195,0.0,0,d576f212-c546-4090-9c52-bccf2aab97b5,20260814,ecs-strict,adverse-ecs-omit,1,local-adverse-authority
1,1,1,1,127,1.0,1.0,1,1,1,1.0,1.0,0.0,-0.0,-0.0,1.0,0.0,300.0,0.0,1.0,0.0,0.0,0.022274017333984375,0.022274017333984375,0.0,0.022055387496948242,0.0,0,c63c9cb7-fa80-4f1f-bade-14bc13460a3c,20260814,ecs-strict,adverse-ecs-omit,1,local-adverse-authority
1,1,1,1,123,1.0,1.0,1,1,1,1.0,1.0,0.0,-0.0,-0.0,1.0,0.0,44.0,0.0,1.0,0.0,0.0,0.003190279006958008,0.003190279006958008,0.0,0.002955913543701172,0.0,0,b3b7b1d4-cce6-42d8-8134-0521403650d9,20260814,ecs-strict,adverse-ecs-omit,1,local-adverse-authority
1,1,1,1,103,1.0,1.0,1,1,1,1.0,1.0,0.0,-0.0,-0.0,1.0,0.0,300.0,0.0,1.0,0.0,0.0,0.004956245422363281,0.004956245422363281,0.0,0.0047588348388671875,0.0,0,89113c5e-23cc-4410-992c-34f2a0088e2d,20260814,ecs-strict,adverse-ecs-omit,1,local-adverse-authority
1,1,1,1,114,1.0,1.0,1,1,1,1.0,0.0,0.0,-0.0,-0.0,1.0,0.0,294.0,0.0,1.0,0.0,0.0,0.0027081966400146484,0.0027081966400146484,0.0,0.002252340316772461,0.0,0,7ff31adc-7280-447c-8804-751b90c3955c,20260814,ecs-strict,adverse-ecs-omit,1,local-adverse-authority
1,1,1,1,110,1.0,1.0,1,1,1,1.0,0.0,0.0,-0.0,-0.0,1.0,0.0,8.0,0.0,1.0,0.0,0.0,0.0030906200408935547,0.0030906200408935547,0.0,0.0028891563415527344,0.0,0,ab13b06d-8125-4101-9032-f4441b7222b6,20260814,ecs-strict,adverse-ecs-omit,1,local-adverse-authority
1,1,1,1,117,1.0,1.0,1,1,1,1.0,1.0,0.0,-0.0,-0.0,1.0,0.0,300.0,0.0,1.0,0.0,0.0,0.03453779220581055,0.03453779220581055,0.0,0.03418421745300293,0.0,0,575414c0-3120-4b33-ab29-4c1aa99d7d15,20260814,ecs-strict,adverse-ecs-omit,1,local-adverse-authority
1,1,1,1,117,1.0,1.0,1,1,1,1.0,1.0,0.0,-0.0,-0.0,1.0,0.0,3494.0,0.0,1.0,0.0,0.0,0.004002094268798828,0.004002094268798828,0.0,0.003874063491821289,0.0,0,d9a3849e-9a05-49c6-89ed-59e20daf0a7c,20260814,ecs-strict,adverse-ecs-omit,1,local-adverse-authority
1,1,1,1,137,1.0,1.0,1,1,1,1.0,1.0,0.0,-0.0,-0.0,1.0,0.0,635.0,0.0,1.0,0.0,0.0,0.007056713104248047,0.007056713104248047,0.0,0.00690770149230957,0.0,0,ac435aba-cd9a-440d-b742-00586495e556,20260814,ecs-strict,adverse-ecs-omit,1,local-adverse-authority
1,1,1,1,164,1.0,1.0,1,1,1,1.0,0.0,0.0,-0.0,-0.0,1.0,0.0,300.0,0.0,1.0,0.0,0.0,0.0033507347106933594,0.0033507347106933594,0.0,0.0028357505798339844,0.0,0,a6e76795-4ba4-4d01-a29d-ad087fff8ab0,20260814,ecs-strict,adverse-ecs-omit,1,local-adverse-authority
1,1,1,1,111,1.0,1.0,1,1,1,1.0,1.0,0.0,-0.0,-0.0,1.0,0.0,28.0,0.0,1.0,0.0,0.0,0.004214763641357422,0.004214763641357422,0.0,0.004079580307006836,0.0,0,2526ee77-5b1a-43db-a985-66514eb052d6,20260814,ecs-strict,adverse-ecs-omit,1,local-adverse-authority
1,1,1,1,206,1.0,1.0,1,1,1,1.0,0.0,0.0,-0.0,-0.0,1.0,0.0,8.0,0.0,1.0,0.0,0.0,0.0014233589172363281,0.0014233589172363281,0.0,0.0012958049774169922,0.0,0,a97ae3e7-a428-4d90-ac4f-c24929203e8d,20260814,ecs-strict,adverse-ecs-omit,1,local-adverse-authority
1,1,1,1,99,1.0,1.0,1,1,1,1.0,1.0,0.0,-0.0,-0.0,1.0,0.0,300.0,0.0,1.0,0.0,0.0,0.042014122009277344,0.042014122009277344,0.0,0.04192233085632324,0.0,0,d3238e24-ba48-4137-a747-50e2aa168107,20260814,ecs-strict,adverse-ecs-omit,1,local-adverse-authority
1,1,1,1,127,1.0,1.0,1,1,1,1.0,1.0,0.0,-0.0,-0.0,1.0,0.0,17.0,0.0,1.0,0.0,0.0,0.00739741325378418,0.00739741325378418,0.0,0.007289886474609375,0.0,0,4b276060-99c3-44de-bbe4-f674082e82d0,20260814,ecs-strict,adverse-ecs-omit,1,local-adverse-authority
1,1,1,1,115,1.0,1.0,1,1,1,1.0,1.0,0.0,-0.0,-0.0,1.0,0.0,300.0,0.0,1.0,0.0,0.0,0.01566767692565918,0.01566767692565918,0.0,0.015253543853759766,0.0,0,50d06915-17c8-48cb-a668-c3ec7bb090ba,20260814,ecs-strict,adverse-ecs-omit,1,local-adverse-authority
1,1,1,1,99,1.0,1.0,1,1,1,1.0,1.0,0.0,-0.0,-0.0,1.0,0.0,20.0,0.0,1.0,0.0,0.0,0.0029387474060058594,0.0029387474060058594,0.0,0.002515554428100586,0.0,0,95f97745-6e4a-477a-9ad1-c5d6afa3b6b7,20260814,ecs-strict,adverse-ecs-omit,1,local-adverse-authority
1,1,1,1,149,1.0,1.0,1,1,1,1.0,1.0,0.0,-0.0,-0.0,1.0,0.0,300.0,0.0,1.0,0.0,0.0,0.0029265880584716797,0.0029265880584716797,0.0,0.0027170181274414062,0.0,0,7d70fce7-72fd-4710-952f-83d2f3871f45,20260814,ecs-strict,adverse-ecs-omit,1,local-adverse-authority
1,1,1,1,116,1.0,1.0,1,1,1,1.0,0.0,0.0,-0.0,-0.0,1.0,0.0,300.0,0.0,1.0,0.0,0.0,0.021001338958740234,0.021001338958740234,0.0,0.020911693572998047,0.0,0,98a92ef2-0c96-4cbb-a8b6-1bfa93f83e80,20260814,ecs-strict,adverse-ecs-omit,1,local-adverse-authority
1,1,1,1,99,1.0,1.0,1,1,1,1.0,1.0,0.0,-0.0,-0.0,1.0,0.0,300.0,0.0,1.0,0.0,0.0,0.047185659408569336,0.047185659408569336,0.0,0.04702425003051758,0.0,0,d188234e-8525-4170-a491-247755f36752,20260814,ecs-strict,adverse-ecs-omit,1,local-adverse-authority
1,1,1,1,127,1.0,1.0,1,1,1,1.0,1.0,0.0,-0.0,-0.0,1.0,0.0,300.0,0.0,1.0,0.0,0.0,0.002834796905517578,0.002834796905517578,0.0,0.0027146339416503906,0.0,0,362ea90a-b30f-42b5-b731-a0c86708a8e2,20260814,ecs-strict,adverse-ecs-omit,1,local-adverse-authority
1,1,1,1,99,1.0,1.0,1,1,1,1.0,1.0,0.0,-0.0,-0.0,1.0,0.0,968.0,0.0,1.0,0.0,0.0,0.0017695426940917969,0.0017695426940917969,0.0,0.0013537406921386719,0.0,0,a18eb066-e494-49ed-b443-e8c4e79bb7b2,20260814,ecs-strict,adverse-ecs-omit,1,local-adverse-authority
1,1,1,1,151,1.0,1.0,1,1,1,1.0,1.0,0.0,-0.0,-0.0,1.0,0.0,9.0,0.0,1.0,0.0,0.0,0.003774404525756836,0.003774404525756836,0.0,0.003377676010131836,0.0,0,c5b9d79e-ef29-4ce9-b0e8-1e3bffae5f84,20260814,ecs-strict,adverse-ecs-omit,1,local-adverse-authority
1,1,1,1,151,1.0,1.0,1,1,1,1.0,1.0,0.0,-0.0,-0.0,1.0,0.0,44.0,0.0,1.0,0.0,0.0,0.0026624202728271484,0.0026624202728271484,0.0,0.0021638870239257812,0.0,0,92c68d7a-5668-4df4-a61e-b80120a9d112,20260814,ecs-strict,adverse-ecs-omit,1,local-adverse-authority
1,1,1,1,111,1.0,1.0,1,1,1,1.0,1.0,0.0,-0.0,-0.0,1.0,0.0,439.0,0.0,1.0,0.0,0.0,0.004814624786376953,0.004814624786376953,0.0,0.004713773727416992,0.0,0,55e71e7e-aec7-457d-b91d-77e699079705,20260814,ecs-strict,adverse-ecs-omit,1,local-adverse-authority
1,1,1,1,126,1.0,1.0,1,1,1,1.0,0.0,0.0,-0.0,-0.0,1.0,0.0,20288.0,0.0,1.0,0.0,0.0,0.013830423355102539,0.013830423355102539,0.0,0.013176202774047852,0.0,0,a61ab728-96eb-4650-9103-d7d7bc28effc,20260814,ecs-strict,adverse-ecs-omit,1,local-adverse-authority
1,1,1,1,114,1.0,1.0,1,1,1,1.0,0.0,0.0,-0.0,-0.0,1.0,0.0,341.0,0.0,1.0,0.0,0.0,0.03408336639404297,0.03408336639404297,0.0,0.03398537635803223,0.0,0,f64773a2-1ecf-4fbb-88be-a132e40d4121,20260814,ecs-strict,adverse-ecs-omit,1,local-adverse-authority
1,1,1,1,119,1.0,1.0,1,1,1,1.0,1.0,0.0,-0.0,-0.0,1.0,0.0,132.0,0.0,1.0,0.0,0.0,0.0024449825286865234,0.0024449825286865234,0.0,0.002154827117919922,0.0,0,d1ea0074-8840-437b-a8b0-36a7acf19c84,20260814,ecs-strict,adverse-ecs-omit,1,local-adverse-authority
1,1,1,1,99,1.0,1.0,1,1,1,1.0,1.0,0.0,-0.0,-0.0,1.0,0.0,501.0,0.0,1.0,0.0,0.0,0.016778230667114258,0.016778230667114258,0.0,0.016607999801635742,0.0,0,45f6a23c-4798-4e45-be92-3a7c66cb63e7,20260814,ecs-strict,adverse-ecs-omit,1,local-adverse-authority
1,1,1,1,119,1.0,1.0,1,1,1,1.0,1.0,0.0,-0.0,-0.0,1.0,0.0,21.0,0.0,1.0,0.0,0.0,0.006650686264038086,0.006650686264038086,0.0,0.006142854690551758,0.0,0,eb4aaf65-f387-4f3d-93cf-c358d99369fa,20260814,ecs-strict,adverse-ecs-omit,1,local-adverse-authority
1,1,1,1,125,1.0,1.0,1,1,1,1.0,1.0,0.0,-0.0,-0.0,1.0,0.0,60.0,0.0,1.0,0.0,0.0,0.004517793655395508,0.004517793655395508,0.0,0.0038039684295654297,0.0,0,222b83cc-a627-4d92-8b0d-1c1cf05a25aa,20260814,ecs-strict,adverse-ecs-omit,1,local-adverse-authority
1,1,1,1,115,1.0,1.0,1,1,1,1.0,1.0,0.0,-0.0,-0.0,1.0,0.0,60.0,0.0,1.0,0.0,0.0,0.031575679779052734,0.031575679779052734,0.0,0.03143644332885742,0.0,0,93fec07d-e9cd-4b91-8f76-0aa210eb09c3,20260814,ecs-strict,adverse-ecs-omit,1,local-adverse-authority
1,1,1,1,205,1.0,1.0,1,1,1,1.0,1.0,0.0,-0.0,-0.0,1.0,0.0,300.0,0.0,1.0,0.0,0.0,0.0025267601013183594,0.0025267601013183594,0.0,0.002097606658935547,0.0,0,f4dc819e-0ddc-4932-aa4b-fec105c3cb5c,20260814,ecs-strict,adverse-ecs-omit,1,local-adverse-authority
1,1,1,1,109,1.0,1.0,1,1,1,1.0,1.0,0.0,-0.0,-0.0,1.0,0.0,113.0,0.0,1.0,0.0,0.0,0.0019021034240722656,0.0019021034240722656,0.0,0.0017733573913574219,0.0,0,150f3f2c-0519-4f12-b06e-a2827824a88f,20260814,ecs-strict,adverse-ecs-omit,1,local-adverse-authority
1,1,1,1,122,1.0,1.0,1,1,1,1.0,0.0,0.0,-0.0,-0.0,1.0,0.0,8.0,0.0,1.0,0.0,0.0,0.012879371643066406,0.012879371643066406,0.0,0.012242317199707031,0.0,0,edab1ebf-acdd-4544-b91c-68d5c6207ba1,20260814,ecs-strict,adverse-ecs-omit,1,local-adverse-authority
1,1,1,1,369,1.0,1.0,1,1,1,1.0,1.0,0.0,-0.0,-0.0,1.0,0.0,300.0,0.0,1.0,0.0,0.0,0.004699230194091797,0.004699230194091797,0.0,0.0027551651000976562,0.0,0,31e22556-e645-4f8e-b540-9191352857e7,20260814,ecs-strict,adverse-ecs-omit,1,local-adverse-authority
1,1,1,1,97,1.0,1.0,1,1,1,1.0,1.0,0.0,-0.0,-0.0,1.0,0.0,20.0,0.0,1.0,0.0,0.0,0.006325960159301758,0.006325960159301758,0.0,0.0057718753814697266,0.0,0,6a66bceb-cdc6-4081-9d05-214a2691e56f,20260814,ecs-strict,adverse-ecs-omit,1,local-adverse-authority
1,1,1,1,162,1.0,1.0,1,1,1,1.0,0.0,0.0,-0.0,-0.0,1.0,0.0,59.0,0.0,1.0,0.0,0.0,0.03443622589111328,0.03443622589111328,0.0,0.03432178497314453,0.0,0,c6b4b5b7-2c0a-4caa-8a7c-366cc49bb3db,20260814,ecs-strict,adverse-ecs-omit,1,local-adverse-authority
1,1,1,1,107,1.0,1.0,1,1,1,1.0,1.0,0.0,-0.0,-0.0,1.0,0.0,126.0,0.0,1.0,0.0,0.0,0.0021305084228515625,0.0021305084228515625,0.0,0.002050161361694336,0.0,0,3d0cebd8-a959-4c3a-ad84-6f4b648f73f8,20260814,ecs-strict,adverse-ecs-omit,1,local-adverse-authority
1,1,1,1,111,1.0,1.0,1,1,1,1.0,1.0,0.0,-0.0,-0.0,1.0,0.0,600.0,0.0,1.0,0.0,0.0,0.0033845901489257812,0.0033845901489257812,0.0,0.002979755401611328,0.0,0,ddc21cd8-7008-4bb5-9bda-a5e4318cec12,20260814,ecs-strict,adverse-ecs-omit,1,local-adverse-authority
1,1,1,1,117,1.0,1.0,1,1,1,1.0,1.0,0.0,-0.0,-0.0,1.0,0.0,219.0,0.0,1.0,0.0,0.0,0.0036499500274658203,0.0036499500274658203,0.0,0.003468036651611328,0.0,0,75fd2b1c-63c3-43b6-a9e3-d845e433b39d,20260814,ecs-strict,adverse-ecs-omit,1,local-adverse-authority
1,1,1,1,206,1.0,1.0,1,1,1,1.0,0.0,0.0,-0.0,-0.0,1.0,0.0,300.0,0.0,1.0,0.0,0.0,0.0067293643951416016,0.0067293643951416016,0.0,0.0062408447265625,0.0,0,975d6036-ea09-41d5-a269-19ce708ecd28,20260814,ecs-strict,adverse-ecs-omit,1,local-adverse-authority
1,1,1,1,99,1.0,1.0,1,1,1,1.0,1.0,0.0,-0.0,-0.0,1.0,0.0,300.0,0.0,1.0,0.0,0.0,0.016646146774291992,0.016646146774291992,0.0,0.016358137130737305,0.0,0,84dfe6db-c1df-4ae0-8401-aca8fdb5bbba,20260814,ecs-strict,adverse-ecs-omit,1,local-adverse-authority
1,1,1,1,142,1.0,1.0,1,1,1,1.0,0.0,0.0,-0.0,-0.0,1.0,0.0,241.0,0.0,1.0,0.0,0.0,0.0033545494079589844,0.0033545494079589844,0.0,0.0032618045806884766,0.0,0,a25d9059-0a53-4be0-9ca2-31f031ea147d,20260814,ecs-strict,adverse-ecs-omit,1,local-adverse-authority
1,1,1,1,157,1.0,1.0,1,1,1,1.0,1.0,0.0,-0.0,-0.0,1.0,0.0,243.0,0.0,1.0,0.0,0.0,0.02044534683227539,0.02044534683227539,0.0,0.01964116096496582,0.0,0,9861545c-fff0-4e20-bcd1-8e953392cd78,20260814,ecs-strict,adverse-ecs-omit,1,local-adverse-authority
1,1,1,1,99,1.0,1.0,1,1,1,1.0,1.0,0.0,-0.0,-0.0,1.0,0.0,300.0,0.0,1.0,0.0,0.0,0.0030651092529296875,0.0030651092529296875,0.0,0.0019359588623046875,0.0,0,e99ee76f-25bf-4029-b128-4d3e4a8b1108,20260814,ecs-strict,adverse-ecs-omit,1,local-adverse-authority
1,1,1,1,163,1.0,1.0,1,1,1,1.0,1.0,0.0,-0.0,-0.0,1.0,0.0,60.0,0.0,1.0,0.0,0.0,0.0031290054321289062,0.0031290054321289062,0.0,0.0026099681854248047,0.0,0,341c6020-af9b-4c82-9443-1be64453549f,20260814,ecs-strict,adverse-ecs-omit,1,local-adverse-authority
1,1,1,1,105,1.0,1.0,1,1,1,1.0,1.0,0.0,-0.0,-0.0,1.0,0.0,20.0,0.0,1.0,0.0,0.0,0.013590097427368164,0.013590097427368164,0.0,0.013437271118164062,0.0,0,7853a0e4-e964-4ec2-b373-2f36d99b80a0,20260814,ecs-strict,adverse-ecs-omit,1,local-adverse-authority
1,1,1,1,283,1.0,1.0,1,1,1,1.0,1.0,0.0,-0.0,-0.0,1.0,0.0,3.0,0.0,1.0,0.0,0.0,0.01117849349975586,0.01117849349975586,0.0,0.01105642318725586,0.0,0,2f025a3b-c087-426c-88bd-cebb0725e030,20260814,ecs-strict,adverse-ecs-omit,1,local-adverse-authority
1,1,1,1,157,1.0,1.0,1,1,1,1.0,1.0,0.0,-0.0,-0.0,1.0,0.0,247.0,0.0,1.0,0.0,0.0,0.026666879653930664,0.026666879653930664,0.0,0.02655649185180664,0.0,0,059633aa-c1b7-45ce-ba5e-514bddd48fbb,20260814,ecs-strict,adverse-ecs-omit,1,local-adverse-authority
1,1,1,1,108,1.0,1.0,1,1,1,1.0,0.0,1.0,-0.0,-0.0,1.0,0.0,2.0,0.0,1.0,0.0,0.0,0.002205371856689453,0.002205371856689453,0.0,0.002099752426147461,0.0,0,5341fdd0-d081-4d67-b789-62bb1f6020d6,20260814,ecs-strict,adverse-ecs-mismatch,1,local-adverse-authority
1,1,1,1,118,1.0,1.0,1,1,1,1.0,0.0,0.0,-0.0,-0.0,1.0,0.0,370.0,0.0,1.0,0.0,0.0,0.002405405044555664,0.002405405044555664,0.0,0.002297639846801758,0.0,0,a87b909c-fafe-4796-9f6b-762a371319b6,20260814,ecs-strict,adverse-ecs-mismatch,1,local-adverse-authority
1,1,1,1,118,1.0,1.0,1,1,1,1.0,0.0,0.0,-0.0,-0.0,1.0,0.0,60.0,0.0,1.0,0.0,0.0,0.0024483203887939453,0.0024483203887939453,0.0,0.002348661422729492,0.0,0,fdf70f7c-3244-4b74-9fa0-c3f0ef030a04,20260814,ecs-strict,adverse-ecs-mismatch,1,local-adverse-authority
1,1,1,1,127,1.0,1.0,1,1,1,1.0,1.0,0.0,-0.0,-0.0,1.0,0.0,300.0,0.0,1.0,0.0,0.0,0.013122320175170898,0.013122320175170898,0.0,0.012725830078125,0.0,0,53ee7206-2083-4dd7-82d0-b70294b5c938,20260814,ecs-strict,adverse-ecs-omit,1,local-adverse-authority
1,1,1,1,138,1.0,1.0,1,1,1,1.0,0.0,1.0,-0.0,-0.0,1.0,0.0,238.0,0.0,1.0,0.0,0.0,0.002637624740600586,0.002637624740600586,0.0,0.0017273426055908203,0.0,0,ce568f03-076b-44ed-a623-475cc20664ef,20260814,ecs-strict,adverse-ecs-mismatch,1,local-adverse-authority
1,1,1,1,158,1.0,1.0,1,1,1,1.0,0.0,1.0,-0.0,-0.0,1.0,0.0,3.0,0.0,1.0,0.0,0.0,0.0027513504028320312,0.0027513504028320312,0.0,0.002493143081665039,0.0,0,49cb276a-305b-4c88-ba56-852aad97f528,20260814,ecs-strict,adverse-ecs-mismatch,1,local-adverse-authority
1,1,1,1,128,1.0,1.0,1,1,1,1.0,0.0,0.0,-0.0,-0.0,1.0,0.0,1053.0,0.0,1.0,0.0,0.0,0.0049190521240234375,0.0049190521240234375,0.0,0.004183053970336914,0.0,0,983871b7-bacb-4edd-8a82-ca86c2e62ed1,20260814,ecs-strict,adverse-ecs-mismatch,1,local-adverse-authority
1,1,1,1,109,1.0,1.0,1,1,1,1.0,1.0,0.0,-0.0,-0.0,1.0,0.0,60.0,0.0,1.0,0.0,0.0,0.001814126968383789,0.001814126968383789,0.0,0.0017483234405517578,0.0,0,fb549787-68ea-4fd4-bbf9-d881cbe68807,20260814,ecs-strict,adverse-ecs-omit,1,local-adverse-authority
1,1,1,1,146,1.0,1.0,1,1,1,1.0,0.0,0.0,-0.0,-0.0,1.0,0.0,561.0,0.0,1.0,0.0,0.0,0.0018532276153564453,0.0018532276153564453,0.0,0.0017499923706054688,0.0,0,d5f1f15e-2e1e-4956-86ed-832cfb1df9bc,20260814,ecs-strict,adverse-ecs-mismatch,1,local-adverse-authority
1,1,1,1,118,1.0,1.0,1,1,1,1.0,0.0,0.0,-0.0,-0.0,1.0,0.0,84.0,0.0,1.0,0.0,0.0,0.002715587615966797,0.002715587615966797,0.0,0.0026090145111083984,0.0,0,6610aa16-696e-41a6-9de0-71a25acc14b1,20260814,ecs-strict,adverse-ecs-mismatch,1,local-adverse-authority
1,1,1,1,125,1.0,1.0,1,1,1,1.0,1.0,0.0,-0.0,-0.0,1.0,0.0,300.0,0.0,1.0,0.0,0.0,0.06874752044677734,0.06874752044677734,0.0,0.06857681274414062,0.0,0,fde4ef96-6b08-4895-9b30-78463f7cc6ad,20260814,ecs-strict,adverse-ecs-omit,1,local-adverse-authority
1,1,1,1,130,1.0,1.0,1,1,1,1.0,0.0,0.0,-0.0,-0.0,1.0,0.0,60.0,0.0,1.0,0.0,0.0,0.00606536865234375,0.00606536865234375,0.0,0.005884647369384766,0.0,0,3e91e4d5-d0e6-4259-8fe8-c677ffb149b8,20260814,ecs-strict,adverse-ecs-mismatch,1,local-adverse-authority
1,1,1,1,128,1.0,1.0,1,1,1,1.0,0.0,0.0,-0.0,-0.0,1.0,0.0,20.0,0.0,1.0,0.0,0.0,0.016261577606201172,0.016261577606201172,0.0,0.01608586311340332,0.0,0,c0e52b11-eae4-4e17-a9ee-7f2bf434484f,20260814,ecs-strict,adverse-ecs-omit,1,local-adverse-authority
1,1,1,1,122,1.0,1.0,1,1,1,1.0,0.0,0.0,-0.0,-0.0,1.0,0.0,300.0,0.0,1.0,0.0,0.0,0.0029668807983398438,0.0029668807983398438,0.0,0.0027709007263183594,0.0,0,a24657bf-61db-48c8-a058-507a7b099183,20260814,ecs-strict,adverse-ecs-mismatch,1,local-adverse-authority
1,1,1,1,228,1.0,1.0,1,1,1,1.0,0.0,1.0,-0.0,-0.0,1.0,0.0,20.0,0.0,1.0,0.0,0.0,0.006017446517944336,0.006017446517944336,0.0,0.005921125411987305,0.0,0,a8027f91-7b93-40b4-8839-503ab60694d9,20260814,ecs-strict,adverse-ecs-mismatch,1,local-adverse-authority
1,1,1,1,166,1.0,1.0,1,1,1,1.0,0.0,1.0,-0.0,-0.0,1.0,0.0,1555.0,0.0,1.0,0.0,0.0,0.005933284759521484,0.005933284759521484,0.0,0.005800008773803711,0.0,0,e280631b-af48-4da8-beb6-f30445b5869b,20260814,ecs-strict,adverse-ecs-mismatch,1,local-adverse-authority
1,1,1,1,114,1.0,1.0,1,1,1,1.0,0.0,1.0,-0.0,-0.0,1.0,0.0,94.0,0.0,1.0,0.0,0.0,0.0050809383392333984,0.0050809383392333984,0.0,0.004952192306518555,0.0,0,7597618d-58e8-4b0d-a8b8-d05dfa965ad8,20260814,ecs-strict,adverse-ecs-mismatch,1,local-adverse-authority
1,1,1,1,162,1.0,1.0,1,1,1,1.0,0.0,1.0,-0.0,-0.0,1.0,0.0,29.0,0.0,1.0,0.0,0.0,0.018106937408447266,0.018106937408447266,0.0,0.01797652244567871,0.0,0,9b7f2332-d734-43e3-a870-0a1adc6a2550,20260814,ecs-strict,adverse-ecs-mismatch,1,local-adverse-authority
1,1,1,1,138,1.0,1.0,1,1,1,1.0,0.0,0.0,-0.0,-0.0,1.0,0.0,20240.0,0.0,1.0,0.0,0.0,0.012231111526489258,0.012231111526489258,0.0,0.012114763259887695,0.0,0,e37b3140-8167-46e2-8ea9-e7baf8302225,20260814,ecs-strict,adverse-ecs-mismatch,1,local-adverse-authority
1,1,1,1,189,1.0,1.0,1,1,1,1.0,1.0,0.0,-0.0,-0.0,1.0,0.0,900.0,0.0,1.0,0.0,0.0,0.0032091140747070312,0.0032091140747070312,0.0,0.0028908252716064453,0.0,0,21a98643-52c1-4db4-b6b8-9f64750d6817,20260814,ecs-strict,adverse-ecs-omit,1,local-adverse-authority
1,1,1,1,188,1.0,1.0,1,1,1,1.0,0.0,0.0,-0.0,-0.0,1.0,0.0,60.0,0.0,1.0,0.0,0.0,0.003485441207885742,0.003485441207885742,0.0,0.002892732620239258,0.0,0,9b7e550b-63b6-4364-8364-857d4527d6db,20260814,ecs-strict,adverse-ecs-mismatch,1,local-adverse-authority
1,1,1,1,158,1.0,1.0,1,1,1,1.0,0.0,1.0,-0.0,-0.0,1.0,0.0,60.0,0.0,1.0,0.0,0.0,0.0021092891693115234,0.0021092891693115234,0.0,0.0014050006866455078,0.0,0,2710cd97-53de-42ed-aa8d-65601581e0ed,20260814,ecs-strict,adverse-ecs-mismatch,1,local-adverse-authority
1,1,1,1,204,1.0,1.0,1,1,1,1.0,0.0,1.0,-0.0,-0.0,1.0,0.0,300.0,0.0,1.0,0.0,0.0,0.002900362014770508,0.002900362014770508,0.0,0.0024614334106445312,0.0,0,db9c0c1a-238f-456f-87d7-e719ad06e772,20260814,ecs-strict,adverse-ecs-mismatch,1,local-adverse-authority
1,1,1,1,138,1.0,1.0,1,1,1,1.0,0.0,0.0,-0.0,-0.0,1.0,0.0,300.0,0.0,1.0,0.0,0.0,0.002560138702392578,0.002560138702392578,0.0,0.0024025440216064453,0.0,0,2234a4e5-21e5-49f8-818d-b2ac83ae951c,20260814,ecs-strict,adverse-ecs-mismatch,1,local-adverse-authority
1,1,1,1,114,1.0,1.0,1,1,1,1.0,0.0,0.0,-0.0,-0.0,1.0,0.0,605.0,0.0,1.0,0.0,0.0,0.014330148696899414,0.014330148696899414,0.0,0.013922691345214844,0.0,0,9c8e8331-fc89-41d7-93cb-eae7b1be6393,20260814,ecs-strict,adverse-ecs-mismatch,1,local-adverse-authority
1,1,1,1,110,1.0,1.0,1,1,1,1.0,0.0,1.0,-0.0,-0.0,1.0,0.0,594.0,0.0,1.0,0.0,0.0,0.005393266677856445,0.005393266677856445,0.0,0.0052564144134521484,0.0,0,41ab54f1-690b-4657-9a26-da6e2bc7b11d,20260814,ecs-strict,adverse-ecs-mismatch,1,local-adverse-authority
1,1,1,1,162,1.0,1.0,1,1,1,1.0,0.0,0.0,-0.0,-0.0,1.0,0.0,290.0,0.0,1.0,0.0,0.0,0.0026597976684570312,0.0026597976684570312,0.0,0.002541780471801758,0.0,0,c1ebd290-4a88-4c43-94a7-f062bdc28716,20260814,ecs-strict,adverse-ecs-mismatch,1,local-adverse-authority
1,1,1,1,216,1.0,1.0,1,1,1,1.0,0.0,0.0,-0.0,-0.0,1.0,0.0,300.0,0.0,1.0,0.0,0.0,0.0021085739135742188,0.0021085739135742188,0.0,0.0019652843475341797,0.0,0,e1efa2f6-3ebe-41c6-866b-e62374b3a5c7,20260814,ecs-strict,adverse-ecs-mismatch,1,local-adverse-authority
1,1,1,1,110,1.0,1.0,1,1,1,1.0,0.0,0.0,-0.0,-0.0,1.0,0.0,60.0,0.0,1.0,0.0,0.0,0.0019369125366210938,0.0019369125366210938,0.0,0.0018346309661865234,0.0,0,1a41973f-427e-4bec-b294-70c826bb7c1c,20260814,ecs-strict,adverse-ecs-omit,1,local-adverse-authority
1,1,1,1,116,1.0,1.0,1,1,1,1.0,0.0,1.0,-0.0,-0.0,1.0,0.0,1314.0,0.0,1.0,0.0,0.0,0.001957416534423828,0.001957416534423828,0.0,0.0018334388732910156,0.0,0,0683878e-e99c-4ee8-a7f0-1a2aa858457b,20260814,ecs-strict,adverse-ecs-mismatch,1,local-adverse-authority
1,1,1,1,116,1.0,1.0,1,1,1,1.0,0.0,0.0,-0.0,-0.0,1.0,0.0,300.0,0.0,1.0,0.0,0.0,0.051406145095825195,0.051406145095825195,0.0,0.051271915435791016,0.0,0,97810229-76c6-4dc9-b520-3294513938cf,20260814,ecs-strict,adverse-ecs-mismatch,1,local-adverse-authority
1,1,1,1,145,1.0,1.0,1,1,1,1.0,1.0,0.0,-0.0,-0.0,1.0,0.0,48.0,0.0,1.0,0.0,0.0,0.12538647651672363,0.12538647651672363,0.0,0.12507963180541992,0.0,0,4dbc518b-4663-4ce8-877d-d14ebc5f73ce,20260814,ecs-strict,adverse-ecs-omit,1,local-adverse-authority
1,1,1,1,154,1.0,1.0,1,1,1,1.0,0.0,0.0,-0.0,-0.0,1.0,0.0,580.0,0.0,1.0,0.0,0.0,0.02016615867614746,0.02016615867614746,0.0,0.020058631896972656,0.0,0,15889992-7259-4929-85c0-990e86e988a9,20260814,ecs-strict,adverse-ecs-mismatch,1,local-adverse-authority
1,1,1,1,130,1.0,1.0,1,1,1,1.0,0.0,1.0,-0.0,-0.0,1.0,0.0,132.0,0.0,1.0,0.0,0.0,0.0022344589233398438,0.0022344589233398438,0.0,0.0021359920501708984,0.0,0,10660fdd-5ac8-4fe9-a250-d6ff311e3855,20260814,ecs-strict,adverse-ecs-mismatch,1,local-adverse-authority
1,1,1,1,114,1.0,1.0,1,1,1,1.0,0.0,0.0,-0.0,-0.0,1.0,0.0,300.0,0.0,1.0,0.0,0.0,0.004346609115600586,0.004346609115600586,0.0,0.004236459732055664,0.0,0,d236b292-54ae-4b16-8e34-773c05d96f7e,20260814,ecs-strict,adverse-ecs-mismatch,1,local-adverse-authority
1,1,1,1,168,1.0,1.0,1,1,1,1.0,0.0,0.0,-0.0,-0.0,1.0,0.0,28.0,0.0,1.0,0.0,0.0,0.016631126403808594,0.016631126403808594,0.0,0.01653265953063965,0.0,0,4752d936-c011-48bb-a0e0-b315040e2f4e,20260814,ecs-strict,adverse-ecs-mismatch,1,local-adverse-authority
1,1,1,1,116,1.0,1.0,1,1,1,1.0,0.0,1.0,-0.0,-0.0,1.0,0.0,12116.0,0.0,1.0,0.0,0.0,0.0019156932830810547,0.0019156932830810547,0.0,0.0013687610626220703,0.0,0,3a114a0a-4518-4058-ab94-3cb0794e6bf2,20260814,ecs-strict,adverse-ecs-mismatch,1,local-adverse-authority
1,1,1,1,220,1.0,1.0,1,1,1,1.0,0.0,0.0,-0.0,-0.0,1.0,0.0,300.0,0.0,1.0,0.0,0.0,0.014343738555908203,0.014343738555908203,0.0,0.014224052429199219,0.0,0,8811aeb1-f010-4fe9-9df4-d951debb252c,20260814,ecs-strict,adverse-ecs-mismatch,1,local-adverse-authority
1,1,1,1,168,1.0,1.0,1,1,1,1.0,0.0,0.0,-0.0,-0.0,1.0,0.0,300.0,0.0,1.0,0.0,0.0,0.004402875900268555,0.004402875900268555,0.0,0.004022359848022461,0.0,0,ecceb220-d350-4071-af5a-4d3f36e0431c,20260814,ecs-strict,adverse-ecs-mismatch,1,local-adverse-authority
1,1,1,1,130,1.0,1.0,1,1,1,1.0,0.0,1.0,-0.0,-0.0,1.0,0.0,300.0,0.0,1.0,0.0,0.0,0.004460811614990234,0.004460811614990234,0.0,0.004359722137451172,0.0,0,43154680-8006-48b4-99e7-1fd0404035f7,20260814,ecs-strict,adverse-ecs-mismatch,1,local-adverse-authority
1,1,1,1,124,1.0,1.0,1,1,1,1.0,0.0,1.0,-0.0,-0.0,1.0,0.0,1004.0,0.0,1.0,0.0,0.0,0.004568815231323242,0.004568815231323242,0.0,0.004457950592041016,0.0,0,07c72401-ef06-49dc-9eb3-aecf51b1be4e,20260814,ecs-strict,adverse-ecs-mismatch,1,local-adverse-authority
1,1,1,1,134,1.0,1.0,1,1,1,1.0,0.0,0.0,-0.0,-0.0,1.0,0.0,20.0,0.0,1.0,0.0,0.0,0.007104158401489258,0.007104158401489258,0.0,0.0068323612213134766,0.0,0,5ee498d8-ab4d-4d32-bf34-2f91715d09e7,20260814,ecs-strict,adverse-ecs-mismatch,1,local-adverse-authority
1,1,1,1,116,1.0,1.0,1,1,1,1.0,0.0,0.0,-0.0,-0.0,1.0,0.0,60.0,0.0,1.0,0.0,0.0,0.016876220703125,0.016876220703125,0.0,0.016585350036621094,0.0,0,7ffeaf13-2b21-4d90-a2e9-8cfd9bf1dc2a,20260814,ecs-strict,adverse-ecs-mismatch,1,local-adverse-authority
1,1,1,1,110,1.0,1.0,1,1,1,1.0,0.0,1.0,-0.0,-0.0,1.0,0.0,20.0,0.0,1.0,0.0,0.0,0.002179861068725586,0.002179861068725586,0.0,0.0020792484283447266,0.0,0,d1312dc9-4070-4d95-8174-3667f7479dcc,20260814,ecs-strict,adverse-ecs-mismatch,1,local-adverse-authority
1,1,1,1,208,1.0,1.0,1,1,1,1.0,0.0,0.0,-0.0,-0.0,1.0,0.0,58.0,0.0,1.0,0.0,0.0,0.003276824951171875,0.003276824951171875,0.0,0.003091096878051758,0.0,0,99af301e-470d-4ac3-bc61-1ef0c604d112,20260814,ecs-strict,adverse-ecs-mismatch,1,local-adverse-authority
1,1,1,1,120,1.0,1.0,1,1,1,1.0,0.0,0.0,-0.0,-0.0,1.0,0.0,22.0,0.0,1.0,0.0,0.0,0.00419306755065918,0.00419306755065918,0.0,0.004062175750732422,0.0,0,2ecee81c-53c4-488f-a91a-b9aa6bac0a1e,20260814,ecs-strict,adverse-ecs-mismatch,1,local-adverse-authority
1,1,1,1,208,1.0,1.0,1,1,1,1.0,0.0,0.0,-0.0,-0.0,1.0,0.0,243.0,0.0,1.0,0.0,0.0,0.025784969329833984,0.025784969329833984,0.0,0.025703907012939453,0.0,0,ea2ba9e7-918a-4199-a40d-af3d6419e773,20260814,ecs-strict,adverse-ecs-mismatch,1,local-adverse-authority
1,1,1,1,126,1.0,1.0,1,1,1,1.0,0.0,1.0,-0.0,-0.0,1.0,0.0,20095.0,0.0,1.0,0.0,0.0,0.0031728744506835938,0.0031728744506835938,0.0,0.0030426979064941406,0.0,0,9a452673-1cf4-459a-8e9d-d9c939164e49,20260814,ecs-strict,adverse-ecs-mismatch,1,local-adverse-authority
1,1,1,1,118,1.0,1.0,1,1,1,1.0,0.0,1.0,-0.0,-0.0,1.0,0.0,112.0,0.0,1.0,0.0,0.0,0.03379416465759277,0.03379416465759277,0.0,0.033316612243652344,0.0,0,82b2639a-3529-4dbe-b326-82c4a676f883,20260814,ecs-strict,adverse-ecs-mismatch,1,local-adverse-authority
1,1,1,1,126,1.0,1.0,1,1,1,1.0,0.0,1.0,-0.0,-0.0,1.0,0.0,17670.0,0.0,1.0,0.0,0.0,0.014781713485717773,0.014781713485717773,0.0,0.014680862426757812,0.0,0,72a2367f-3bbe-444b-800c-b430c67858ec,20260814,ecs-strict,adverse-ecs-mismatch,1,local-adverse-authority
1,1,1,1,120,1.0,1.0,1,1,1,1.0,0.0,1.0,-0.0,-0.0,1.0,0.0,8.0,0.0,1.0,0.0,0.0,0.0034055709838867188,0.0034055709838867188,0.0,0.0032384395599365234,0.0,0,28a4b767-f002-4206-ac96-3d1be60fa6e0,20260814,ecs-strict,adverse-ecs-mismatch,1,local-adverse-authority
1,1,1,1,210,1.0,1.0,1,1,1,1.0,0.0,1.0,-0.0,-0.0,1.0,0.0,137.0,0.0,1.0,0.0,0.0,0.002323627471923828,0.002323627471923828,0.0,0.0021991729736328125,0.0,0,71f89be9-2405-4309-91c9-5fceebbc5a47,20260814,ecs-strict,adverse-ecs-mismatch,1,local-adverse-authority
1,1,1,1,124,1.0,1.0,1,1,1,1.0,0.0,0.0,-0.0,-0.0,1.0,0.0,9.0,0.0,1.0,0.0,0.0,0.006304264068603516,0.006304264068603516,0.0,0.005834817886352539,0.0,0,81d91c16-6e37-404a-8106-a2856623213c,20260814,ecs-strict,adverse-ecs-mismatch,1,local-adverse-authority
1,1,1,1,116,1.0,1.0,1,1,1,1.0,0.0,1.0,-0.0,-0.0,1.0,0.0,14400.0,0.0,1.0,0.0,0.0,0.0033388137817382812,0.0033388137817382812,0.0,0.003160715103149414,0.0,0,8b3353d4-3f11-4426-b8cf-eff4da196d1c,20260814,ecs-strict,adverse-ecs-mismatch,1,local-adverse-authority
1,1,1,1,146,1.0,1.0,1,1,1,1.0,0.0,0.0,-0.0,-0.0,1.0,0.0,580.0,0.0,1.0,0.0,0.0,0.004856586456298828,0.004856586456298828,0.0,0.004599809646606445,0.0,0,84c9a94e-0db3-40e0-8890-fc650a09662f,20260814,ecs-strict,adverse-ecs-mismatch,1,local-adverse-authority
1,1,1,1,131,1.0,1.0,1,1,1,1.0,1.0,0.0,-0.0,-0.0,1.0,0.0,39.0,0.0,1.0,0.0,0.0,0.16065216064453125,0.16065216064453125,0.0,0.16050004959106445,0.0,0,fe11bf2a-797f-4305-90cf-3230650a8c9e,20260814,ecs-strict,adverse-ecs-omit,1,local-adverse-authority
1,1,1,1,120,1.0,1.0,1,1,1,1.0,0.0,0.0,-0.0,-0.0,1.0,0.0,24.0,0.0,1.0,0.0,0.0,0.0027179718017578125,0.0027179718017578125,0.0,0.0026001930236816406,0.0,0,c984702e-669e-4959-aa3b-7a6df0f11240,20260814,ecs-strict,adverse-ecs-mismatch,1,local-adverse-authority
1,1,1,1,124,1.0,1.0,1,1,1,1.0,0.0,0.0,-0.0,-0.0,1.0,0.0,20.0,0.0,1.0,0.0,0.0,0.04047441482543945,0.04047441482543945,0.0,0.04022693634033203,0.0,0,6febecbb-498e-4ac1-b8fb-36f8f145d25a,20260814,ecs-strict,adverse-ecs-mismatch,1,local-adverse-authority
1,1,1,1,124,1.0,1.0,1,1,1,1.0,0.0,1.0,-0.0,-0.0,1.0,0.0,293.0,0.0,1.0,0.0,0.0,0.007857561111450195,0.007857561111450195,0.0,0.007691860198974609,0.0,0,81fd985c-df1d-4140-9c53-eb939594c31c,20260814,ecs-strict,adverse-ecs-mismatch,1,local-adverse-authority
1,1,1,1,178,1.0,1.0,1,1,1,1.0,0.0,1.0,-0.0,-0.0,1.0,0.0,15.0,0.0,1.0,0.0,0.0,0.032920122146606445,0.032920122146606445,0.0,0.03284406661987305,0.0,0,9ccf98e8-705f-4e5e-b246-4a11c0a2bbc9,20260814,ecs-strict,adverse-ecs-mismatch,1,local-adverse-authority
1,1,1,1,116,1.0,1.0,1,1,1,1.0,0.0,1.0,-0.0,-0.0,1.0,0.0,60.0,0.0,1.0,0.0,0.0,0.013142585754394531,0.013142585754394531,0.0,0.01290440559387207,0.0,0,9743d577-f4e4-4ec1-a752-a7043ffdd9d0,20260814,ecs-strict,adverse-ecs-mismatch,1,local-adverse-authority
1,1,1,1,126,1.0,1.0,1,1,1,1.0,0.0,1.0,-0.0,-0.0,1.0,0.0,11.0,0.0,1.0,0.0,0.0,0.02632427215576172,0.02632427215576172,0.0,0.025954008102416992,0.0,0,cd778e0d-0ffc-44b2-86ad-a33117faf0e2,20260814,ecs-strict,adverse-ecs-mismatch,1,local-adverse-authority
1,1,1,1,164,1.0,1.0,1,1,1,1.0,0.0,0.0,-0.0,-0.0,1.0,0.0,60.0,0.0,1.0,0.0,0.0,0.017426252365112305,0.017426252365112305,0.0,0.017262935638427734,0.0,0,76b78d0d-3687-46b4-8656-3490079e4569,20260814,ecs-strict,adverse-ecs-mismatch,1,local-adverse-authority
1,1,1,1,106,1.0,1.0,1,1,1,1.0,0.0,1.0,-0.0,-0.0,1.0,0.0,60.0,0.0,1.0,0.0,0.0,0.03016352653503418,0.03016352653503418,0.0,0.030040740966796875,0.0,0,802a64c6-c0eb-404e-a42c-e57ff5d74e4a,20260814,ecs-strict,adverse-ecs-mismatch,1,local-adverse-authority
1,1,1,1,138,1.0,1.0,1,1,1,1.0,0.0,0.0,-0.0,-0.0,1.0,0.0,141.0,0.0,1.0,0.0,0.0,0.0439908504486084,0.0439908504486084,0.0,0.04379105567932129,0.0,0,4b17eef4-98ae-4490-9320-a902258df709,20260814,ecs-strict,adverse-ecs-mismatch,1,local-adverse-authority
1,1,1,1,128,1.0,1.0,1,1,1,1.0,0.0,0.0,-0.0,-0.0,1.0,0.0,15.0,0.0,1.0,0.0,0.0,0.14741015434265137,0.14741015434265137,0.0,0.1466231346130371,0.0,0,2ec05b34-a8af-4902-8a73-07c64b220b5f,20260814,ecs-strict,adverse-ecs-mismatch,1,local-adverse-authority
1,1,1,1,148,1.0,1.0,1,1,1,1.0,0.0,1.0,-0.0,-0.0,1.0,0.0,119.0,0.0,1.0,0.0,0.0,0.012873411178588867,0.012873411178588867,0.0,0.012738466262817383,0.0,0,dc7d2422-cc60-4347-9701-a068e8a402e5,20260814,ecs-strict,adverse-ecs-mismatch,1,local-adverse-authority
1,1,1,1,136,1.0,1.0,1,1,1,1.0,0.0,1.0,-0.0,-0.0,1.0,0.0,60.0,0.0,1.0,0.0,0.0,0.046132802963256836,0.046132802963256836,0.0,0.04595375061035156,0.0,0,d4b7e689-41ca-4d99-92eb-ffcde23ce3fa,20260814,ecs-strict,adverse-ecs-mismatch,1,local-adverse-authority
1,1,1,1,116,1.0,1.0,1,1,1,1.0,0.0,0.0,-0.0,-0.0,1.0,0.0,600.0,0.0,1.0,0.0,0.0,0.015118122100830078,0.015118122100830078,0.0,0.014874935150146484,0.0,0,3e627e0f-4b87-497b-b3a6-212bd1759c30,20260814,ecs-strict,adverse-ecs-mismatch,1,local-adverse-authority
1,1,1,1,122,1.0,1.0,1,1,1,1.0,0.0,1.0,-0.0,-0.0,1.0,0.0,180.0,0.0,1.0,0.0,0.0,0.002429485321044922,0.002429485321044922,0.0,0.002150297164916992,0.0,0,17ae9e28-9355-4ea1-9a1b-e26582d5a0f3,20260814,ecs-strict,adverse-ecs-mismatch,1,local-adverse-authority
1,1,1,1,114,1.0,1.0,1,1,1,1.0,0.0,0.0,-0.0,-0.0,1.0,0.0,36.0,0.0,1.0,0.0,0.0,0.001889944076538086,0.001889944076538086,0.0,0.001748800277709961,0.0,0,e3c24f7f-fdbe-458e-97a4-73ada7e9855f,20260814,ecs-strict,adverse-ecs-mismatch,1,local-adverse-authority
1,1,1,1,120,1.0,1.0,1,1,1,1.0,0.0,1.0,-0.0,-0.0,1.0,0.0,86.0,0.0,1.0,0.0,0.0,0.15431523323059082,0.15431523323059082,0.0,0.15418243408203125,0.0,0,0f540f20-73cb-4ed3-84b0-50b5f878129c,20260814,ecs-strict,adverse-ecs-mismatch,1,local-adverse-authority
1,1,1,1,116,1.0,1.0,1,1,1,1.0,0.0,1.0,-0.0,-0.0,1.0,0.0,25.0,0.0,1.0,0.0,0.0,0.013415098190307617,0.013415098190307617,0.0,0.013249874114990234,0.0,0,9c5175fc-e1a3-4ed7-b61a-ce1b92381d36,20260814,ecs-strict,adverse-ecs-mismatch,1,local-adverse-authority
1,1,1,1,118,1.0,1.0,1,1,1,1.0,0.0,1.0,-0.0,-0.0,1.0,0.0,740.0,0.0,1.0,0.0,0.0,0.13524937629699707,0.13524937629699707,0.0,0.13511109352111816,0.0,0,dabeed8a-0d2c-4d98-bb00-80d073b2e366,20260814,ecs-strict,adverse-ecs-mismatch,1,local-adverse-authority
1,1,1,1,162,1.0,1.0,1,1,1,1.0,0.0,0.0,-0.0,-0.0,1.0,0.0,12.0,0.0,1.0,0.0,0.0,0.009768486022949219,0.009768486022949219,0.0,0.009654521942138672,0.0,0,a14e05c6-08fa-41df-96d4-1cc5db045a15,20260814,ecs-strict,adverse-ecs-mismatch,1,local-adverse-authority
1,1,1,1,154,1.0,1.0,1,1,1,1.0,0.0,1.0,-0.0,-0.0,1.0,0.0,61.0,0.0,1.0,0.0,0.0,0.0018618106842041016,0.0018618106842041016,0.0,0.0017337799072265625,0.0,0,5f02cee4-1040-4956-b030-8a9bb6acb3f1,20260814,ecs-strict,adverse-ecs-mismatch,1,local-adverse-authority
4,4,4,4,424,1.0,1.0,1,0,0,0.0,0.0,0.0,1.0,1.0,1.0,0.75,188.85714285714286,1.0712619652116098,0.25,0.0,0.0,3.1296098232269287,5.00658392906189,0.6630191646968083,0.0013835430145263672,0.0,0,e9fd5800-c5db-4581-8daa-9a0ceccca579,20260814,ecs-strict,benign-burst,0,google
1,1,1,1,220,1.0,1.0,1,1,1,1.0,0.0,0.0,-0.0,-0.0,1.0,0.0,137.0,0.0,1.0,0.0,0.0,0.004473686218261719,0.004473686218261719,0.0,0.004241943359375,0.0,0,5e03d057-dbff-4991-94b6-5675b87c559b,20260814,ecs-strict,adverse-ecs-mismatch,1,local-adverse-authority
1,1,1,1,134,1.0,1.0,1,1,1,1.0,0.0,1.0,-0.0,-0.0,1.0,0.0,120.0,0.0,1.0,0.0,0.0,0.0023736953735351562,0.0023736953735351562,0.0,0.0021708011627197266,0.0,0,cac9daf9-bcd7-403e-8cfb-a8dfde01bebe,20260814,ecs-strict,adverse-ecs-mismatch,1,local-adverse-authority
4,4,4,4,430,1.0,1.0,0,0,0,0.0,0.0,0.0,1.0,1.0,1.0,0.75,2881.75,2.1808785039449217,0.25,0.0,0.0,4.3836018443107605,5.017393445968628,0.24763377704819783,0.0,0.0,0,2fef5bb0-efa8-46d0-8288-74aaf3fb3926,20260814,ecs-strict,benign-burst,0,google
1,1,1,1,120,1.0,1.0,1,1,1,1.0,0.0,1.0,-0.0,-0.0,1.0,0.0,1062.0,0.0,1.0,0.0,0.0,0.20289993286132812,0.20289993286132812,0.0,0.20274639129638672,0.0,0,c85acb7e-64db-4b35-a54c-d618683b355f,20260814,ecs-strict,adverse-ecs-mismatch,1,local-adverse-authority
1,1,1,1,126,1.0,1.0,1,1,1,1.0,0.0,1.0,-0.0,-0.0,1.0,0.0,20227.0,0.0,1.0,0.0,0.0,0.0057675838470458984,0.0057675838470458984,0.0,0.0055348873138427734,0.0,0,deb5c3af-6218-4976-aa01-5656c30e64dc,20260814,ecs-strict,adverse-ecs-mismatch,1,local-adverse-authority
1,1,1,1,138,1.0,1.0,1,1,1,1.0,0.0,0.0,-0.0,-0.0,1.0,0.0,21237.0,0.0,1.0,0.0,0.0,0.0018258094787597656,0.0018258094787597656,0.0,0.0016808509826660156,0.0,0,29b9df17-8b5a-4ad1-87ca-8b48ce248949,20260814,ecs-strict,adverse-ecs-mismatch,1,local-adverse-authority
1,1,1,1,130,1.0,1.0,1,1,1,1.0,0.0,1.0,-0.0,-0.0,1.0,0.0,60.0,0.0,1.0,0.0,0.0,0.007900238037109375,0.007900238037109375,0.0,0.007722139358520508,0.0,0,07000da0-38cc-435e-a162-805a6c58cd0c,20260814,ecs-strict,adverse-ecs-mismatch,1,local-adverse-authority
1,1,1,1,176,1.0,1.0,1,1,1,1.0,0.0,0.0,-0.0,-0.0,1.0,0.0,60.0,0.0,1.0,0.0,0.0,0.02561497688293457,0.02561497688293457,0.0,0.025478839874267578,0.0,0,17c5e09d-97d1-4559-b700-eb0445e2ff91,20260814,ecs-strict,adverse-ecs-mismatch,1,local-adverse-authority
1,1,1,1,146,1.0,1.0,1,1,1,1.0,0.0,1.0,-0.0,-0.0,1.0,0.0,561.0,0.0,1.0,0.0,0.0,0.006773471832275391,0.006773471832275391,0.0,0.006623268127441406,0.0,0,50c1c850-8324-48cf-b8b9-6bbbb76edbd1,20260814,ecs-strict,adverse-ecs-mismatch,1,local-adverse-authority
1,1,1,1,206,1.0,1.0,1,1,1,1.0,0.0,1.0,-0.0,-0.0,1.0,0.0,105.0,0.0,1.0,0.0,0.0,0.2043757438659668,0.2043757438659668,0.0,0.20424103736877441,0.0,0,a7031dda-71ae-4c73-aa09-3085af4cff42,20260814,ecs-strict,adverse-ecs-mismatch,1,local-adverse-authority
6,10,6,10,960,1.0,1.6666666666666667,6,6,6,1.0,0.0,0.0,1.0,1.0,0.5,0.4,13767.0,0.0,0.1,0.0,0.0,0.21067566871643068,0.9245072960853576,1.6954997914531706,0.17775249481201172,6.22868537902832e-05,0,d5e5491a-f190-4b43-9042-79f7e2427d78,20260814,ecs-strict,adverse-conflict,1,local-adverse-authority
6,10,6,10,992,1.0,1.6666666666666667,6,6,6,1.0,0.0,0.0,1.0,1.0,0.4,0.4,128.0,0.0,0.1,0.0,0.0,0.015340900421142578,0.02839124202728271,0.6299657595590732,0.015184601147969564,4.011392593383789e-05,0,0523eff3-ddd3-4bc7-8c5a-8cd33172a5de,20260814,ecs-strict,adverse-conflict,1,local-adverse-authority
6,11,6,11,1043,1.0,1.8333333333333333,6,6,6,1.0,0.0,0.0,1.0,1.0,0.5454545454545454,0.4545454545454546,119.0,0.0,0.09090909090909091,0.0,0.0,0.020933042873035778,0.038320302963256836,0.5985614238746695,0.01902480920155843,6.861686706542969e-05,0,9e4ec85f-1eaa-415b-b0b9-b18a3150a51f,20260814,ecs-strict,adverse-conflict,1,local-adverse-authority
6,11,6,11,1173,1.0,1.8333333333333333,6,6,6,1.0,0.0,0.0,1.0,1.0,0.5454545454545454,0.4545454545454546,300.0,0.0,0.09090909090909091,0.0,0.0,0.029403426430442116,0.054959774017333984,0.4805412718069152,0.027097622553507488,7.162094116210937e-05,0,8bfb4f47-f266-4e59-b065-fa1514ed29f7,20260814,ecs-strict,adverse-conflict,1,local-adverse-authority
6,9,6,9,909,1.0,1.5,6,6,6,1.0,0.0,0.0,1.0,1.0,0.4444444444444444,0.33333333333333337,296.0,0.0,0.1111111111111111,0.0,0.0,0.023258288701375324,0.045329856872558597,0.5867399706774008,0.022420565287272137,7.088979085286458e-05,0,90d782c5-55c8-472a-8f95-acc86ea6a9d6,20260814,ecs-strict,adverse-conflict,1,local-adverse-authority
6,11,6,11,1433,1.0,1.8333333333333333,6,6,6,1.0,0.0,0.0,1.0,1.0,0.5454545454545454,0.4545454545454546,268.0,0.0,0.09090909090909091,0.0,0.0,0.012614683671431108,0.029531002044677734,0.7606359350911723,0.011449138323465982,7.386207580566407e-05,0,bfd82169-8fad-4b89-b712-b0654a8f2fc5,20260814,ecs-strict,adverse-conflict,1,local-adverse-authority
6,10,6,10,1120,1.0,1.6666666666666667,6,6,6,1.0,0.0,0.0,1.0,1.0,0.5,0.4,1.0,0.0,0.1,0.0,0.0,0.011678981781005859,0.03128485679626465,0.8644305513507943,0.01051175594329834,5.990266799926758e-05,0,7e3620d3-b678-41f8-bf1e-e65afac4583d,20260814,ecs-strict,adverse-conflict,1,local-adverse-authority
1,1,1,1,120,1.0,1.0,1,1,1,1.0,0.0,0.0,-0.0,-0.0,1.0,0.0,300.0,0.0,1.0,0.0,0.0,0.0021479129791259766,0.0021479129791259766,0.0,0.0020322799682617188,0.0,0,fcf8016b-8d96-413e-9134-732faabc5ac1,20260814,ecs-strict,adverse-ecs-mismatch,1,local-adverse-authority
1,1,1,1,116,1.0,1.0,1,1,1,1.0,0.0,0.0,-0.0,-0.0,1.0,0.0,300.0,0.0,1.0,0.0,0.0,0.006136178970336914,0.006136178970336914,0.0,0.005837678909301758,0.0,0,dd8dc6e5-2c30-48f6-bd27-559d0a3a24b3,20260814,ecs-strict,adverse-ecs-mismatch,1,local-adverse-authority
1,1,1,1,130,1.0,1.0,1,1,1,1.0,0.0,0.0,-0.0,-0.0,1.0,0.0,300.0,0.0,1.0,0.0,0.0,0.006987810134887695,0.006987810134887695,0.0,0.005284309387207031,0.0,0,986ef2b5-990d-4c05-b7f4-4455faa3ba22,20260814,ecs-strict,adverse-ecs-mismatch,1,local-adverse-authority
1,1,1,1,108,1.0,1.0,1,1,1,1.0,0.0,0.0,-0.0,-0.0,1.0,0.0,300.0,0.0,1.0,0.0,0.0,0.00432276725769043,0.00432276725769043,0.0,0.0040209293365478516,0.0,0,305ab96e-db4f-491f-8522-3ae6c37a1727,20260814,ecs-strict,adverse-ecs-mismatch,1,local-adverse-authority
1,1,1,1,124,1.0,1.0,1,1,1,1.0,0.0,1.0,-0.0,-0.0,1.0,0.0,300.0,0.0,1.0,0.0,0.0,0.00852346420288086,0.00852346420288086,0.0,0.008137702941894531,0.0,0,6e0695cf-bd0c-4afb-9670-761feda155b2,20260814,ecs-strict,adverse-ecs-mismatch,1,local-adverse-authority
1,1,1,1,120,1.0,1.0,1,1,1,1.0,0.0,1.0,-0.0,-0.0,1.0,0.0,300.0,0.0,1.0,0.0,0.0,0.03272557258605957,0.03272557258605957,0.0,0.03261613845825195,0.0,0,755a6a99-8882-4429-bd5f-f475edd64798,20260814,ecs-strict,adverse-ecs-mismatch,1,local-adverse-authority
1,1,1,1,108,1.0,1.0,1,1,1,1.0,0.0,0.0,-0.0,-0.0,1.0,0.0,300.0,0.0,1.0,0.0,0.0,0.04295182228088379,0.04295182228088379,0.0,0.042479753494262695,0.0,0,803d26b7-d699-464e-8c92-9edd0471bf4e,20260814,ecs-strict,adverse-ecs-mismatch,1,local-adverse-authority
6,11,6,11,1043,1.0,1.8333333333333333,6,6,6,1.0,0.0,0.0,1.0,1.0,0.5454545454545454,0.4545454545454546,26.0,0.0,0.09090909090909091,0.0,0.0,0.01831605217673562,0.041953444480895996,0.6928222571813354,0.015748262405395508,0.00035643577575683594,0,c2d15cb6-04fc-46e1-aa27-5af100c40198,20260814,ecs-strict,adverse-conflict,1,local-adverse-authority
6,11,6,11,1094,1.0,1.8333333333333333,6,6,6,1.0,0.0,0.0,1.0,1.0,0.5454545454545454,0.4545454545454546,300.0,0.0,0.09090909090909091,0.0,0.0,0.027283538471568714,0.04271697998046875,0.4916905913961333,0.024456063906351726,0.00020017623901367188,0,6a749807-bb63-4ed1-8177-9672845eeade,20260814,ecs-strict,adverse-conflict,1,local-adverse-authority
6,12,6,12,1164,1.0,2.0,6,6,6,1.0,0.0,0.0,1.0,1.0,0.5,0.5,392.0,0.0,0.08333333333333333,0.0,0.0,0.019683659076690674,0.051524925231933597,0.7470783067306299,0.01854129632314046,0.0004330873489379883,0,175d71f5-b605-4724-9540-50d93b4c5233,20260814,ecs-strict,adverse-conflict,1,local-adverse-authority
1,1,1,1,120,1.0,1.0,1,1,1,1.0,0.0,1.0,-0.0,-0.0,1.0,0.0,300.0,0.0,1.0,0.0,0.0,0.005350828170776367,0.005350828170776367,0.0,0.005262136459350586,0.0,0,8ca884a0-6664-401f-8d8a-e167167a16e1,20260814,ecs-strict,adverse-ecs-mismatch,1,local-adverse-authority
6,11,6,11,1060,1.0,1.8333333333333333,6,6,6,1.0,0.0,0.0,1.0,1.0,0.5454545454545454,0.4545454545454546,3525.0,0.0,0.09090909090909091,0.0,0.0,0.026029673489657314,0.042244791984558105,0.5456199720018942,0.023329854011535645,0.0003559589385986328,0,dcb9713a-f31c-48ca-8024-e7221fb547df,20260814,ecs-strict,adverse-conflict,1,local-adverse-authority
6,10,6,10,960,1.0,1.6666666666666667,6,6,6,1.0,0.0,0.0,1.0,1.0,0.5,0.4,105.0,0.0,0.1,0.0,0.0,0.01616957187652588,0.036282575130462645,0.7851756568673207,0.015735546747843426,0.00023496150970458984,0,837dd8ca-08e1-49ac-94a5-d84371fa9df7,20260814,ecs-strict,adverse-conflict,1,local-adverse-authority
1,1,1,1,120,1.0,1.0,1,1,1,1.0,0.0,1.0,-0.0,-0.0,1.0,0.0,300.0,0.0,1.0,0.0,0.0,0.03615236282348633,0.03615236282348633,0.0,0.0335695743560791,0.0,0,280bdb12-ee88-470f-8bd2-64c23d4861ab,20260814,ecs-strict,adverse-ecs-mismatch,1,local-adverse-authority
6,11,6,11,1088,1.0,1.8333333333333333,6,6,6,1.0,0.0,0.0,1.0,1.0,0.5454545454545454,0.4545454545454546,13.0,0.0,0.09090909090909091,0.0,0.0,0.02125449614091353,0.04815995693206787,0.7153312178657761,0.02056705951690674,0.0001419544219970703,0,987c207c-812d-4ec0-8192-44e582b5faff,20260814,ecs-strict,adverse-conflict,1,local-adverse-authority
6,11,6,11,975,1.0,1.8333333333333333,6,6,6,1.0,0.0,0.0,1.0,1.0,0.5454545454545454,0.4545454545454546,2651.0,0.0,0.09090909090909091,0.0,0.0,0.02345087311484597,0.07190978527069092,1.0312780828363453,0.023740530014038086,3.4809112548828125e-05,0,e0853a24-47bf-4b38-bc08-03afdd491e78,20260814,ecs-strict,adverse-conflict,1,local-adverse-authority
6,10,6,10,992,1.0,1.6666666666666667,6,6,6,1.0,0.0,0.0,1.0,1.0,0.5,0.4,87.0,0.0,0.1,0.0,0.0,0.021517038345336914,0.04241807460784912,0.5645549533358556,0.017917275428771973,9.363889694213867e-05,0,fd2ce7b0-7382-496f-93e9-e4ad4e39f9c3,20260814,ecs-strict,adverse-conflict,1,local-adverse-authority
6,10,6,10,1520,1.0,1.6666666666666667,6,6,6,1.0,0.0,0.0,1.0,1.0,0.5,0.4,103.0,0.0,0.1,0.0,0.0,0.013769698143005372,0.031823694705963135,0.7466106693656099,0.011543949445088705,5.143880844116211e-05,0,dd189e5c-6ae1-4939-99cb-1b7cf9e83012,20260814,ecs-strict,adverse-conflict,1,local-adverse-authority
6,9,6,9,1449,1.0,1.5,6,6,6,1.0,0.0,0.0,1.0,1.0,0.4444444444444444,0.33333333333333337,103.0,0.0,0.1111111111111111,0.0,0.0,0.012346188227335611,0.021906328201293946,0.6797163359400067,0.009707967440287272,0.00026377042134602863,0,a3aeb0ef-348f-41d8-b73d-dd21668e7858,20260814,ecs-strict,adverse-conflict,1,local-adverse-authority
6,10,6,10,1152,1.0,1.6666666666666667,6,6,6,1.0,0.0,0.0,1.0,1.0,0.5,0.4,151.0,0.0,0.1,0.0,0.0,0.02634906768798828,0.05074231624603272,0.7640733876597018,0.02237423261006673,6.0498714447021484e-05,0,a63423e5-121f-4a85-8476-dce6713dd3f0,20260814,ecs-strict,adverse-conflict,1,local-adverse-authority
6,11,6,11,1173,1.0,1.8333333333333333,6,6,6,1.0,0.0,0.0,1.0,1.0,0.5454545454545454,0.4545454545454546,132.0,0.0,0.09090909090909091,0.0,0.0,0.024793386459350586,0.07771921157836914,1.051770909481817,0.02458643913269043,7.634162902832031e-05,0,0fe833f5-a183-4f3d-b69d-9f87f407ec8f,20260814,ecs-strict,adverse-conflict,1,local-adverse-authority
6,11,6,11,1393,1.0,1.8333333333333333,5,6,6,1.0,0.0,0.0,1.0,1.0,0.5454545454545454,0.4545454545454546,1425.0,0.0,0.09090909090909091,0.0,0.0,0.019794810901988636,0.038581013679504395,0.5828360951272421,0.016768693923950195,0.000176239013671875,0,890eb2d7-da99-42e2-b415-58d48e7e34d7,20260814,ecs-strict,adverse-conflict,1,local-adverse-authority
6,9,6,9,1095,1.0,1.5,6,6,6,1.0,0.0,0.0,1.0,1.0,0.4444444444444444,0.33333333333333337,600.0,0.0,0.1111111111111111,0.0,0.0,0.025496482849121094,0.04326305389404297,0.5026198879879744,0.023081024487813313,0.00010816256205240886,0,86a40aa3-8e38-420a-9877-20c301bc855e,20260814,ecs-strict,adverse-conflict,1,local-adverse-authority
6,12,6,12,1260,1.0,2.0,6,6,6,1.0,0.0,0.0,1.0,1.0,0.5833333333333334,0.5,246.0,0.0,0.08333333333333333,0.0,0.0,0.030438363552093506,0.10022279024124145,1.0534234593707015,0.027677297592163086,0.0001538991928100586,0,a9fcb5a0-c5bd-4c32-a36a-4023549962c0,20260814,ecs-strict,adverse-conflict,1,local-adverse-authority
6,12,6,12,1236,1.0,2.0,6,6,6,1.0,0.0,0.0,1.0,1.0,0.5833333333333334,0.5,20.0,0.0,0.08333333333333333,0.0,0.0,0.031758646170298256,0.051577627658843994,0.5409120351895383,0.02863617738087972,0.0002766052881876628,0,4b0e0c82-7368-43f8-bc22-0977535cfdb9,20260814,ecs-strict,adverse-conflict,1,local-adverse-authority
6,10,6,10,960,1.0,1.6666666666666667,6,6,6,1.0,0.0,0.0,1.0,1.0,0.5,0.4,600.0,0.0,0.1,0.0,0.0,0.022133445739746092,0.04049031734466553,0.6884532264110306,0.018109917640686035,4.9948692321777344e-05,0,d5bef6bc-09b9-4bbd-b6d2-fcdf912b319c,20260814,ecs-strict,adverse-conflict,1,local-adverse-authority
6,11,6,11,1026,1.0,1.8333333333333333,6,6,6,1.0,0.0,0.0,1.0,1.0,0.5454545454545454,0.4545454545454546,1.0,0.0,0.09090909090909091,0.0,0.0,0.025101184844970703,0.04502832889556885,0.5575055021547075,0.024411678314208984,5.8698654174804685e-05,0,015499f3-cfc5-4ca4-8d37-45d029c6a58b,20260814,ecs-strict,adverse-conflict,1,local-adverse-authority
6,10,6,10,1152,1.0,1.6666666666666667,6,6,6,1.0,0.0,0.0,1.0,1.0,0.5,0.4,295.0,0.0,0.1,0.0,0.0,0.0379852294921875,0.05892614126205444,0.4338449742018282,0.03048582871754964,0.00011402368545532227,0,a0371d65-eeaf-470a-b758-5b698cf50ff6,20260814,ecs-strict,adverse-conflict,1,local-adverse-authority
6,8,6,8,1034,1.0,1.3333333333333333,6,6,6,1.0,0.0,0.0,1.0,1.0,0.375,0.25,268.0,0.0,0.125,0.0,0.0,0.015889286994934082,0.02898770570755004,0.5028436962852169,0.015007932980855307,3.7550926208496094e-05,0,eadb7f3d-5e31-416a-a038-7edf893ac948,20260814,ecs-strict,adverse-conflict,1,local-adverse-authority
6,12,6,12,1038,1.0,2.0,6,6,6,1.0,0.0,0.0,1.0,1.0,0.5833333333333334,0.5,60.0,0.0,0.08333333333333333,0.0,0.0,0.023684918880462646,0.042674267292022706,0.5262851669554226,0.022710084915161133,5.050500233968099e-05,0,315ac9b0-c59b-4988-89b7-ef0cc22f9314,20260814,ecs-strict,adverse-conflict,1,local-adverse-authority
6,12,6,12,1110,1.0,2.0,6,6,6,1.0,0.0,0.0,1.0,1.0,0.5833333333333334,0.5,600.0,0.0,0.08333333333333333,0.0,0.0,0.019018312295277912,0.038931846618652344,0.7523218390855407,0.01820051670074463,4.033247629801432e-05,0,bb7bf6fa-c2e1-476f-8dad-c61433f6c50c,20260814,ecs-strict,adverse-conflict,1,local-adverse-authority
6,11,6,11,1128,1.0,1.8333333333333333,6,6,6,1.0,0.0,0.0,1.0,1.0,0.45454545454545453,0.4545454545454546,6733.0,0.0,0.09090909090909091,0.0,0.0,0.012760747562755238,0.024663329124450684,0.6153897446231322,0.011136134465535482,0.0002997398376464844,0,9eb66a6a-c22c-4d3b-8dbf-f3c7b34dc538,20260814,ecs-strict,adverse-conflict,1,local-adverse-authority
6,11,6,11,1054,1.0,1.8333333333333333,6,6,6,1.0,0.0,0.0,1.0,1.0,0.5454545454545454,0.4545454545454546,5459.0,0.0,0.09090909090909091,0.0,0.0,0.025876326994462448,0.08679890632629395,1.1245262008659611,0.022754391034444172,0.0003449440002441406,0,cff5880f-c7ea-4911-ad74-2e8b174fb722,20260814,ecs-strict,adverse-conflict,1,local-adverse-authority
6,12,6,12,1428,1.0,2.0,6,6,6,1.0,0.0,0.0,1.0,1.0,0.5833333333333334,0.5,300.0,0.0,0.08333333333333333,0.0,0.0,0.052449425061543785,0.22296600341796874,1.4793300157913505,0.051418304443359375,0.00016959508260091147,0,b02ab82f-2fab-4887-bfb9-73a894dc1ada,20260814,ecs-strict,adverse-conflict,1,local-adverse-authority
6,12,6,12,1188,1.0,2.0,6,6,6,1.0,0.0,0.0,1.0,1.0,0.5833333333333334,0.5,236.0,0.0,0.08333333333333333,0.0,0.0,0.026219964027404785,0.07915233373641968,0.9797661694844384,0.025463223457336426,0.00011189778645833333,0,a5485f47-7c6f-44d8-a829-cff947f6cf78,20260814,ecs-strict,adverse-conflict,1,local-adverse-authority
1,1,1,1,132,1.0,1.0,1,1,1,1.0,0.0,1.0,-0.0,-0.0,1.0,0.0,300.0,0.0,1.0,0.0,0.0,0.018893003463745117,0.018893003463745117,0.0,0.018442869186401367,0.0,0,d078e014-340e-4000-bc6f-3b804ed369d3,20260814,ecs-strict,adverse-ecs-mismatch,1,local-adverse-authority
6,9,6,9,1242,1.0,1.5,6,6,6,1.0,0.0,0.0,1.0,1.0,0.4444444444444444,0.33333333333333337,1.0,0.0,0.1111111111111111,0.0,0.0,0.020679606331719294,0.042316532135009764,0.6491473795756988,0.016749898592631023,0.0002193450927734375,0,d3c41195-10cb-4186-86f6-44525935f9ec,20260814,ecs-strict,adverse-conflict,1,local-adverse-authority
6,10,6,10,1264,1.0,1.6666666666666667,6,6,6,1.0,0.0,0.0,1.0,1.0,0.5,0.4,20537.0,0.0,0.1,0.0,0.0,0.03733303546905518,0.05937139987945557,0.4325570307182249,0.033154964447021484,0.00031936168670654297,0,2771ffff-546d-440a-b715-4bd1e188e44a,20260814,ecs-strict,adverse-conflict,1,local-adverse-authority
6,12,6,12,1662,1.0,2.0,6,6,6,1.0,0.0,0.0,1.0,1.0,0.5833333333333334,0.5,93.0,0.0,0.08333333333333333,0.0,0.0,0.023209869861602783,0.041144156455993654,0.5212541420854386,0.02200329303741455,0.0001958608627319336,0,f3202ea0-4c66-4b5c-91ae-1f062fc438b2,20260814,ecs-strict,adverse-conflict,1,local-adverse-authority
6,9,6,9,984,1.0,1.5,6,6,6,1.0,0.0,0.0,1.0,1.0,0.4444444444444444,0.33333333333333337,299.0,0.0,0.1111111111111111,0.0,0.0,0.030905829535590276,0.06547083854675292,0.6955247832559027,0.027948657671610515,3.0279159545898438e-05,0,2f06b978-ec32-4ebf-bd41-3b91f2cd317f,20260814,ecs-strict,adverse-conflict,1,local-adverse-authority
6,10,6,10,1120,1.0,1.6666666666666667,6,6,6,1.0,0.0,0.0,1.0,1.0,0.5,0.4,68.0,0.0,0.1,0.0,0.0,0.027568745613098144,0.05239803791046142,0.6510436026790944,0.030217448870340984,3.319978713989258e-05,0,aa825769-e5e2-4d6b-af07-192f7f848280,20260814,ecs-strict,adverse-conflict,1,local-adverse-authority
6,11,6,11,1201,1.0,1.8333333333333333,6,6,6,1.0,0.0,0.0,1.0,1.0,0.5454545454545454,0.4545454545454546,559.0,0.0,0.09090909090909091,0.0,0.0,0.025168678977272728,0.04661846160888672,0.46117200829286,0.02254343032836914,0.00021181106567382812,0,94ccfc32-b1ed-4d8e-bd9a-78ccfd781ec9,20260814,ecs-strict,adverse-conflict,1,local-adverse-authority
6,9,6,9,960,1.0,1.5,6,6,6,1.0,0.0,0.0,1.0,1.0,0.4444444444444444,0.33333333333333337,248.0,0.0,0.1111111111111111,0.0,0.0,0.05858384238349067,0.18066158294677734,1.1311376268875821,0.04974369208017985,6.97771708170573e-05,0,0e59feb9-76d9-487b-8fa2-63cba8270e97,20260814,ecs-strict,adverse-conflict,1,local-adverse-authority
6,11,6,11,1348,1.0,1.8333333333333333,6,6,6,1.0,0.0,0.0,1.0,1.0,0.5454545454545454,0.4545454545454546,30.0,0.0,0.09090909090909091,0.0,0.0,0.026795560663396664,0.047228455543518066,0.5932289648207509,0.025224606196085613,0.00023984909057617188,0,598f888f-8702-40d8-bc18-e1a9204c7ec2,20260814,ecs-strict,adverse-conflict,1,local-adverse-authority
6,8,6,8,882,1.0,1.3333333333333333,6,6,6,1.0,0.0,0.0,1.0,1.0,0.375,0.25,58.0,0.0,0.125,0.0,0.0,0.02591484785079956,0.06100939512252808,0.8995605213574392,0.02100054423014323,6.103515625e-05,0,582e8613-fa9c-4dfb-b1ec-06b23f294351,20260814,ecs-strict,adverse-conflict,1,local-adverse-authority
6,12,6,12,1380,1.0,2.0,6,6,6,1.0,0.0,0.0,1.0,1.0,0.5833333333333334,0.5,11427.0,0.0,0.08333333333333333,0.0,0.0,0.02044689655303955,0.04680293798446655,0.6724612738167416,0.01972055435180664,0.00010848045349121094,0,c139d31b-2960-48e3-a5aa-8ed9bd19a6f2,20260814,ecs-strict,adverse-conflict,1,local-adverse-authority
6,11,6,11,1201,1.0,1.8333333333333333,6,6,6,1.0,0.0,0.0,1.0,1.0,0.5454545454545454,0.4545454545454546,516.0,0.0,0.09090909090909091,0.0,0.0,0.029179486361416904,0.05306720733642578,0.5652596976057791,0.026306708653767902,0.00023393630981445314,0,d4b2db7c-1815-4b15-bc84-5c0fcdad9722,20260814,ecs-strict,adverse-conflict,1,local-adverse-authority
6,9,6,9,1050,1.0,1.5,6,6,6,1.0,0.0,0.0,1.0,1.0,0.4444444444444444,0.33333333333333337,65.0,0.0,0.1111111111111111,0.0,0.0,0.06790775722927517,0.21075100898742677,1.1471276887537454,0.052135467529296875,6.0558319091796875e-05,0,47ba787c-6433-41a8-8684-6e5b782b84be,20260814,ecs-strict,adverse-conflict,1,local-adverse-authority
6,10,6,10,896,1.0,1.6666666666666667,6,6,6,1.0,0.0,0.0,1.0,1.0,0.5,0.4,20.0,0.0,0.1,0.0,0.0,0.014071846008300781,0.027445840835571278,0.5855321756992402,0.013557036717732748,0.0012049674987792969,0,6cc43da1-f42f-4406-9edc-631ac05e72e7,20260814,ecs-strict,adverse-conflict,1,local-adverse-authority
6,9,6,9,1212,1.0,1.5,6,6,6,1.0,0.0,0.0,1.0,1.0,0.4444444444444444,0.33333333333333337,30.0,0.0,0.1111111111111111,0.0,0.0,0.023623519473605685,0.030425882339477538,0.31347803280003705,0.020077188809712727,5.650520324707031e-05,0,db84b2eb-2637-4ea1-915e-92381af05d44,20260814,ecs-strict,adverse-conflict,1,local-adverse-authority
6,10,6,10,1120,1.0,1.6666666666666667,6,6,6,1.0,0.0,0.0,1.0,1.0,0.5,0.4,16.0,0.0,0.1,0.0,0.0,0.04706482887268067,0.13425016403198242,0.9399662114314201,0.04172078768412272,0.00030666589736938477,0,43fbcdcc-cdd6-40ae-8f43-4ca5cc2549f9,20260814,ecs-strict,adverse-conflict,1,local-adverse-authority
6,11,6,11,1128,1.0,1.8333333333333333,6,6,6,1.0,0.0,0.0,1.0,1.0,0.5454545454545454,0.4545454545454546,217.0,0.0,0.09090909090909091,0.0,0.0,0.029311093417080967,0.05644822120666504,0.6127016433304581,0.026098092397054035,6.461143493652344e-05,0,15ec0025-a4f8-4a5f-a895-2273bfc1e834,20260814,ecs-strict,adverse-conflict,1,local-adverse-authority
6,11,6,11,958,1.0,1.8333333333333333,6,6,6,1.0,0.0,0.0,1.0,1.0,0.5454545454545454,0.4545454545454546,179.0,0.0,0.09090909090909091,0.0,0.0,0.03026999126781117,0.058373332023620605,0.5794872625030446,0.028780062993367512,0.0005434513092041016,0,77fa32cb-c680-46ae-bfa8-7fa8313763f9,20260814,ecs-strict,adverse-conflict,1,local-adverse-authority
6,9,6,9,1509,1.0,1.5,6,6,6,1.0,0.0,0.0,1.0,1.0,0.4444444444444444,0.33333333333333337,278.0,0.0,0.1111111111111111,0.0,0.0,0.013268603218926324,0.030945825576782226,0.7214268578254529,0.010916948318481445,0.0002770423889160156,0,1fd1564f-c4a2-4891-9209-b105c59d0c49,20260814,ecs-strict,adverse-conflict,1,local-adverse-authority
6,10,6,10,1232,1.0,1.6666666666666667,5,6,6,1.0,0.0,0.0,1.0,1.0,0.5,0.4,15.0,0.0,0.1,0.0,0.0,0.011933112144470214,0.017160570621490477,0.4363037738063585,0.009656945864359537,0.0002517104148864746,0,ee576e93-b7bd-4ea0-8f3b-01544171ea23,20260814,ecs-strict,adverse-conflict,1,local-adverse-authority
6,11,6,11,1088,1.0,1.8333333333333333,6,6,6,1.0,0.0,0.0,1.0,1.0,0.5454545454545454,0.4545454545454546,224.0,0.0,0.09090909090909091,0.0,0.0,0.011155995455655184,0.013545751571655273,0.17309806536302524,0.009447216987609863,3.96728515625e-05,0,c0f82cac-b6e8-422a-a923-f3d299ed30d5,20260814,ecs-strict,adverse-conflict,1,local-adverse-authority
6,11,6,11,1009,1.0,1.8333333333333333,6,6,6,1.0,0.0,0.0,1.0,1.0,0.5454545454545454,0.4545454545454546,15.0,0.0,0.09090909090909091,0.0,0.0,0.022842884063720703,0.0416874885559082,0.5794068463509217,0.022356589635213215,0.00014872550964355468,0,eab49eca-62c2-4daa-ad3f-8610326f20ae,20260814,ecs-strict,adverse-conflict,1,local-adverse-authority
6,9,6,9,909,1.0,1.5,6,6,6,1.0,0.0,0.0,1.0,1.0,0.4444444444444444,0.33333333333333337,15.0,0.0,0.1111111111111111,0.0,0.0,0.0175933837890625,0.048615455627441406,0.9289069805939021,0.01879398028055827,0.00011833508809407552,0,c1b72755-4949-40ca-95b4-382760286505,20260814,ecs-strict,adverse-conflict,1,local-adverse-authority
6,12,6,12,1380,1.0,2.0,6,6,6,1.0,0.0,0.0,1.0,1.0,0.5833333333333334,0.5,2140.0,0.0,0.08333333333333333,0.0,0.0,0.026005923748016357,0.05768009424209595,0.6390871764111915,0.02504885196685791,0.00047536691029866535,0,72963440-714f-4557-9b69-b307ec4aeec8,20260814,ecs-strict,adverse-conflict,1,local-adverse-authority
6,9,6,9,1005,1.0,1.5,5,6,6,1.0,0.0,0.0,1.0,1.0,0.4444444444444444,0.33333333333333337,20.0,0.0,0.1111111111111111,0.0,0.0,0.01565938525729709,0.024280309677124023,0.4494115106725712,0.012763659159342447,6.500879923502605e-05,0,165d552c-13fa-41d1-be53-c5801da39001,20260814,ecs-strict,adverse-conflict,1,local-adverse-authority
1,1,1,1,118,1.0,1.0,1,1,1,1.0,0.0,1.0,-0.0,-0.0,1.0,0.0,300.0,0.0,1.0,0.0,0.0,0.0039827823638916016,0.0039827823638916016,0.0,0.0037980079650878906,0.0,0,9a0d30d7-acf1-4ae4-8849-f114ee3f03c4,20260814,ecs-strict,adverse-ecs-mismatch,1,local-adverse-authority
1,1,1,1,122,1.0,1.0,1,1,1,1.0,0.0,1.0,-0.0,-0.0,1.0,0.0,300.0,0.0,1.0,0.0,0.0,0.006817817687988281,0.006817817687988281,0.0,0.005322933197021484,0.0,0,a707d217-0951-4f7f-991b-478cbcae60a4,20260814,ecs-strict,adverse-ecs-mismatch,1,local-adverse-authority
6,12,6,12,1410,1.0,2.0,6,6,6,1.0,0.0,0.0,1.0,1.0,0.5833333333333334,0.5,300.0,0.0,0.08333333333333333,0.0,0.0,0.030537307262420654,0.0555242657661438,0.6642150205954569,0.029892484347025555,4.963080088297526e-05,0,9c0ff7e2-9515-45d1-82a7-8b1b9b2844d0,20260814,ecs-strict,adverse-conflict,1,local-adverse-authority
6,11,6,11,1348,1.0,1.8333333333333333,6,6,6,1.0,0.0,0.0,1.0,1.0,0.5454545454545454,0.4545454545454546,30.0,0.0,0.09090909090909091,0.0,0.0,0.011565468528053978,0.025180697441101074,0.6265657227825906,0.010068297386169434,0.0002617835998535156,0,0f509b80-5cfc-49c1-8fd7-e1a88a8738e5,20260814,ecs-strict,adverse-conflict,1,local-adverse-authority
6,10,6,10,1264,1.0,1.6666666666666667,6,6,6,1.0,0.0,0.0,1.0,1.0,0.5,0.4,33.0,0.0,0.1,0.0,0.0,0.02252829074859619,0.04827816486358642,0.9032578879806574,0.01934182643890381,0.0001270771026611328,0,a71434ac-a563-4370-aae1-399eaa37ae2f,20260814,ecs-strict,adverse-conflict,1,local-adverse-authority
6,10,6,10,1264,1.0,1.6666666666666667,6,6,6,1.0,0.0,0.0,1.0,1.0,0.5,0.4,35.0,0.0,0.1,0.0,0.0,0.05002846717834473,0.09353499412536621,0.4999039316175925,0.044952988624572754,5.078315734863281e-05,0,7fc4d920-f427-4997-afe3-33ad99857f9d,20260814,ecs-strict,adverse-conflict,1,local-adverse-authority
1,1,1,1,118,1.0,1.0,1,1,1,1.0,0.0,0.0,-0.0,-0.0,1.0,0.0,300.0,0.0,1.0,0.0,0.0,0.004189252853393555,0.004189252853393555,0.0,0.004007816314697266,0.0,0,6ee33796-78cf-4658-8c99-4864908dd3ea,20260814,ecs-strict,adverse-ecs-mismatch,1,local-adverse-authority
6,10,6,10,1520,1.0,1.6666666666666667,6,6,6,1.0,0.0,0.0,1.0,1.0,0.5,0.4,300.0,0.0,0.1,0.0,0.0,0.018778347969055177,0.03726694583892822,0.604326555443218,0.016051411628723145,4.5180320739746094e-05,0,300b3f0d-38d8-4e23-93b9-68ec47506249,20260814,ecs-strict,adverse-conflict,1,local-adverse-authority
6,9,6,9,1257,1.0,1.5,6,6,6,1.0,0.0,0.0,1.0,1.0,0.4444444444444444,0.33333333333333337,60.0,0.0,0.1111111111111111,0.0,0.0,0.016311301125420466,0.03541569709777832,0.6991712356945947,0.014533559481302897,4.975001017252604e-05,0,b12bf342-34b6-43c5-ab32-2ba72bae0630,20260814,ecs-strict,adverse-conflict,1,local-adverse-authority
6,10,6,10,992,1.0,1.6666666666666667,6,6,6,1.0,0.0,0.0,1.0,1.0,0.5,0.4,98.0,0.0,0.1,0.0,0.0,0.03006854057312012,0.051965641975402835,0.5465863750781206,0.025389353434244793,4.690885543823242e-05,0,b3f50aae-3a2f-4455-a2f0-804327867bc6,20260814,ecs-strict,adverse-conflict,1,local-adverse-authority
6,10,6,10,976,1.0,1.6666666666666667,6,6,6,1.0,0.0,0.0,1.0,1.0,0.5,0.4,186.0,0.0,0.1,0.0,0.0,0.029503583908081055,0.06324177980422974,0.6400909936843663,0.02742616335550944,0.0004932880401611328,0,6b715b5f-288f-4fcc-b5d0-b7fd149d28a0,20260814,ecs-strict,adverse-conflict,1,local-adverse-authority
6,11,6,11,1043,1.0,1.8333333333333333,6,6,6,1.0,0.0,0.0,1.0,1.0,0.5454545454545454,0.4545454545454546,86.0,0.0,0.09090909090909091,0.0,0.0,0.019421035593206234,0.049356698989868164,0.7960064115402739,0.015988667805989582,4.4012069702148436e-05,0,8ac4f14b-59c4-4dd8-bab0-a20f8a4f811e,20260814,ecs-strict,adverse-conflict,1,local-adverse-authority
6,12,6,12,1074,1.0,2.0,6,6,6,1.0,0.0,0.0,1.0,1.0,0.5833333333333334,0.5,10.0,0.0,0.08333333333333333,0.0,0.0,0.03528932730356852,0.05803048610687256,0.4365125393999901,0.033214847246805825,0.00034109751383463543,0,bba8ae93-9779-4917-8cd7-6d67505aaff4,20260814,ecs-strict,adverse-conflict,1,local-adverse-authority
6,12,6,12,1074,1.0,2.0,6,6,6,1.0,0.0,0.0,1.0,1.0,0.5,0.5,257.0,0.0,0.08333333333333333,0.0,0.0,0.03995424509048462,0.17972445487976074,1.5715739728140816,0.03898517290751139,0.0004189411799112956,0,adb24f48-ca6e-4821-8713-4feea19b1a0d,20260814,ecs-strict,adverse-conflict,1,local-adverse-authority
6,10,6,10,1056,1.0,1.6666666666666667,6,6,6,1.0,0.0,0.0,1.0,1.0,0.5,0.4,300.0,0.0,0.1,0.0,0.0,0.06888682842254638,0.22239856719970702,1.1283370992158201,0.06059340635935465,0.0003635883331298828,0,362d1ebe-9a00-4448-8d2a-84acbf30521e,20260814,ecs-strict,adverse-conflict,1,local-adverse-authority
6,10,6,10,1152,1.0,1.6666666666666667,6,6,6,1.0,0.0,0.0,1.0,1.0,0.5,0.4,486.0,0.0,0.1,0.0,0.0,0.04577622413635254,0.14289871454238873,1.303431425421125,0.055536746978759766,0.0005453228950500488,0,7d219bf7-239f-4f7f-bd5b-f75d6861d7a7,20260814,ecs-strict,adverse-conflict,1,local-adverse-authority
6,11,6,11,1275,1.0,1.8333333333333333,6,6,6,1.0,0.0,0.0,1.0,1.0,0.5454545454545454,0.4545454545454546,3551.0,0.0,0.09090909090909091,0.0,0.0,0.024394447153264828,0.05926322937011719,0.850413817758477,0.02178625265757243,0.0006416797637939453,0,33a93108-3ee4-4ce4-8753-a9d7686019af,20260814,ecs-strict,adverse-conflict,1,local-adverse-authority
6,9,6,9,1137,1.0,1.5,6,6,6,1.0,0.0,0.0,1.0,1.0,0.4444444444444444,0.33333333333333337,41.0,0.0,0.1111111111111111,0.0,0.0,0.021019379297892254,0.041132211685180664,0.5468994781282398,0.015289664268493652,0.00026186307271321613,0,c8d8f6b4-8f95-4adb-9935-8685bb6a7779,20260814,ecs-strict,adverse-conflict,1,local-adverse-authority
6,9,6,9,1146,1.0,1.5,5,6,6,1.0,0.0,0.0,1.0,1.0,0.4444444444444444,0.33333333333333337,68.0,0.0,0.1111111111111111,0.0,0.0,0.008891317579481337,0.014063787460327149,0.33633870709217595,0.006494800249735515,9.202957153320312e-05,0,daedc7ad-2b70-4fa6-be78-a726f1e01d48,20260814,ecs-strict,adverse-conflict,1,local-adverse-authority
6,8,6,8,1364,1.0,1.3333333333333333,5,6,6,1.0,0.0,0.0,1.0,1.0,0.375,0.25,38.0,0.0,0.125,0.0,0.0,0.0232466459274292,0.043605971336364735,0.5663133362729841,0.01928408940633138,0.0009195804595947266,0,9fa43bf4-570f-45d6-af34-97e9d1ce9eff,20260814,ecs-strict,adverse-conflict,1,local-adverse-authority
6,12,6,12,1416,1.0,2.0,6,6,6,1.0,0.0,0.0,1.0,1.0,0.5833333333333334,0.5,60.0,0.0,0.08333333333333333,0.0,0.0,0.027806838353474934,0.04659738540649414,0.4769220199605052,0.024207313855489094,0.0006264050801595052,0,bdfdf887-6698-4157-ab2c-169eab576bc9,20260814,ecs-strict,adverse-conflict,1,local-adverse-authority
6,10,6,10,1440,1.0,1.6666666666666667,5,6,6,1.0,0.0,0.0,1.0,1.0,0.5,0.4,60.0,0.0,0.1,0.0,0.0,0.03688724040985107,0.05583126544952392,0.5132095791499182,0.029621283213297527,0.0005515813827514648,0,31c96007-d464-4545-a580-b6e30a366f2c,20260814,ecs-strict,adverse-conflict,1,local-adverse-authority
6,11,6,11,941,1.0,1.8333333333333333,6,6,6,1.0,0.0,0.0,1.0,1.0,0.5454545454545454,0.4545454545454546,77.0,0.0,0.09090909090909091,0.0,0.0,0.020388364791870117,0.030637383460998535,0.38712054605761226,0.01840062936147054,0.0002125263214111328,0,8394751e-b272-4779-a07e-a2933ed4a982,20260814,ecs-strict,adverse-conflict,1,local-adverse-authority
6,9,6,9,1137,1.0,1.5,6,6,6,1.0,0.0,0.0,1.0,1.0,0.4444444444444444,0.33333333333333337,4.0,0.0,0.1111111111111111,0.0,0.0,0.03257931603325738,0.061928081512451175,0.5166040083079939,0.02830640474955241,0.0006604989369710287,0,2e2ba254-7a6e-4da2-83b5-78a54fb2e0ed,20260814,ecs-strict,adverse-conflict,1,local-adverse-authority
6,10,6,10,1104,1.0,1.6666666666666667,6,6,6,1.0,0.0,0.0,1.0,1.0,0.4,0.4,20238.0,0.0,0.1,0.0,0.0,0.033152651786804196,0.05298845767974854,0.48282749106234035,0.02684648831685384,9.709596633911133e-05,0,b881f06c-9041-423a-8e47-046bb57581ff,20260814,ecs-strict,adverse-conflict,1,local-adverse-authority
6,10,6,10,896,1.0,1.6666666666666667,5,6,6,1.0,0.0,0.0,1.0,1.0,0.5,0.4,179.0,0.0,0.1,0.0,0.0,0.029329776763916016,0.07712751626968384,0.8401367867369762,0.023585041364034016,0.0003955960273742676,0,2f8ff763-2a8e-4043-aae6-7f6e58647bcd,20260814,ecs-strict,adverse-conflict,1,local-adverse-authority
6,12,6,12,1110,1.0,2.0,6,6,6,1.0,0.0,0.0,1.0,1.0,0.5833333333333334,0.5,295.0,0.0,0.08333333333333333,0.0,0.0,0.031327267487843834,0.06746144294738769,0.6277232743085983,0.028461217880249023,0.00013871987660725912,0,043b7208-8193-4d44-b981-e140cc48125a,20260814,ecs-strict,adverse-conflict,1,local-adverse-authority
6,9,6,9,834,1.0,1.5,5,6,6,1.0,0.0,0.0,1.0,1.0,0.4444444444444444,0.33333333333333337,7310.0,0.0,0.1111111111111111,0.0,0.0,0.017233424716525607,0.04130663871765137,0.7678034008374333,0.018772403399149578,0.0002876122792561849,0,91047862-6b7d-4e69-a645-10ea1fa50f23,20260814,ecs-strict,adverse-conflict,1,local-adverse-authority
6,10,6,10,960,1.0,1.6666666666666667,6,6,6,1.0,0.0,0.0,1.0,1.0,0.5,0.4,59.0,0.0,0.1,0.0,0.0,0.0331817626953125,0.06583374738693237,0.6009513383967282,0.029187917709350586,7.277727127075195e-05,0,2ef12ebe-73a4-4132-a8d9-f8f6c665d531,20260814,ecs-strict,adverse-conflict,1,local-adverse-authority
6,11,6,11,1263,1.0,1.8333333333333333,5,6,6,1.0,0.0,0.0,1.0,1.0,0.5454545454545454,0.4545454545454546,26.0,0.0,0.09090909090909091,0.0,0.0,0.02666072411970659,0.05506408214569092,0.6987888490589861,0.022952159245808918,3.9005279541015624e-05,0,d7ffd303-c036-45aa-87ff-8fe47b8853d3,20260814,ecs-strict,adverse-conflict,1,local-adverse-authority
6,12,6,12,1200,1.0,2.0,6,6,6,1.0,0.0,0.0,1.0,1.0,0.5833333333333334,0.5,273.0,0.0,0.08333333333333333,0.0,0.0,0.05168634653091431,0.17722960710525512,1.1322503776547148,0.050347328186035156,0.00011877218882242839,0,6c3c1217-58e2-456d-9332-af06fca029d5,20260814,ecs-strict,adverse-conflict,1,local-adverse-authority
6,11,6,11,1583,1.0,1.8333333333333333,6,6,6,1.0,0.8333333333333334,0.0,1.0,1.0,0.5454545454545454,0.4545454545454546,67.0,0.0,0.09090909090909091,0.0,0.0,0.022990703582763672,0.044274091720581055,0.5941369772059184,0.02367858091990153,5.397796630859375e-05,0,fbbecf06-9780-48e0-ad81-4c1e2a12b0ba,20260814,ecs-strict,adverse-ecs-fanout,1,local-adverse-authority
6,10,6,10,1520,1.0,1.6666666666666667,5,6,6,1.0,0.0,0.0,1.0,1.0,0.5,0.4,300.0,0.0,0.1,0.0,0.0,0.02918984889984131,0.061912357807159424,0.8328699672795103,0.02387702465057373,0.00023800134658813477,0,05d18fa3-006f-4334-85f7-0deb781de641,20260814,ecs-strict,adverse-conflict,1,local-adverse-authority
6,11,6,11,1009,1.0,1.8333333333333333,5,6,6,1.0,0.0,0.0,1.0,1.0,0.5454545454545454,0.4545454545454546,206.0,0.0,0.09090909090909091,0.0,0.0,0.032277822494506836,0.0671529769897461,0.6347367423724908,0.03163715203603109,0.00019812583923339844,0,e91c2233-fd5b-48b9-a6ac-f36287518b40,20260814,ecs-strict,adverse-conflict,1,local-adverse-authority
6,11,6,11,1323,1.0,1.8333333333333333,6,6,6,1.0,0.8333333333333334,0.0,1.0,1.0,0.5454545454545454,0.4545454545454546,300.0,0.0,0.09090909090909091,0.0,0.0,0.01921580054543235,0.03608226776123047,0.5398906909853076,0.016389330228169758,0.00012578964233398438,0,bd3faa67-3c7e-4af1-9d59-87225d4eb8f7,20260814,ecs-strict,adverse-ecs-fanout,1,local-adverse-authority
6,10,6,10,984,1.0,1.6666666666666667,6,6,6,1.0,0.6666666666666666,0.0,1.0,1.0,0.5,0.4,120.0,0.0,0.1,0.0,0.0,0.027022576332092284,0.05724620819091797,0.7478565395080363,0.02770407994588216,5.990266799926758e-05,0,aceda815-3f4d-45ec-80e5-26e0c6305594,20260814,ecs-strict,adverse-ecs-fanout,1,local-adverse-authority
6,12,6,12,1182,1.0,2.0,6,6,6,1.0,0.0,0.0,1.0,1.0,0.5833333333333334,0.5,20528.0,0.0,0.08333333333333333,0.0,0.0,0.036284029483795166,0.0647418737411499,0.47653480548003,0.034876108169555664,7.339318593343099e-05,0,21204ff0-89f2-4640-af7f-91dd733b38f0,20260814,ecs-strict,adverse-conflict,1,local-adverse-authority
6,9,6,9,924,1.0,1.5,6,6,6,1.0,0.5,0.0,1.0,1.0,0.4444444444444444,0.33333333333333337,20.0,0.0,0.1111111111111111,0.0,0.0,0.011165301005045572,0.02446260452270508,0.6659933864729793,0.009657820065816244,0.0001347064971923828,0,b9f4a411-0d61-482a-b3fb-258a562bb018,20260814,ecs-strict,adverse-ecs-fanout,1,local-adverse-authority
6,11,6,11,1204,1.0,1.8333333333333333,6,6,6,1.0,0.8333333333333334,0.0,1.0,1.0,0.5454545454545454,0.4545454545454546,60.0,0.0,0.09090909090909091,0.0,0.0,0.02138311212713068,0.052098989486694336,0.7514414576361305,0.01905687650044759,0.0003509044647216797,0,bc38e256-029b-4357-a2f5-70006b85d331,20260814,ecs-strict,adverse-ecs-fanout,1,local-adverse-authority
6,11,6,11,1001,1.0,1.8333333333333333,6,6,6,1.0,0.8333333333333334,0.0,1.0,1.0,0.5454545454545454,0.4545454545454546,3600.0,0.0,0.09090909090909091,0.0,0.0,0.02678160233931108,0.05401408672332764,0.5640947856289869,0.023508588473002117,0.0004485130310058594,0,2155b546-183f-4b92-af79-92881e5a2142,20260814,ecs-strict,adverse-ecs-fanout,1,local-adverse-authority
6,11,6,11,899,1.0,1.8333333333333333,6,6,6,1.0,0.8333333333333334,0.0,1.0,1.0,0.5454545454545454,0.4545454545454546,10.0,0.0,0.09090909090909091,0.0,0.0,0.03268712217157537,0.046301841735839844,0.39624341653717576,0.028834422429402668,0.001168680191040039,0,b95500a2-309a-43fd-9cee-04892b283729,20260814,ecs-strict,adverse-ecs-fanout,1,local-adverse-authority
6,9,6,9,813,1.0,1.5,5,6,6,1.0,0.5,0.0,1.0,1.0,0.4444444444444444,0.33333333333333337,591.0,0.0,0.1111111111111111,0.0,0.0,0.014833821190728081,0.028267955780029295,0.5223891165436959,0.012624820073445639,0.00016419092814127603,0,d3f04eec-f709-4883-a6d1-c4ae54af28a8,20260814,ecs-strict,adverse-ecs-fanout,1,local-adverse-authority
6,11,6,11,1052,1.0,1.8333333333333333,5,6,6,1.0,0.8333333333333334,0.0,1.0,1.0,0.5454545454545454,0.4545454545454546,20.0,0.0,0.09090909090909091,0.0,0.0,0.0170011737129905,0.029656648635864258,0.3975043784385603,0.014133453369140625,0.0006176471710205078,0,0dbc9655-b441-4759-9140-c29ab07829c5,20260814,ecs-strict,adverse-ecs-fanout,1,local-adverse-authority
6,9,6,9,1383,1.0,1.5,6,6,6,1.0,0.5,0.0,1.0,1.0,0.4444444444444444,0.33333333333333337,300.0,0.0,0.1111111111111111,0.0,0.0,0.014837821324666342,0.024146890640258788,0.38750167575522804,0.012621879577636719,9.147326151529948e-05,0,78f7d18d-33d3-4412-8dc3-117f666805df,20260814,ecs-strict,adverse-ecs-fanout,1,local-adverse-authority
6,11,6,11,1074,1.0,1.8333333333333333,6,6,6,1.0,0.8333333333333334,0.0,1.0,1.0,0.5454545454545454,0.4545454545454546,300.0,0.0,0.09090909090909091,0.0,0.0,0.029859412800181995,0.0573657751083374,0.5317717207687047,0.0275879700978597,0.0010582447052001954,0,5c44d722-12fc-4ce3-8ab3-0592cf54b34a,20260814,ecs-strict,adverse-ecs-fanout,1,local-adverse-authority
6,8,6,8,1320,1.0,1.3333333333333333,6,6,6,1.0,0.3333333333333333,0.0,1.0,1.0,0.375,0.25,90.0,0.0,0.125,0.0,0.0,0.023146241903305054,0.042501747608184814,0.6175887929879748,0.019370675086975098,5.412101745605469e-05,0,568aebdb-9c4f-4069-a1b8-247a87f0642b,20260814,ecs-strict,adverse-ecs-fanout,1,local-adverse-authority
6,10,6,10,968,1.0,1.6666666666666667,6,6,6,1.0,0.6666666666666666,0.0,1.0,1.0,0.5,0.4,289.0,0.0,0.1,0.0,0.0,0.02933163642883301,0.050077593326568595,0.4439625174685006,0.02879794438680013,0.00012683868408203125,0,e395a38a-dae0-40c5-b5eb-9a086915a074,20260814,ecs-strict,adverse-ecs-fanout,1,local-adverse-authority
6,9,6,9,1005,1.0,1.5,6,6,6,1.0,0.5,0.0,1.0,1.0,0.4444444444444444,0.33333333333333337,758.0,0.0,0.1111111111111111,0.0,0.0,0.020200490951538086,0.03235149383544922,0.41078506201597914,0.01831527551015218,4.116694132486979e-05,0,e73e558f-bb20-46a3-8430-e5b15d483ad0,20260814,ecs-strict,adverse-ecs-fanout,1,local-adverse-authority
6,11,6,11,995,1.0,1.8333333333333333,6,6,6,1.0,0.8333333333333334,0.0,1.0,1.0,0.5454545454545454,0.4545454545454546,42.0,0.0,0.09090909090909091,0.0,0.0,0.03626463629982688,0.0791780948638916,0.5889562912547481,0.03341976801554362,0.0004674434661865234,0,00b55b81-d395-4529-9d0a-532890e8d3aa,20260814,ecs-strict,adverse-ecs-fanout,1,local-adverse-authority
6,12,6,12,1266,1.0,2.0,6,6,6,1.0,1.0,0.0,1.0,1.0,0.5833333333333334,0.5,60.0,0.0,0.08333333333333333,0.0,0.0,0.029742916425069172,0.05406597852706909,0.5442170135718144,0.028484026590983074,0.0001395543416341146,0,0007dd7e-da17-4f48-943a-d838de19f88b,20260814,ecs-strict,adverse-ecs-fanout,1,local-adverse-authority
6,9,6,9,1248,1.0,1.5,6,6,6,1.0,0.5,0.0,1.0,1.0,0.4444444444444444,0.33333333333333337,560.0,0.0,0.1111111111111111,0.0,0.0,0.014967229631212022,0.029722785949707026,0.6446275870146022,0.014345606168111166,5.054473876953125e-05,0,e85f4fd9-6277-4e22-99e0-ead8f07bdc41,20260814,ecs-strict,adverse-ecs-fanout,1,local-adverse-authority
6,10,6,10,1448,1.0,1.6666666666666667,6,6,6,1.0,0.6666666666666666,0.0,1.0,1.0,0.5,0.4,300.0,0.0,0.1,0.0,0.0,0.05838513374328613,0.1649693489074707,0.9455024228097956,0.04866441090901693,0.00020962953567504883,0,a4040491-111c-4a50-a3f1-6702e4ae0b8e,20260814,ecs-strict,adverse-ecs-fanout,1,local-adverse-authority
6,10,6,10,1320,1.0,1.6666666666666667,6,6,6,1.0,0.6666666666666666,0.0,1.0,1.0,0.5,0.4,300.0,0.0,0.1,0.0,0.0,0.05096521377563477,0.14009125232696534,0.9235857180190705,0.04220930735270182,0.0007755160331726074,0,2f918531-4c77-49de-b31d-63921b2961c8,20260814,ecs-strict,adverse-ecs-fanout,1,local-adverse-authority
6,10,6,10,1032,1.0,1.6666666666666667,6,6,6,1.0,0.6666666666666666,0.0,1.0,1.0,0.5,0.4,20.0,0.0,0.1,0.0,0.0,0.0270768404006958,0.05455849170684814,0.647366158734622,0.025394916534423828,3.796815872192383e-05,0,928fe924-8f58-44c5-8b50-ffd27f018895,20260814,ecs-strict,adverse-ecs-fanout,1,local-adverse-authority
6,10,6,10,984,1.0,1.6666666666666667,6,6,6,1.0,0.6666666666666666,0.0,1.0,1.0,0.5,0.4,300.0,0.0,0.1,0.0,0.0,0.04922308921813965,0.13378422260284423,0.9272171625455516,0.04133168856302897,0.00021141767501831055,0,b820ce17-f6ab-4371-a85f-e319ec81523f,20260814,ecs-strict,adverse-ecs-fanout,1,local-adverse-authority
6,10,6,10,984,1.0,1.6666666666666667,6,6,6,1.0,0.6666666666666666,0.0,1.0,1.0,0.5,0.4,300.0,0.0,0.1,0.0,0.0,0.0453707218170166,0.15403209924697875,1.2040363660572342,0.03970936934153239,3.147125244140625e-05,0,fb4c24ab-a455-4f30-871d-02c25bb301f8,20260814,ecs-strict,adverse-ecs-fanout,1,local-adverse-authority
6,12,6,12,1056,1.0,2.0,6,6,6,1.0,1.0,0.0,1.0,1.0,0.5833333333333334,0.5,300.0,0.0,0.08333333333333333,0.0,0.0,0.05099838972091675,0.17076408863067627,1.083235514921102,0.04964045683542887,9.691715240478516e-05,0,b48cbdc9-8d08-4917-8283-75e13ac0f328,20260814,ecs-strict,adverse-ecs-fanout,1,local-adverse-authority
6,11,6,11,933,1.0,1.8333333333333333,6,6,6,1.0,0.8333333333333334,0.0,1.0,1.0,0.5454545454545454,0.4545454545454546,60.0,0.0,0.09090909090909091,0.0,0.0,0.02896592833779075,0.052521347999572754,0.5248903672593936,0.029431382815043133,3.16619873046875e-05,0,8761388b-f038-4d2a-a4e9-e31ccbc4702f,20260814,ecs-strict,adverse-ecs-fanout,1,local-adverse-authority
6,11,6,11,950,1.0,1.8333333333333333,6,6,6,1.0,0.8333333333333334,0.0,1.0,1.0,0.5454545454545454,0.4545454545454546,60.0,0.0,0.09090909090909091,0.0,0.0,0.01863850246776234,0.026602864265441895,0.3184906145895504,0.01888716220855713,2.7608871459960937e-05,0,105c060c-41ef-4e4f-80e4-929c4b3fec11,20260814,ecs-strict,adverse-ecs-fanout,1,local-adverse-authority
6,9,6,9,813,1.0,1.5,6,6,6,1.0,0.5,0.0,1.0,1.0,0.4444444444444444,0.33333333333333337,78.0,0.0,0.1111111111111111,0.0,0.0,0.017070160971747503,0.04143085479736328,0.8094335817970428,0.013492345809936523,0.0003986358642578125,0,712ff6dc-53af-448f-8b14-bacc97a5ae4d,20260814,ecs-strict,adverse-ecs-fanout,1,local-adverse-authority
6,8,6,8,770,1.0,1.3333333333333333,6,6,6,1.0,0.3333333333333333,0.0,1.0,1.0,0.375,0.25,300.0,0.0,0.125,0.0,0.0,0.023831546306610107,0.04202978610992432,0.48158474732647266,0.020191073417663574,4.100799560546875e-05,0,a636188b-ea46-4d5d-a46c-089f4de7cb9f,20260814,ecs-strict,adverse-ecs-fanout,1,local-adverse-authority
6,11,6,11,848,1.0,1.8333333333333333,6,6,6,1.0,0.8333333333333334,0.0,1.0,1.0,0.5454545454545454,0.4545454545454546,60.0,0.0,0.09090909090909091,0.0,0.0,0.04572150923989036,0.0811229944229126,0.5660748267965942,0.04157968362172445,0.00012645721435546874,0,969df0db-1320-4e67-b3c7-f629fd7b75c9,20260814,ecs-strict,adverse-ecs-fanout,1,local-adverse-authority
6,10,6,10,1016,1.0,1.6666666666666667,6,6,6,1.0,0.6666666666666666,0.0,1.0,1.0,0.5,0.4,34.0,0.0,0.1,0.0,0.0,0.03784255981445313,0.054661011695861815,0.34640351378752443,0.034600416819254555,4.583597183227539e-05,0,4a20ef02-8d0a-46c5-a618-a0bc5b070449,20260814,ecs-strict,adverse-ecs-fanout,1,local-adverse-authority
6,9,6,9,849,1.0,1.5,6,6,6,1.0,0.5,0.0,1.0,1.0,0.4444444444444444,0.33333333333333337,548.0,0.0,0.1111111111111111,0.0,0.0,0.020266162024603948,0.03366408348083496,0.6148473625779132,0.01679074764251709,4.6412150065104164e-05,0,7afafd5f-080f-4bb4-9bf6-5cb000eaa89d,20260814,ecs-strict,adverse-ecs-fanout,1,local-adverse-authority
6,8,6,8,1142,1.0,1.3333333333333333,6,6,6,1.0,0.3333333333333333,0.0,1.0,1.0,0.375,0.25,20293.0,0.0,0.125,0.0,0.0,0.008082330226898193,0.01950565576553344,0.8511014709905789,0.008168617884318033,3.0875205993652344e-05,0,05690c9e-3d3e-4f60-a598-f7c2651d76b8,20260814,ecs-strict,adverse-ecs-fanout,1,local-adverse-authority
6,10,6,10,872,1.0,1.6666666666666667,6,6,6,1.0,0.6666666666666666,0.0,1.0,1.0,0.5,0.4,14.0,0.0,0.1,0.0,0.0,0.042730069160461424,0.14794363975524882,1.4865518527424204,0.05650436878204346,3.337860107421875e-05,0,8fafb314-3d20-421b-9e5d-36b06ec6d21f,20260814,ecs-strict,adverse-ecs-fanout,1,local-adverse-authority
6,12,6,12,1128,1.0,2.0,6,6,6,1.0,1.0,0.0,1.0,1.0,0.5833333333333334,0.5,300.0,0.0,0.08333333333333333,0.0,0.0,0.019258161385854084,0.045679783821105956,0.9709820926563917,0.018849293390909832,4.168351491292318e-05,0,2d41fa3e-76ca-47c7-9c76-00257f7e6b7d,20260814,ecs-strict,adverse-ecs-fanout,1,local-adverse-authority
6,9,6,9,1221,1.0,1.5,6,6,6,1.0,0.5,0.0,1.0,1.0,0.4444444444444444,0.33333333333333337,300.0,0.0,0.1111111111111111,0.0,0.0,0.009518914752536349,0.019207477569580078,0.6084591381657716,0.008563597997029623,3.6716461181640625e-05,0,9aacda3d-e58a-45a2-a6c7-9ce02e31b8e2,20260814,ecs-strict,adverse-ecs-fanout,1,local-adverse-authority
6,10,6,10,920,1.0,1.6666666666666667,6,6,6,1.0,0.6666666666666666,0.0,1.0,1.0,0.5,0.4,300.0,0.0,0.1,0.0,0.0,0.02842833995819092,0.0519250750541687,0.6935526938750805,0.023604472478230793,3.212690353393555e-05,0,7f2af5bf-a14c-4146-8af8-365f5ac237bc,20260814,ecs-strict,adverse-ecs-fanout,1,local-adverse-authority
6,12,6,12,1002,1.0,2.0,6,6,6,1.0,1.0,0.0,1.0,1.0,0.5833333333333334,0.5,300.0,0.0,0.08333333333333333,0.0,0.0,0.03972067435582479,0.1499146580696106,1.2746514685013501,0.039116462071736656,3.786881764729818e-05,0,d6106c7d-faf3-4f3d-bd8a-07bf4af459df,20260814,ecs-strict,adverse-ecs-fanout,1,local-adverse-authority
6,10,6,10,1160,1.0,1.6666666666666667,6,6,6,1.0,0.6666666666666666,0.0,1.0,1.0,0.5,0.4,18440.0,0.0,0.1,0.0,0.0,0.019127917289733887,0.03864020109176636,0.6928284149531723,0.017284552256266277,5.1915645599365234e-05,0,0dc37c6a-1537-4162-9e8f-05d53f211d0e,20260814,ecs-strict,adverse-ecs-fanout,1,local-adverse-authority
6,11,6,11,933,1.0,1.8333333333333333,6,6,6,1.0,0.8333333333333334,0.0,1.0,1.0,0.5454545454545454,0.4545454545454546,20.0,0.0,0.09090909090909091,0.0,0.0,0.024249575354836204,0.046094655990600586,0.7018936663345815,0.021611809730529785,0.00012307167053222657,0,beef5465-5751-4cfa-a1b2-db1066fd9237,20260814,ecs-strict,adverse-ecs-fanout,1,local-adverse-authority
6,11,6,11,1074,1.0,1.8333333333333333,6,6,6,1.0,0.8333333333333334,0.0,1.0,1.0,0.5454545454545454,0.4545454545454546,426.0,0.0,0.09090909090909091,0.0,0.0,0.022326729514382103,0.043212056159973145,0.7272282962030971,0.02062865098317464,3.809928894042969e-05,0,89a8a7a2-6d68-4c94-84fe-870ea7ad18b4,20260814,ecs-strict,adverse-ecs-fanout,1,local-adverse-authority
6,11,6,11,978,1.0,1.8333333333333333,6,6,6,1.0,0.8333333333333334,0.0,1.0,1.0,0.5454545454545454,0.4545454545454546,230.0,0.0,0.09090909090909091,0.0,0.0,0.03338835456154563,0.08321511745452881,0.7970005151209358,0.03257489204406738,3.309249877929688e-05,0,858cce56-b171-4b44-b01c-66106f1f56f5,20260814,ecs-strict,adverse-ecs-fanout,1,local-adverse-authority
6,11,6,11,933,1.0,1.8333333333333333,6,6,6,1.0,0.8333333333333334,0.0,1.0,1.0,0.5454545454545454,0.4545454545454546,83.0,0.0,0.09090909090909091,0.0,0.0,0.017559680071744053,0.04617273807525635,0.8586343927173182,0.01687335968017578,2.9039382934570312e-05,0,08b51e29-7af9-497f-ba56-64741f9a9a72,20260814,ecs-strict,adverse-ecs-fanout,1,local-adverse-authority
6,9,6,9,978,1.0,1.5,6,6,6,1.0,0.5,0.0,1.0,1.0,0.4444444444444444,0.33333333333333337,300.0,0.0,0.1111111111111111,0.0,0.0,0.014217376708984375,0.024524164199829102,0.5818206010366683,0.011612971623738607,3.4968058268229164e-05,0,5ba648eb-d8f2-414f-85d5-c1a71b1e1c4e,20260814,ecs-strict,adverse-ecs-fanout,1,local-adverse-authority
6,12,6,12,1302,1.0,2.0,6,6,6,1.0,1.0,0.0,1.0,1.0,0.5833333333333334,0.5,31.0,0.0,0.08333333333333333,0.0,0.0,0.06890068451563518,0.25181442499160767,1.2161524865306297,0.06838587919871013,7.434686024983724e-05,0,ca9de9e4-f746-4d8d-8ea9-9c1957b4d5d7,20260814,ecs-strict,adverse-ecs-fanout,1,local-adverse-authority
6,10,6,10,952,1.0,1.6666666666666667,6,6,6,1.0,0.6666666666666666,0.0,1.0,1.0,0.5,0.4,20527.0,0.0,0.1,0.0,0.0,0.03173201084136963,0.05466315746307373,0.6020290247956739,0.030548890431722004,5.137920379638672e-05,0,079df226-55e2-48d9-b981-f5f93ef32716,20260814,ecs-strict,adverse-ecs-fanout,1,local-adverse-authority
6,11,6,11,1289,1.0,1.8333333333333333,6,6,6,1.0,0.8333333333333334,0.0,1.0,1.0,0.5454545454545454,0.4545454545454546,60.0,0.0,0.09090909090909091,0.0,0.0,0.015572547912597656,0.026027679443359375,0.44822226145933,0.015427907307942709,4.796981811523437e-05,0,9a714d8d-ef40-4183-8cc7-731b84bb8d25,20260814,ecs-strict,adverse-ecs-fanout,1,local-adverse-authority
6,11,6,11,865,1.0,1.8333333333333333,5,6,6,1.0,0.8333333333333334,0.0,1.0,1.0,0.5454545454545454,0.4545454545454546,3.0,0.0,0.09090909090909091,0.0,0.0,0.04367165132002397,0.1385730504989624,1.1353825676727018,0.03927584489186605,3.972053527832031e-05,0,926ae648-221c-441a-b021-d955c17cb18e,20260814,ecs-strict,adverse-ecs-fanout,1,local-adverse-authority
6,10,6,10,1104,1.0,1.6666666666666667,6,6,6,1.0,0.0,0.0,1.0,1.0,0.5,0.4,18.0,0.0,0.1,0.0,0.0,0.2440711736679077,0.9464107751846313,1.4510733303795245,0.20316425959269205,6.538629531860352e-05,0,5b9e1ec1-ee86-4efd-a2f1-f98b766c5568,20260814,ecs-strict,adverse-conflict,1,local-adverse-authority
6,10,6,10,984,1.0,1.6666666666666667,6,6,6,1.0,0.6666666666666666,0.0,1.0,1.0,0.5,0.4,300.0,0.0,0.1,0.0,0.0,0.06555707454681396,0.12733304500579834,0.7434030439294221,0.057048400243123375,5.46574592590332e-05,0,3491a393-6763-4b7e-852d-0d00a4f65329,20260814,ecs-strict,adverse-ecs-fanout,1,local-adverse-authority
6,8,6,8,894,1.0,1.3333333333333333,6,6,6,1.0,0.3333333333333333,0.0,1.0,1.0,0.375,0.25,88.0,0.0,0.125,0.0,0.0,0.022585570812225342,0.04594180583953857,0.6654081527475721,0.018749078114827473,6.0439109802246094e-05,0,5465756e-6796-4f21-9b97-4e2216fc2840,20260814,ecs-strict,adverse-ecs-fanout,1,local-adverse-authority
6,12,6,12,1092,1.0,2.0,6,6,6,1.0,0.0,0.0,1.0,1.0,0.5833333333333334,0.5,18.0,0.0,0.08333333333333333,0.0,0.0,0.21564515431722006,1.1000046968460082,1.837686994892728,0.21392234166463217,4.879633585611979e-05,0,7fc51f1a-223d-4e93-9824-16dfc3300a08,20260814,ecs-strict,adverse-conflict,1,local-adverse-authority
6,12,6,12,1140,1.0,2.0,6,6,6,1.0,1.0,0.0,1.0,1.0,0.5833333333333334,0.5,134.0,0.0,0.08333333333333333,0.0,0.0,0.022766371568044026,0.04969611167907715,0.7784689190964583,0.0223538080851237,5.829334259033203e-05,0,50c1f908-d90f-41cb-9ee2-ae875cd408d0,20260814,ecs-strict,adverse-ecs-fanout,1,local-adverse-authority
6,11,6,11,933,1.0,1.8333333333333333,6,6,6,1.0,0.8333333333333334,0.0,1.0,1.0,0.5454545454545454,0.4545454545454546,29.0,0.0,0.09090909090909091,0.0,0.0,0.04594104940241033,0.1311933994293213,0.9877782945585938,0.042363882064819336,3.47137451171875e-05,0,535b899c-b5fb-4da3-b435-cd8987443a1f,20260814,ecs-strict,adverse-ecs-fanout,1,local-adverse-authority
6,11,6,11,1989,1.0,1.8333333333333333,6,6,6,1.0,0.8333333333333334,0.0,1.0,1.0,0.5454545454545454,0.4545454545454546,300.0,0.0,0.09090909090909091,0.0,0.0,0.0138105262409557,0.024558544158935547,0.4157071856166057,0.01197357972462972,0.0002540111541748047,0,226eecab-47d0-473b-b4e7-3aa73466ee0f,20260814,ecs-strict,adverse-ecs-fanout,1,local-adverse-authority
6,10,6,10,904,1.0,1.6666666666666667,5,6,6,1.0,0.6666666666666666,0.0,1.0,1.0,0.5,0.4,2222.0,0.0,0.1,0.0,0.0,0.01389310359954834,0.023627161979675293,0.4185162518906949,0.01103802522023519,3.701448440551758e-05,0,aef45701-4e47-4993-b0b3-6dab2e7f5168,20260814,ecs-strict,adverse-ecs-fanout,1,local-adverse-authority
6,8,6,8,1114,1.0,1.3333333333333333,6,6,6,1.0,0.3333333333333333,0.0,1.0,1.0,0.375,0.25,60.0,0.0,0.125,0.0,0.0,0.015384286642074585,0.033908903598785387,0.6868601758982592,0.015398144721984863,0.0001055002212524414,0,2b1036d2-7db2-4a6a-acab-1026586bfba2,20260814,ecs-strict,adverse-ecs-fanout,1,local-adverse-authority
6,10,6,10,1192,1.0,1.6666666666666667,6,6,6,1.0,0.6666666666666666,0.0,1.0,1.0,0.5,0.4,27.0,0.0,0.1,0.0,0.0,0.02050206661224365,0.040894365310668944,0.6525956446587422,0.01758078734079997,0.0001990795135498047,0,4695bead-d276-43e6-9cc3-8d7f2f55b3a2,20260814,ecs-strict,adverse-ecs-fanout,1,local-adverse-authority
6,12,6,12,906,1.0,2.0,6,6,6,1.0,1.0,0.0,1.0,1.0,0.5833333333333334,0.5,327.0,0.0,0.08333333333333333,0.0,0.0,0.04165015618006388,0.15409551858901976,1.2452068787936812,0.04125781853993734,4.6372413635253906e-05,0,5039d0b2-8405-4a39-9565-4cf8ae2e9201,20260814,ecs-strict,adverse-ecs-fanout,1,local-adverse-authority
6,10,6,10,1016,1.0,1.6666666666666667,6,6,6,1.0,0.6666666666666666,0.0,1.0,1.0,0.5,0.4,131.0,0.0,0.1,0.0,0.0,0.025731539726257323,0.04578312635421753,0.6564741482026863,0.023107250531514485,0.0002097487449645996,0,32c9096b-051b-46b8-9229-e578691fbdf0,20260814,ecs-strict,adverse-ecs-fanout,1,local-adverse-authority
6,11,6,11,950,1.0,1.8333333333333333,6,6,6,1.0,0.8333333333333334,0.0,1.0,1.0,0.5454545454545454,0.4545454545454546,2963.0,0.0,0.09090909090909091,0.0,0.0,0.014870188452980736,0.038202762603759766,0.8272993234806337,0.013067126274108887,0.00025653839111328125,0,2eae6b45-b81c-48d7-b8a0-682032b1a8d0,20260814,ecs-strict,adverse-ecs-fanout,1,local-adverse-authority
6,10,6,10,856,1.0,1.6666666666666667,6,6,6,1.0,0.6666666666666666,0.0,1.0,1.0,0.5,0.4,300.0,0.0,0.1,0.0,0.0,0.03883662223815918,0.08769168853759765,0.7389070290620487,0.03283198674519857,4.678964614868164e-05,0,09874881-af1f-4db2-b804-0777ae3b05e1,20260814,ecs-strict,adverse-ecs-fanout,1,local-adverse-authority
6,12,6,12,1206,1.0,2.0,6,6,6,1.0,1.0,0.0,1.0,1.0,0.5833333333333334,0.5,267.0,0.0,0.08333333333333333,0.0,0.0,0.011996408303578695,0.021385490894317627,0.6203347598334823,0.011618733406066895,3.993511199951172e-05,0,66475b62-5a0a-4b1e-a89f-dca7a10ab53a,20260814,ecs-strict,adverse-ecs-fanout,1,local-adverse-authority
6,12,6,12,1266,1.0,2.0,6,6,6,1.0,1.0,0.0,1.0,1.0,0.5833333333333334,0.5,60.0,0.0,0.08333333333333333,0.0,0.0,0.01869279146194458,0.03549273014068603,0.5769883758868228,0.018147905667622883,4.3272972106933594e-05,0,6ec50bd9-ac30-4306-b3a3-39bd82bdb499,20260814,ecs-strict,adverse-ecs-fanout,1,local-adverse-authority
6,11,6,11,916,1.0,1.8333333333333333,6,6,6,1.0,0.8333333333333334,0.0,1.0,1.0,0.5454545454545454,0.4545454545454546,14095.0,0.0,0.09090909090909091,0.0,0.0,0.016084172508933327,0.029849767684936523,0.5407731800268796,0.014549732208251953,3.376007080078125e-05,0,0ed54286-f93a-4681-b922-e2b94a8ab400,20260814,ecs-strict,adverse-ecs-fanout,1,local-adverse-authority
6,11,6,11,1165,1.0,1.8333333333333333,6,6,6,1.0,0.8333333333333334,0.0,1.0,1.0,0.5454545454545454,0.4545454545454546,300.0,0.0,0.09090909090909091,0.0,0.0,0.01805767146023837,0.04782414436340332,0.8485870629993503,0.01626439889272054,4.129409790039062e-05,0,dd3f395a-b86c-4510-a1e2-616644b868f1,20260814,ecs-strict,adverse-ecs-fanout,1,local-adverse-authority
6,10,6,10,1240,1.0,1.6666666666666667,6,6,6,1.0,0.6666666666666666,0.0,1.0,1.0,0.5,0.4,60.0,0.0,0.1,0.0,0.0,0.05012774467468262,0.1658744215965271,1.1921283812990657,0.04153549671173096,0.00042498111724853516,0,6472d599-adff-42db-af58-3cb72a824d1c,20260814,ecs-strict,adverse-ecs-fanout,1,local-adverse-authority
6,11,6,11,1176,1.0,1.8333333333333333,6,6,6,1.0,0.8333333333333334,0.0,1.0,1.0,0.5454545454545454,0.4545454545454546,60.0,0.0,0.09090909090909091,0.0,0.0,0.019600629806518555,0.04231393337249756,0.7424863476051622,0.02152518431345622,4.982948303222656e-05,0,cd61ef9f-8f41-428f-a4c3-18807b9c5b36,20260814,ecs-strict,adverse-ecs-fanout,1,local-adverse-authority
6,12,6,12,1092,1.0,2.0,6,6,6,1.0,1.0,0.0,1.0,1.0,0.5833333333333334,0.5,300.0,0.0,0.08333333333333333,0.0,0.0,0.019173622131347656,0.04605680704116821,0.865775143610423,0.018736600875854492,2.853075663248698e-05,0,81c9bcf1-68b7-4af3-bbe3-41728c71e6ce,20260814,ecs-strict,adverse-ecs-fanout,1,local-adverse-authority
6,10,6,10,1048,1.0,1.6666666666666667,6,6,6,1.0,0.6666666666666666,0.0,1.0,1.0,0.5,0.4,514.0,0.0,0.1,0.0,0.0,0.020954298973083495,0.05946428775787353,0.9952602158918874,0.0196001132329305,4.7326087951660156e-05,0,a197eeba-f855-4036-9d01-1d5c27d57d05,20260814,ecs-strict,adverse-ecs-fanout,1,local-adverse-authority
6,10,6,10,1256,1.0,1.6666666666666667,6,6,6,1.0,0.6666666666666666,0.0,1.0,1.0,0.5,0.4,269.0,0.0,0.1,0.0,0.0,0.023888707160949707,0.03912649154663086,0.5199270706728429,0.021669824918111164,5.728006362915039e-05,0,07e89b81-aa06-42f6-b288-3c9912d223a2,20260814,ecs-strict,adverse-ecs-fanout,1,local-adverse-authority
6,9,6,9,768,1.0,1.5,6,6,6,1.0,0.5,0.0,1.0,1.0,0.4444444444444444,0.33333333333333337,30.0,0.0,0.1111111111111111,0.0,0.0,0.01879747708638509,0.03293523788452148,0.6026179219654612,0.016377846399943035,0.00047651926676432293,0,1bf85756-2402-45c1-a28b-56342b1facf7,20260814,ecs-strict,adverse-ecs-fanout,1,local-adverse-authority
6,10,6,10,952,1.0,1.6666666666666667,5,6,6,1.0,0.6666666666666666,0.0,1.0,1.0,0.5,0.4,226.0,0.0,0.1,0.0,0.0,0.020125818252563477,0.04233829975128174,0.628036221413074,0.016787131627400715,4.32133674621582e-05,0,9577de09-fc2b-4cd8-8461-7b847698ef0c,20260814,ecs-strict,adverse-ecs-fanout,1,local-adverse-authority
6,10,6,10,1096,1.0,1.6666666666666667,6,6,6,1.0,0.6666666666666666,0.0,1.0,1.0,0.4,0.4,300.0,0.0,0.1,0.0,0.0,0.026424622535705565,0.07407268285751333,1.1526130076312544,0.03278529644012451,5.2094459533691406e-05,0,26ed6856-2fee-464c-9df3-18dba5de80d2,20260814,ecs-strict,adverse-ecs-fanout,1,local-adverse-authority
6,10,6,10,1112,1.0,1.6666666666666667,6,6,6,1.0,0.6666666666666666,0.0,1.0,1.0,0.5,0.4,2.0,0.0,0.1,0.0,0.0,0.034321141242980954,0.0751228928565979,0.7261229558577564,0.028600176175435383,3.927946090698242e-05,0,cc0236e3-67ab-4348-85fc-cf6d9a0e4343,20260814,ecs-strict,adverse-ecs-fanout,1,local-adverse-authority
6,12,6,12,1098,1.0,2.0,6,6,6,1.0,1.0,0.0,1.0,1.0,0.5833333333333334,0.5,33.0,0.0,0.08333333333333333,0.0,0.0,0.02659207582473755,0.07757648229598998,0.9154630425701222,0.026061177253723145,4.3114026387532554e-05,0,9fd2177b-c5a2-4b6b-a94d-349619f6ce71,20260814,ecs-strict,adverse-ecs-fanout,1,local-adverse-authority
6,11,6,11,1114,1.0,1.8333333333333333,6,6,6,1.0,0.8333333333333334,0.0,1.0,1.0,0.5454545454545454,0.4545454545454546,293.0,0.0,0.09090909090909091,0.0,0.0,0.0205217491496693,0.04140496253967285,0.7643587915415392,0.018133242925008137,4.930496215820313e-05,0,3f1124bc-a177-4265-af58-a4b07cd52e12,20260814,ecs-strict,adverse-ecs-fanout,1,local-adverse-authority
6,12,6,12,1176,1.0,2.0,6,6,6,1.0,1.0,0.0,1.0,1.0,0.5833333333333334,0.5,18.0,0.0,0.08333333333333333,0.0,0.0,0.06931587060292561,0.22014685869216918,1.0504832772601147,0.06880418459574382,6.159146626790364e-05,0,42014bb1-3b01-4896-8ee3-6892f420afce,20260814,ecs-strict,adverse-ecs-fanout,1,local-adverse-authority
6,11,6,11,848,1.0,1.8333333333333333,6,6,6,1.0,0.8333333333333334,0.0,1.0,1.0,0.5454545454545454,0.4545454545454546,20.0,0.0,0.09090909090909091,0.0,0.0,0.02412646467035467,0.058573365211486816,0.7181437722900268,0.022429466247558594,0.000200653076171875,0,90b7e242-dbfe-4338-be4c-b0db92d3ef94,20260814,ecs-strict,adverse-ecs-fanout,1,local-adverse-authority
6,11,6,11,995,1.0,1.8333333333333333,6,6,6,1.0,0.8333333333333334,0.0,1.0,1.0,0.5454545454545454,0.4545454545454546,60.0,0.0,0.09090909090909091,0.0,0.0,0.03770559484308416,0.1616276502609253,1.5509919138510084,0.0349581241607666,6.0272216796875e-05,0,8eb34267-9025-49d3-861b-ee553688c0be,20260814,ecs-strict,adverse-ecs-fanout,1,local-adverse-authority
6,9,6,9,1368,1.0,1.5,6,6,6,1.0,0.5,0.0,1.0,1.0,0.4444444444444444,0.33333333333333337,268.0,0.0,0.1111111111111111,0.0,0.0,0.016587760713365342,0.028560447692871093,0.4824256368239818,0.01566902796427409,5.1180521647135414e-05,0,463461f2-8827-4863-8b67-0efbcdc976e8,20260814,ecs-strict,adverse-ecs-fanout,1,local-adverse-authority
6,10,6,10,968,1.0,1.6666666666666667,6,6,6,1.0,0.6666666666666666,0.0,1.0,1.0,0.5,0.4,300.0,0.0,0.1,0.0,0.0,0.025791072845458986,0.046057069301605226,0.5747570179275536,0.022266348203023274,4.285573959350586e-05,0,87e9daa5-3e46-446d-97ef-c361123a9cd0,20260814,ecs-strict,adverse-ecs-fanout,1,local-adverse-authority
6,11,6,11,1204,1.0,1.8333333333333333,6,6,6,1.0,0.8333333333333334,0.0,1.0,1.0,0.5454545454545454,0.4545454545454546,851.0,0.0,0.09090909090909091,0.0,0.0,0.02948693795637651,0.04444611072540283,0.4296981983069574,0.027664581934611004,4.8160552978515625e-05,0,c360ec4b-cfa2-4f22-aacb-f86dd1480c6c,20260814,ecs-strict,adverse-ecs-fanout,1,local-adverse-authority
6,11,6,11,1114,1.0,1.8333333333333333,6,6,6,1.0,0.8333333333333334,0.0,1.0,1.0,0.5454545454545454,0.4545454545454546,18000.0,0.0,0.09090909090909091,0.0,0.0,0.04318534244190563,0.1627427339553833,1.3151107809092886,0.038528005282084145,5.7744979858398435e-05,0,d08157c8-5f80-4ccd-b95a-3a04461f9360,20260814,ecs-strict,adverse-ecs-fanout,1,local-adverse-authority
6,9,6,9,873,1.0,1.5,6,6,6,1.0,0.5,0.0,1.0,1.0,0.4444444444444444,0.33333333333333337,300.0,0.0,0.1111111111111111,0.0,0.0,0.02392713228861491,0.07586584091186521,1.2290242993339293,0.028978904088338215,7.303555806477864e-05,0,6fee9dbe-9fbf-4fa9-9299-8cc05727be29,20260814,ecs-strict,adverse-ecs-fanout,1,local-adverse-authority
6,10,6,10,968,1.0,1.6666666666666667,6,6,6,1.0,0.6666666666666666,0.0,1.0,1.0,0.5,0.4,17147.0,0.0,0.1,0.0,0.0,0.1351541519165039,0.5586798548698415,2.030787731903949,0.19205065568288168,7.325410842895508e-05,0,f92f4c5f-728e-4d9e-a1b1-c5bac6529d02,20260814,ecs-strict,adverse-ecs-fanout,1,local-adverse-authority
6,11,6,11,967,1.0,1.8333333333333333,6,6,6,1.0,0.8333333333333334,0.0,1.0,1.0,0.5454545454545454,0.4545454545454546,300.0,0.0,0.09090909090909091,0.0,0.0,0.01030453768643466,0.012223124504089355,0.2150321559401376,0.00941479206085205,0.00015172958374023437,0,f00871ef-008a-42fc-b5b1-066c51fbc9c8,20260814,ecs-strict,adverse-ecs-fanout,1,local-adverse-authority
6,9,6,9,918,1.0,1.5,6,6,6,1.0,0.5,0.0,1.0,1.0,0.4444444444444444,0.33333333333333337,300.0,0.0,0.1111111111111111,0.0,0.0,0.023698806762695312,0.03903074264526367,0.5908311711160397,0.01827077070871989,6.333986918131511e-05,0,ef02963c-d320-4c93-aaca-0164b7654e48,20260814,ecs-strict,adverse-ecs-fanout,1,local-adverse-authority
6,12,6,12,978,1.0,2.0,6,6,6,1.0,1.0,0.0,1.0,1.0,0.5833333333333334,0.5,300.0,0.0,0.08333333333333333,0.0,0.0,0.023018916447957356,0.04857050180435181,0.7117168067660514,0.021410346031188965,4.124641418457031e-05,0,143cc7e0-151a-418b-b1c1-7b07e6ba9151,20260814,ecs-strict,adverse-ecs-fanout,1,local-adverse-authority
6,9,6,9,813,1.0,1.5,6,6,6,1.0,0.5,0.0,1.0,1.0,0.4444444444444444,0.33333333333333337,300.0,0.0,0.1111111111111111,0.0,0.0,0.01433926158481174,0.026429176330566403,0.5624233422816519,0.013737678527832031,3.123283386230469e-05,0,bd648fdc-760e-46fb-9ab9-f33b5f3bf8f0,20260814,ecs-strict,adverse-ecs-fanout,1,local-adverse-authority
6,10,6,10,904,1.0,1.6666666666666667,6,6,6,1.0,0.6666666666666666,0.0,1.0,1.0,0.5,0.4,300.0,0.0,0.1,0.0,0.0,0.01902787685394287,0.045770788192749025,0.7573999632698365,0.01559603214263916,3.248453140258789e-05,0,258de943-dbb1-4ae8-a3b0-aad2e679eef4,20260814,ecs-strict,adverse-ecs-fanout,1,local-adverse-authority
6,10,6,10,1032,1.0,1.6666666666666667,6,6,6,1.0,0.6666666666666666,0.0,1.0,1.0,0.5,0.4,300.0,0.0,0.1,0.0,0.0,0.02374083995819092,0.05465340614318848,0.7334330953848204,0.02180937925974528,5.996227264404297e-05,0,8ff9b776-e6cc-4277-9c35-2ac4c5fcae0e,20260814,ecs-strict,adverse-ecs-fanout,1,local-adverse-authority
6,12,6,12,1014,1.0,2.0,6,6,6,1.0,1.0,0.0,1.0,1.0,0.5833333333333334,0.5,300.0,0.0,0.08333333333333333,0.0,0.0,0.054040869077046715,0.22320704460144042,1.4483873068451063,0.05348904927571615,0.00012691815694173178,0,1de00679-9304-4466-9964-ba021f8f16f1,20260814,ecs-strict,adverse-ecs-fanout,1,local-adverse-authority
6,12,6,12,996,1.0,2.0,6,6,6,1.0,1.0,0.0,1.0,1.0,0.5833333333333334,0.5,300.0,0.0,0.08333333333333333,0.0,0.0,0.041616598765055336,0.08054903745651246,0.46968428914265137,0.04078948497772217,4.975001017252604e-05,0,87cbd4ff-2286-4878-801a-41ed644f279b,20260814,ecs-strict,adverse-ecs-fanout,1,local-adverse-authority
