episode_id,seed,policy,condition,label,pops_strict_flag,pops_permissive_flag,max_responses_in_1s,max_identical_group,pops_relaxed_min2_flag
d06eae4a-b64a-4a70-a2ac-49b52819f183,20260814,aggregate,benign-plain,0,0,0,1,1,0
e8d3b406-d034-485e-ab9e-db3136c8c168,20260814,aggregate,benign-plain,0,0,0,1,1,0
ffce955f-7b4c-47f7-b3cc-0a577f1f7818,20260814,aggregate,benign-plain,0,0,0,1,1,0
5d3cb609-b477-4802-84fc-07b708ce2208,20260814,aggregate,benign-plain,0,0,0,1,1,0
474e7080-58bd-4d2f-bae6-6fb4077df13c,20260814,aggregate,benign-plain,0,0,0,1,1,0
7d2c5640-0a5b-40cd-8533-4c75ea9c156e,20260814,aggregate,benign-plain,0,0,0,1,1,0
a28e1d69-5e0d-4134-a741-03ab3a752c9d,20260814,aggregate,benign-plain,0,0,0,1,1,0
3f2aeec4-66cd-4bb3-8fd8-fcd5792fbadf,20260814,aggregate,benign-plain,0,0,0,1,1,0
ae83ca41-a500-4bf5-af86-ddb5783e429f,20260814,aggregate,benign-plain,0,0,0,1,1,0
19823e6b-a70c-4c9b-ad5d-b66b3ced7728,20260814,aggregate,benign-plain,0,0,0,1,1,0
d4966697-62bd-4beb-8c10-107ab560ad98,20260814,aggregate,benign-plain,0,0,0,1,1,0
72e24fbb-3e90-4746-8053-db4ceee7378b,20260814,aggregate,benign-plain,0,0,0,1,1,0
d246e4e2-fa57-423d-b66f-2a00eb0eace8,20260814,aggregate,benign-plain,0,0,0,1,1,0
59090842-1d72-449d-9da8-1051486d2656,20260814,aggregate,benign-plain,0,0,0,1,1,0
df14d6f9-dbb9-4765-9747-9f762e8b3c97,20260814,aggregate,benign-plain,0,0,0,1,1,0
e3332550-6c3b-41ed-93d0-9c3da143e0cf,20260814,aggregate,benign-plain,0,0,0,1,1,0
38b1f353-5184-44f4-9735-0eb704074bf5,20260814,aggregate,benign-plain,0,0,0,1,1,0
1dad7914-fd6e-4e85-90a1-893dbae62409,20260814,aggregate,benign-plain,0,0,0,1,1,0
9749dbd4-cb7c-43da-86f9-9b44e61c5b77,20260814,aggregate,benign-plain,0,0,0,1,1,0
5a7d1d9c-2538-46ea-8021-2d64731f1ebf,20260814,aggregate,benign-plain,0,0,0,1,1,0
38c8385e-df1b-4321-9da5-333550c4d87d,20260814,aggregate,benign-plain,0,0,0,1,1,0
c85790be-6e11-48d7-a436-a02b5de3cba9,20260814,aggregate,benign-plain,0,0,0,1,1,0
a3fee400-9abc-46da-a255-a54dcaae4e96,20260814,aggregate,benign-plain,0,0,0,1,1,0
f39d15ff-9651-4f21-8e85-def967982558,20260814,aggregate,benign-plain,0,0,0,1,1,0
533e2136-7213-44d6-9702-3c8ee1c01cfa,20260814,aggregate,benign-plain,0,0,0,1,1,0
b3d8cc69-d4d6-4eea-96d6-d273a331aedf,20260814,aggregate,benign-plain,0,0,0,1,1,0
d1fbed62-f583-4554-992a-aae20184a374,20260814,aggregate,benign-plain,0,0,0,1,1,0
d5fd5283-573d-4eaa-aaa1-2105549e3baf,20260814,aggregate,benign-plain,0,0,0,1,1,0
6f1b3b8e-97d4-4bdf-8f2f-6bf04ead4f65,20260814,aggregate,benign-plain,0,0,0,1,1,0
3b16644d-1ab2-4fec-b868-e79d386ddde9,20260814,aggregate,benign-plain,0,0,0,1,1,0
271932c5-0316-4534-aa25-b67ed5dce289,20260814,aggregate,benign-plain,0,0,0,1,1,0
b19627d1-1a5f-4141-bf0c-388b41852e80,20260814,aggregate,benign-plain,0,0,0,1,1,0
5df899c6-00f9-482e-8ddb-1eb9a55c4916,20260814,aggregate,benign-plain,0,0,0,1,1,0
0eb79b7c-f23e-4e70-b379-8b3b21dc930d,20260814,aggregate,benign-plain,0,0,0,1,1,0
9e0cf6b4-adf5-4d99-ad9f-f2718795b874,20260814,aggregate,benign-plain,0,0,0,1,1,0
bf45d6d0-8c09-4865-ba04-f0501678d5e7,20260814,aggregate,benign-plain,0,0,0,1,1,0
84bcda29-66fa-4368-9ba2-2f7d4b0963ef,20260814,aggregate,benign-plain,0,0,0,1,1,0
36de84cf-cfe4-4ac2-8600-3e9b38a4e3f2,20260814,aggregate,benign-plain,0,0,0,1,1,0
78c88b26-5c24-4a33-af89-b5922db27ec5,20260814,aggregate,benign-plain,0,0,0,1,1,0
6142135b-c3b1-489e-a6c7-6c5b0788fbc9,20260814,aggregate,benign-plain,0,0,0,1,1,0
d33d6ed3-302d-4351-9368-7552d1d2e0c4,20260814,aggregate,benign-plain,0,0,0,1,1,0
b815e83f-cf60-4d65-ad97-47e2936ac86a,20260814,aggregate,benign-plain,0,0,0,1,1,0
0b8331ae-e62b-4414-98fe-f4b673bc591c,20260814,aggregate,benign-plain,0,0,0,1,1,0
1d468e22-c352-41f6-b884-1785e8d55eff,20260814,aggregate,benign-plain,0,0,0,1,1,0
812ab8af-3bc1-4ec0-b667-eadf6d6a4623,20260814,aggregate,benign-plain,0,0,0,1,1,0
62c55f5a-53b5-4779-ad4f-d93654b9ca39,20260814,aggregate,benign-plain,0,0,0,1,1,0
8a3a2752-44f6-48b9-a856-15026c95f3db,20260814,aggregate,benign-plain,0,0,0,1,1,0
4ed20cdc-229b-4715-8dbe-f5f758b67683,20260814,aggregate,benign-plain,0,0,0,1,1,0
b00ff10a-a20b-4401-86e5-698839bdbb31,20260814,aggregate,benign-plain,0,0,0,1,1,0
bf14ddcd-6b77-4de2-8ce1-c7b86fa654b6,20260814,aggregate,benign-plain,0,0,0,1,1,0
5b81de6b-937b-464a-8867-abb8f7214699,20260814,aggregate,benign-plain,0,0,0,1,1,0
c9c67151-a528-4638-bd00-1ef5ff88517a,20260814,aggregate,benign-plain,0,0,0,1,1,0
d6b09f42-96da-45e2-96de-dc2b5daa866d,20260814,aggregate,benign-plain,0,0,0,1,1,0
a58403c3-748f-4a75-b282-750f1310560b,20260814,aggregate,benign-plain,0,0,0,1,1,0
7ba024fe-1aac-4048-bd97-434ab6c705c1,20260814,aggregate,benign-plain,0,0,0,1,1,0
12e4bac0-da48-43e0-b114-53b8199f54f6,20260814,aggregate,benign-plain,0,0,0,1,1,0
c1cc69c4-a561-4dbc-acc2-f3dd061cb342,20260814,aggregate,benign-plain,0,0,0,1,1,0
996b6470-b93c-4f21-886b-bb126490df81,20260814,aggregate,benign-plain,0,0,0,1,1,0
49c4d72d-8cf6-43bd-8847-235038b9f87c,20260814,aggregate,benign-plain,0,0,0,1,1,0
a19bf86a-401c-47ee-9abf-65bbd388c0f5,20260814,aggregate,benign-plain,0,0,0,1,1,0
22bc7e6e-06b5-4adc-922f-a3205be631c8,20260814,aggregate,benign-plain,0,0,0,1,1,0
0a30b5cf-1e71-48cd-a69c-fa58f0af4a40,20260814,aggregate,benign-plain,0,0,0,1,1,0
8e9a6d74-4731-4427-b5dd-fec6a1e6a48d,20260814,aggregate,benign-plain,0,0,0,1,1,0
dec5ddf4-9aa8-4587-b206-eb54e2afd0af,20260814,aggregate,benign-plain,0,0,0,1,1,0
c5390ea4-ae6c-447f-ae6e-139e71e808b2,20260814,aggregate,benign-plain,0,0,0,1,1,0
7584289b-5844-4d05-bf0c-35c433271a9d,20260814,aggregate,benign-plain,0,0,0,1,1,0
8c631460-424c-4a7e-856c-04bc89d98fd2,20260814,aggregate,benign-plain,0,0,0,1,1,0
62830578-11ca-446a-a5d9-ff8af1a5af16,20260814,aggregate,benign-plain,0,0,0,1,1,0
88d0d2b5-bdf8-403e-b76c-68683a93cf5f,20260814,aggregate,benign-plain,0,0,0,1,1,0
d252a472-d237-4e1e-a59f-3c0845e8a00f,20260814,aggregate,benign-plain,0,0,0,1,1,0
094826e4-81d2-449d-90eb-9dc93ee8a4b1,20260814,aggregate,benign-plain,0,0,0,1,1,0
1910a7c2-82c5-4ea1-80cb-7d9f77e3d780,20260814,aggregate,benign-plain,0,0,0,1,1,0
a9e634fb-afc5-48be-925f-71453aca4b52,20260814,aggregate,benign-plain,0,0,0,1,1,0
c0a2ce58-e9f7-4124-8f05-83bd74209ecc,20260814,aggregate,benign-plain,0,0,0,1,1,0
b7d375f0-0bac-4081-b1ad-f6eab48ba6b5,20260814,aggregate,benign-plain,0,0,0,1,1,0
990ac8ee-ae33-4064-b9fb-909f34190164,20260814,aggregate,benign-plain,0,0,0,1,1,0
36e386c1-3753-4126-9416-2c12c70b6bea,20260814,aggregate,benign-plain,0,0,0,1,1,0
725a1125-b139-4d23-b238-0e253fb83ae6,20260814,aggregate,benign-plain,0,0,0,1,1,0
109c27bb-6cf6-428c-b927-82a518d49955,20260814,aggregate,benign-ecs-stable,0,0,0,1,1,0
138984c3-33de-4db8-b665-17b51d865def,20260814,aggregate,benign-plain,0,0,0,1,1,0
0a8d5b59-2127-4041-8d3f-fa4cda02e8e2,20260814,aggregate,benign-ecs-stable,0,0,0,1,1,0
9db9c889-93ce-438b-a674-092c0bb6df00,20260814,aggregate,benign-plain,0,0,0,1,1,0
aa4e91e0-739f-44db-8c45-d2e40478b98c,20260814,aggregate,benign-plain,0,0,0,1,1,0
2700ec02-00db-4566-a358-ed6369ca231d,20260814,aggregate,benign-ecs-stable,0,0,0,1,1,0
788250d9-d88a-44d1-be27-950a57985411,20260814,aggregate,benign-plain,0,0,0,1,1,0
fa525c31-5001-4b1c-8c17-8f5db4ca737d,20260814,aggregate,benign-ecs-stable,0,0,0,1,1,0
796831df-9271-4f9b-9534-4f5eff4fda65,20260814,aggregate,benign-ecs-stable,0,0,0,1,1,0
db14deb1-02e8-4ec5-b97f-20b2a661ec5e,20260814,aggregate,benign-plain,0,0,0,1,1,0
091861d6-af2b-47ae-97a5-6d3eb706dc85,20260814,aggregate,benign-plain,0,0,0,1,1,0
0aa376fd-a620-4faa-a2b9-287b965203f9,20260814,aggregate,benign-ecs-stable,0,0,0,1,1,0
426a23ca-9638-4c3d-b967-9950a7cfd988,20260814,aggregate,benign-plain,0,0,0,1,1,0
c5dadfbe-88f4-4fdf-b367-59c8abe45f40,20260814,aggregate,benign-plain,0,0,0,1,1,0
5b1f200e-a419-4698-8b39-b1c875a654b8,20260814,aggregate,benign-plain,0,0,0,1,1,0
f6ce6823-a52a-4e75-bf4f-2f6a6d2b0887,20260814,aggregate,benign-ecs-stable,0,0,0,1,1,0
fc1425cd-decf-4fee-865e-9fda56f282f3,20260814,aggregate,benign-ecs-stable,0,0,0,1,1,0
38c8badb-7bb0-46d2-8018-8b09194fd95b,20260814,aggregate,benign-plain,0,0,0,1,1,0
1b683c2b-6026-4548-ae16-69a4d90af71e,20260814,aggregate,benign-ecs-stable,0,0,0,1,1,0
ebec493a-7b82-4df2-8e2c-921228165909,20260814,aggregate,benign-ecs-stable,0,0,0,1,1,0
af91eff0-1cc2-45ab-8db7-39a368801010,20260814,aggregate,benign-ecs-stable,0,0,0,1,1,0
8d94ab90-f5fb-4d44-87b6-c1e55c931cf4,20260814,aggregate,benign-ecs-stable,0,0,0,1,1,0
9184cb02-d3ce-404e-b654-c44e24b961b5,20260814,aggregate,benign-ecs-stable,0,0,0,1,1,0
a544b840-c728-41db-8009-3bc53d0c82c9,20260814,aggregate,benign-plain,0,0,0,1,1,0
1c75f28c-436c-4b4f-b2d5-b1ccf0a23b45,20260814,aggregate,benign-ecs-stable,0,0,0,1,1,0
6f512147-01ac-4f07-a32c-4cfa3d32fa62,20260814,aggregate,benign-ecs-stable,0,0,0,1,1,0
23c9e4c5-99b3-41d0-bec6-78504a62e2db,20260814,aggregate,benign-ecs-stable,0,0,0,1,1,0
ccd4a5c5-3df0-44e3-92ca-f37c9fd98041,20260814,aggregate,benign-ecs-stable,0,0,0,1,1,0
6cdff06b-2e2e-4828-acd3-904cb153d299,20260814,aggregate,benign-ecs-stable,0,0,0,1,1,0
4c75beb2-4756-4c08-bac7-a044438d7c71,20260814,aggregate,benign-ecs-stable,0,0,0,1,1,0
ef802896-caa0-459e-9d5b-85e9dfccc6b9,20260814,aggregate,benign-ecs-stable,0,0,0,1,1,0
1bf35e52-d45c-4018-8d20-1de03e9d7bbe,20260814,aggregate,benign-ecs-stable,0,0,0,1,1,0
be0962f5-66d4-41c4-8241-5b7cad058010,20260814,aggregate,benign-ecs-stable,0,0,0,1,1,0
78013759-78c3-423d-a49e-b8c5041562fc,20260814,aggregate,benign-ecs-stable,0,0,0,1,1,0
fbc73318-0113-4256-9a12-683fc1a7ba0e,20260814,aggregate,benign-ecs-stable,0,0,0,1,1,0
eb339edf-450e-47d3-816c-21ea96c32ae2,20260814,aggregate,benign-ecs-stable,0,0,0,1,1,0
8d0215a6-4622-4be7-9d7c-be480b5b47bf,20260814,aggregate,benign-ecs-stable,0,0,0,1,1,0
05749409-89bf-4eb9-b428-895313b2057b,20260814,aggregate,benign-ecs-stable,0,0,0,1,1,0
d45910de-3e39-4915-abb5-0602ad0d428f,20260814,aggregate,benign-ecs-stable,0,0,0,1,1,0
11826263-34a8-4e21-848c-040cb3c3f6d9,20260814,aggregate,benign-ecs-stable,0,0,0,1,1,0
3be31b74-4cce-451a-ab53-6adc77a149e4,20260814,aggregate,benign-ecs-stable,0,0,0,1,1,0
117e623b-34aa-442a-988f-af46128b05a7,20260814,aggregate,benign-ecs-stable,0,0,0,1,1,0
d13db044-1afd-42fc-9f94-9dd9f8a05e0a,20260814,aggregate,benign-ecs-stable,0,0,0,1,1,0
c5eee764-8955-4408-9fcd-f440609b4136,20260814,aggregate,benign-ecs-stable,0,0,0,1,1,0
7e9a575e-8680-4731-b770-281069112cec,20260814,aggregate,benign-ecs-stable,0,0,0,1,1,0
3e3d3bcd-d147-4d01-89b1-f3b85f7d7f51,20260814,aggregate,benign-ecs-stable,0,0,0,1,1,0
7db413f9-58c9-44fc-9547-9858d397d824,20260814,aggregate,benign-ecs-stable,0,0,0,1,1,0
2889e5d6-831b-486c-b460-1d21db1a8054,20260814,aggregate,benign-ecs-stable,0,0,0,1,1,0
008c0026-7834-411e-b3ee-1c2868b84b56,20260814,aggregate,benign-ecs-stable,0,0,0,1,1,0
9fce848a-19cd-4efc-adb4-9685138f9baf,20260814,aggregate,benign-ecs-stable,0,0,0,1,1,0
c7b5cba4-22e3-45de-af5a-2b2f02463bd4,20260814,aggregate,benign-ecs-stable,0,0,0,1,1,0
6f27404f-87ac-4d7b-afdb-faadb9b12141,20260814,aggregate,benign-ecs-stable,0,0,0,1,1,0
daa7c2f1-e740-4912-b01f-4dfd3cbd892f,20260814,aggregate,benign-ecs-stable,0,0,0,1,1,0
1333522d-d4fe-4520-8e09-ed914a9aca67,20260814,aggregate,benign-ecs-stable,0,0,0,1,1,0
24e3d75d-cb89-441b-9266-20e2c54d781b,20260814,aggregate,benign-ecs-stable,0,0,0,1,1,0
b772d016-bbc2-4ac9-91ac-bc0a7e06ee0d,20260814,aggregate,benign-ecs-stable,0,0,0,1,1,0
c14c0d96-8acb-4fb9-9066-aed1284c094e,20260814,aggregate,benign-ecs-stable,0,0,0,1,1,0
842eca58-a2bf-4910-aa00-53a063d55ac4,20260814,aggregate,benign-ecs-stable,0,0,0,1,1,0
48f442f4-1bf9-4ebb-a333-875bbfd47cdb,20260814,aggregate,benign-ecs-stable,0,0,0,1,1,0
83095abb-0124-43af-87bf-59fe8a96b72d,20260814,aggregate,benign-ecs-stable,0,0,0,1,1,0
6537abdd-59a8-4b4d-b5ca-9569112d5a5c,20260814,aggregate,benign-ecs-stable,0,0,0,1,1,0
3b0ea26f-bf27-4bda-ab1e-2b630d7e2f1d,20260814,aggregate,benign-ecs-stable,0,0,0,1,1,0
a6953652-341c-4541-81a1-eab53b2b874c,20260814,aggregate,benign-ecs-stable,0,0,0,1,1,0
d30cc995-0a07-4070-854a-53327d3d5b3e,20260814,aggregate,benign-ecs-stable,0,0,0,1,1,0
60d72c3b-38ff-4b56-9c80-202dfdeee217,20260814,aggregate,benign-ecs-stable,0,0,0,1,1,0
311cf89a-f5cb-4dac-85f2-c41b3fbdf100,20260814,aggregate,benign-ecs-stable,0,0,0,1,1,0
71a2bcd3-2bba-4a5d-8392-b1d121fc2024,20260814,aggregate,benign-ecs-stable,0,0,0,1,1,0
955ae2c6-72c5-465d-82df-8e369736c0f7,20260814,aggregate,benign-ecs-stable,0,0,0,1,1,0
adb74189-e1ae-464d-9e36-9d93c538a8c9,20260814,aggregate,benign-ecs-stable,0,0,0,1,1,0
256e1fb0-0499-4adc-8145-bb31d2ef71ea,20260814,aggregate,benign-ecs-stable,0,0,0,1,1,0
370270fb-8179-4b27-8d95-65161682ba14,20260814,aggregate,benign-ecs-stable,0,0,0,1,1,0
47f17710-6da4-4a99-935e-dc18ea065004,20260814,aggregate,benign-ecs-stable,0,0,0,1,1,0
d4190a69-9699-416b-bcde-90bf78089cc1,20260814,aggregate,benign-ecs-stable,0,0,0,1,1,0
7f879adc-6d30-419f-be55-6e01827c9246,20260814,aggregate,benign-ecs-stable,0,0,0,1,1,0
7aa980e6-a41a-43d0-a712-a7f4ec0699d9,20260814,aggregate,benign-ecs-stable,0,0,0,1,1,0
86ee4cac-c3ae-467e-a840-59928bbb8bbb,20260814,aggregate,benign-ecs-stable,0,0,0,1,1,0
ddab0819-9881-40a2-ab21-21d525aaea21,20260814,aggregate,benign-ecs-stable,0,0,0,1,1,0
7163457a-5b9b-4077-942b-abd84f77399a,20260814,aggregate,benign-ecs-stable,0,0,0,1,1,0
fa16f77c-cd70-4a9b-8f70-fefca2aca2c9,20260814,aggregate,benign-ecs-stable,0,0,0,1,1,0
d42243e4-8d9f-48cb-a3ef-db263d1eb9ee,20260814,aggregate,benign-ecs-stable,0,0,0,1,1,0
0bd8217e-4f4c-49ba-91d9-c377e6f3c4d2,20260814,aggregate,benign-ecs-stable,0,0,0,1,1,0
c90d52d0-5898-452a-90c2-c7fe87eeb93e,20260814,aggregate,benign-ecs-stable,0,0,0,1,1,0
72fc7cca-ee3d-4f54-9419-d194b75eb9aa,20260814,aggregate,benign-ecs-stable,0,0,0,1,1,0
f398231d-992d-4dee-8baf-805fd75d6ce5,20260814,aggregate,benign-ecs-stable,0,0,0,1,1,0
bc08dd73-c000-494e-b172-48ec3b830647,20260814,aggregate,benign-ecs-stable,0,0,0,1,1,0
13ca3c40-7e7b-44cd-963e-1034472c1e8f,20260814,aggregate,benign-ecs-stable,0,0,0,1,1,0
b9b9c3da-b03a-4512-a391-cd079a217baf,20260814,aggregate,benign-ecs-stable,0,0,0,1,1,0
c5f518c1-7127-4d06-8705-0db2b599f5a5,20260814,aggregate,benign-ecs-stable,0,0,0,1,1,0
a0e62903-5164-4bbf-b8cd-2a200073fc6b,20260814,aggregate,benign-ecs-stable,0,0,0,1,1,0
7bf3dea8-8c9b-46a2-a4db-dc5aa601051c,20260814,aggregate,benign-ecs-stable,0,0,0,1,1,0
e1e773f1-a691-4598-a6e1-4beb9fb85152,20260814,aggregate,benign-ecs-stable,0,0,0,1,1,0
27d4f1c6-b59a-46e1-9f04-5a3f802f66e2,20260814,aggregate,benign-ecs-geo,0,0,0,1,1,0
3241fb9e-f207-4a8a-bbd5-200de74fa420,20260814,aggregate,benign-ecs-geo,0,0,0,1,1,0
b2f9447f-84ac-4280-ac94-2ae15de7698b,20260814,aggregate,benign-ecs-geo,0,0,0,1,1,0
6f2b82a1-df7a-4f4d-9b96-e47398d1fcf2,20260814,aggregate,benign-ecs-geo,0,0,0,1,1,0
26ed90e5-3d8d-4145-882a-f515b47cb169,20260814,aggregate,benign-ecs-geo,0,0,0,1,1,0
438e39b3-1ddf-4649-958d-d5eb371ebe15,20260814,aggregate,benign-ecs-stable,0,0,0,1,1,0
1dd75317-23c9-42a8-b4f0-e67c3efeb477,20260814,aggregate,benign-ecs-geo,0,0,0,1,1,0
2d7e16a4-226b-4b92-876f-0b5be78eb6b4,20260814,aggregate,benign-ecs-geo,0,0,0,1,1,0
dfb0a5c3-1ca3-419c-84b1-015f42a433e9,20260814,aggregate,benign-ecs-geo,0,0,0,1,1,0
dcc78f12-ad92-4c7f-8358-32a798a34976,20260814,aggregate,benign-ecs-stable,0,0,0,1,1,0
d7099f61-91e5-48c2-af95-f8e37d59ad5b,20260814,aggregate,benign-plain,0,0,0,1,1,0
7c2faaf1-6ecf-4b78-b46f-dbe2b808ce00,20260814,aggregate,benign-ecs-stable,0,0,0,1,1,0
37005bb7-dca4-44be-9b8c-460ed9c1d194,20260814,aggregate,benign-ecs-geo,0,0,0,1,1,0
6dc33c2d-8c2b-4264-ba3e-45a5723db801,20260814,aggregate,benign-ecs-geo,0,0,0,1,1,0
51c5dd51-13c5-4f6d-acb4-17cbcbc4ff80,20260814,aggregate,benign-ecs-stable,0,0,0,1,1,0
cee6afab-18c5-4f64-971f-0e18337b048a,20260814,aggregate,benign-ecs-stable,0,0,0,1,1,0
d55208b1-8594-4e8e-98f6-83663aac9b0a,20260814,aggregate,benign-ecs-geo,0,0,0,1,1,0
17362e1c-e8d9-488f-b3e0-52d54b443679,20260814,aggregate,benign-ecs-geo,0,0,0,1,1,0
7441a663-0295-41d6-bfaa-9b3b03a8f212,20260814,aggregate,benign-ecs-stable,0,0,0,1,1,0
304e5185-1fc4-4899-aaa9-f7e3a0cdae5a,20260814,aggregate,benign-ecs-stable,0,0,0,1,1,0
f2905bbe-cc50-4705-879e-09c90b500985,20260814,aggregate,benign-ecs-stable,0,0,0,1,1,0
c03ebb23-e2ac-43ff-ba0f-e0465fd86863,20260814,aggregate,benign-ecs-geo,0,0,0,1,1,0
b81ccd9c-3099-4e07-8236-0bfe020f6828,20260814,aggregate,benign-ecs-geo,0,0,0,1,1,0
3ae8aa3e-e300-4527-ab0b-b91eef9f8e47,20260814,aggregate,benign-ecs-stable,0,0,0,1,1,0
b8234215-c3e3-4fba-9f36-645eaf42a05b,20260814,aggregate,benign-ecs-stable,0,0,0,1,1,0
be9fd1a4-36e6-4c31-a44d-e2f5e83a8693,20260814,aggregate,benign-ecs-geo,0,0,0,1,1,0
3a4c31a9-af36-4ad7-bd77-b3190923a11e,20260814,aggregate,benign-ecs-geo,0,0,0,1,1,0
4ccd3e0a-d875-4dc1-bc43-e8bd08970ef7,20260814,aggregate,benign-ecs-geo,0,0,0,1,1,0
77124247-653b-4011-b429-699cada12714,20260814,aggregate,benign-ecs-geo,0,0,0,1,1,0
5fed8c7e-ac6d-484b-8d6a-a66b665389d9,20260814,aggregate,benign-ecs-geo,0,0,0,1,1,0
6803fad3-7413-4566-9d29-d78b8c31be3e,20260814,aggregate,benign-ecs-geo,0,0,0,1,1,0
0de072b7-7db4-409e-980e-cfd85628387d,20260814,aggregate,benign-ecs-geo,0,0,0,1,1,0
0fcae0e3-6de0-4aae-8ef3-369976ea8065,20260814,aggregate,benign-ecs-geo,0,0,0,1,1,0
faba60fe-fd90-42e0-acf0-79c661c53741,20260814,aggregate,benign-ecs-geo,0,0,0,1,1,0
d8f3922f-90ae-48c6-a33a-8c8cf8e08081,20260814,aggregate,benign-ecs-geo,0,0,0,1,1,0
4afa9ff9-6c65-48cb-aa30-8a71bf6aa94e,20260814,aggregate,benign-ecs-geo,0,0,0,1,1,0
617ca97a-050a-40fe-ba5c-7809a4a7af48,20260814,aggregate,benign-ecs-geo,0,0,0,1,1,0
10429d7b-188c-4266-8980-6e1be1593131,20260814,aggregate,benign-ecs-geo,0,0,0,1,1,0
0eaa8a85-b9b1-4a92-ba06-e68d46ba8eb7,20260814,aggregate,benign-ecs-geo,0,0,0,1,1,0
5ff6718d-bba9-4ffd-b8b0-1ad22b2f2355,20260814,aggregate,benign-ecs-geo,0,0,0,1,1,0
633d973b-0565-4229-bd61-a21c7c3145b1,20260814,aggregate,benign-ecs-geo,0,0,0,1,1,0
3cab46d0-1592-45b6-b826-f03345bc3a78,20260814,aggregate,benign-ecs-geo,0,0,0,1,1,0
cd504680-7b51-42d5-ac2c-bda962984c9f,20260814,aggregate,benign-ecs-geo,0,0,0,1,1,0
d87dbfc1-fc07-4528-869b-01098e3779c5,20260814,aggregate,benign-ecs-geo,0,0,0,1,1,0
248528a7-6f89-45a8-a96c-03344da559a1,20260814,aggregate,benign-ecs-geo,0,0,0,1,1,0
5b655adf-6910-41c5-bbbe-b5a35c5c150b,20260814,aggregate,benign-ecs-geo,0,0,0,1,1,0
97b810cb-5e5e-4615-8442-cde31bb07eef,20260814,aggregate,benign-ecs-geo,0,0,0,1,1,0
79cb3518-b163-41f7-8a34-04fec3e03039,20260814,aggregate,benign-ecs-geo,0,0,0,1,1,0
74b87240-288c-4b4d-ae92-43ee0495c271,20260814,aggregate,benign-ecs-geo,0,0,0,1,1,0
94bb7f81-f1ad-4294-9c78-4023a6f8ddbf,20260814,aggregate,benign-ecs-geo,0,0,0,1,1,0
a31edc55-1b9d-460c-afe2-c4cc76a656e4,20260814,aggregate,benign-ecs-geo,0,0,0,1,1,0
8c3e9951-bbd2-4a64-af30-255fb4c356df,20260814,aggregate,benign-ecs-geo,0,0,0,1,1,0
ed11b692-0f93-4bfa-b044-daf6bdd729f4,20260814,aggregate,benign-ecs-geo,0,0,0,1,1,0
eede9c71-94c8-4b49-9bad-556c361c3953,20260814,aggregate,benign-ecs-geo,0,0,0,1,1,0
89a7162b-c15b-43b8-9fba-22f1d2137b9b,20260814,aggregate,benign-ecs-geo,0,0,0,1,1,0
c1e27896-c3d1-4f6d-a70c-fe742b2f0a5e,20260814,aggregate,benign-ecs-geo,0,0,0,1,1,0
2274c2b0-8b8c-4550-be1d-d97dedc62ca7,20260814,aggregate,benign-ecs-geo,0,0,0,1,1,0
69ead58c-9576-4fd1-8442-87ebc64cad58,20260814,aggregate,benign-ecs-geo,0,0,0,1,1,0
03d4aa2a-4d67-48bb-9a06-2cd997c092c4,20260814,aggregate,benign-ecs-geo,0,0,0,1,1,0
f61f4714-e655-4150-9e44-8e6ca8b90609,20260814,aggregate,benign-ecs-geo,0,0,0,1,1,0
f836464d-1191-43c4-8bf5-3e113ae9900b,20260814,aggregate,benign-ecs-geo,0,0,0,1,1,0
c0847fa3-d815-422f-8b70-1eb9ae76d48d,20260814,aggregate,benign-ecs-geo,0,0,0,1,1,0
7f954d04-b5f0-45ec-9a3d-86c3e82e04a3,20260814,aggregate,benign-ecs-geo,0,0,0,1,1,0
2d4c5f7b-6315-44e4-b730-0cd027fc449a,20260814,aggregate,benign-ecs-geo,0,0,0,1,1,0
25c77426-e7ac-4f64-8b47-258f5984fca2,20260814,aggregate,benign-ecs-geo,0,0,0,1,1,0
576bf658-2412-4626-9366-913963d7130b,20260814,aggregate,benign-ecs-geo,0,0,0,1,1,0
5fe1f0a8-848c-487c-a01b-2526625f9eda,20260814,aggregate,benign-ecs-geo,0,0,0,1,1,0
d7b53889-6e42-4f41-a71d-b78e647db0b3,20260814,aggregate,benign-ecs-geo,0,0,0,1,1,0
62be7eda-4883-46ac-adfc-b0b64545350b,20260814,aggregate,benign-ecs-geo,0,0,0,1,1,0
fe5cd173-0f0e-4c34-bdee-65bf43d3fa11,20260814,aggregate,benign-ecs-geo,0,0,0,1,1,0
6303dd2a-02ea-4e4d-9649-ec0079511d7f,20260814,aggregate,benign-ecs-geo,0,0,0,1,1,0
32484973-6540-4f8f-a946-2a2b346d38e8,20260814,aggregate,benign-ecs-geo,0,0,0,1,1,0
e5d791b5-29e9-4556-b168-fc0adb403f71,20260814,aggregate,benign-ecs-geo,0,0,0,1,1,0
6afe11d7-b667-44f4-8394-ed115a3c48b8,20260814,aggregate,benign-ecs-geo,0,0,0,1,1,0
8f38f255-84e2-41b3-8449-fa53cd360149,20260814,aggregate,benign-ecs-geo,0,0,0,1,1,0
64d183ce-c74c-4b2b-8820-3436be53a627,20260814,aggregate,benign-ecs-geo,0,0,0,1,1,0
b2559592-12f1-4489-bd86-ec549bccb625,20260814,aggregate,benign-ecs-geo,0,0,0,1,1,0
057169c5-4c87-45aa-9cb6-88830822f2e9,20260814,aggregate,benign-ecs-geo,0,0,0,1,1,0
e5d29ba1-fa86-4f43-8e3d-66fc8b4e0fe6,20260814,aggregate,benign-ecs-geo,0,0,0,1,1,0
3a10eaa2-7057-47e4-858f-438538085dfe,20260814,aggregate,benign-ecs-geo,0,0,0,1,1,0
0fb960b2-eae4-46a6-a697-c6f0d0245045,20260814,aggregate,benign-ecs-geo,0,0,0,1,1,0
36154e4e-c339-4484-bd80-6bcfab12c8a1,20260814,aggregate,benign-ecs-geo,0,0,0,1,1,0
a9e7f77f-43e9-4b9a-a1a4-3bb0f362e16f,20260814,aggregate,benign-ecs-geo,0,0,0,1,1,0
8895f2d2-bf93-4e7d-8418-21c7d7426be6,20260814,aggregate,benign-ecs-geo,0,0,0,1,1,0
6f014941-eaa9-4cd8-8009-94dacc06d875,20260814,aggregate,benign-ecs-geo,0,0,0,1,1,0
0818044c-a808-43fa-abb7-a34e31ef6a8c,20260814,aggregate,benign-ecs-geo,0,0,0,1,1,0
134db959-7dbe-4b7d-a655-411037f7ce99,20260814,aggregate,benign-ecs-geo,0,0,0,1,1,0
f885fa7c-c6b6-4320-9e82-8640bb8da615,20260814,aggregate,benign-ecs-geo,0,0,0,1,1,0
deb1f175-4130-4640-bfa6-bf1b9367d10d,20260814,aggregate,benign-ecs-geo,0,0,0,1,1,0
369c870b-c6ad-48a5-a860-ddcaefa16fcb,20260814,aggregate,benign-ecs-geo,0,0,0,1,1,0
01493f2e-226d-4297-82d2-033e7d3eab0f,20260814,aggregate,benign-ecs-geo,0,0,0,1,1,0
55546ad6-d228-4d1b-b255-b6cf572380ab,20260814,aggregate,benign-ecs-geo,0,0,0,1,1,0
eb3750ee-603a-42bc-bb06-a417d43ec0f9,20260814,aggregate,benign-ecs-geo,0,0,0,1,1,0
cab43b22-34d1-450e-bc9d-03cf92c3b73a,20260814,aggregate,benign-ecs-geo,0,0,0,1,1,0
9e093292-79e9-4aae-a552-d40048e2c2ac,20260814,aggregate,benign-ecs-geo,0,0,0,1,1,0
bd280504-4c4a-4981-b282-29f0fe9dffaf,20260814,aggregate,benign-burst,0,0,0,1,1,0
271a6203-d882-4b86-95b3-8d36e0652090,20260814,aggregate,benign-burst,0,0,0,1,1,0
fdfabd4a-22c0-4382-b955-19118813ad0b,20260814,aggregate,benign-ecs-geo,0,0,0,1,1,0
8556ed05-b6bf-4dd6-93c4-551cb161628d,20260814,aggregate,benign-burst,0,0,0,1,1,0
63470908-dac0-40b4-9fa5-bf1cb530b932,20260814,aggregate,benign-burst,0,0,0,1,1,0
6c245777-ad9e-4989-97a8-7d50010481f9,20260814,aggregate,benign-ecs-geo,0,0,0,1,1,0
a068ddb3-f90b-46d8-b86b-3f6478031121,20260814,aggregate,benign-burst,0,0,0,1,1,0
dfba2f9e-903b-4201-b4df-e74209ce5f1e,20260814,aggregate,benign-burst,0,0,0,1,1,0
2ca4307e-3144-4dea-82ab-7e158abe7960,20260814,aggregate,benign-burst,0,0,0,1,1,0
735976b2-fab8-47de-abee-5a13c9621b3e,20260814,aggregate,benign-burst,0,0,0,1,1,0
4d4ebbe7-150c-4229-92d5-6a05c8741bdd,20260814,aggregate,benign-burst,0,0,0,1,1,0
199d01f9-eb34-4760-9a9f-36dfe7cbe1f6,20260814,aggregate,benign-ecs-geo,0,0,0,1,1,0
d33aaf25-0002-4b2d-bf6f-92c7437c1f8b,20260814,aggregate,benign-ecs-geo,0,0,0,1,1,0
07683256-c46f-47e0-8309-ba50e1f871e8,20260814,aggregate,benign-burst,0,0,0,1,1,0
380bc4ba-fceb-4ee7-9889-5814a20753de,20260814,aggregate,benign-burst,0,0,0,1,1,0
945af971-d795-4e1f-b80f-aadde8af6426,20260814,aggregate,benign-burst,0,0,0,1,1,0
c4bcb594-773e-4a20-8794-1cf72a9e1aa1,20260814,aggregate,benign-burst,0,0,0,1,1,0
2e5f3cc3-9a95-4634-953e-16d9fbe1a275,20260814,aggregate,benign-burst,0,0,0,1,1,0
c828641b-c4bf-4bfa-955e-82eb61cd269d,20260814,aggregate,benign-burst,0,0,0,1,1,0
41841724-3f28-4ae2-8d9f-98a07dba8d98,20260814,aggregate,benign-burst,0,0,0,1,1,0
4f08cbef-3ddf-4cc2-8bb4-02f4e6c326fe,20260814,aggregate,benign-burst,0,0,0,1,1,0
e2901472-7d0d-4a80-bcb9-f80e2b8011d7,20260814,aggregate,benign-burst,0,0,0,1,1,0
f6311a73-a8e8-4900-ae34-b1386a4615d1,20260814,aggregate,benign-burst,0,0,0,1,1,0
9f1da30e-2950-4e3a-a9eb-b88a82f6729b,20260814,aggregate,benign-ecs-geo,0,0,0,1,1,0
14fca55e-133e-414b-880d-7e3ea56a82f2,20260814,aggregate,benign-burst,0,0,0,1,1,0
34da8f2d-e073-4d1e-be74-33a0ae75dd5b,20260814,aggregate,benign-burst,0,0,0,1,1,0
a9f57d75-fbee-4d3e-bd22-9fe37603858d,20260814,aggregate,benign-burst,0,0,0,1,1,0
54d95df2-be69-4a14-9b19-00698f1e8a53,20260814,aggregate,benign-burst,0,0,0,1,1,0
b6256c66-bae8-48ec-a5f5-3f7612e5e1a3,20260814,aggregate,benign-ecs-geo,0,0,0,1,1,0
b2c8528f-68ed-41fe-83ca-b9f9b36ea79b,20260814,aggregate,benign-burst,0,0,0,1,1,0
063f52bb-10e7-4158-8601-4fae1c08b3ed,20260814,aggregate,benign-burst,0,0,0,1,1,0
43587f21-465a-4c78-8474-74f8d23f4b3a,20260814,aggregate,benign-burst,0,0,0,1,1,0
084188c1-5007-4a80-aee5-f7784eb75efd,20260814,aggregate,benign-burst,0,0,0,1,1,0
6bab007d-9dd8-4054-b533-8168faece978,20260814,aggregate,benign-burst,0,0,0,1,1,0
814bee0f-6016-491c-acb9-4c8c1d34d6a2,20260814,aggregate,benign-burst,0,0,0,1,1,0
b87fc8ab-a2b3-449a-8698-3149f0a10cdf,20260814,aggregate,benign-burst,0,0,0,1,1,0
f394bde2-f1d1-4b0c-959e-d87a36f62114,20260814,aggregate,benign-burst,0,0,0,1,1,0
1a3e44e1-928e-460d-a7ce-a26af16f1347,20260814,aggregate,benign-burst,0,0,0,1,1,0
b8b42f7c-3f4c-45b3-bb93-f817fe3e377e,20260814,aggregate,benign-burst,0,0,0,1,1,0
a38253d3-3ec9-4c71-a719-87039360033b,20260814,aggregate,benign-burst,0,0,0,1,1,0
170abd97-1910-4e26-895e-0e4a8efd731b,20260814,aggregate,benign-burst,0,0,0,1,1,0
3290d47f-1ae8-42f6-9435-7367d3d98dd0,20260814,aggregate,benign-burst,0,0,0,1,1,0
8099d40d-95c9-4b7a-a7ce-21b6d4f6704e,20260814,aggregate,benign-burst,0,0,0,1,1,0
53c38e56-6b94-4136-b2d4-249637514640,20260814,aggregate,benign-burst,0,0,0,1,1,0
3b186eb0-cf0c-417e-85f8-6fdb7b63a055,20260814,aggregate,benign-burst,0,0,0,1,1,0
4640cd56-03f9-4e93-8cea-20beed555cd7,20260814,aggregate,benign-burst,0,0,0,1,1,0
aab3b1a7-ecc2-4498-af33-55607a7611f3,20260814,aggregate,benign-burst,0,0,0,1,1,0
96ce6885-1c99-49e4-9c24-6c677ecb0158,20260814,aggregate,benign-burst,0,0,0,1,1,0
b8fe4187-db41-4f0e-8638-640c3aebc6b1,20260814,aggregate,benign-burst,0,0,0,1,1,0
9f0c4bc6-e5ae-4aab-bdc1-50b3c0f7e0db,20260814,aggregate,benign-burst,0,0,0,1,1,0
154d960a-de9f-4097-9739-d54150da4c5a,20260814,aggregate,benign-burst,0,0,0,1,1,0
f1dfad16-8192-4bd5-8d9f-024ae311f1e1,20260814,aggregate,benign-burst,0,0,0,1,1,0
4068923d-c146-4b61-abdf-198db09b556e,20260814,aggregate,benign-burst,0,0,0,1,1,0
63a83f31-cdcb-45f7-b301-85db642e0caa,20260814,aggregate,benign-burst,0,0,0,1,1,0
cb60209e-0b6d-49ee-86f5-a870c4229e20,20260814,aggregate,benign-burst,0,0,0,1,1,0
3cf7e1c6-0e6a-4393-8eee-fbc6e48b035e,20260814,aggregate,benign-burst,0,0,0,1,1,0
212e9a33-fadd-4b2d-b9d8-82dd509297c4,20260814,aggregate,benign-burst,0,0,0,1,1,0
9ea3fb33-3149-442c-b43f-7691f0ec8621,20260814,aggregate,benign-burst,0,0,0,1,1,0
14b51788-77ac-40eb-b883-2b3ea80aa904,20260814,aggregate,benign-burst,0,0,0,1,1,0
44300bbc-1c60-4d9b-af11-5dd1159bc86a,20260814,aggregate,benign-burst,0,0,0,1,1,0
4daa73bb-0bc5-498e-9073-3f4c86e138d9,20260814,aggregate,benign-burst,0,0,0,1,1,0
6308c3f8-8a5d-47e7-a098-3f60ef9ff2ab,20260814,aggregate,benign-burst,0,0,0,1,1,0
41bc9d32-1d29-4477-980b-51624919c7c9,20260814,aggregate,benign-burst,0,0,0,1,1,0
e236f54a-d235-473f-a13d-697834367db7,20260814,aggregate,benign-burst,0,0,0,1,1,0
fef62086-d11f-4595-8f75-e3e02e65297c,20260814,aggregate,benign-burst,0,0,0,1,1,0
5352192c-b732-4cdd-8ee6-02e37cf989f4,20260814,aggregate,benign-burst,0,0,0,1,1,0
4d536d46-8552-4585-b5c0-185f7e20ed2d,20260814,aggregate,benign-burst,0,0,0,1,1,0
9aa61067-dff7-4420-b046-f6dcff0c91e9,20260814,aggregate,benign-burst,0,0,0,1,1,0
9e49c63c-8e3b-45f4-887f-908305116ee2,20260814,aggregate,benign-burst,0,0,0,1,1,0
99b69a8f-1be7-4197-82b3-d5d992af4c29,20260814,aggregate,benign-burst,0,0,0,1,1,0
8a835e80-cfe0-413d-9cb2-64fddcfcb02b,20260814,aggregate,benign-burst,0,0,0,1,1,0
42bb9c61-5b28-4657-aeb9-bdd909ffe598,20260814,aggregate,benign-burst,0,0,0,1,1,0
ac864a4e-a60a-4c21-ac06-5996e2d1a834,20260814,aggregate,benign-burst,0,0,0,1,1,0
06f15853-0442-488a-921b-c25b39c9c7e1,20260814,aggregate,benign-burst,0,0,0,1,1,0
e1c60aee-c5ab-4804-a932-85cbf4b4a8ad,20260814,aggregate,benign-burst,0,0,0,1,1,0
0bad670d-a814-4d84-bfb4-2e05ed18e395,20260814,aggregate,benign-burst,0,0,0,1,1,0
16e7f57d-72d9-4ead-b9ce-5363bda800a8,20260814,aggregate,benign-burst,0,0,0,1,1,0
4683eb3c-7872-4f06-a369-8b58f8564a0e,20260814,aggregate,benign-burst,0,0,0,1,1,0
759a0d67-e088-4cc0-92f2-796dbb45c2ff,20260814,aggregate,benign-burst,0,0,0,1,1,0
fc9d6e19-1b5b-41bc-b5bf-8b212bf6b656,20260814,aggregate,benign-burst,0,0,0,1,1,0
8226e3e6-55d1-451c-a44d-adce8bd3b1fa,20260814,aggregate,benign-burst,0,0,0,1,1,0
275e724b-64de-475d-9173-f249f83cbd98,20260814,aggregate,benign-burst,0,0,0,1,1,0
383cd009-bed7-4d06-bb09-6c25c17d9935,20260814,aggregate,benign-burst,0,0,0,1,1,0
32d262d9-c49c-4e5f-a09c-dd7fc223d384,20260814,aggregate,benign-burst,0,0,0,1,1,0
a50ee450-2f9c-4e5b-8e44-01d1c7e6ea57,20260814,aggregate,benign-burst,0,0,0,1,1,0
5267c222-dc6a-429d-b21a-e213bcd6fdc6,20260814,aggregate,benign-burst,0,0,0,1,1,0
1f4b75c0-34ab-454e-aa7f-f5575560a8b0,20260814,aggregate,benign-burst,0,0,0,1,1,0
490f80da-1c79-4bfc-8720-0065a946ab7e,20260814,aggregate,benign-burst,0,0,0,1,1,0
1910dd0c-c23b-4f51-85f9-ba57a776e62e,20260814,aggregate,adverse-ecs-omit,1,0,0,1,1,0
d93579ea-aa00-4902-8d81-40ace5be0dfe,20260814,aggregate,benign-burst,0,0,0,1,1,0
051572d8-ba16-4789-9de7-a8b58d457981,20260814,aggregate,benign-burst,0,0,0,1,1,0
56d83203-793c-4d81-aba3-e3ed003df616,20260814,aggregate,adverse-ecs-omit,1,0,0,1,1,0
f5f802d9-2221-44d8-a1d9-5396679c9da8,20260814,aggregate,adverse-ecs-omit,1,0,0,1,1,0
3c65fc00-8b8a-4647-a60d-0d695f70902e,20260814,aggregate,adverse-ecs-omit,1,0,0,1,1,0
e5f1f2fb-d8fb-4ad7-b52c-804882a0c508,20260814,aggregate,benign-burst,0,0,0,1,1,0
e9bb16bb-38e4-4518-be11-37209423d731,20260814,aggregate,adverse-ecs-omit,1,0,0,1,1,0
450c707b-1eda-459a-ab4f-41b175922081,20260814,aggregate,benign-burst,0,0,0,1,1,0
0e2feb78-7001-4df3-9da0-3eb05a7368b0,20260814,aggregate,benign-burst,0,0,0,1,1,0
f9cf39a1-a458-4248-a399-7995cef85b45,20260814,aggregate,adverse-ecs-omit,1,0,0,1,1,0
98b07f3b-e8f3-49e6-bd02-6405d4729e7b,20260814,aggregate,adverse-ecs-omit,1,0,0,1,1,0
22fbe069-0f87-4b5b-8709-83b82819326c,20260814,aggregate,adverse-ecs-omit,1,0,0,1,1,0
6c0c6541-a86f-4e09-9230-f9833724f2b7,20260814,aggregate,adverse-ecs-omit,1,0,0,1,1,0
d640e433-d61b-4969-900a-168c99543df3,20260814,aggregate,adverse-ecs-omit,1,0,0,1,1,0
b1e62c4f-e353-420f-832d-9aa123a69af3,20260814,aggregate,benign-burst,0,0,0,1,1,0
d5efd7c8-530a-4ae1-b0f6-95c3ec624e0a,20260814,aggregate,adverse-ecs-omit,1,0,0,1,1,0
ea71bd6e-2e4d-4bca-944c-45fee8f6bf0d,20260814,aggregate,adverse-ecs-omit,1,0,0,1,1,0
aa7297b6-5b4a-4a01-a057-09fb1d05576f,20260814,aggregate,adverse-ecs-omit,1,0,0,1,1,0
bd7a585a-3559-4c2f-94e2-f4b31b5c6c7c,20260814,aggregate,adverse-ecs-omit,1,0,0,1,1,0
20fb3484-42ea-44c1-8c06-0e9512202210,20260814,aggregate,adverse-ecs-omit,1,0,0,1,1,0
fd749679-8d7a-4c38-8fa8-08f1ea8102f8,20260814,aggregate,adverse-ecs-omit,1,0,0,1,1,0
774bfd3b-59a6-4950-b06e-209ae8825275,20260814,aggregate,adverse-ecs-omit,1,0,0,1,1,0
daadf340-a896-43e3-92cc-3c5884976e66,20260814,aggregate,adverse-ecs-omit,1,0,0,1,1,0
7a174482-5c69-4a52-8332-88ba870bb029,20260814,aggregate,adverse-ecs-omit,1,0,0,1,1,0
2ec2d15d-89c6-490c-92c8-369f08705220,20260814,aggregate,adverse-ecs-omit,1,0,0,1,1,0
bd0d58d6-1f7b-4f2e-bb79-50f4c9e3510e,20260814,aggregate,adverse-ecs-omit,1,0,0,1,1,0
1ff3480b-ca72-40e7-86bf-f23ff0c469b6,20260814,aggregate,adverse-ecs-omit,1,0,0,1,1,0
7a8865af-73e5-4619-b857-ee2a0a150a43,20260814,aggregate,adverse-ecs-omit,1,0,0,1,1,0
cb7e6516-8a7a-4f7a-9ca1-761866a97efb,20260814,aggregate,adverse-ecs-omit,1,0,0,1,1,0
c49a68fd-bd31-47db-8784-1fdfea0b2961,20260814,aggregate,benign-burst,0,0,0,1,1,0
2d2d7662-9cd9-4901-bcdd-66de1efccd1b,20260814,aggregate,adverse-ecs-omit,1,0,0,1,1,0
f3f23772-9e91-4bad-a1d2-f67844a50bc5,20260814,aggregate,adverse-ecs-omit,1,0,0,1,1,0
786b2d5f-1fc1-4f6a-87e2-89a6e49cb722,20260814,aggregate,adverse-ecs-omit,1,0,0,1,1,0
60a4831d-cf16-4d1f-9af8-80250542ed66,20260814,aggregate,adverse-ecs-omit,1,0,0,1,1,0
f0f43b62-d15b-494e-984b-ee6922435fe4,20260814,aggregate,adverse-ecs-omit,1,0,0,1,1,0
cc621122-5aa8-4ed0-bdaa-b35d41d9b8d4,20260814,aggregate,adverse-ecs-omit,1,0,0,1,1,0
c7ac36c6-a2fe-41eb-89b6-cce9a17ca645,20260814,aggregate,adverse-ecs-omit,1,0,0,1,1,0
d4200bb2-9a23-4c9f-961d-0a4989eb0346,20260814,aggregate,adverse-ecs-omit,1,0,0,1,1,0
58d1d294-593f-4132-a069-f4389261453f,20260814,aggregate,adverse-ecs-omit,1,0,0,1,1,0
8745cc13-1890-4140-bc41-b0a48948162c,20260814,aggregate,adverse-ecs-omit,1,0,0,1,1,0
21efef04-33a0-4baf-8dc0-57e7ff7feff3,20260814,aggregate,adverse-ecs-omit,1,0,0,1,1,0
b6443289-a1e9-4d24-9136-54a8325c9662,20260814,aggregate,adverse-ecs-omit,1,0,0,1,1,0
1b9054e8-136c-4ad3-b430-bfcb03ee3341,20260814,aggregate,adverse-ecs-omit,1,0,0,1,1,0
303ef6f7-6114-4f39-84b2-4f335ea6b732,20260814,aggregate,adverse-ecs-omit,1,0,0,1,1,0
06067ea1-cc32-4c35-8391-88a3dd3b83b5,20260814,aggregate,adverse-ecs-omit,1,0,0,1,1,0
e6738f28-3c1e-48d6-bae0-ad26ef1f4daa,20260814,aggregate,adverse-ecs-omit,1,0,0,1,1,0
6dbd3412-7738-41c2-9b21-9c8cc2a10def,20260814,aggregate,adverse-ecs-omit,1,0,0,1,1,0
ee10f494-cafb-43ed-b49f-a5493056c924,20260814,aggregate,adverse-ecs-omit,1,0,0,1,1,0
5623716e-17ad-47e2-ae3e-fc65042b2e31,20260814,aggregate,adverse-ecs-omit,1,0,0,1,1,0
c47c136b-9ee9-4849-8cdc-2ade8a662870,20260814,aggregate,adverse-ecs-omit,1,0,0,1,1,0
fe171114-11a4-424a-bf80-81916c04467d,20260814,aggregate,adverse-ecs-omit,1,0,0,1,1,0
cd1f4f8d-05a5-4131-91ba-1eebc18d32cd,20260814,aggregate,adverse-ecs-omit,1,0,0,1,1,0
a6108baf-c39a-4096-a744-a8743c14d143,20260814,aggregate,adverse-ecs-omit,1,0,0,1,1,0
e96db27a-5618-40ba-811b-437ab61cb7ac,20260814,aggregate,adverse-ecs-omit,1,0,0,1,1,0
fd127695-b7c8-4990-9f78-4e79602abe79,20260814,aggregate,adverse-ecs-omit,1,0,0,1,1,0
185b33c3-2ccc-407a-bd3f-cdc84155f858,20260814,aggregate,adverse-ecs-omit,1,0,0,1,1,0
732c6213-c62f-4e13-b330-4e38503a6896,20260814,aggregate,adverse-ecs-omit,1,0,0,1,1,0
b9660f12-f36b-447c-b883-e026be88b0bb,20260814,aggregate,adverse-ecs-omit,1,0,0,1,1,0
cbaf6b3a-7462-4d0d-aa9c-1beebdfe7f25,20260814,aggregate,adverse-ecs-omit,1,0,0,1,1,0
a407dd04-2ed6-4fbc-af09-1e8247bbb4f0,20260814,aggregate,adverse-ecs-omit,1,0,0,1,1,0
556f7ee4-c257-4efb-90a2-8b40caa281fd,20260814,aggregate,adverse-ecs-omit,1,0,0,1,1,0
89d1a694-bb50-43f5-88f4-3dd34db1546c,20260814,aggregate,adverse-ecs-omit,1,0,0,1,1,0
ba5982a2-d4a8-4b2d-859e-660ba6c0baab,20260814,aggregate,adverse-ecs-omit,1,0,0,1,1,0
08afdcce-b49d-437c-92cd-c7c2354e7b36,20260814,aggregate,adverse-ecs-omit,1,0,0,1,1,0
18e5637e-61b1-41b4-96d1-3ec372a44ade,20260814,aggregate,adverse-ecs-omit,1,0,0,1,1,0
284dfb85-f341-4182-9fed-d49ab58c217d,20260814,aggregate,adverse-ecs-omit,1,0,0,1,1,0
a573dd5e-c168-4970-a0f8-9f127d9226f9,20260814,aggregate,adverse-ecs-omit,1,0,0,1,1,0
4536e832-d700-41f0-b163-a09d50d46668,20260814,aggregate,adverse-ecs-omit,1,0,0,1,1,0
524a23ea-26de-443d-8b0d-56bc1b6cf41e,20260814,aggregate,adverse-ecs-omit,1,0,0,1,1,0
eee60e58-9cf6-43e6-bae5-8b8038b4c165,20260814,aggregate,adverse-ecs-omit,1,0,0,1,1,0
a723bec4-71e7-4841-a610-77e135c704ae,20260814,aggregate,adverse-ecs-omit,1,0,0,1,1,0
a80051b0-ebc8-4d54-881e-25dc696c7a84,20260814,aggregate,adverse-ecs-omit,1,0,0,1,1,0
5a85d679-5654-4c95-ae3b-4395bb865182,20260814,aggregate,adverse-ecs-omit,1,0,0,1,1,0
fd3446f0-b30d-42e6-8b4e-37d1ec5033c4,20260814,aggregate,adverse-ecs-omit,1,0,0,1,1,0
d5127ec4-7784-4293-b3ef-2081ef09abdc,20260814,aggregate,adverse-ecs-omit,1,0,0,1,1,0
8bb69579-096d-453e-9876-342c17d2a813,20260814,aggregate,adverse-ecs-omit,1,0,0,1,1,0
d81e42a6-27c1-4ae8-a477-4bde36618384,20260814,aggregate,adverse-ecs-omit,1,0,0,1,1,0
40b80804-bfc7-4505-a433-230b1d169f52,20260814,aggregate,adverse-ecs-omit,1,0,0,1,1,0
2f239973-e933-42ca-853e-2e4432be061c,20260814,aggregate,adverse-ecs-omit,1,0,0,1,1,0
8ec5927e-9157-4b35-8d3a-19c62a96a410,20260814,aggregate,adverse-ecs-omit,1,0,0,1,1,0
e518b0fa-62da-488a-ae32-3653ad1021a5,20260814,aggregate,adverse-ecs-omit,1,0,0,1,1,0
7927cb5a-61a1-4909-b300-4c56c56788fc,20260814,aggregate,adverse-ecs-omit,1,0,0,1,1,0
5eb69e69-93a2-4ee0-ba11-6ddcf6e9a9cb,20260814,aggregate,adverse-ecs-omit,1,0,0,1,1,0
fba7fb1d-f7b6-4144-9067-14c607d94b3b,20260814,aggregate,adverse-ecs-omit,1,0,0,1,1,0
b4aa20b4-5881-4979-bc0c-9ac9f903b848,20260814,aggregate,adverse-ecs-mismatch,1,0,0,1,1,0
e266f48f-28de-4d68-a3ca-7f6d4420d7ec,20260814,aggregate,adverse-ecs-mismatch,1,0,0,1,1,0
a53c7eb7-7519-4db9-aafd-7a6a40a2b989,20260814,aggregate,adverse-ecs-mismatch,1,0,0,1,1,0
285a9ad5-32f5-4d11-bc80-a498622329c2,20260814,aggregate,adverse-ecs-mismatch,1,0,0,1,1,0
4de9e27c-c483-4e47-8c8b-5ed6d5d436ed,20260814,aggregate,adverse-ecs-mismatch,1,0,0,1,1,0
30859f49-d583-43dc-a113-35a7d6f6be74,20260814,aggregate,adverse-ecs-mismatch,1,0,0,1,1,0
88599c8b-756d-4ccc-8664-f1ab7979f721,20260814,aggregate,adverse-ecs-mismatch,1,0,0,1,1,0
6195e489-7367-41fb-9abf-b600140598cb,20260814,aggregate,adverse-ecs-mismatch,1,0,0,1,1,0
fe5ddd97-8435-4946-b883-69666f6dedd4,20260814,aggregate,adverse-ecs-mismatch,1,0,0,1,1,0
48c4da24-40aa-4200-9f02-27e0e88a44df,20260814,aggregate,adverse-ecs-mismatch,1,0,0,1,1,0
32579504-d332-48bd-8f95-87e9c452f633,20260814,aggregate,adverse-ecs-mismatch,1,0,0,1,1,0
c363cab2-1a83-4f5e-aa69-06819ba1a675,20260814,aggregate,adverse-ecs-mismatch,1,0,0,1,1,0
8e36704b-a4ca-43e8-9ad9-ed4f63e749f5,20260814,aggregate,adverse-ecs-mismatch,1,0,0,1,1,0
4857cbe0-8a06-46f3-b7bd-775f578d7eba,20260814,aggregate,adverse-ecs-mismatch,1,0,0,1,1,0
b9f6444f-6e9f-40cc-b749-5b7e16a44fb6,20260814,aggregate,adverse-ecs-mismatch,1,0,0,1,1,0
02fcdb9d-2ec1-4a13-a651-cb9bef0bb8ab,20260814,aggregate,adverse-ecs-mismatch,1,0,0,1,1,0
c261624a-7c55-43ce-8a67-d7ab3d10f33b,20260814,aggregate,adverse-ecs-mismatch,1,0,0,1,1,0
dd61ee28-4f9f-420d-b4f5-45c95def6ebd,20260814,aggregate,adverse-ecs-mismatch,1,0,0,1,1,0
bce1ba10-a647-4074-97df-027f3236edb6,20260814,aggregate,adverse-ecs-mismatch,1,0,0,1,1,0
69fc1a4f-d4ea-4508-a345-9b2db74c8b28,20260814,aggregate,adverse-ecs-mismatch,1,0,0,1,1,0
680d3cb4-73eb-493c-81fb-c66244912c66,20260814,aggregate,adverse-ecs-mismatch,1,0,0,1,1,0
c0be9467-645e-4843-9f18-2645bb12fe8c,20260814,aggregate,adverse-ecs-mismatch,1,0,0,1,1,0
a8fd656f-3fec-416a-9d2e-42a8a0b6215c,20260814,aggregate,adverse-ecs-mismatch,1,0,0,1,1,0
9eb6c8b9-4319-4ef6-8707-f150cb5daf32,20260814,aggregate,adverse-ecs-mismatch,1,0,0,1,1,0
2256e18f-2ae7-42e6-85a8-4801ceb26d6b,20260814,aggregate,adverse-ecs-mismatch,1,0,0,1,1,0
c7b4f965-17d1-42a1-a489-96b854956589,20260814,aggregate,adverse-ecs-mismatch,1,0,0,1,1,0
7ef4a707-6d68-44db-9ec6-e3edf080d3e4,20260814,aggregate,adverse-ecs-mismatch,1,0,0,1,1,0
ef5d4c0f-e8b8-4f5c-9575-1dbfab9a95de,20260814,aggregate,adverse-ecs-mismatch,1,0,0,1,1,0
dd54639d-6af5-41ed-b6cd-f6ebe93934fe,20260814,aggregate,adverse-ecs-mismatch,1,0,0,1,1,0
cbb46400-dc0c-404d-a982-e5502b12497a,20260814,aggregate,adverse-ecs-mismatch,1,0,0,1,1,0
75fbd12f-7a68-4255-bf14-1c3a051b8937,20260814,aggregate,adverse-ecs-mismatch,1,0,0,1,1,0
7cb46525-8f17-48fd-ad57-fe780eb36bcc,20260814,aggregate,adverse-ecs-mismatch,1,0,0,1,1,0
cd788aec-e388-4576-9499-cee7d1195af4,20260814,aggregate,adverse-ecs-mismatch,1,0,0,1,1,0
dc9da60c-67bb-4509-840a-9395b832a497,20260814,aggregate,adverse-ecs-mismatch,1,0,0,1,1,0
994a1d32-de74-426c-aa56-cb5c2adc9710,20260814,aggregate,adverse-ecs-mismatch,1,0,0,1,1,0
551d33a4-84ac-4ff8-8fd5-5d57d9189cdb,20260814,aggregate,adverse-ecs-mismatch,1,0,0,1,1,0
94d5c820-301e-495c-b95f-8cd6bf4fd752,20260814,aggregate,adverse-ecs-mismatch,1,0,0,1,1,0
b9db23c6-dda7-417e-a299-d97e1228e7f9,20260814,aggregate,adverse-ecs-mismatch,1,0,0,1,1,0
d60e4dba-7ee7-4988-a1a3-07c6b17067dd,20260814,aggregate,adverse-ecs-mismatch,1,0,0,1,1,0
bcc6d841-7ee3-4b93-93ab-4ae89e50d8ae,20260814,aggregate,adverse-ecs-mismatch,1,0,0,1,1,0
1e1661dc-d961-4b5c-bffb-e7fc3139c4eb,20260814,aggregate,adverse-ecs-mismatch,1,0,0,1,1,0
5ccc13ec-2cd0-4114-9d98-15129503b744,20260814,aggregate,adverse-ecs-mismatch,1,0,0,1,1,0
35531be9-4982-450e-b726-a03635c4b034,20260814,aggregate,adverse-ecs-mismatch,1,0,0,1,1,0
778bc22e-c228-4032-b912-293e8ecf3383,20260814,aggregate,adverse-ecs-mismatch,1,0,0,1,1,0
8a020942-4503-497f-8ac4-36ac45823b23,20260814,aggregate,adverse-ecs-mismatch,1,0,0,1,1,0
ab717e84-d6f3-4795-960d-6b4a2616774f,20260814,aggregate,adverse-ecs-mismatch,1,0,0,1,1,0
8f8d3aa8-e14f-40eb-a1a2-2b25fc447fc6,20260814,aggregate,adverse-ecs-mismatch,1,0,0,1,1,0
45cef59e-d3af-4ac6-9811-c3903cbd28f2,20260814,aggregate,adverse-ecs-mismatch,1,0,0,1,1,0
20686e0f-35c1-4b37-9a5d-f0df8a8bf76f,20260814,aggregate,adverse-ecs-mismatch,1,0,0,1,1,0
c9eae551-df37-4684-990c-091ba8347b22,20260814,aggregate,adverse-ecs-mismatch,1,0,0,1,1,0
06a5e23e-037a-49b6-b395-3ed77cb23e14,20260814,aggregate,adverse-ecs-mismatch,1,0,0,1,1,0
4c2d751f-4150-4ba0-bcad-6cb09ce5a42b,20260814,aggregate,adverse-ecs-mismatch,1,0,0,1,1,0
1cfecc5c-a4c8-4c16-a1b0-5ef45678cd46,20260814,aggregate,adverse-ecs-mismatch,1,0,0,1,1,0
3316acd4-fc5c-4ddb-a3e4-401ecfc7abff,20260814,aggregate,adverse-ecs-mismatch,1,0,0,1,1,0
f973cc27-e106-4e5c-901f-d16ba72e45e3,20260814,aggregate,adverse-ecs-mismatch,1,0,0,1,1,0
e614a847-0601-4f2f-aed6-02e054a947a0,20260814,aggregate,adverse-ecs-mismatch,1,0,0,1,1,0
80731700-190f-484c-a7ec-7630a3f7c964,20260814,aggregate,adverse-ecs-omit,1,0,0,1,1,0
1b97679e-c453-4c80-a575-edea86ce3a6b,20260814,aggregate,adverse-ecs-mismatch,1,0,0,1,1,0
86ac1405-baf7-4a81-adee-ff95c3a8d92e,20260814,aggregate,adverse-ecs-omit,1,0,0,1,1,0
dcfb7f37-6deb-46b7-a3c6-bd5284ac7406,20260814,aggregate,adverse-ecs-mismatch,1,0,0,1,1,0
27d5b011-13be-4a43-a842-db76756ac582,20260814,aggregate,adverse-ecs-mismatch,1,0,0,1,1,0
2344f357-9354-468d-8c7d-1a4ac1da950d,20260814,aggregate,adverse-ecs-omit,1,0,0,1,1,0
8b9db5d2-64da-413d-9c17-0f846cd14b5f,20260814,aggregate,adverse-ecs-omit,1,0,0,1,1,0
fcdce36b-fc1f-4373-942d-fc1ef6cd3fbd,20260814,aggregate,adverse-ecs-omit,1,0,0,1,1,0
2783be4b-c85a-4544-955d-1a7718e87b83,20260814,aggregate,adverse-ecs-omit,1,0,0,1,1,0
95361895-afd3-43f0-9db7-18c7d2dc94d7,20260814,aggregate,adverse-ecs-omit,1,0,0,1,1,0
61baeb84-8264-4580-9f1c-5a3fb98d6abc,20260814,aggregate,adverse-ecs-mismatch,1,0,0,1,1,0
9bb7673c-d18a-4229-85b3-4dc2a259c30b,20260814,aggregate,adverse-ecs-mismatch,1,0,0,1,1,0
0fbebbb3-ac12-4478-b10c-8500129c2b78,20260814,aggregate,adverse-ecs-omit,1,0,0,1,1,0
dbd40c39-63b0-4c72-a047-83e3de9209bc,20260814,aggregate,adverse-ecs-mismatch,1,0,0,1,1,0
86f7ffc0-03cd-4d63-8bb0-d7dc362bc39f,20260814,aggregate,adverse-ecs-omit,1,0,0,1,1,0
ed64aebc-bc53-4fce-ba9c-e7027f41b252,20260814,aggregate,adverse-ecs-mismatch,1,0,0,1,1,0
873dfbfd-1559-46b1-8329-d5130c8a8912,20260814,aggregate,adverse-ecs-mismatch,1,0,0,1,1,0
f966058c-69e8-40d8-bb17-50564278c1ca,20260814,aggregate,adverse-ecs-mismatch,1,0,0,1,1,0
e247c134-df6d-4574-964b-8dc652567250,20260814,aggregate,adverse-ecs-mismatch,1,0,0,1,1,0
433ee8f8-1de8-45fb-8377-723f84a5d60b,20260814,aggregate,adverse-ecs-mismatch,1,0,0,1,1,0
20b343fe-4bf6-4dcc-8804-aadbdff54c45,20260814,aggregate,adverse-ecs-mismatch,1,0,0,1,1,0
9a1156f9-a569-45e5-ad79-9371bbd5644f,20260814,aggregate,adverse-ecs-mismatch,1,0,0,1,1,0
aa6e0eed-202f-4a2c-bf6c-8bc7c5220435,20260814,aggregate,adverse-ecs-mismatch,1,0,0,1,1,0
d9302aca-68fb-4e4c-89cf-683d0c23773b,20260814,aggregate,adverse-ecs-mismatch,1,0,0,1,1,0
76fba873-1340-46ec-9462-b89121e6428f,20260814,aggregate,adverse-ecs-omit,1,0,0,1,1,0
51054e01-a0f2-461c-934e-4770c4d55122,20260814,aggregate,adverse-ecs-mismatch,1,0,0,1,1,0
b261bdc6-7335-4b21-ba00-5ba3035888e8,20260814,aggregate,adverse-ecs-mismatch,1,0,0,1,1,0
ade7f7e8-0514-4233-adbd-99bab2981481,20260814,aggregate,adverse-ecs-mismatch,1,0,0,1,1,0
9f4da376-cfac-49b2-bb75-544280cce4a6,20260814,aggregate,adverse-ecs-omit,1,0,0,1,1,0
90c5468b-5864-47e6-8c90-364ace9c97c0,20260814,aggregate,adverse-ecs-mismatch,1,0,0,1,1,0
108d8d3e-d795-423a-8d54-3d88e2b5d40b,20260814,aggregate,adverse-ecs-omit,1,0,0,1,1,0
d9e7d809-b481-4b66-a90c-7f22d57f6c2d,20260814,aggregate,adverse-ecs-mismatch,1,0,0,1,1,0
e29b865c-e6ee-452a-a606-e8c3bc4e4d7b,20260814,aggregate,adverse-ecs-mismatch,1,0,0,1,1,0
57fa3d14-818c-4660-81e2-08f42e92eacc,20260814,aggregate,adverse-ecs-mismatch,1,0,0,1,1,0
82e37519-e11f-4844-a7ee-b5a4bf96cde3,20260814,aggregate,adverse-ecs-mismatch,1,0,0,1,1,0
61cef903-9e09-4644-be52-3ab9b35fa261,20260814,aggregate,adverse-conflict,1,0,0,2,1,1
c02876cb-a7ec-48e5-928a-1c4966f82d45,20260814,aggregate,adverse-ecs-mismatch,1,0,0,1,1,0
a1797424-9b0e-4c38-ba43-1650e660f2fb,20260814,aggregate,adverse-conflict,1,0,0,1,1,0
86a5acd3-d892-4751-b338-aa09531cba03,20260814,aggregate,adverse-conflict,1,0,0,2,1,1
70db2451-762e-42cd-9369-6f8b64f8bc66,20260814,aggregate,adverse-conflict,1,0,0,2,1,1
53cbf7c1-c19c-4357-9166-ea9f3d6f13f8,20260814,aggregate,adverse-conflict,1,0,0,2,1,1
7a3f43b4-86b6-4863-8172-78ee8ee20d7d,20260814,aggregate,adverse-conflict,1,0,0,1,1,0
598922e5-7a9c-46d2-a08c-b3b99008d720,20260814,aggregate,adverse-conflict,1,0,0,1,1,0
044453b4-4de8-4582-881d-3e351168a8dc,20260814,aggregate,adverse-conflict,1,0,0,2,1,1
bbaa9247-7534-4754-bf63-20266299a20f,20260814,aggregate,adverse-conflict,1,0,0,2,1,1
77df9f42-2ebd-44c5-9618-d4787209d62d,20260814,aggregate,adverse-conflict,1,0,0,2,1,1
17de9704-94ed-477b-ae7b-cab57c27ac9c,20260814,aggregate,adverse-conflict,1,0,0,1,1,0
368d3bb4-72e4-4958-9159-c42612f9128b,20260814,aggregate,adverse-conflict,1,0,0,2,1,1
1d885fbd-9d20-4fa6-bb88-64be7701c227,20260814,aggregate,adverse-conflict,1,0,0,2,1,1
8d73d5b3-e2c1-45f0-a8f3-591e067ea61c,20260814,aggregate,adverse-conflict,1,0,0,1,1,0
f3edee17-67c2-4736-99ee-183384bff54f,20260814,aggregate,adverse-conflict,1,0,0,2,1,1
effee2cf-c3cf-4cc3-8679-04aab03b20e1,20260814,aggregate,adverse-conflict,1,0,0,1,1,0
7bab133e-f525-4481-a642-4cb7ba871170,20260814,aggregate,benign-burst,0,0,0,1,1,0
2de9a4bd-d341-4e67-8900-245ffb4f871c,20260814,aggregate,adverse-conflict,1,0,0,2,1,1
1b36e987-7fc1-4a91-b764-3012b15b3bc5,20260814,aggregate,adverse-conflict,1,0,0,2,1,1
046c8761-3152-4fd7-8f1b-1f080c67c956,20260814,aggregate,adverse-conflict,1,0,0,1,1,0
8a8a06eb-3bb6-41d1-a846-b561f34ee48e,20260814,aggregate,adverse-conflict,1,0,0,2,1,1
656b8eda-ff5b-411b-b493-a90ed1964df9,20260814,aggregate,adverse-ecs-mismatch,1,0,0,1,1,0
1c7df648-ee45-411b-a00c-b22586fdaa2d,20260814,aggregate,adverse-ecs-mismatch,1,0,0,1,1,0
82b6e368-2eb3-4596-9c3b-84955d94e46a,20260814,aggregate,adverse-ecs-mismatch,1,0,0,1,1,0
0629682e-f766-4620-9b5b-db6e34a6bd2c,20260814,aggregate,adverse-ecs-mismatch,1,0,0,1,1,0
1a431c2f-183f-4e23-b225-f483b1f2e687,20260814,aggregate,adverse-conflict,1,0,0,2,1,1
658d62f3-065e-4484-9a50-31b49157c77d,20260814,aggregate,adverse-ecs-mismatch,1,0,0,1,1,0
ad37ce7c-107d-4923-9721-b2fac0afd92c,20260814,aggregate,adverse-conflict,1,0,0,2,1,1
cecfcf8c-1fa5-43e5-ab61-ae08f7adcae2,20260814,aggregate,adverse-ecs-mismatch,1,0,0,1,1,0
56042e32-844e-49cb-addb-8460bde2f538,20260814,aggregate,adverse-conflict,1,0,0,1,1,0
5525542d-fcc0-4edd-9b55-cebc9ab254c1,20260814,aggregate,adverse-conflict,1,0,0,1,1,0
380268cb-6b95-4ce7-aff7-f5e3132e834b,20260814,aggregate,adverse-conflict,1,0,0,1,1,0
9de14152-9589-4555-bfe4-62645e1fe35b,20260814,aggregate,adverse-ecs-mismatch,1,0,0,1,1,0
c60686d1-e77f-47f9-819d-c3a3561fdb17,20260814,aggregate,adverse-conflict,1,0,0,2,1,1
d7857780-1b51-481b-9137-4ec31375cb27,20260814,aggregate,adverse-conflict,1,0,0,1,1,0
613e6898-e5b3-4064-9ad6-758ab669c953,20260814,aggregate,adverse-conflict,1,0,0,2,1,1
416ea82d-6419-4528-919e-98f9ffe5e90e,20260814,aggregate,adverse-conflict,1,0,0,2,1,1
ac64d442-87fa-4a4c-82ce-7aa10036bf31,20260814,aggregate,adverse-ecs-mismatch,1,0,0,1,1,0
e021d783-2eb2-474c-8d8d-70f5ffdd8b76,20260814,aggregate,adverse-conflict,1,0,0,1,1,0
ae0ab472-ac6a-411e-8662-b0879a197cf0,20260814,aggregate,adverse-conflict,1,0,0,1,1,0
9095638e-a858-44b8-a6d4-2fa8bab977fe,20260814,aggregate,adverse-conflict,1,0,0,1,1,0
6e66c8bc-a83f-48ff-a1b0-26d4c6212094,20260814,aggregate,adverse-conflict,1,0,0,2,1,1
bae695d5-c23e-43f1-b466-1d70585d7b67,20260814,aggregate,adverse-conflict,1,0,0,2,1,1
c74926d5-b8ef-41aa-8c40-47c2707f6707,20260814,aggregate,adverse-conflict,1,0,0,2,1,1
263f7df1-593c-42c9-804c-477cc3ad4492,20260814,aggregate,adverse-conflict,1,0,0,1,1,0
a7ea7680-1c05-4b4f-a2bb-a346bc71f0d4,20260814,aggregate,adverse-conflict,1,0,0,2,1,1
ffbfea8c-661b-44d4-ace7-36aa6098ae95,20260814,aggregate,adverse-conflict,1,0,0,2,1,1
139dfa55-24a8-46ee-b238-93047e5fa1de,20260814,aggregate,adverse-conflict,1,0,0,2,1,1
5c297a76-61bd-49ae-b12e-0d218cfa0ec4,20260814,aggregate,adverse-conflict,1,0,0,2,1,1
2d6490af-b4fd-4dfa-8548-1342ee352070,20260814,aggregate,adverse-conflict,1,0,0,2,1,1
cde3b9c5-a63c-42fe-b1f6-4f6ee8cf0aa7,20260814,aggregate,adverse-conflict,1,0,0,2,1,1
391dc5e8-3631-4911-be33-852fb8908114,20260814,aggregate,adverse-ecs-mismatch,1,0,0,1,1,0
970dcebc-a557-453a-9ec7-cc80f07dc1af,20260814,aggregate,adverse-conflict,1,0,0,2,1,1
0d17095c-79e9-48ce-acec-ea5935336503,20260814,aggregate,adverse-conflict,1,0,0,1,1,0
dea326ec-4349-48ad-bdca-26924571db2b,20260814,aggregate,adverse-conflict,1,0,0,1,1,0
fb910fdc-5630-424f-9c0a-38a61a814c03,20260814,aggregate,adverse-conflict,1,0,0,1,1,0
fef8429b-145d-4485-95bb-bf640035397f,20260814,aggregate,adverse-conflict,1,0,0,2,1,1
3de89927-2fcd-4f64-8111-b9af661f291a,20260814,aggregate,adverse-conflict,1,0,0,2,1,1
01c33117-0159-441e-882f-a564adab26c2,20260814,aggregate,adverse-conflict,1,0,0,2,1,1
28853e4a-73f7-4d41-b2b2-597469014231,20260814,aggregate,adverse-conflict,1,0,0,2,1,1
91f161d4-3412-4484-820c-5ef0ca1b7e96,20260814,aggregate,adverse-conflict,1,0,0,1,1,0
77dde7bb-5d23-41f4-928b-87d2d8a9ce0a,20260814,aggregate,adverse-conflict,1,0,0,2,1,1
9ffea683-bafc-46b7-8ba9-77b12f587d68,20260814,aggregate,adverse-conflict,1,0,0,2,1,1
6b0712ff-5e47-48f2-ad16-9c0b62221682,20260814,aggregate,adverse-conflict,1,0,0,2,1,1
4947824a-0517-4e25-8e66-e41127f9c10e,20260814,aggregate,adverse-conflict,1,0,0,1,1,0
490f235f-f04d-46c9-afef-3b338bdb25da,20260814,aggregate,adverse-conflict,1,0,0,2,1,1
500059f2-2278-4bec-a132-31eaf26bc1dc,20260814,aggregate,adverse-conflict,1,0,0,2,1,1
1abd315e-7dc6-40fc-839a-f21874f425c4,20260814,aggregate,adverse-conflict,1,0,0,2,1,1
b5d0080f-2034-4e73-a1d3-39d6d5a14ecc,20260814,aggregate,adverse-conflict,1,0,0,2,1,1
4b8d2e45-6da3-4a5d-8623-9e92cb0c67a8,20260814,aggregate,adverse-conflict,1,0,0,2,1,1
323a113f-222b-45c9-bb49-085f67f990b7,20260814,aggregate,adverse-conflict,1,0,0,2,1,1
39b432c2-89bc-4aaf-a8b1-0afb193883d4,20260814,aggregate,adverse-conflict,1,0,0,2,1,1
8a935c8e-56d7-46e7-a501-cff17915dea8,20260814,aggregate,adverse-conflict,1,0,0,2,1,1
3d203980-a09c-47ce-b64c-bb4dba896123,20260814,aggregate,adverse-conflict,1,0,0,2,1,1
5a58eaf8-2c65-4ad1-85a4-ed6d5fdd60e6,20260814,aggregate,adverse-conflict,1,0,0,2,1,1
763b3058-89bd-4eee-a974-7536f3e213a6,20260814,aggregate,adverse-conflict,1,0,0,2,1,1
8fc9dccd-4d88-4bca-86ed-99b646a54baf,20260814,aggregate,adverse-conflict,1,0,0,1,1,0
f2f133ca-d9f6-45e7-9ce3-3f88fe8057b9,20260814,aggregate,adverse-conflict,1,0,0,2,1,1
9e070d4b-075a-4f48-a166-75546feb6f9e,20260814,aggregate,adverse-conflict,1,0,0,2,1,1
c50511fb-40b0-4490-8599-7c4e93cdd6a3,20260814,aggregate,adverse-conflict,1,0,0,2,1,1
36e078f4-9e34-4267-a594-184bdb5fb1d5,20260814,aggregate,adverse-conflict,1,0,0,1,1,0
a433a070-95d3-4ded-94ba-c34bfbfeb4ae,20260814,aggregate,adverse-conflict,1,0,0,1,1,0
072989c4-6e98-489e-b024-7ceb568c322a,20260814,aggregate,adverse-ecs-mismatch,1,0,0,1,1,0
93798f99-bd3a-4702-9cf7-5e1e90f88e77,20260814,aggregate,adverse-conflict,1,0,0,2,1,1
62338e16-9bc9-495c-a0ef-32ab90068700,20260814,aggregate,adverse-conflict,1,0,0,1,1,0
2da13ebd-9ff6-4f03-a66f-c73b5600692d,20260814,aggregate,adverse-conflict,1,0,0,2,1,1
22562c48-9392-4d7d-b8d5-e0304d38d259,20260814,aggregate,adverse-conflict,1,0,0,2,1,1
681155fd-c47f-465c-aec2-0912f6aed286,20260814,aggregate,adverse-conflict,1,0,0,1,1,0
4d6ce07a-6b8d-4542-b21f-606ca4e35603,20260814,aggregate,adverse-conflict,1,0,0,2,1,1
4e018970-7cf3-4350-8dca-6391ae56f706,20260814,aggregate,adverse-conflict,1,0,0,2,1,1
608e86d4-bfc6-4a23-9c9c-c8f46e8c6bfc,20260814,aggregate,adverse-conflict,1,0,0,2,1,1
7662c326-9781-4eb2-8918-0fccc640a26f,20260814,aggregate,adverse-conflict,1,0,0,1,1,0
d2413c0b-d5b6-4f1f-938f-776ec23b8b7f,20260814,aggregate,adverse-conflict,1,0,0,2,1,1
0d859301-d32f-4c56-beaf-d39eccd67830,20260814,aggregate,adverse-ecs-fanout,1,0,0,2,1,1
2922feb9-d68a-4be9-a8ba-5dbe8a478645,20260814,aggregate,adverse-conflict,1,0,0,2,1,1
27d5e579-c60f-4655-bc82-7c8847a8e244,20260814,aggregate,adverse-conflict,1,0,0,2,1,1
82702626-ea09-4a95-ac02-7f06f10d1361,20260814,aggregate,adverse-conflict,1,0,0,2,1,1
dac11196-d1f0-44b8-a55d-0f70ee51d35f,20260814,aggregate,adverse-conflict,1,0,0,2,1,1
7719e45c-e5a3-4326-b960-78625be26464,20260814,aggregate,adverse-ecs-fanout,1,0,0,2,1,1
00426cc1-3491-4b15-bc52-d943b4613a6f,20260814,aggregate,adverse-ecs-fanout,1,0,0,2,1,1
304089f8-74ec-4a1a-99a5-334fe81ad0a6,20260814,aggregate,adverse-ecs-fanout,1,0,0,1,1,0
01ef1f62-02f1-489d-925c-0b55eb128d6e,20260814,aggregate,adverse-ecs-fanout,1,0,0,1,1,0
11a57ea2-f7a7-40f2-bb2a-a3dd9dc92d9c,20260814,aggregate,adverse-ecs-fanout,1,0,0,1,1,0
aeca8d3c-fd6f-4e59-9d15-760635f1a277,20260814,aggregate,adverse-ecs-fanout,1,0,0,1,1,0
5ef0d023-7cc6-4ae6-9c7c-a7e06f097f06,20260814,aggregate,adverse-ecs-fanout,1,0,0,2,1,1
616c2dbd-f988-4341-aa5f-a50496434831,20260814,aggregate,adverse-ecs-fanout,1,0,0,2,1,1
817b7504-2f9c-46e2-b4ed-f8a4b17588bb,20260814,aggregate,adverse-conflict,1,0,0,2,1,1
e1cc112e-b216-417f-ba0f-94f8ccc10ba0,20260814,aggregate,adverse-ecs-fanout,1,0,0,2,1,1
b2a93f30-8e17-4b57-ac49-8afcb252b6e8,20260814,aggregate,adverse-conflict,1,0,0,2,1,1
a75e4b29-db6c-450f-87a3-9cce1b40d517,20260814,aggregate,adverse-ecs-fanout,1,0,0,2,1,1
7dba2ac8-69c6-4f09-abf4-bfe8843911a1,20260814,aggregate,adverse-ecs-fanout,1,0,0,1,1,0
6a35fdfb-6670-4cd4-aace-9bace0244773,20260814,aggregate,adverse-ecs-fanout,1,0,0,2,1,1
25584df9-85f4-4ace-b565-c6f44dae85ea,20260814,aggregate,adverse-ecs-fanout,1,0,0,1,1,0
3c970c56-cec7-4e80-8afa-a3baa37bc8a2,20260814,aggregate,adverse-ecs-fanout,1,0,0,1,1,0
23b8cd36-09e2-41e4-b4aa-01c83a72c402,20260814,aggregate,adverse-ecs-fanout,1,0,0,1,1,0
818ad817-7b38-4340-8935-59cd7fa5c02d,20260814,aggregate,adverse-ecs-fanout,1,0,0,2,1,1
1349b148-2de1-4376-8329-2098d592fa4c,20260814,aggregate,adverse-ecs-fanout,1,0,0,1,1,0
997d4a78-7a0d-4b76-bbc5-9251cd3c5d91,20260814,aggregate,adverse-ecs-fanout,1,0,0,2,1,1
ebf1260d-2513-4d72-bb64-62ec64445b9d,20260814,aggregate,adverse-ecs-fanout,1,0,0,2,1,1
16dae97b-690c-411c-9786-632803f689c7,20260814,aggregate,adverse-ecs-fanout,1,0,0,1,1,0
805b3ee6-ae46-47c7-bfc3-2a08888c0d05,20260814,aggregate,adverse-ecs-fanout,1,0,0,2,1,1
89bf482c-1691-4d28-9106-a4590c2c2af8,20260814,aggregate,adverse-ecs-fanout,1,0,0,2,1,1
ddd033f0-a6d6-4db5-be34-947edca686bc,20260814,aggregate,adverse-ecs-fanout,1,0,0,2,1,1
7b90f3ea-53c6-4f97-82eb-2d550ccb3e83,20260814,aggregate,adverse-ecs-fanout,1,0,0,2,1,1
9b60af89-da89-49d6-aa3d-0a649b26b6df,20260814,aggregate,adverse-ecs-fanout,1,0,0,2,1,1
e037f8c8-fa06-40c4-8e0e-634e04ff4f81,20260814,aggregate,adverse-ecs-fanout,1,0,0,2,1,1
4899fcd8-cd57-4758-8cf1-33d37778869c,20260814,aggregate,adverse-ecs-fanout,1,0,0,1,1,0
c9ba483c-145d-4d91-9842-198015023e0b,20260814,aggregate,adverse-ecs-fanout,1,0,0,2,1,1
4c3c62bd-b96d-4b1a-84f9-63081d739ad6,20260814,aggregate,adverse-ecs-fanout,1,0,0,2,1,1
1556de4b-34a8-40bc-acdf-0fdc15c4ee7d,20260814,aggregate,adverse-conflict,1,0,0,2,1,1
e3777867-3d8f-41bb-bdf9-dd0959be77ea,20260814,aggregate,adverse-ecs-fanout,1,0,0,1,1,0
2ed03409-db36-499d-ac95-982dbbbf4917,20260814,aggregate,adverse-conflict,1,0,0,2,1,1
661f6cd7-f440-4f25-b861-6559d1a00b37,20260814,aggregate,adverse-ecs-fanout,1,0,0,2,1,1
d3ffff35-10ff-41b1-b625-be6fcfa71453,20260814,aggregate,adverse-ecs-fanout,1,0,0,1,1,0
6bc31a38-5fa8-41b3-844d-bdc30483b1a0,20260814,aggregate,adverse-ecs-fanout,1,0,0,2,1,1
2dfdb5c5-ea7b-4dd1-99a1-b6b88b631db6,20260814,aggregate,adverse-ecs-fanout,1,0,0,1,1,0
0c5cadba-f626-4059-b877-68376575c4b4,20260814,aggregate,adverse-ecs-fanout,1,0,0,2,1,1
641e42d8-1da4-4dc7-b7a2-123e1d8fb29d,20260814,aggregate,adverse-ecs-fanout,1,0,0,1,1,0
d57ee393-804b-4a49-b97a-6500ef38b98b,20260814,aggregate,adverse-ecs-fanout,1,0,0,2,1,1
91a21075-aeec-481a-bb56-6282b321e3f5,20260814,aggregate,adverse-ecs-fanout,1,0,0,2,1,1
04a172a2-069e-4b22-aa02-38b035e1b8c1,20260814,aggregate,adverse-ecs-fanout,1,0,0,2,1,1
cb8d5e28-3bf7-4a3c-8550-e99b86c85508,20260814,aggregate,adverse-ecs-fanout,1,0,0,2,1,1
b2400a2e-1c62-49df-bde6-c164eab1f106,20260814,aggregate,adverse-ecs-fanout,1,0,0,2,1,1
dc8124ba-d018-45f6-95b8-c30305092d35,20260814,aggregate,adverse-ecs-fanout,1,0,0,1,1,0
bcf969ac-6178-45a0-ae3b-386bdbd29b38,20260814,aggregate,adverse-ecs-fanout,1,0,0,2,1,1
6f70c614-a920-4c68-806f-4b76000acc90,20260814,aggregate,adverse-ecs-fanout,1,0,0,2,1,1
f3a26f4f-737d-400e-9bf5-104e44cce11f,20260814,aggregate,adverse-ecs-fanout,1,0,0,2,1,1
22585b74-5237-4b89-8df5-0aebc6e8914e,20260814,aggregate,adverse-ecs-fanout,1,0,0,1,1,0
ffc50bad-a9fa-40a0-baf8-3c12b72c3237,20260814,aggregate,adverse-ecs-fanout,1,0,0,2,1,1
392a54e5-f019-4a2f-b199-2fa7c6d19b3c,20260814,aggregate,adverse-ecs-fanout,1,0,0,1,1,0
260a019a-3254-45e6-b42b-79ade240f4a6,20260814,aggregate,adverse-ecs-fanout,1,0,0,2,1,1
a9d1ca22-9af6-41a0-b7c7-618dc01e6cf1,20260814,aggregate,adverse-ecs-fanout,1,0,0,1,1,0
26785ece-9dbe-4a2f-971a-0a0d387110d1,20260814,aggregate,adverse-ecs-fanout,1,0,0,2,1,1
99c0ade5-ff12-4bd6-9e83-47f56ef0644b,20260814,aggregate,adverse-ecs-fanout,1,0,0,2,1,1
eeaaf911-068e-4090-acce-869e113fc83a,20260814,aggregate,adverse-ecs-fanout,1,0,0,2,1,1
511a5915-75af-42b8-aa16-9411caae0d12,20260814,aggregate,adverse-ecs-fanout,1,0,0,1,1,0
7df82fef-be79-4fc4-8423-a8e5aa35a858,20260814,aggregate,adverse-ecs-fanout,1,0,0,2,1,1
160691da-290c-486c-897d-cb8bee54c694,20260814,aggregate,adverse-ecs-fanout,1,0,0,2,1,1
4e2041f1-1dff-4322-856e-289ecacf0d14,20260814,aggregate,adverse-ecs-fanout,1,0,0,2,1,1
2d72bcf3-a45f-4c68-b37d-9cc9dd7a77cc,20260814,aggregate,adverse-ecs-fanout,1,0,0,2,1,1
250db6c4-4a72-41a1-b5cd-25584749bd39,20260814,aggregate,adverse-ecs-fanout,1,0,0,2,1,1
734efc45-df80-493b-a2fe-b6ec58988d64,20260814,aggregate,adverse-ecs-fanout,1,0,0,2,1,1
7d97a1c6-e1d8-4397-8ef8-c7cef1ccfb73,20260814,aggregate,adverse-ecs-fanout,1,0,0,2,1,1
e9d1ca25-11b8-4eac-9c5e-a8316b9d1cf8,20260814,aggregate,adverse-ecs-fanout,1,0,0,2,1,1
4a83c759-0194-40cd-9f90-92c1df3ba39e,20260814,aggregate,adverse-ecs-fanout,1,0,0,2,1,1
9dc86fd5-403f-43d2-be19-f2dc012a3d6d,20260814,aggregate,adverse-ecs-fanout,1,0,0,2,1,1
8b327f19-6522-4351-b4a8-0ca081890109,20260814,aggregate,adverse-ecs-fanout,1,0,0,2,1,1
5b9fd489-47ab-4ce4-bec5-c3d602b5decc,20260814,aggregate,adverse-ecs-fanout,1,0,0,2,1,1
4e5ee286-06b3-461a-aedb-1a4a17ed8cc6,20260814,aggregate,adverse-ecs-fanout,1,0,0,2,1,1
04e619c3-d047-4865-a854-778990b686fe,20260814,aggregate,adverse-ecs-fanout,1,0,0,2,1,1
8bae462e-789a-4a91-a39d-6404e5dcea6f,20260814,aggregate,adverse-ecs-fanout,1,0,0,2,1,1
55176687-1dc1-4385-bbb6-71aae02d12a2,20260814,aggregate,adverse-ecs-fanout,1,0,0,1,1,0
e0f38b47-465e-4ba9-aa1f-f358db4a6cd0,20260814,aggregate,adverse-ecs-fanout,1,0,0,1,1,0
96f8fb5f-f4ce-44f1-a7d5-72c1f838d4ed,20260814,aggregate,adverse-ecs-fanout,1,0,0,2,1,1
ae4f01cc-c7cb-4b01-b7e4-e66c4e92164b,20260814,aggregate,adverse-ecs-fanout,1,0,0,1,1,0
4864e2df-1ef7-40f2-83ad-45327f697c3f,20260814,aggregate,adverse-ecs-fanout,1,0,0,2,1,1
4ba8d32d-9528-4fd8-9697-262e27011590,20260814,aggregate,adverse-ecs-fanout,1,0,0,1,1,0
d6ff61c5-a681-4086-8fab-059ce8a3a9a9,20260814,aggregate,adverse-ecs-fanout,1,0,0,2,1,1
fe3992a9-7caa-4be4-9f99-0a412f5958dc,20260814,ecs-keyed,benign-plain,0,0,0,1,1,0
cc965e2d-2dc9-4afc-bdb9-ca3a8e97a55d,20260814,ecs-keyed,benign-plain,0,0,0,1,1,0
ec9e1725-1736-446a-804c-de44925cf292,20260814,ecs-keyed,benign-plain,0,0,0,1,1,0
872a19cf-e660-4579-8463-286812963aed,20260814,ecs-keyed,benign-plain,0,0,0,1,1,0
194eb88e-71c0-4e85-90a8-8a78e873bf48,20260814,ecs-keyed,benign-plain,0,0,0,1,1,0
30a672e7-2fd2-41b8-bc18-3ff5598dd8f8,20260814,ecs-keyed,benign-plain,0,0,0,1,1,0
319d893b-53c9-448d-aee0-c58fec2fea8c,20260814,ecs-keyed,benign-plain,0,0,0,1,1,0
b7276a27-16e2-4c94-876a-9c10262d09cb,20260814,ecs-keyed,benign-plain,0,0,0,1,1,0
cfe8868a-05af-4d69-95eb-14785797b26e,20260814,ecs-keyed,benign-plain,0,0,0,1,1,0
39ad6c1c-89b5-4fe4-b8e6-893a84d1f7f9,20260814,ecs-keyed,benign-plain,0,0,0,1,1,0
7e1e0fae-7f1a-4b87-80bb-443012b0518a,20260814,ecs-keyed,benign-plain,0,0,0,1,1,0
9eab846b-5512-4192-ae68-6794f05c9b6e,20260814,aggregate,adverse-ecs-fanout,1,0,0,1,1,0
f47d8815-1c5f-45d0-b174-2d7db4d3eb4f,20260814,aggregate,adverse-ecs-fanout,1,0,0,1,1,0
9748a181-ce6d-4d3e-b04a-9242f1fa880f,20260814,ecs-keyed,benign-plain,0,0,0,1,1,0
a65b1d3c-973f-460b-b5a5-f0147cb69659,20260814,aggregate,adverse-ecs-fanout,1,0,0,1,1,0
6dbac6c5-a241-4f4a-8748-70c753384fc6,20260814,ecs-keyed,benign-plain,0,0,0,1,1,0
e249d0bc-f7fb-44b3-97a1-927bdcbf9459,20260814,aggregate,adverse-ecs-fanout,1,0,0,2,1,1
55b74d28-13cb-4202-aadf-15d496fa838e,20260814,ecs-keyed,benign-plain,0,0,0,1,1,0
7b3dbec1-4ef7-4664-a317-c07e06d25109,20260814,ecs-keyed,benign-plain,0,0,0,1,1,0
e8f62be6-ceb1-4741-870d-43689b1e2484,20260814,ecs-keyed,benign-plain,0,0,0,1,1,0
e8ff0b91-a08e-4800-9109-38c33b986c7d,20260814,ecs-keyed,benign-plain,0,0,0,1,1,0
b815dd93-57a5-47c7-8862-389caac5e282,20260814,ecs-keyed,benign-plain,0,0,0,1,1,0
4a19deca-4ac8-42f3-9b8e-6bae60000435,20260814,aggregate,adverse-ecs-fanout,1,0,0,2,1,1
7bc9bb73-198f-47f1-9364-ec19ef51135f,20260814,ecs-keyed,benign-plain,0,0,0,1,1,0
5ba57381-023c-4edd-994b-676d9c272192,20260814,ecs-keyed,benign-plain,0,0,0,1,1,0
36d79156-24c8-4da0-a89b-db1e45177a84,20260814,ecs-keyed,benign-plain,0,0,0,1,1,0
e737af72-4176-4649-9a20-94278f84e6d6,20260814,aggregate,adverse-ecs-fanout,1,0,0,2,1,1
7cbb7ee3-ab34-47e0-a432-de0dae36cf3c,20260814,ecs-keyed,benign-plain,0,0,0,1,1,0
bb82d380-5b1c-4248-b99b-8bc3f1134028,20260814,ecs-keyed,benign-plain,0,0,0,1,1,0
85769841-efca-4fcd-acde-4c36b26b8e1e,20260814,aggregate,adverse-ecs-fanout,1,0,0,2,1,1
de67667e-e347-4bb0-8c35-4541cabb0db3,20260814,ecs-keyed,benign-plain,0,0,0,1,1,0
9df74017-b61b-4c06-83cf-7611254c9840,20260814,ecs-keyed,benign-plain,0,0,0,1,1,0
993a6b13-a3bb-45c7-bef2-fa4d2f31a913,20260814,ecs-keyed,benign-plain,0,0,0,1,1,0
dc4cb9ef-15de-4279-8d95-4ea59c9de6e4,20260814,aggregate,adverse-ecs-fanout,1,0,0,1,1,0
c2fa904c-b86b-4a18-a22f-ff222676c0dc,20260814,ecs-keyed,benign-plain,0,0,0,1,1,0
d6a3876e-5f02-4a7e-8435-67bd4aef9114,20260814,ecs-keyed,benign-plain,0,0,0,1,1,0
ec81c4cf-cc1f-4793-8f4b-253f7feb6803,20260814,ecs-keyed,benign-plain,0,0,0,1,1,0
25af3c8d-af5b-4916-b45e-d9e92b551d91,20260814,aggregate,adverse-ecs-fanout,1,0,0,2,1,1
4a8ce6a2-b547-4e55-86e4-cbcf28bfe2a4,20260814,ecs-keyed,benign-plain,0,0,0,1,1,0
ad18e2cf-2037-45f4-8276-1342edbc0c37,20260814,ecs-keyed,benign-plain,0,0,0,1,1,0
c7c6de91-3a88-4f8c-861c-3d7563001e9f,20260814,ecs-keyed,benign-plain,0,0,0,1,1,0
fe66ef6b-5c23-4c28-ad3a-f06eeae5f5f5,20260814,ecs-keyed,benign-plain,0,0,0,1,1,0
16af92b1-dfa6-4720-b01b-0906c9bee4bf,20260814,ecs-keyed,benign-plain,0,0,0,1,1,0
fd0e01d1-a5e5-4ed4-9588-028f7ff18e70,20260814,ecs-keyed,benign-plain,0,0,0,1,1,0
d9ddc1ea-0fe3-4ea1-a743-84c6f213502e,20260814,ecs-keyed,benign-plain,0,0,0,1,1,0
2c7cdda2-27b2-4e04-b65f-aebc9d7b8f32,20260814,ecs-keyed,benign-plain,0,0,0,1,1,0
e9115176-ffc0-4a5f-b3a7-30039ce7245e,20260814,ecs-keyed,benign-plain,0,0,0,1,1,0
59791a4e-e59d-4ecf-a224-3af1d275c8cb,20260814,ecs-keyed,benign-plain,0,0,0,1,1,0
a2d68025-7be8-4a80-b42b-7786fa3e3078,20260814,ecs-keyed,benign-plain,0,0,0,1,1,0
70ac7c6a-f1ce-4580-bc06-943487276f25,20260814,ecs-keyed,benign-plain,0,0,0,1,1,0
87513b68-d816-4783-91dc-6b58346ee0e5,20260814,ecs-keyed,benign-plain,0,0,0,1,1,0
684fc90e-b006-4780-8d2a-fac1af3f4582,20260814,ecs-keyed,benign-plain,0,0,0,1,1,0
cb4e72af-9fe3-4c60-a544-ddeddbfdab84,20260814,ecs-keyed,benign-plain,0,0,0,1,1,0
7d03d62f-2f9d-4906-a6d5-3ad8ce5952a5,20260814,aggregate,adverse-ecs-fanout,1,0,0,2,1,1
8733034d-4c3b-4fe6-b5fa-ff061c92ec9d,20260814,ecs-keyed,benign-plain,0,0,0,1,1,0
dabda082-3253-4676-a2e6-0529604f3317,20260814,ecs-keyed,benign-plain,0,0,0,1,1,0
535a9f94-9eac-4a7c-a1e3-ec185eee158b,20260814,ecs-keyed,benign-plain,0,0,0,1,1,0
ad92efd9-76e1-468f-928c-f13855cf7cda,20260814,ecs-keyed,benign-plain,0,0,0,1,1,0
e7c95144-2756-4236-b29d-3cd83990f54a,20260814,ecs-keyed,benign-plain,0,0,0,1,1,0
e709c8ff-d0e6-4276-8b2b-294090e98a58,20260814,ecs-keyed,benign-plain,0,0,0,1,1,0
126ea890-137b-465f-9756-09a562e1ad6b,20260814,aggregate,adverse-ecs-fanout,1,0,0,1,1,0
5088711d-1817-4f3b-aa85-9b73ec0ca6af,20260814,ecs-keyed,benign-plain,0,0,0,1,1,0
5ba54c24-0e57-4c6b-8b4b-f309c7fdd0ed,20260814,ecs-keyed,benign-plain,0,0,0,1,1,0
fcb1c05a-f286-4f14-a1cb-0955223b710a,20260814,aggregate,adverse-ecs-fanout,1,0,0,2,1,1
33db0380-cc0e-4fc6-bd3c-d6306cab93c1,20260814,ecs-keyed,benign-plain,0,0,0,1,1,0
57a0f5cb-e0af-44a5-963e-cccf3352a487,20260814,ecs-keyed,benign-plain,0,0,0,1,1,0
858f18a1-2dfe-463e-91ff-4a10567f00fa,20260814,aggregate,adverse-ecs-fanout,1,0,0,2,1,1
94081642-64f1-4239-84d5-ac1c47cbbb02,20260814,ecs-keyed,benign-plain,0,0,0,1,1,0
660d52fb-f2f2-4764-b195-b10cc7b9675d,20260814,ecs-keyed,benign-plain,0,0,0,1,1,0
a7970657-3a15-4fc7-850e-5c15c4c217f5,20260814,ecs-keyed,benign-plain,0,0,0,1,1,0
af596f86-aafd-45f1-9c49-ee31cd578e36,20260814,ecs-keyed,benign-plain,0,0,0,1,1,0
92c23016-09b3-4ae5-bb9b-3e3018659420,20260814,ecs-keyed,benign-plain,0,0,0,1,1,0
2271779c-8f39-4efa-83c5-96231956bf83,20260814,ecs-keyed,benign-plain,0,0,0,1,1,0
12781c49-c3fa-4594-8c83-b65f6b2a4087,20260814,ecs-keyed,benign-plain,0,0,0,1,1,0
6dcfe01a-4356-443c-888e-e1a8a6869c12,20260814,ecs-keyed,benign-plain,0,0,0,1,1,0
6ac7884b-663a-452b-97a6-d15b9c063c38,20260814,ecs-keyed,benign-plain,0,0,0,1,1,0
5e0dd0b1-b694-4366-a004-dc62d4efd296,20260814,ecs-keyed,benign-plain,0,0,0,1,1,0
d7c33250-5181-4814-91ba-ba63c6d452c0,20260814,ecs-keyed,benign-plain,0,0,0,1,1,0
5bf79bc6-fef7-48ba-9500-905ef8d49022,20260814,ecs-keyed,benign-plain,0,0,0,1,1,0
c7a8b969-7bf9-48ba-9d46-4572c27a77f2,20260814,ecs-keyed,benign-plain,0,0,0,1,1,0
9e7ad064-28c2-4dfb-aa71-a2a4fe6c1c3a,20260814,ecs-keyed,benign-plain,0,0,0,1,1,0
90e1d951-b349-4289-ad4d-800588df29fe,20260814,ecs-keyed,benign-plain,0,0,0,1,1,0
0f37c713-19dd-4e01-9e42-c52a575280c2,20260814,ecs-keyed,benign-plain,0,0,0,1,1,0
1f496d06-cae4-48c5-be5b-898e912634df,20260814,ecs-keyed,benign-plain,0,0,0,1,1,0
140206a4-021c-4f36-b950-80ec049bcd3e,20260814,ecs-keyed,benign-plain,0,0,0,1,1,0
70ddeaf8-7495-4edf-88ef-13664d1ecdf1,20260814,ecs-keyed,benign-plain,0,0,0,1,1,0
a5f2736b-4614-4410-aacf-c54bb34d1fb5,20260814,ecs-keyed,benign-plain,0,0,0,1,1,0
6ac9a6ab-8443-440a-a361-d3685637d184,20260814,ecs-keyed,benign-plain,0,0,0,1,1,0
168f4e12-94ba-4a3a-8fb3-ffaf320ca906,20260814,ecs-keyed,benign-plain,0,0,0,1,1,0
07613f44-b2d5-4e13-9054-f0172550572a,20260814,ecs-keyed,benign-plain,0,0,0,1,1,0
d75096fc-4168-4c3c-8071-d8bbc7787c92,20260814,ecs-keyed,benign-plain,0,0,0,1,1,0
0cda6b7a-936d-421e-8de2-ed9710da271b,20260814,ecs-keyed,benign-plain,0,0,0,1,1,0
9b314d9b-3466-41ac-9332-488345b4f452,20260814,ecs-keyed,benign-plain,0,0,0,1,1,0
d9d473b3-8132-44a7-a5a4-1ed81166fa63,20260814,ecs-keyed,benign-plain,0,0,0,1,1,0
7f8471bb-7cf1-4759-b90e-5138e60fe90c,20260814,ecs-keyed,benign-ecs-stable,0,0,0,1,1,0
25b403e6-9ba8-4643-b549-3b03731af301,20260814,ecs-keyed,benign-ecs-stable,0,0,0,1,1,0
94aa7321-978a-4300-bf47-0e1919a9de2e,20260814,ecs-keyed,benign-ecs-stable,0,0,0,1,1,0
cb477da3-7f18-489f-8b6f-134d79332ea5,20260814,ecs-keyed,benign-ecs-stable,0,0,0,1,1,0
f121cba0-9948-45d6-b427-572177a74a85,20260814,ecs-keyed,benign-ecs-stable,0,0,0,1,1,0
c948ff38-928f-4ce3-a434-bebb6bde43c7,20260814,ecs-keyed,benign-plain,0,0,0,1,1,0
412cf93a-18f1-43ff-9a97-ed325c939634,20260814,ecs-keyed,benign-plain,0,0,0,1,1,0
bb14d127-cf53-40ef-afa3-18813cf132ac,20260814,ecs-keyed,benign-ecs-stable,0,0,0,1,1,0
15388bd6-14fc-4b8a-9794-b5ba3f823a4d,20260814,ecs-keyed,benign-ecs-stable,0,0,0,1,1,0
6bbde5f8-b184-4b1b-879e-2b45f9124025,20260814,ecs-keyed,benign-ecs-stable,0,0,0,1,1,0
108450e6-bb80-4037-9ba7-37a164ec6989,20260814,ecs-keyed,benign-ecs-stable,0,0,0,1,1,0
6acf450f-9e41-4e9e-9784-c47292e32f3d,20260814,ecs-keyed,benign-plain,0,0,0,1,1,0
febc6650-c286-4459-afd3-6871ba3c7940,20260814,ecs-keyed,benign-ecs-stable,0,0,0,1,1,0
5e13776d-601e-4d6c-b4f1-7a8dbdc164b9,20260814,ecs-keyed,benign-ecs-stable,0,0,0,1,1,0
c090c527-6220-4b23-979a-7ad30612a376,20260814,ecs-keyed,benign-plain,0,0,0,1,1,0
e73ff041-bb82-4b82-8518-a09950fd5af4,20260814,ecs-keyed,benign-ecs-stable,0,0,0,1,1,0
3ab2858a-04e6-4cf1-ad9c-377d6a17df1b,20260814,ecs-keyed,benign-plain,0,0,0,1,1,0
fcb6a1d3-897a-48bf-8217-10c2382c9e90,20260814,ecs-keyed,benign-ecs-stable,0,0,0,1,1,0
7c2889b0-42c4-4f46-b2ed-0434e2d5f03c,20260814,ecs-keyed,benign-ecs-stable,0,0,0,1,1,0
853fd6ed-c03f-4b20-b8b7-89d601810c7e,20260814,ecs-keyed,benign-ecs-stable,0,0,0,1,1,0
56b86ed1-0623-425b-8f82-f850dcf8f6d9,20260814,ecs-keyed,benign-ecs-stable,0,0,0,1,1,0
1437d76b-44d8-4320-b3e9-ee486f9cc21c,20260814,ecs-keyed,benign-ecs-stable,0,0,0,1,1,0
950bb2f7-eab6-448b-bd7f-6b89cc75ea4e,20260814,ecs-keyed,benign-ecs-stable,0,0,0,1,1,0
7aad9ad5-131a-4909-a806-3a3ff8cc4763,20260814,ecs-keyed,benign-ecs-stable,0,0,0,1,1,0
4929b78e-8422-4caf-a645-cecf03a59636,20260814,ecs-keyed,benign-ecs-stable,0,0,0,1,1,0
e2806d69-6e50-40a2-a359-2a98995d60b0,20260814,ecs-keyed,benign-ecs-stable,0,0,0,1,1,0
637fe447-9df5-4f37-b88d-74f5b0e597dc,20260814,ecs-keyed,benign-ecs-stable,0,0,0,1,1,0
2fcac872-a453-43af-8beb-225cd33ff601,20260814,ecs-keyed,benign-ecs-stable,0,0,0,1,1,0
6cb69c53-a577-4086-94ed-4f6d7af53fbe,20260814,ecs-keyed,benign-ecs-stable,0,0,0,1,1,0
be3288df-5918-44a2-88df-4b97e174af4a,20260814,ecs-keyed,benign-ecs-stable,0,0,0,1,1,0
09df7572-32f8-4126-b0d7-67c043157575,20260814,ecs-keyed,benign-ecs-stable,0,0,0,1,1,0
f0c94eed-730b-49b0-8905-a5bcb21d8c58,20260814,ecs-keyed,benign-ecs-stable,0,0,0,1,1,0
f20e3af2-d3bb-4f72-a6bb-8c808a9700d2,20260814,ecs-keyed,benign-ecs-stable,0,0,0,1,1,0
67286a3c-1661-4d46-be98-013303f3ebbe,20260814,ecs-keyed,benign-ecs-stable,0,0,0,1,1,0
4cfe0a91-46c0-4a57-b04e-8f22378f81a8,20260814,ecs-keyed,benign-ecs-stable,0,0,0,1,1,0
15bf4755-48b8-49ba-93d3-9a3c1f4f73b1,20260814,ecs-keyed,benign-ecs-stable,0,0,0,1,1,0
82dd37c6-6193-406f-8f18-ec2b09da80d9,20260814,ecs-keyed,benign-plain,0,0,0,1,1,0
9133d50c-29eb-41ed-9b0c-6b4ed029d556,20260814,ecs-keyed,benign-ecs-stable,0,0,0,1,1,0
6e8690d6-85c8-4a45-ba93-9f9c23ba6248,20260814,ecs-keyed,benign-ecs-stable,0,0,0,1,1,0
06177458-49b0-4d4b-870b-79bb29ab3401,20260814,ecs-keyed,benign-ecs-stable,0,0,0,1,1,0
dc78f8f5-4deb-44cc-8b40-f91e9da53f8f,20260814,ecs-keyed,benign-ecs-stable,0,0,0,1,1,0
f2656ae5-b547-4cfb-84dc-de34bbde5657,20260814,ecs-keyed,benign-ecs-stable,0,0,0,1,1,0
4c0ff307-7385-4601-9f59-5b3b85021d6a,20260814,ecs-keyed,benign-ecs-stable,0,0,0,1,1,0
18f92f7c-0cab-4199-9d4d-dd1b7e141158,20260814,ecs-keyed,benign-ecs-stable,0,0,0,1,1,0
0c460f66-5ec1-40da-8609-ad502f9b87e6,20260814,ecs-keyed,benign-ecs-stable,0,0,0,1,1,0
8c38877d-4b98-44f8-9046-b0690ddf7e73,20260814,ecs-keyed,benign-ecs-stable,0,0,0,1,1,0
62ec6470-cdd4-4f83-9439-e30321cc7376,20260814,ecs-keyed,benign-ecs-stable,0,0,0,1,1,0
434fdd9e-71a5-454e-a66f-c607bbfadb34,20260814,ecs-keyed,benign-ecs-stable,0,0,0,1,1,0
27c7dcc3-f786-40d2-b63d-a9a63af46802,20260814,ecs-keyed,benign-ecs-stable,0,0,0,1,1,0
3b074f7e-1962-44ac-9db8-030033963dc6,20260814,ecs-keyed,benign-ecs-stable,0,0,0,1,1,0
a4cc9f43-3428-4865-bd13-2d04e43f07b7,20260814,ecs-keyed,benign-ecs-stable,0,0,0,1,1,0
30226ae1-c209-4dc5-8e4d-32c5d1a7e6cc,20260814,ecs-keyed,benign-ecs-stable,0,0,0,1,1,0
2966acc1-993c-4135-98ab-e54e34966423,20260814,ecs-keyed,benign-ecs-stable,0,0,0,1,1,0
b8f08360-4c3e-4518-903b-56bd377f610c,20260814,ecs-keyed,benign-ecs-stable,0,0,0,1,1,0
6eac31cc-cbf1-4f04-aa75-9b59c0c16138,20260814,ecs-keyed,benign-ecs-stable,0,0,0,1,1,0
aebcd10c-14bf-4a93-a44c-fb62a09b4389,20260814,ecs-keyed,benign-ecs-stable,0,0,0,1,1,0
731d2511-19db-4524-a987-01d662ac16b9,20260814,ecs-keyed,benign-plain,0,0,0,1,1,0
a8f52b4b-d3fd-4d91-aa1f-ab8e4867d943,20260814,ecs-keyed,benign-ecs-stable,0,0,0,1,1,0
81609d8b-54bd-4b70-99bd-a67ad8d2730f,20260814,ecs-keyed,benign-ecs-stable,0,0,0,1,1,0
dee0f856-1a5f-453e-93de-c33739e14650,20260814,ecs-keyed,benign-ecs-stable,0,0,0,1,1,0
7ffb4c13-d800-47e5-8211-7775450783cd,20260814,ecs-keyed,benign-ecs-stable,0,0,0,1,1,0
f35de003-6796-4b83-94ac-4b3a2aade071,20260814,ecs-keyed,benign-ecs-stable,0,0,0,1,1,0
ccdcc228-9ec6-44ff-bf4a-9ce8d324cd53,20260814,ecs-keyed,benign-ecs-stable,0,0,0,1,1,0
dc72fe00-688f-407e-863e-db73c2cef6a0,20260814,ecs-keyed,benign-ecs-stable,0,0,0,1,1,0
5b050553-90fd-447d-94ae-6686c5ccfb11,20260814,ecs-keyed,benign-ecs-stable,0,0,0,1,1,0
41060db1-41b7-40e4-ae40-6c59546c9460,20260814,ecs-keyed,benign-ecs-stable,0,0,0,1,1,0
430987db-136e-4feb-97b2-98b7c80ad867,20260814,ecs-keyed,benign-ecs-stable,0,0,0,1,1,0
87ceb899-3602-4457-9e75-b7fbdf320ac8,20260814,ecs-keyed,benign-ecs-stable,0,0,0,1,1,0
df9d51a9-3c74-465e-ae3a-4d42177a45b0,20260814,ecs-keyed,benign-ecs-stable,0,0,0,1,1,0
bdacb4c1-a140-4c06-973f-d8087444bc16,20260814,ecs-keyed,benign-ecs-stable,0,0,0,1,1,0
8839c77b-8dcc-4f45-a610-9ab2c348bafb,20260814,ecs-keyed,benign-ecs-stable,0,0,0,1,1,0
eb8492c0-1c79-4373-9d8a-bbdd2753578c,20260814,ecs-keyed,benign-ecs-stable,0,0,0,1,1,0
15608d37-3cf5-4613-bd3b-82fc48e07f37,20260814,ecs-keyed,benign-ecs-stable,0,0,0,1,1,0
61c61214-b518-4b36-b413-21d64386f622,20260814,ecs-keyed,benign-ecs-stable,0,0,0,1,1,0
d9b7a715-cac1-4a89-9f5f-36db30961817,20260814,ecs-keyed,benign-ecs-stable,0,0,0,1,1,0
7f914dc3-35ef-4137-ba77-8214f689d028,20260814,ecs-keyed,benign-ecs-stable,0,0,0,1,1,0
1561b9a4-681d-4566-85b2-fdbd92117bf6,20260814,ecs-keyed,benign-ecs-stable,0,0,0,1,1,0
b25cc656-3002-4110-b032-e4d201e29cf0,20260814,ecs-keyed,benign-ecs-stable,0,0,0,1,1,0
f909ff98-d90c-4c94-a86a-8420324134aa,20260814,ecs-keyed,benign-ecs-stable,0,0,0,1,1,0
36ad41ca-0795-40b0-9929-9465b6eec08b,20260814,ecs-keyed,benign-ecs-stable,0,0,0,1,1,0
14adb7cc-6c12-4f08-8769-1fc10b8b6151,20260814,ecs-keyed,benign-ecs-stable,0,0,0,1,1,0
8b5c34a5-8fc5-4492-be94-8300cc9c0215,20260814,ecs-keyed,benign-ecs-stable,0,0,0,1,1,0
a59b2f73-35c9-4c72-b67a-384292db519c,20260814,ecs-keyed,benign-ecs-stable,0,0,0,1,1,0
f1caa38e-4fbe-46ea-9777-16cd474c54bd,20260814,ecs-keyed,benign-ecs-stable,0,0,0,1,1,0
ddbed554-87a3-419c-8273-8f705aa11b5f,20260814,ecs-keyed,benign-ecs-stable,0,0,0,1,1,0
b2cb20aa-d566-464c-b1ac-97829c4b6d6b,20260814,ecs-keyed,benign-ecs-stable,0,0,0,1,1,0
afb739e2-3f11-4002-bfd4-528413938795,20260814,ecs-keyed,benign-ecs-stable,0,0,0,1,1,0
236c936c-d020-470f-98be-9ad56ffdb2a2,20260814,ecs-keyed,benign-ecs-stable,0,0,0,1,1,0
c0bd1625-71b7-48cd-8055-e65631809da7,20260814,ecs-keyed,benign-ecs-stable,0,0,0,1,1,0
66c2d833-7225-4ee1-bb39-47b8dee09016,20260814,ecs-keyed,benign-plain,0,0,0,1,1,0
3007e8f1-85ff-4457-baae-be8052f19500,20260814,ecs-keyed,benign-plain,0,0,0,1,1,0
dee49c85-8756-4727-932f-e991c49a7cdf,20260814,ecs-keyed,benign-ecs-geo,0,0,0,1,1,0
3990eee7-1ad4-4c61-ab05-c511cb1742da,20260814,ecs-keyed,benign-ecs-geo,0,0,0,1,1,0
958ca45e-3d78-46f9-80b2-a821c648e990,20260814,ecs-keyed,benign-ecs-stable,0,0,0,1,1,0
3f4426c6-6926-45e1-88a0-3de9c4e7439a,20260814,ecs-keyed,benign-ecs-stable,0,0,0,1,1,0
811c2842-1363-48ee-91a0-8ad7f34a40a7,20260814,ecs-keyed,benign-ecs-stable,0,0,0,1,1,0
0373b5de-c824-4b1a-8f49-8435777ab23d,20260814,ecs-keyed,benign-ecs-geo,0,0,0,1,1,0
bb6440c7-2b8f-4b37-8b97-30a9e3cbcfa3,20260814,ecs-keyed,benign-ecs-stable,0,0,0,1,1,0
2f65326d-96ee-4e15-88dd-e8a93ca475d6,20260814,ecs-keyed,benign-ecs-geo,0,0,0,1,1,0
1b4b422a-cd83-4e40-8cd6-5b261e5f12eb,20260814,ecs-keyed,benign-ecs-stable,0,0,0,1,1,0
2b1d5adf-ffc9-4b08-b454-4aaa587f83ac,20260814,ecs-keyed,benign-ecs-stable,0,0,0,1,1,0
dabaea14-b435-413a-934a-090af5c524fc,20260814,ecs-keyed,benign-ecs-geo,0,0,0,1,1,0
a42673a5-3f2a-4a81-b54a-3e1f2be098b8,20260814,ecs-keyed,benign-ecs-geo,0,0,0,1,1,0
a83b7d5c-a03d-4854-ac97-02a8879342fd,20260814,ecs-keyed,benign-ecs-geo,0,0,0,1,1,0
a433bf8f-2989-4e2f-ab8f-a574ba2728a5,20260814,ecs-keyed,benign-ecs-stable,0,0,0,1,1,0
35c06f71-ff46-49b2-9efd-8b3a5106df4a,20260814,ecs-keyed,benign-ecs-geo,0,0,0,1,1,0
05dc7d14-e574-40bb-9707-a250f227a43b,20260814,ecs-keyed,benign-ecs-geo,0,0,0,1,1,0
9d99e7f6-0fa2-4835-9def-daee606d784b,20260814,ecs-keyed,benign-ecs-geo,0,0,0,1,1,0
fed1e0d8-b7dd-484b-9500-0ae65b8b71f4,20260814,ecs-keyed,benign-ecs-geo,0,0,0,1,1,0
6044305c-de99-4c36-80d9-8035c75e01dd,20260814,ecs-keyed,benign-ecs-geo,0,0,0,1,1,0
128b4a9f-191d-4c96-aa78-9f01eb5e7672,20260814,ecs-keyed,benign-ecs-geo,0,0,0,1,1,0
d5c466d5-65ca-413d-a847-941b146c5803,20260814,ecs-keyed,benign-ecs-geo,0,0,0,1,1,0
6049151e-c4ac-4136-9a29-14d7d5745b08,20260814,ecs-keyed,benign-ecs-geo,0,0,0,1,1,0
09875025-e147-4326-8873-b7c14b77c302,20260814,ecs-keyed,benign-ecs-geo,0,0,0,1,1,0
57ba4628-601b-42dd-aca4-6f4878f52fd7,20260814,ecs-keyed,benign-ecs-geo,0,0,0,1,1,0
a8a42420-160e-499a-9fd1-821e9db9f79e,20260814,ecs-keyed,benign-ecs-geo,0,0,0,1,1,0
91eae99a-cea6-48e1-87e4-668cbe4bcee2,20260814,ecs-keyed,benign-ecs-geo,0,0,0,1,1,0
b80d6372-88d5-41f5-b295-cc0af745225c,20260814,ecs-keyed,benign-ecs-geo,0,0,0,1,1,0
65a5ce02-c84c-4831-bf2e-63a5b2cbd18b,20260814,ecs-keyed,benign-ecs-stable,0,0,0,1,1,0
2721c238-ceca-4e1e-8cbf-dd697082b367,20260814,ecs-keyed,benign-ecs-geo,0,0,0,1,1,0
116d01a5-e14c-4364-aa82-5da3017dc31a,20260814,ecs-keyed,benign-ecs-geo,0,0,0,1,1,0
c42772c9-a08e-4765-8cdf-d57d844b8eb9,20260814,ecs-keyed,benign-ecs-geo,0,0,0,1,1,0
02c4aa98-f7f9-4a38-998c-77396866691c,20260814,ecs-keyed,benign-ecs-geo,0,0,0,1,1,0
60355f02-09bd-4102-ab5b-3121f4ed8bf7,20260814,ecs-keyed,benign-ecs-geo,0,0,0,1,1,0
da46ff3c-1086-4323-a3a4-c54ce78b4131,20260814,ecs-keyed,benign-ecs-geo,0,0,0,1,1,0
53a3f728-d5d5-4f1f-a3af-8b41931d1028,20260814,ecs-keyed,benign-ecs-geo,0,0,0,1,1,0
7386f587-d6f8-4b65-a3fe-103be302f572,20260814,ecs-keyed,benign-ecs-geo,0,0,0,1,1,0
ae7638d7-0172-4b08-815b-84448ee327e4,20260814,ecs-keyed,benign-ecs-geo,0,0,0,1,1,0
8b1b579f-8f36-40a5-a3b1-ea141a774d16,20260814,ecs-keyed,benign-ecs-geo,0,0,0,1,1,0
f89aaf62-a1b3-4b80-af3c-304eb932b850,20260814,ecs-keyed,benign-ecs-geo,0,0,0,1,1,0
f61968ec-4e38-49e8-bb7a-917f77131b8c,20260814,ecs-keyed,benign-ecs-geo,0,0,0,1,1,0
6c37501f-9e96-429d-b50b-f4b47758ab36,20260814,ecs-keyed,benign-ecs-geo,0,0,0,1,1,0
95012de9-a82e-4d83-aed4-3522ecb9767b,20260814,ecs-keyed,benign-ecs-geo,0,0,0,1,1,0
6c46dff6-f1f6-4994-9bfc-5214074dbab4,20260814,ecs-keyed,benign-ecs-geo,0,0,0,1,1,0
0af69946-2b6e-4342-91de-aca3746f44a7,20260814,ecs-keyed,benign-ecs-geo,0,0,0,1,1,0
63cdccc2-bbd1-4135-9c1a-26a93a17ab80,20260814,ecs-keyed,benign-ecs-geo,0,0,0,1,1,0
b5e615ea-cb33-42db-a63a-f508d9759007,20260814,ecs-keyed,benign-ecs-geo,0,0,0,1,1,0
8b1ab6de-4396-4e1b-a048-125ab8874018,20260814,ecs-keyed,benign-ecs-geo,0,0,0,1,1,0
541c3eb9-578c-464d-bbdb-6c70a09d637c,20260814,ecs-keyed,benign-ecs-geo,0,0,0,1,1,0
7b990bfd-63cd-4f1d-a3fe-9731caf116da,20260814,ecs-keyed,benign-ecs-geo,0,0,0,1,1,0
009e7bd4-ec41-44f7-acee-a73daf732b9c,20260814,ecs-keyed,benign-ecs-geo,0,0,0,1,1,0
7d410f06-b2a1-4f83-b499-52a69e7af704,20260814,ecs-keyed,benign-ecs-geo,0,0,0,1,1,0
30947ff0-289f-40ef-a69d-06eeb55a5560,20260814,ecs-keyed,benign-ecs-geo,0,0,0,1,1,0
f7fb997b-2ab5-442c-85f2-efff35237891,20260814,ecs-keyed,benign-ecs-geo,0,0,0,1,1,0
5f9bfa6a-a0d6-4145-8362-584cff3ef40b,20260814,ecs-keyed,benign-ecs-geo,0,0,0,1,1,0
9b1c4930-88b8-4dde-bbdc-b6855c01613c,20260814,ecs-keyed,benign-ecs-geo,0,0,0,1,1,0
0285466c-4528-4b16-b822-1b22bb00783b,20260814,ecs-keyed,benign-ecs-geo,0,0,0,1,1,0
f4b9fa21-0b85-43fa-a36d-154d4f5372a1,20260814,ecs-keyed,benign-ecs-geo,0,0,0,1,1,0
91d5d53f-9787-44a0-8ec8-240401751094,20260814,ecs-keyed,benign-ecs-geo,0,0,0,1,1,0
7593bb61-af5e-429d-9313-c28d591b8404,20260814,ecs-keyed,benign-ecs-geo,0,0,0,1,1,0
eb93b8cb-756a-433e-b695-3f9b94bea151,20260814,ecs-keyed,benign-ecs-geo,0,0,0,1,1,0
72a58bb3-c226-4abb-9b59-d161b033e077,20260814,ecs-keyed,benign-ecs-geo,0,0,0,1,1,0
9b36e391-b9cf-4efd-a1da-33f363d9ac83,20260814,ecs-keyed,benign-ecs-geo,0,0,0,1,1,0
039f4c41-ef7d-4e47-a930-788467ad452a,20260814,ecs-keyed,benign-ecs-geo,0,0,0,1,1,0
c9ddde9f-bb5e-4cbf-bee5-9f2579e9994d,20260814,ecs-keyed,benign-ecs-geo,0,0,0,1,1,0
f19c5c4f-2349-4b5c-8f32-fa459a9f45f0,20260814,ecs-keyed,benign-ecs-geo,0,0,0,1,1,0
8b9db26d-48d7-4cf4-af31-f8e6d5bce9fb,20260814,ecs-keyed,benign-ecs-geo,0,0,0,1,1,0
ff6d8a99-7bc3-43a3-bf52-dc9fdc00ede3,20260814,ecs-keyed,benign-ecs-geo,0,0,0,1,1,0
37303a1f-d694-47cd-8aea-a7e804f9e1d2,20260814,ecs-keyed,benign-ecs-geo,0,0,0,1,1,0
ed731a15-b212-4c76-a42d-35e3d42555d6,20260814,ecs-keyed,benign-ecs-geo,0,0,0,1,1,0
e8e725dd-d7e1-4405-8bcd-ffde29cec94f,20260814,ecs-keyed,benign-ecs-geo,0,0,0,1,1,0
4b37011b-6648-4a08-af60-c58761ca4b8e,20260814,ecs-keyed,benign-ecs-geo,0,0,0,1,1,0
ef07f418-06d3-4e9a-9cca-39336105853c,20260814,ecs-keyed,benign-ecs-geo,0,0,0,1,1,0
6bab86bb-f701-41d6-9ad9-ad725a0e692d,20260814,ecs-keyed,benign-ecs-geo,0,0,0,1,1,0
744f8189-fb71-4f63-b3c1-37568fa33f00,20260814,ecs-keyed,benign-ecs-geo,0,0,0,1,1,0
aa69fed8-9e2a-48b5-8aa2-0823f130a34e,20260814,ecs-keyed,benign-ecs-geo,0,0,0,1,1,0
f6a0fa48-7ce6-47ed-8dc5-d41ae122989e,20260814,ecs-keyed,benign-ecs-geo,0,0,0,1,1,0
58a43a4f-76f5-4d1d-b638-a30426104d00,20260814,ecs-keyed,benign-ecs-geo,0,0,0,1,1,0
3949f944-6c5b-4e30-95d6-7bc3675326ba,20260814,ecs-keyed,benign-ecs-geo,0,0,0,1,1,0
5e1b17a2-e335-49f7-b60b-467c20396f12,20260814,ecs-keyed,benign-ecs-geo,0,0,0,1,1,0
37672919-acdc-4c6d-87b5-7f698b96f702,20260814,ecs-keyed,benign-ecs-geo,0,0,0,1,1,0
267f88ab-0e38-4708-ad1c-41c8009b7a99,20260814,ecs-keyed,benign-ecs-geo,0,0,0,1,1,0
b8506e00-4dfd-4485-ba3e-5e9b86f8d41a,20260814,ecs-keyed,benign-ecs-geo,0,0,0,1,1,0
23bba8c5-d667-4d3e-9df0-c9d05a2b0033,20260814,ecs-keyed,benign-ecs-geo,0,0,0,1,1,0
d5597d89-8b4d-461a-8aee-816cca0da4be,20260814,ecs-keyed,benign-ecs-geo,0,0,0,1,1,0
116d4564-ec33-43d3-bb4d-dc4d0f443df5,20260814,ecs-keyed,benign-ecs-geo,0,0,0,1,1,0
64461a6b-b8f8-45cd-bffb-aea1211d0b13,20260814,ecs-keyed,benign-ecs-geo,0,0,0,1,1,0
5e9033cf-15c1-4998-9204-f970809b751e,20260814,ecs-keyed,benign-ecs-geo,0,0,0,1,1,0
9986e416-073f-4150-b03e-f88256ba2315,20260814,ecs-keyed,benign-ecs-geo,0,0,0,1,1,0
fcfc1189-2dbc-47fd-949d-010510c64636,20260814,ecs-keyed,benign-ecs-geo,0,0,0,1,1,0
ef865bb7-09f5-434b-84f8-cca93fd3763c,20260814,ecs-keyed,benign-ecs-geo,0,0,0,1,1,0
6148ae8c-ab59-46dc-9565-0195b3849b98,20260814,ecs-keyed,benign-ecs-geo,0,0,0,1,1,0
97bbcc4c-0aaa-43b9-89d4-c3b570780c7e,20260814,ecs-keyed,benign-ecs-geo,0,0,0,1,1,0
507bb90e-9ff8-4ce7-bf50-8c974abbc351,20260814,ecs-keyed,benign-ecs-geo,0,0,0,1,1,0
6deb8662-f104-4de6-a1a1-e116804e85c4,20260814,ecs-keyed,benign-ecs-geo,0,0,0,1,1,0
5633c8d4-7ad8-4c4a-a6e4-6c62cd4e95d0,20260814,ecs-keyed,benign-burst,0,0,0,1,1,0
03b6f617-1940-4cbb-b5aa-2df99aea582e,20260814,ecs-keyed,benign-burst,0,0,0,1,1,0
e96adc8a-0047-40ef-a0e9-2419784cd09c,20260814,ecs-keyed,benign-burst,0,0,0,1,1,0
cfafdd91-b25e-43f9-9637-2f03bb7dd293,20260814,ecs-keyed,benign-burst,0,0,0,1,1,0
423d55b8-3f48-4174-8ba6-a34e015075d3,20260814,ecs-keyed,benign-burst,0,0,0,1,1,0
33ed1d69-9d67-40b7-9990-a16367735d43,20260814,ecs-keyed,benign-ecs-geo,0,0,0,1,1,0
c58870a1-637c-48b4-8fbd-45dc930378b0,20260814,ecs-keyed,benign-ecs-geo,0,0,0,1,1,0
a9a17f53-6f4d-4581-84a3-7ac346466271,20260814,ecs-keyed,benign-burst,0,0,0,1,1,0
9f9a0568-da44-4ec9-a721-5e227ab5bef7,20260814,ecs-keyed,benign-burst,0,0,0,1,1,0
1f4fcec8-09af-42a8-b7b9-0eb79908a6c1,20260814,ecs-keyed,benign-ecs-geo,0,0,0,1,1,0
6a324315-54b8-44b4-911d-8dc1c9312386,20260814,ecs-keyed,benign-ecs-geo,0,0,0,1,1,0
fe0c7f08-ae86-4227-b4bb-bbf95ad0c887,20260814,ecs-keyed,benign-burst,0,0,0,1,1,0
6d55df07-218f-4bdc-8dc5-d212b7fba1bb,20260814,ecs-keyed,benign-burst,0,0,0,1,1,0
fc4672e9-b9c2-47c2-811d-41293fbdd380,20260814,ecs-keyed,benign-burst,0,0,0,1,1,0
2fb3496e-7e21-4319-ba25-7da960deb1f5,20260814,ecs-keyed,benign-burst,0,0,0,1,1,0
014af86d-a263-4cdc-ae4e-3f602f3ac9c7,20260814,ecs-keyed,benign-burst,0,0,0,1,1,0
59358ec5-31ce-453c-aba8-0730282400d9,20260814,ecs-keyed,benign-burst,0,0,0,1,1,0
0aaf34a5-e4fb-45dd-be86-9a51be667242,20260814,ecs-keyed,benign-burst,0,0,0,1,1,0
0129bde5-1911-4915-a98d-0dd3967012fe,20260814,ecs-keyed,benign-burst,0,0,0,1,1,0
4861105d-3f4b-4d0c-937b-1c35c9a66888,20260814,ecs-keyed,benign-burst,0,0,0,1,1,0
81487c4c-e021-4726-aabc-0894ef2c3330,20260814,ecs-keyed,benign-burst,0,0,0,1,1,0
9a1f8cc2-5317-422f-9957-5a2c6d45bcf1,20260814,ecs-keyed,benign-burst,0,0,0,1,1,0
5eeb17b0-2629-4b24-bd30-a57702b91ec1,20260814,ecs-keyed,benign-burst,0,0,0,1,1,0
086df651-c7aa-4de0-bab2-7d672197e868,20260814,ecs-keyed,benign-burst,0,0,0,1,1,0
1312805e-b15a-4983-b802-eec24a3e1289,20260814,ecs-keyed,benign-burst,0,0,0,1,1,0
ebb525d5-33de-429b-b2d2-4e35807aa174,20260814,ecs-keyed,benign-burst,0,0,0,1,1,0
a2a54ae8-7c83-4cb9-835f-076cb4836ece,20260814,ecs-keyed,benign-burst,0,0,0,1,1,0
18a6c3dd-ce46-4c32-a6b1-aef79add4089,20260814,ecs-keyed,benign-burst,0,0,0,1,1,0
feba5661-404f-4514-9bc1-456445d9ddf1,20260814,ecs-keyed,benign-burst,0,0,0,1,1,0
db003cb5-e51b-45cf-9221-360791836b6d,20260814,ecs-keyed,benign-burst,0,0,0,1,1,0
e559cbd6-0c26-4563-81ba-ffcbe33cde5b,20260814,ecs-keyed,benign-burst,0,0,0,1,1,0
c93ebf8d-9980-45de-994b-ab951650074b,20260814,ecs-keyed,benign-burst,0,0,0,1,1,0
0d7d2561-41a7-4718-ae12-9dd5116bb1d9,20260814,ecs-keyed,benign-burst,0,0,0,1,1,0
735a7e1f-2ecc-404b-b2b9-f19be48eb8d3,20260814,ecs-keyed,benign-burst,0,0,0,1,1,0
fc5c8bac-e72e-4990-ae8c-05e796d18ca8,20260814,ecs-keyed,benign-burst,0,0,0,1,1,0
3f39a471-cc28-485d-9f93-061916970f08,20260814,ecs-keyed,benign-burst,0,0,0,1,1,0
242ba343-845a-420e-95a3-3b9c22cb1342,20260814,ecs-keyed,benign-burst,0,0,0,1,1,0
b1f16c99-95df-4da0-9bed-a8f81a966a95,20260814,ecs-keyed,benign-burst,0,0,0,1,1,0
dcd57001-ee5f-4736-85d4-0619c02eb9ed,20260814,ecs-keyed,benign-burst,0,0,0,1,1,0
5e140192-79d5-40bd-876d-e2b7c992b000,20260814,ecs-keyed,benign-burst,0,0,0,1,1,0
109e2e7f-6bf3-497e-910b-f035a1c7f178,20260814,ecs-keyed,benign-burst,0,0,0,1,1,0
4a9f2f7d-788d-44ce-8321-fe5ff6a9a0e6,20260814,ecs-keyed,benign-burst,0,0,0,1,1,0
4c35b5b5-6a56-4e52-866a-c9ac345faf03,20260814,ecs-keyed,benign-burst,0,0,0,1,1,0
21f3d035-8607-4fa3-9acb-840e5236802e,20260814,ecs-keyed,benign-burst,0,0,0,1,1,0
f7944dce-67ca-4608-87fb-ab12ebb982ab,20260814,ecs-keyed,benign-burst,0,0,0,1,1,0
6e8b688f-6311-4ffd-9037-e8787cf09f4e,20260814,ecs-keyed,benign-burst,0,0,0,1,1,0
0fe3b8d7-84fb-47db-8bc8-f2da17dfe54d,20260814,ecs-keyed,benign-burst,0,0,0,1,1,0
e6f72888-e44b-40cd-ad17-de22b99162f1,20260814,ecs-keyed,benign-burst,0,0,0,1,1,0
2f206827-3c8e-4ec4-b489-afc1da7c848a,20260814,ecs-keyed,benign-burst,0,0,0,1,1,0
083b64c2-da55-4c64-ae5f-98e55f54e0f9,20260814,ecs-keyed,benign-burst,0,0,0,1,1,0
8dc06a3e-02f9-4775-acbe-34394b92e010,20260814,ecs-keyed,benign-burst,0,0,0,1,1,0
e3277bbd-24cc-4288-b583-d8cd1532f226,20260814,ecs-keyed,benign-burst,0,0,0,1,1,0
1fd11874-37ec-4a65-8c9d-e8267d383775,20260814,ecs-keyed,benign-burst,0,0,0,1,1,0
453fbb52-ccf6-42c4-bd84-3059bfcbcddb,20260814,ecs-keyed,benign-burst,0,0,0,1,1,0
59286335-7f1d-4cef-b56b-565bf68d2e5a,20260814,ecs-keyed,benign-burst,0,0,0,1,1,0
f26eeba8-508f-4b27-b483-6e721ee06b2f,20260814,ecs-keyed,benign-burst,0,0,0,1,1,0
524caa73-6b0c-4f68-a6e8-66041da8673a,20260814,ecs-keyed,benign-burst,0,0,0,1,1,0
baaceba7-0446-47c9-8d29-c9a699f7c153,20260814,ecs-keyed,benign-burst,0,0,0,1,1,0
4ddb66fb-7072-4957-98a2-d5d45d3c98fc,20260814,ecs-keyed,benign-burst,0,0,0,1,1,0
0dddcabd-a2ff-4b7c-80b2-65e3228c261f,20260814,ecs-keyed,benign-burst,0,0,0,1,1,0
18510fd9-5f05-416b-9240-3fcdf27ec783,20260814,ecs-keyed,benign-burst,0,0,0,1,1,0
96c55cc1-8caf-428a-9ad0-cc72eef8c3f0,20260814,ecs-keyed,benign-burst,0,0,0,1,1,0
9e9c53f3-5aa2-4965-a2bc-53db91cc18f3,20260814,ecs-keyed,benign-burst,0,0,0,1,1,0
ba0d8005-774b-4773-abc9-90c067fbb8a9,20260814,ecs-keyed,benign-burst,0,0,0,1,1,0
e54cb7ab-9207-4b12-8626-2a3b2699ad27,20260814,ecs-keyed,benign-burst,0,0,0,1,1,0
7fb9f21a-cf08-4753-9b75-8117b8fc5814,20260814,ecs-keyed,benign-burst,0,0,0,1,1,0
74ad62a8-7531-4a5e-b915-dda2b4d2d9f1,20260814,ecs-keyed,benign-burst,0,0,0,1,1,0
12fa4296-a5f9-4283-9091-4a03a09b223e,20260814,ecs-keyed,benign-burst,0,0,0,1,1,0
98c58fd5-d225-4a75-a67b-ee14a3d00fa1,20260814,ecs-keyed,benign-burst,0,0,0,1,1,0
cf3cd7d5-e2a8-4e12-a732-291f12bf4db4,20260814,ecs-keyed,benign-burst,0,0,0,1,1,0
d332c929-9b36-4f48-bd23-895045965fb3,20260814,ecs-keyed,benign-burst,0,0,0,1,1,0
abaef84f-f636-450a-8361-2e1da8306b51,20260814,ecs-keyed,benign-burst,0,0,0,1,1,0
fbaa5aa1-1dec-49fe-a0fc-2077b22aa130,20260814,ecs-keyed,benign-burst,0,0,0,1,1,0
67de6e6f-df4b-4048-8b52-32375649018f,20260814,ecs-keyed,benign-burst,0,0,0,1,1,0
9adfe39b-2736-4676-a164-4b44d9d8ec6c,20260814,ecs-keyed,benign-burst,0,0,0,1,1,0
af152d0d-6cf9-49cc-abd6-86b9bfe9b096,20260814,ecs-keyed,benign-burst,0,0,0,1,1,0
7dc79f6f-403f-465a-98f5-0bb8e37caefd,20260814,ecs-keyed,benign-burst,0,0,0,1,1,0
8a8d62e1-18d2-4709-9c99-8fe80a375c80,20260814,ecs-keyed,benign-burst,0,0,0,1,1,0
6b0446c6-7a3c-4f88-af97-2920eb94e4b6,20260814,ecs-keyed,benign-burst,0,0,0,1,1,0
eee76e01-0659-4dfe-b520-0b6d9c471197,20260814,ecs-keyed,benign-burst,0,0,0,1,1,0
a992728a-fa5d-44ba-bbb2-cccad11965d1,20260814,ecs-keyed,benign-burst,0,0,0,1,1,0
15114b63-210c-4016-82ae-c1174fe7d57d,20260814,ecs-keyed,benign-burst,0,0,0,1,1,0
d9c045ba-ba3f-451a-8e8e-30ee6fa465e3,20260814,ecs-keyed,benign-burst,0,0,0,1,1,0
694f0226-d068-4e4e-aa86-527d4a6c7a0a,20260814,ecs-keyed,adverse-ecs-omit,1,0,0,1,1,0
00ce1750-77d1-489a-961b-7b9c5652aae7,20260814,ecs-keyed,benign-burst,0,0,0,1,1,0
a7d7c93a-0460-4737-89f8-83aecb7febea,20260814,ecs-keyed,benign-burst,0,0,0,1,1,0
a4a6291e-b930-4537-9fe8-80191c545eb2,20260814,ecs-keyed,benign-burst,0,0,0,1,1,0
0755b924-b1fb-4411-87c6-7b988dd72d62,20260814,ecs-keyed,benign-burst,0,0,0,1,1,0
3ea351ef-9065-40b5-acbd-b17913aa45c2,20260814,ecs-keyed,benign-burst,0,0,0,1,1,0
2c658aae-940d-48dc-8f25-b89ffbb993cc,20260814,ecs-keyed,benign-burst,0,0,0,1,1,0
89badfbc-8a86-4981-9b65-77747445ac44,20260814,ecs-keyed,adverse-ecs-omit,1,0,0,1,1,0
5bafba42-f16b-428f-bd86-388bcef0d2f7,20260814,ecs-keyed,adverse-ecs-omit,1,0,0,1,1,0
7e0abb0b-c82b-4b9e-888d-976fa834d277,20260814,ecs-keyed,adverse-ecs-omit,1,0,0,1,1,0
4acd13f6-0817-4855-ac87-5f9150a1272f,20260814,ecs-keyed,benign-burst,0,0,0,1,1,0
dee61ea1-5ff4-4dcc-9fe7-873696c45e51,20260814,ecs-keyed,adverse-ecs-omit,1,0,0,1,1,0
5b86ceee-b28f-49f3-92f9-5de30eadc84b,20260814,ecs-keyed,adverse-ecs-omit,1,0,0,1,1,0
dff54c3e-b9e3-4fa9-ab6f-79bc682d3240,20260814,ecs-keyed,adverse-ecs-omit,1,0,0,1,1,0
4087b01f-3129-4a09-89bf-a74ba6467d38,20260814,ecs-keyed,adverse-ecs-omit,1,0,0,1,1,0
fc9aa87e-6912-45a5-991b-f07dd83ffbaa,20260814,ecs-keyed,benign-burst,0,0,0,1,1,0
7d92cf67-52a1-4597-b871-dc26351ecd47,20260814,ecs-keyed,adverse-ecs-omit,1,0,0,1,1,0
1def9a16-34b6-43f5-bcdd-374414c32043,20260814,ecs-keyed,adverse-ecs-omit,1,0,0,1,1,0
704c4572-5ab5-4445-a85c-23b3893edfa0,20260814,ecs-keyed,adverse-ecs-omit,1,0,0,1,1,0
8b2188f4-5372-40d4-a2bb-03f28be1b767,20260814,ecs-keyed,adverse-ecs-omit,1,0,0,1,1,0
9ee23e46-695e-46e3-b3ce-5c21246340b2,20260814,ecs-keyed,adverse-ecs-omit,1,0,0,1,1,0
ca2010df-5e2d-48cc-b294-7243df04a828,20260814,ecs-keyed,adverse-ecs-omit,1,0,0,1,1,0
f50b8f8d-5193-47eb-8e6f-daa5abcbe5e2,20260814,ecs-keyed,adverse-ecs-omit,1,0,0,1,1,0
93f57147-cbeb-46ba-a6b4-9fbf56b4b5a1,20260814,ecs-keyed,adverse-ecs-omit,1,0,0,1,1,0
44f90335-1f4e-42e8-9bd3-7b9b98dc1fbb,20260814,ecs-keyed,adverse-ecs-omit,1,0,0,1,1,0
fe01bde5-3ff4-442a-9c28-e7dfe77b313d,20260814,ecs-keyed,adverse-ecs-omit,1,0,0,1,1,0
8f27d5cc-2a75-4be5-bbdf-d3ab57e6d567,20260814,ecs-keyed,adverse-ecs-omit,1,0,0,1,1,0
82c263d8-4b80-4994-9ef8-960d8a1837e0,20260814,ecs-keyed,adverse-ecs-omit,1,0,0,1,1,0
e54f1813-b799-4ed6-82fd-164628b49585,20260814,ecs-keyed,adverse-ecs-omit,1,0,0,1,1,0
7159659a-a151-46d6-bc2f-78f6141fb0d2,20260814,ecs-keyed,adverse-ecs-omit,1,0,0,1,1,0
735e59eb-1e5e-4846-a8de-b58fabb30504,20260814,ecs-keyed,adverse-ecs-omit,1,0,0,1,1,0
5be0cf64-aa2e-49f5-bc8b-1a767dbeba5a,20260814,ecs-keyed,adverse-ecs-omit,1,0,0,1,1,0
a0b03362-02b4-475d-9591-8d2999aec326,20260814,ecs-keyed,adverse-ecs-omit,1,0,0,1,1,0
1b6b18dc-2a25-4475-aa68-e32ae50ffedf,20260814,ecs-keyed,adverse-ecs-omit,1,0,0,1,1,0
3258c444-af3a-419c-86dd-c369ec65f70c,20260814,ecs-keyed,adverse-ecs-omit,1,0,0,1,1,0
7e14149f-ad06-472c-a0d6-5e7b5c46b6b7,20260814,ecs-keyed,adverse-ecs-omit,1,0,0,1,1,0
9c140048-5d2a-4efe-8ad4-1146c4baabbb,20260814,ecs-keyed,adverse-ecs-omit,1,0,0,1,1,0
2e772237-2ea6-467f-9a63-536f069c055c,20260814,ecs-keyed,adverse-ecs-omit,1,0,0,1,1,0
5b34629b-d929-4011-b897-03c2ebd28a71,20260814,ecs-keyed,adverse-ecs-omit,1,0,0,1,1,0
70b8027c-4f59-4429-9b53-3413238cd42e,20260814,ecs-keyed,adverse-ecs-omit,1,0,0,1,1,0
6a26a490-4b2e-4db1-b9a0-b3a49e5c5075,20260814,ecs-keyed,adverse-ecs-omit,1,0,0,1,1,0
26f27a8c-8351-4e0a-bc00-6c04c4add11b,20260814,ecs-keyed,adverse-ecs-omit,1,0,0,1,1,0
a8ad56f8-b3c2-4e0c-8932-b1f4aeae5e83,20260814,ecs-keyed,adverse-ecs-omit,1,0,0,1,1,0
ac8a29a0-2733-46cd-8528-177238ed515e,20260814,ecs-keyed,adverse-ecs-omit,1,0,0,1,1,0
d7b22f43-424f-4e7c-a155-93bc9ffb5cdc,20260814,ecs-keyed,adverse-ecs-omit,1,0,0,1,1,0
7ccb99d5-1cda-4828-b6d1-a2afbd73ced9,20260814,ecs-keyed,adverse-ecs-omit,1,0,0,1,1,0
2f32276d-e326-46df-a2c1-910c98190062,20260814,ecs-keyed,adverse-ecs-omit,1,0,0,1,1,0
1dadafae-a28f-4926-ab75-6b8842c41965,20260814,ecs-keyed,adverse-ecs-omit,1,0,0,1,1,0
ed5d2502-fdf3-4005-ba97-0c2308219f90,20260814,ecs-keyed,adverse-ecs-omit,1,0,0,1,1,0
00e834be-3073-41ee-9f6c-ff81a0c4ca76,20260814,ecs-keyed,adverse-ecs-omit,1,0,0,1,1,0
79f52e42-3238-49cc-b220-2d6c1644b26b,20260814,ecs-keyed,adverse-ecs-omit,1,0,0,1,1,0
a10a3ea0-2df0-459d-aa9f-7ffd9d4a2036,20260814,ecs-keyed,adverse-ecs-omit,1,0,0,1,1,0
199ad4ad-0e7b-42bd-9e89-05519dad5d10,20260814,ecs-keyed,adverse-ecs-omit,1,0,0,1,1,0
8ad2aeec-a61a-437f-876d-d5a0cf3a952f,20260814,ecs-keyed,adverse-ecs-omit,1,0,0,1,1,0
973010ea-5760-4cb3-b306-3eb337ff0b92,20260814,ecs-keyed,adverse-ecs-omit,1,0,0,1,1,0
3aee2970-73a3-4252-973e-9376f106dd0c,20260814,ecs-keyed,adverse-ecs-omit,1,0,0,1,1,0
1f58a883-ace6-4edd-a8c0-300a4123defd,20260814,ecs-keyed,adverse-ecs-omit,1,0,0,1,1,0
7b853d5e-1319-4728-bc47-8bee619b308b,20260814,ecs-keyed,adverse-ecs-omit,1,0,0,1,1,0
d0586b54-3d0c-4fb6-a3fd-44fd596a1537,20260814,ecs-keyed,adverse-ecs-omit,1,0,0,1,1,0
2849d16c-d051-4b34-bab6-44f40b7a4a74,20260814,ecs-keyed,adverse-ecs-omit,1,0,0,1,1,0
a86527a9-3678-43c0-9643-299dcd6a410f,20260814,ecs-keyed,adverse-ecs-omit,1,0,0,1,1,0
b12894a2-8105-4959-84af-ce975c3a2461,20260814,ecs-keyed,adverse-ecs-omit,1,0,0,1,1,0
df4a6e68-886f-4457-8176-f95d925c6c8c,20260814,ecs-keyed,adverse-ecs-omit,1,0,0,1,1,0
b3b14f35-a914-4870-83b3-d9e2f5d745b8,20260814,ecs-keyed,adverse-ecs-omit,1,0,0,1,1,0
378c11db-d528-4724-96f8-d7a704d020e1,20260814,ecs-keyed,adverse-ecs-omit,1,0,0,1,1,0
dbdf8375-fabc-474c-9187-8c97e90e1a97,20260814,ecs-keyed,adverse-ecs-omit,1,0,0,1,1,0
158fee50-8668-4a26-b5f0-e0532260f4d2,20260814,ecs-keyed,adverse-ecs-omit,1,0,0,1,1,0
dd51964f-a868-4fc8-88c4-e5d9fcc25a28,20260814,ecs-keyed,adverse-ecs-omit,1,0,0,1,1,0
ea77c204-a488-4c52-a887-76371e624c2c,20260814,ecs-keyed,adverse-ecs-omit,1,0,0,1,1,0
7b5ba463-038b-4087-9d9b-dece94e70e5b,20260814,ecs-keyed,adverse-ecs-omit,1,0,0,1,1,0
7e38a455-59e4-414d-bd99-af558ffdb95e,20260814,ecs-keyed,adverse-ecs-omit,1,0,0,1,1,0
c7ffcf07-a14a-4917-9390-bb4fbda6f6ee,20260814,ecs-keyed,adverse-ecs-omit,1,0,0,1,1,0
127e74b2-f539-471b-baa3-1c8c4fd4d4c0,20260814,ecs-keyed,adverse-ecs-omit,1,0,0,1,1,0
6e8a5fa1-3b95-4042-8d78-915d5b6e183f,20260814,ecs-keyed,adverse-ecs-omit,1,0,0,1,1,0
c3589c27-ba08-44d4-97b2-907968bcc1a9,20260814,ecs-keyed,adverse-ecs-omit,1,0,0,1,1,0
4db2357a-6ecc-4754-a887-56739c536bd8,20260814,ecs-keyed,adverse-ecs-omit,1,0,0,1,1,0
f2f8729f-99bc-411c-9818-651e6fbbf438,20260814,ecs-keyed,adverse-ecs-omit,1,0,0,1,1,0
d61e1b97-6cc9-48b7-a9d2-5e8bee8ff35a,20260814,ecs-keyed,adverse-ecs-omit,1,0,0,1,1,0
392d2413-4b2c-4d8a-96e6-9a58d1892b0b,20260814,ecs-keyed,adverse-ecs-omit,1,0,0,1,1,0
57487d78-ae29-455c-b033-5942dfbced59,20260814,ecs-keyed,adverse-ecs-omit,1,0,0,1,1,0
0ca44fe8-dca5-41ab-bc08-581129f5b9eb,20260814,ecs-keyed,adverse-ecs-omit,1,0,0,1,1,0
d9dcc177-9673-412e-9c56-cd1f1d692075,20260814,ecs-keyed,adverse-ecs-omit,1,0,0,1,1,0
e27413da-e140-456d-8306-023feec8b6ea,20260814,ecs-keyed,adverse-ecs-omit,1,0,0,1,1,0
0690e3a3-9750-40d9-ad79-4088436cba6b,20260814,ecs-keyed,adverse-ecs-omit,1,0,0,1,1,0
8977c71b-b211-49fb-a981-bb5d7d79d5a8,20260814,ecs-keyed,adverse-ecs-omit,1,0,0,1,1,0
48cb3459-c9d9-481e-87d2-c85b62a72180,20260814,ecs-keyed,adverse-ecs-omit,1,0,0,1,1,0
52b2431a-4d09-4bd5-8d7e-10de05836ea5,20260814,ecs-keyed,adverse-ecs-omit,1,0,0,1,1,0
b33b749b-7bcf-496b-b1d1-57879243c889,20260814,ecs-keyed,adverse-ecs-omit,1,0,0,1,1,0
3b613666-3c25-4e75-ba3e-2408aee99401,20260814,ecs-keyed,adverse-ecs-omit,1,0,0,1,1,0
47f0c4f0-c100-40ec-b369-320f1704ac6d,20260814,ecs-keyed,adverse-ecs-omit,1,0,0,1,1,0
6897d9ff-ae47-4a70-9519-a6f0a4560b0f,20260814,ecs-keyed,adverse-ecs-omit,1,0,0,1,1,0
57c56ec1-4ef0-44c9-ba1d-a26d01f8624c,20260814,ecs-keyed,adverse-ecs-mismatch,1,0,0,1,1,0
72b7badd-2821-4428-ad2a-ca2a678ec116,20260814,ecs-keyed,adverse-ecs-omit,1,0,0,1,1,0
2fb6a8e1-7929-43b5-a57c-1c9a67b30e04,20260814,ecs-keyed,adverse-ecs-omit,1,0,0,1,1,0
bf44a573-3441-4d90-a3a6-4f74ed9cc360,20260814,ecs-keyed,adverse-ecs-omit,1,0,0,1,1,0
cc48f267-58b0-4782-a545-83f081adfec4,20260814,ecs-keyed,adverse-ecs-mismatch,1,0,0,1,1,0
8b4e71af-ac8b-4729-9d03-9127857483af,20260814,ecs-keyed,adverse-ecs-omit,1,0,0,1,1,0
0dd5ab3d-752b-4ca1-bd9c-4c47fdeaa07d,20260814,ecs-keyed,adverse-ecs-omit,1,0,0,1,1,0
34fa9628-3fb8-44d5-8713-ad8ca1715951,20260814,ecs-keyed,adverse-ecs-mismatch,1,0,0,1,1,0
4897b54e-d980-4737-a408-322f705a5c88,20260814,ecs-keyed,adverse-ecs-mismatch,1,0,0,1,1,0
fc8169cf-f53a-43f5-8a7c-0774c4b2764e,20260814,ecs-keyed,adverse-ecs-mismatch,1,0,0,1,1,0
7a9d2d27-c78b-4448-9a99-ac2c7225d20e,20260814,ecs-keyed,adverse-ecs-mismatch,1,0,0,1,1,0
f8b05589-b28c-4fb8-9a5a-645aa170250c,20260814,ecs-keyed,adverse-ecs-mismatch,1,0,0,1,1,0
422ba833-9b90-4e93-8031-9590238c43c9,20260814,ecs-keyed,adverse-ecs-mismatch,1,0,0,1,1,0
bb738439-e08d-49f1-9f24-e1cca48f8096,20260814,ecs-keyed,adverse-ecs-mismatch,1,0,0,1,1,0
f7759dad-4723-4a53-91eb-fef780ae24c0,20260814,ecs-keyed,adverse-ecs-mismatch,1,0,0,1,1,0
da4af5f9-da45-4964-a63d-bca3510378f5,20260814,ecs-keyed,adverse-ecs-mismatch,1,0,0,1,1,0
0e754070-e855-4614-803f-0a6cadaac64a,20260814,ecs-keyed,adverse-ecs-mismatch,1,0,0,1,1,0
ae5e983e-85ad-4c1c-ae95-737e2378d08b,20260814,ecs-keyed,adverse-ecs-mismatch,1,0,0,1,1,0
6451dfcf-aefb-450d-a3ae-458e7de35598,20260814,ecs-keyed,adverse-ecs-mismatch,1,0,0,1,1,0
55a881ac-f6a1-442a-9e2b-3d646a993081,20260814,ecs-keyed,adverse-ecs-mismatch,1,0,0,1,1,0
76a2c636-548d-4b40-800c-c446cc1eb84f,20260814,ecs-keyed,adverse-ecs-mismatch,1,0,0,1,1,0
26d9e513-0074-4e91-ada8-0ebe8e061bb1,20260814,ecs-keyed,adverse-ecs-mismatch,1,0,0,1,1,0
977590ad-99a2-48f5-95cd-4d3948dc4e9a,20260814,ecs-keyed,adverse-ecs-mismatch,1,0,0,1,1,0
d9c505c8-d455-480e-89a8-cfdbd516977c,20260814,ecs-keyed,adverse-ecs-mismatch,1,0,0,1,1,0
20279b95-3721-4d2d-b209-7b824b5ec4b2,20260814,ecs-keyed,adverse-ecs-mismatch,1,0,0,1,1,0
c37f010e-225c-4092-9311-c43512e5a833,20260814,ecs-keyed,adverse-ecs-mismatch,1,0,0,1,1,0
c1bf0aba-e2d3-4515-b629-c3afe2880258,20260814,ecs-keyed,adverse-ecs-mismatch,1,0,0,1,1,0
8f93e405-5131-4eb9-b726-a64616a76d8f,20260814,ecs-keyed,adverse-ecs-mismatch,1,0,0,1,1,0
37ad052b-e585-4a9f-89d6-b22a5df4d697,20260814,ecs-keyed,adverse-ecs-mismatch,1,0,0,1,1,0
4847d41c-4ddd-42ab-991f-f44741656758,20260814,ecs-keyed,adverse-ecs-mismatch,1,0,0,1,1,0
2c40f6a6-d213-4f75-941f-ac7676f8312c,20260814,ecs-keyed,adverse-ecs-mismatch,1,0,0,1,1,0
65dd64b6-4b77-4e7d-af35-c50c88264f22,20260814,ecs-keyed,adverse-ecs-mismatch,1,0,0,1,1,0
ae4b152f-0ef5-434d-b045-a6ad8bf60dab,20260814,ecs-keyed,adverse-ecs-mismatch,1,0,0,1,1,0
0f69d6e1-8f58-4537-9985-a1d2eedb6517,20260814,ecs-keyed,adverse-ecs-mismatch,1,0,0,1,1,0
e73aa7cd-c013-414c-b38c-1e7407043ade,20260814,ecs-keyed,adverse-ecs-mismatch,1,0,0,1,1,0
ab3ee5b2-a5c0-4af6-9837-689c61453c5d,20260814,ecs-keyed,adverse-ecs-mismatch,1,0,0,1,1,0
33e405da-5d0b-440b-80b5-7e0715b4bbc7,20260814,ecs-keyed,adverse-ecs-mismatch,1,0,0,1,1,0
558d0ba9-4d31-418c-8556-18ee6f50c43e,20260814,ecs-keyed,adverse-ecs-mismatch,1,0,0,1,1,0
bcb95fc8-5298-4a57-b279-e1805156a4e2,20260814,ecs-keyed,adverse-ecs-mismatch,1,0,0,1,1,0
7cb0850e-0a06-4fd8-9d23-bfa4eeb5385b,20260814,ecs-keyed,adverse-ecs-mismatch,1,0,0,1,1,0
224a3458-5361-4f6e-a733-4769ce1f2b41,20260814,ecs-keyed,adverse-ecs-mismatch,1,0,0,1,1,0
bfc4cfcc-894f-47a3-9c12-ea46b872112e,20260814,ecs-keyed,adverse-ecs-mismatch,1,0,0,1,1,0
2a27b63f-9b5d-430b-8a0c-41a0b6452b8d,20260814,ecs-keyed,adverse-ecs-mismatch,1,0,0,1,1,0
dfbd8551-b5d8-40c3-a9db-92d48c591293,20260814,ecs-keyed,adverse-ecs-omit,1,0,0,1,1,0
7a3fb937-8605-46af-aa52-2d46774514d6,20260814,ecs-keyed,adverse-ecs-mismatch,1,0,0,1,1,0
80d4934d-e0dd-4011-9559-a7dfc1cf49dc,20260814,ecs-keyed,adverse-ecs-mismatch,1,0,0,1,1,0
cf036ad7-bb50-4a1b-8be6-3488cc452b45,20260814,ecs-keyed,adverse-ecs-mismatch,1,0,0,1,1,0
d309d5b0-88a2-4e2d-97df-963e6e0ffbeb,20260814,ecs-keyed,adverse-ecs-mismatch,1,0,0,1,1,0
f3e7afcf-88ee-496b-8684-b79d579b0c19,20260814,ecs-keyed,benign-burst,0,0,0,1,1,0
5c0e86b7-5394-456b-9d1b-b597b5307008,20260814,ecs-keyed,benign-burst,0,0,0,1,1,0
d627deca-1455-466e-b9ff-a2b38f904b23,20260814,ecs-keyed,adverse-ecs-mismatch,1,0,0,1,1,0
b84c58ea-8e32-4735-9a5c-349df5cb70db,20260814,ecs-keyed,adverse-ecs-mismatch,1,0,0,1,1,0
3d36a3e5-009a-43c7-af36-3657070d01fb,20260814,ecs-keyed,adverse-ecs-mismatch,1,0,0,1,1,0
88fc19fd-039a-4a49-b717-38915e84745f,20260814,ecs-keyed,adverse-ecs-omit,1,0,0,1,1,0
67c691cf-5b7c-4e37-8ffb-cd26f2bcb007,20260814,ecs-keyed,adverse-ecs-mismatch,1,0,0,1,1,0
888fdc9f-e33b-436d-9e9f-1c0eefa0db13,20260814,ecs-keyed,adverse-ecs-mismatch,1,0,0,1,1,0
4a28a402-d787-4e05-a7da-6e0c34e83bc2,20260814,ecs-keyed,adverse-ecs-mismatch,1,0,0,1,1,0
bcbd8ddb-83bb-4e4b-ba45-0fc159d6b74c,20260814,ecs-keyed,adverse-ecs-mismatch,1,0,0,1,1,0
de482bde-7f6a-4a93-b2ad-2a731fa76486,20260814,ecs-keyed,adverse-ecs-mismatch,1,0,0,1,1,0
25c71060-33fc-484c-b79f-4b519599781a,20260814,ecs-keyed,adverse-ecs-mismatch,1,0,0,1,1,0
e813226b-6879-4707-88ab-fbf01a5af5c8,20260814,ecs-keyed,adverse-ecs-mismatch,1,0,0,1,1,0
3a3f5969-ee93-4f32-9c64-83cb9b169fa9,20260814,ecs-keyed,adverse-ecs-mismatch,1,0,0,1,1,0
7321664a-d635-491f-af71-a297827c8fc5,20260814,ecs-keyed,adverse-ecs-mismatch,1,0,0,1,1,0
78a20e3a-2fc3-448d-9ee8-fd451d5af663,20260814,ecs-keyed,adverse-ecs-mismatch,1,0,0,1,1,0
f13e0c13-b334-49cb-8567-4e7441435956,20260814,ecs-keyed,adverse-ecs-mismatch,1,0,0,1,1,0
17348326-01da-4b38-993a-f5542760b798,20260814,ecs-keyed,adverse-ecs-mismatch,1,0,0,1,1,0
5e94ac9f-6b84-4968-84f0-eec3b6f1ef5d,20260814,ecs-keyed,adverse-ecs-mismatch,1,0,0,1,1,0
3c5d5317-2fca-4aab-9d1f-0e1ebd53697b,20260814,ecs-keyed,adverse-ecs-mismatch,1,0,0,1,1,0
e1768743-3676-4d63-93e9-09079110abd7,20260814,ecs-keyed,adverse-ecs-mismatch,1,0,0,1,1,0
e47cec2a-8041-4785-a9d7-cd32f3e1756e,20260814,ecs-keyed,adverse-ecs-mismatch,1,0,0,1,1,0
39791353-40ec-4d35-9da2-512d17873f25,20260814,ecs-keyed,adverse-ecs-mismatch,1,0,0,1,1,0
2b72c28c-1229-4e90-909a-686b211e0682,20260814,ecs-keyed,adverse-ecs-mismatch,1,0,0,1,1,0
a27985c0-0141-4ff8-9905-2f8cd982835c,20260814,ecs-keyed,adverse-ecs-mismatch,1,0,0,1,1,0
0dd1591a-7a0e-4d20-b4f5-d91df268cfd1,20260814,ecs-keyed,adverse-ecs-mismatch,1,0,0,1,1,0
168ed891-516e-45b6-983f-d90fdf846bee,20260814,ecs-keyed,adverse-ecs-mismatch,1,0,0,1,1,0
6d9c79a3-8e45-47a9-8fd3-a0d3ea748f11,20260814,ecs-keyed,adverse-ecs-mismatch,1,0,0,1,1,0
767652ea-763a-4e7a-90ad-ebe25f97d16f,20260814,ecs-keyed,adverse-ecs-mismatch,1,0,0,1,1,0
1b6e1e26-b98f-428e-b7ff-dfbdbe64b849,20260814,ecs-keyed,adverse-ecs-mismatch,1,0,0,1,1,0
83a24ae9-68c2-4605-b805-85e44774dab7,20260814,ecs-keyed,adverse-ecs-mismatch,1,0,0,1,1,0
2a1b7f56-08a9-4501-940b-a05ec942c979,20260814,ecs-keyed,adverse-ecs-mismatch,1,0,0,1,1,0
a7cf88cd-f6c1-4cc4-9e74-0cf0950553cd,20260814,ecs-keyed,adverse-ecs-mismatch,1,0,0,1,1,0
e1375d84-1c36-4240-a594-185065d5efb8,20260814,ecs-keyed,adverse-ecs-mismatch,1,0,0,1,1,0
48605529-2c2c-45d8-a7e3-a0c489efb169,20260814,ecs-keyed,adverse-ecs-mismatch,1,0,0,1,1,0
30a7a7d0-cf9b-4194-b4bd-f0e68714a804,20260814,ecs-keyed,adverse-ecs-mismatch,1,0,0,1,1,0
34bd75e7-995e-46b3-97dd-0962d097473c,20260814,ecs-keyed,adverse-ecs-mismatch,1,0,0,1,1,0
53913045-e986-4c0a-a269-523fd2117f53,20260814,ecs-keyed,adverse-ecs-mismatch,1,0,0,1,1,0
83d515ba-8945-4fb4-821c-615d73b29f18,20260814,ecs-keyed,adverse-ecs-mismatch,1,0,0,1,1,0
3d9e9e56-4987-4064-a5a6-54894f5e840b,20260814,ecs-keyed,adverse-conflict,1,0,0,2,1,1
1fee320b-135b-42ae-a9b1-e11b7e4119bb,20260814,ecs-keyed,adverse-conflict,1,0,0,2,1,1
3c63a006-6513-413b-9636-84e50877a140,20260814,ecs-keyed,adverse-conflict,1,0,0,2,1,1
0ecb3c70-4187-48fb-9c43-0a8950284417,20260814,ecs-keyed,adverse-conflict,1,0,0,2,1,1
b68ec84d-3bf6-4f77-afff-f4d15e3b56cf,20260814,ecs-keyed,adverse-conflict,1,0,0,2,1,1
65f635e9-18f4-4e39-937e-659ed46c8d72,20260814,ecs-keyed,adverse-conflict,1,0,0,2,1,1
4e20497e-42e8-47fa-a30c-a94a105d2896,20260814,ecs-keyed,adverse-conflict,1,0,0,2,1,1
e44813df-5ac5-4154-bb7f-3795e0da6dc7,20260814,ecs-keyed,adverse-conflict,1,0,0,2,1,1
1b999670-7a02-4cd3-9f47-4fae9173e476,20260814,ecs-keyed,adverse-conflict,1,0,0,2,1,1
93bc55ba-82d6-4d63-a149-be8bb06b5f36,20260814,ecs-keyed,adverse-conflict,1,0,0,2,1,1
d80c3753-9780-40aa-8fce-d416b1696376,20260814,ecs-keyed,adverse-conflict,1,0,0,2,1,1
a2f43105-2cd1-4c82-a59a-bef4cd530b7c,20260814,ecs-keyed,adverse-conflict,1,0,0,2,1,1
da00a062-7eba-485f-b52c-068a42937cff,20260814,ecs-keyed,adverse-ecs-mismatch,1,0,0,1,1,0
476d4d05-9599-4d25-a208-be4c9df73b86,20260814,ecs-keyed,adverse-ecs-mismatch,1,0,0,1,1,0
b421f0f8-8ad3-4246-a37f-fb9dcce38ad5,20260814,ecs-keyed,adverse-ecs-mismatch,1,0,0,1,1,0
191e390a-3cf5-4d2e-8188-2b1fefe32321,20260814,ecs-keyed,adverse-ecs-mismatch,1,0,0,1,1,0
00d5a46c-c804-4255-b4c4-232747829e1b,20260814,ecs-keyed,adverse-ecs-mismatch,1,0,0,1,1,0
ae16778a-0e79-4fab-a9bb-4c4842c5803e,20260814,ecs-keyed,adverse-conflict,1,0,0,2,1,1
3291b36a-ea76-4bd1-948a-7fe4fea59b28,20260814,ecs-keyed,adverse-conflict,1,0,0,2,1,1
5a52e7de-8e05-4b29-b5e2-b3903649739f,20260814,ecs-keyed,adverse-conflict,1,0,0,2,1,1
95624a41-6a83-4075-9a89-7bbec5a4ab59,20260814,ecs-keyed,adverse-conflict,1,0,0,2,1,1
65b6727c-8f39-485f-ae6f-b6b1b60ca73c,20260814,ecs-keyed,adverse-conflict,1,0,0,2,1,1
23ea63bd-8d7b-4325-b6ea-6ee3e4fec11b,20260814,ecs-keyed,adverse-conflict,1,0,0,2,1,1
ae2d25b2-5d77-4877-a7e3-fda414b92250,20260814,ecs-keyed,adverse-ecs-mismatch,1,0,0,1,1,0
7f564fad-34dd-41bc-a057-7934add917d7,20260814,ecs-keyed,adverse-conflict,1,0,0,2,1,1
d36726fc-1021-4ee1-9cf8-ae8c531a602d,20260814,ecs-keyed,adverse-conflict,1,0,0,2,1,1
c8c0ddb6-795f-4fcb-bbd8-05e33cddf7e7,20260814,ecs-keyed,adverse-conflict,1,0,0,2,1,1
d7b9b4a9-c4c0-4f5a-b882-7cc887627a5a,20260814,ecs-keyed,adverse-ecs-mismatch,1,0,0,1,1,0
266c9a43-6e9b-4ca4-a91c-81df75f2a563,20260814,ecs-keyed,adverse-conflict,1,0,0,2,1,1
5c70fbee-000d-46a1-9ff6-9f31a9d8864a,20260814,ecs-keyed,adverse-ecs-mismatch,1,0,0,1,1,0
e7a129be-e4d3-4b0b-a9b0-64bda857f018,20260814,ecs-keyed,adverse-conflict,1,0,0,2,1,1
b28c710b-5c24-4be8-9295-b0f359ff4879,20260814,ecs-keyed,adverse-ecs-mismatch,1,0,0,1,1,0
cac85677-824c-4bc2-8efe-def60b663c27,20260814,ecs-keyed,adverse-conflict,1,0,0,2,1,1
5fa8b0e0-0191-45fe-a735-264d2cf14a8d,20260814,ecs-keyed,adverse-conflict,1,0,0,2,1,1
41c7df8a-3923-48be-ad43-dafde88f6834,20260814,ecs-keyed,adverse-conflict,1,0,0,2,1,1
4264a880-a52e-48a9-a937-3c1ffe92295d,20260814,ecs-keyed,adverse-conflict,1,0,0,2,1,1
77fa6ce5-41a2-4a9e-979d-198e02b7a422,20260814,ecs-keyed,adverse-conflict,1,0,0,2,1,1
b79a7a8a-8859-47c8-bf0d-25d848096bad,20260814,ecs-keyed,adverse-conflict,1,0,0,2,1,1
6b6e769e-7f16-4ef2-8476-83b04b140285,20260814,ecs-keyed,adverse-conflict,1,0,0,2,1,1
84fdd150-c828-4c43-b58c-7595644c6439,20260814,ecs-keyed,adverse-conflict,1,0,0,2,1,1
5f1fe48b-0dcb-4ba3-833c-219ca6cdcb9b,20260814,ecs-keyed,adverse-conflict,1,0,0,2,1,1
d9fdff26-bc69-42c1-b123-28b1edd281b4,20260814,ecs-keyed,adverse-conflict,1,0,0,2,1,1
fc3e291b-5707-4a93-8c22-7ed667e6df21,20260814,ecs-keyed,adverse-conflict,1,0,0,2,1,1
33571c9c-ef85-4a9d-804f-aed501d6ee67,20260814,ecs-keyed,adverse-conflict,1,0,0,2,1,1
b060be29-d175-4fc3-a488-2ffa69ee43c8,20260814,ecs-keyed,adverse-conflict,1,0,0,2,1,1
11e9981d-e457-4165-97ad-798a2510d3b9,20260814,ecs-keyed,adverse-conflict,1,0,0,2,1,1
60fadd10-4baf-4076-8be0-0d6143fdb30f,20260814,ecs-keyed,adverse-conflict,1,0,0,2,1,1
af920e7f-2b75-4c37-8da8-123ae47bbf71,20260814,ecs-keyed,adverse-conflict,1,0,0,2,1,1
c96abaed-8a45-4e12-9778-11795731ca80,20260814,ecs-keyed,adverse-conflict,1,0,0,2,1,1
94e0bfda-46f6-464f-a50d-a91988e6c10b,20260814,ecs-keyed,adverse-conflict,1,0,0,2,1,1
bdbec03f-72cc-4a9d-b94f-fdb65abf400b,20260814,ecs-keyed,adverse-conflict,1,0,0,2,1,1
1a1ec8d5-3f51-4e34-972b-0bcec651b20f,20260814,ecs-keyed,adverse-conflict,1,0,0,2,1,1
4a69c8b1-9681-4102-b3b4-c6789f5d26f5,20260814,ecs-keyed,adverse-conflict,1,0,0,2,1,1
f67a35ef-1cd9-42d3-a3b6-63eb48db4e56,20260814,ecs-keyed,adverse-conflict,1,0,0,2,1,1
310e6f8f-675a-4ea8-bbb4-67286ad44de1,20260814,ecs-keyed,adverse-conflict,1,0,0,2,1,1
a2cd3cba-ba73-4cbf-9b84-d97a4932f2d6,20260814,ecs-keyed,adverse-conflict,1,0,0,2,1,1
7ea15b2d-a834-497b-a74e-d848206ebb52,20260814,ecs-keyed,adverse-conflict,1,0,0,2,1,1
d25f95b7-bf2d-48c4-8c7c-0088da9b6710,20260814,ecs-keyed,adverse-conflict,1,0,0,2,1,1
5c2d1631-d821-4c5c-8d6f-1df75364ffd9,20260814,ecs-keyed,adverse-conflict,1,0,0,2,1,1
03fd5162-94f6-4857-8203-418d858a3d74,20260814,ecs-keyed,adverse-conflict,1,0,0,2,1,1
439a5568-c517-47d9-a57b-48bbce9eece4,20260814,ecs-keyed,adverse-conflict,1,0,0,2,1,1
bd463193-c614-4967-a067-9df416341e89,20260814,ecs-keyed,adverse-conflict,1,0,0,2,1,1
073c0399-9d77-4a2a-9af9-c32a5dbf750e,20260814,ecs-keyed,adverse-ecs-mismatch,1,0,0,1,1,0
4bcaf17a-9fe6-4f31-8bec-5d1cf97790f0,20260814,ecs-keyed,adverse-ecs-mismatch,1,0,0,1,1,0
e7f935cf-727a-40ff-b287-9b688ebfe8cb,20260814,ecs-keyed,adverse-conflict,1,0,0,2,1,1
c62c9664-a9ed-4a0c-ab5f-f81941962a97,20260814,ecs-keyed,adverse-conflict,1,0,0,2,1,1
9c2a16f1-1b7f-46f4-8532-51e6cd2fcb30,20260814,ecs-keyed,adverse-conflict,1,0,0,2,1,1
b36e2f27-0324-413c-b953-56df5fd59573,20260814,ecs-keyed,adverse-ecs-mismatch,1,0,0,1,1,0
f8b817ab-b20b-4760-b79d-8de3b2daa638,20260814,ecs-keyed,adverse-conflict,1,0,0,2,1,1
846867db-0dae-425a-9a25-ef21fdcfb610,20260814,ecs-keyed,adverse-conflict,1,0,0,2,1,1
08f305f2-80b2-4e96-9c9c-7b6c5b06e743,20260814,ecs-keyed,adverse-conflict,1,0,0,2,1,1
6382f65b-a1c7-4e3e-8497-6f7b7994fc2b,20260814,ecs-keyed,adverse-conflict,1,0,0,2,1,1
b344ebfb-9f12-4973-8b7e-31a319b6cd9c,20260814,ecs-keyed,adverse-conflict,1,0,0,2,1,1
8a9969cb-70e5-494c-9d4b-863f385f6ae4,20260814,ecs-keyed,adverse-conflict,1,0,0,2,1,1
18852682-cbe7-4b0e-93cd-65ea9a85abab,20260814,ecs-keyed,adverse-conflict,1,0,0,2,1,1
520cb0fa-a370-4a05-9800-8a5f8115558b,20260814,ecs-keyed,adverse-conflict,1,0,0,2,1,1
c93971ca-9181-4287-a020-9d241e5a23ed,20260814,ecs-keyed,adverse-conflict,1,0,0,2,1,1
59085f94-a0d4-4ce5-8ebe-18933f578480,20260814,ecs-keyed,adverse-conflict,1,0,0,2,1,1
ffd092db-9b57-4001-9cf5-5f406853889e,20260814,ecs-keyed,adverse-conflict,1,0,0,2,1,1
dbd7e139-fb99-4ebc-86c9-9617dc61b7c8,20260814,ecs-keyed,adverse-conflict,1,0,0,2,1,1
1cf7c09f-0c40-4ca0-b08e-b33731dbeb6b,20260814,ecs-keyed,adverse-conflict,1,0,0,2,1,1
c237674d-c0cc-43c8-a54f-7958b19062d6,20260814,ecs-keyed,adverse-conflict,1,0,0,2,1,1
2fda04da-71b7-494a-a1c6-c5fc1b905a74,20260814,ecs-keyed,adverse-conflict,1,0,0,2,1,1
209e85d7-39e5-438c-8382-499f8881b610,20260814,ecs-keyed,adverse-conflict,1,0,0,2,1,1
143df7bd-f475-4665-a02f-4fb80a820554,20260814,ecs-keyed,adverse-conflict,1,0,0,2,1,1
7360c356-2d57-46bf-bfa1-6c8538802d86,20260814,ecs-keyed,adverse-conflict,1,0,0,2,1,1
65e2173b-e5d3-4d76-a897-ee3436a8be6e,20260814,ecs-keyed,adverse-conflict,1,0,0,2,1,1
cde43791-08df-4ad7-932c-c409c125148e,20260814,ecs-keyed,adverse-conflict,1,0,0,2,1,1
5702e011-f2b3-4cef-b591-2056fb527856,20260814,ecs-keyed,adverse-conflict,1,0,0,2,1,1
7eb4652e-1185-49e0-acc3-e94dee2b3114,20260814,ecs-keyed,adverse-conflict,1,0,0,2,1,1
204e9935-c1a7-4003-be99-c095a3947805,20260814,ecs-keyed,adverse-conflict,1,0,0,2,1,1
8deeabb9-b52c-4e2e-b047-b79f169b2f84,20260814,ecs-keyed,adverse-ecs-fanout,1,0,0,2,1,1
e83f6d5a-1fcc-4524-b4d1-4f81bce47d19,20260814,ecs-keyed,adverse-ecs-fanout,1,0,0,2,1,1
7584f602-fb9c-4b75-b5af-12e9d7bad8c9,20260814,ecs-keyed,benign-burst,0,0,0,1,1,0
3b7f4459-397b-4cb2-ba8d-9271d83c4a56,20260814,ecs-keyed,adverse-ecs-fanout,1,0,0,2,1,1
3a318680-991c-4bd7-82ea-93a9f11fb942,20260814,ecs-keyed,adverse-ecs-fanout,1,0,0,2,1,1
c065747b-7a8e-49e0-bac0-60cc29298023,20260814,ecs-keyed,adverse-ecs-fanout,1,0,0,2,1,1
51186bc8-0762-4382-967b-5795aa3e4ead,20260814,ecs-keyed,adverse-ecs-fanout,1,0,0,2,1,1
8ac7395e-5209-493d-b1a6-a14a129dcc23,20260814,ecs-keyed,adverse-ecs-fanout,1,0,0,2,1,1
369d0821-82b6-430b-9f19-07544531ea3a,20260814,ecs-keyed,adverse-ecs-fanout,1,0,0,2,1,1
d8a0116c-5bb7-4158-840e-8fa83233372f,20260814,ecs-keyed,adverse-ecs-fanout,1,0,0,2,1,1
0ec17981-ba97-4249-ac3e-c1d5235b989b,20260814,ecs-keyed,adverse-ecs-fanout,1,0,0,2,1,1
5d982391-4d77-45e4-b5fa-2ba0a281d5bd,20260814,ecs-keyed,adverse-ecs-fanout,1,0,0,2,1,1
04b47d18-65ec-40f8-b568-5d96b30007cb,20260814,ecs-keyed,adverse-ecs-fanout,1,0,0,2,1,1
15d2ef02-3be4-4d62-8cc6-647f34a5f932,20260814,ecs-keyed,adverse-ecs-fanout,1,0,0,2,1,1
9a3fd3a0-1bbc-448b-a90d-7f28252dc758,20260814,ecs-keyed,adverse-ecs-fanout,1,0,0,2,1,1
a81a7d44-1921-4615-9d6c-f75dc0e73d18,20260814,ecs-keyed,adverse-ecs-fanout,1,0,0,2,1,1
507bbe0b-c77d-4afc-bbe6-5c3e9b236e5a,20260814,ecs-keyed,adverse-ecs-fanout,1,0,0,2,1,1
12dd4290-16f4-44bc-8aac-99fa148940aa,20260814,ecs-keyed,adverse-ecs-fanout,1,0,0,2,1,1
7f85d471-ce1b-4f37-ae72-894c4dbcd32a,20260814,ecs-keyed,adverse-ecs-fanout,1,0,0,2,1,1
2948fd79-9edb-4aaa-b4c1-efbcec34c981,20260814,ecs-keyed,adverse-ecs-fanout,1,0,0,2,1,1
9b99a250-6a9d-4381-8d0f-468b2db454f4,20260814,ecs-keyed,adverse-ecs-fanout,1,0,0,2,1,1
34380d5b-616f-4aa3-a6c3-b172ead46bde,20260814,ecs-keyed,adverse-ecs-fanout,1,0,0,2,1,1
72f3d0e1-b258-4f01-8f9d-df9f7540eee2,20260814,ecs-keyed,adverse-ecs-fanout,1,0,0,2,1,1
95f6ff9f-6d44-4b0a-88eb-6d1cd27545f6,20260814,ecs-keyed,adverse-ecs-fanout,1,0,0,2,1,1
ffbe8aa4-f530-4327-bd12-66e19cb54031,20260814,ecs-keyed,adverse-ecs-fanout,1,0,0,2,1,1
b6da20c0-da99-4a3f-8ef7-98a16372a709,20260814,ecs-keyed,adverse-ecs-fanout,1,0,0,2,1,1
360ab687-a10e-4344-a951-65dbb3aee4c3,20260814,ecs-keyed,adverse-ecs-fanout,1,0,0,2,1,1
01253f8f-f236-4195-b221-5a08a3ea0fe4,20260814,ecs-keyed,adverse-ecs-fanout,1,0,0,2,1,1
30b3f1ec-b9ff-4a2f-aab7-e09b5be3f2f2,20260814,ecs-keyed,adverse-ecs-fanout,1,0,0,2,1,1
524588f1-8908-45bc-9d87-bdb797ca73e9,20260814,ecs-keyed,adverse-ecs-fanout,1,0,0,2,1,1
d79e0ae1-80a6-42f9-8643-157c1a6ec151,20260814,ecs-keyed,adverse-ecs-fanout,1,0,0,2,1,1
6dfa6f1b-8aba-411c-8db1-8810b2dd20ad,20260814,ecs-keyed,adverse-ecs-fanout,1,0,0,2,1,1
17f10c6d-524d-40fe-94a1-e96b691481db,20260814,ecs-keyed,adverse-ecs-fanout,1,0,0,2,1,1
1e71e57a-4b55-4874-b65a-1491325b5d40,20260814,ecs-keyed,adverse-ecs-fanout,1,0,0,2,1,1
c4f276a0-6de7-4dae-b79b-9648f49a8f8e,20260814,ecs-keyed,adverse-ecs-fanout,1,0,0,2,1,1
bff94463-1571-4ff7-b0cc-7fa866af000f,20260814,ecs-keyed,adverse-ecs-fanout,1,0,0,2,1,1
30996b8e-9e35-4e0a-ae20-65898ac2b12e,20260814,ecs-keyed,adverse-ecs-fanout,1,0,0,2,1,1
735009c4-edea-4cff-a861-e888bd5bd672,20260814,ecs-keyed,adverse-ecs-fanout,1,0,0,2,1,1
6b1a6f18-c10b-41d2-b630-366671bf8c56,20260814,ecs-keyed,adverse-ecs-fanout,1,0,0,2,1,1
3622a0f7-54da-45dd-9be4-14436c25db13,20260814,ecs-keyed,adverse-ecs-fanout,1,0,0,2,1,1
18146c55-972e-4bcc-bd1e-09dd3579ba7b,20260814,ecs-keyed,adverse-ecs-fanout,1,0,0,2,1,1
85a5fab2-9362-4df0-b59f-843f64d88038,20260814,ecs-keyed,adverse-ecs-fanout,1,0,0,2,1,1
0f5e3f7a-973b-4887-ab85-e92dce1d605a,20260814,ecs-keyed,adverse-ecs-fanout,1,0,0,2,1,1
a8b4d710-e547-426a-a1ce-489b4f8a57df,20260814,ecs-keyed,adverse-ecs-fanout,1,0,0,2,1,1
73d7088d-c190-4f49-82bc-a857988ceae3,20260814,ecs-keyed,adverse-ecs-fanout,1,0,0,2,1,1
8aadeac8-66e9-4d5e-b206-06c1d60ce08a,20260814,ecs-keyed,adverse-ecs-fanout,1,0,0,2,1,1
cb28b230-422e-489d-a4c2-296cf900a1a8,20260814,ecs-keyed,adverse-ecs-fanout,1,0,0,2,1,1
b09e23be-cbb7-4ffa-9e74-115c166b753e,20260814,ecs-keyed,adverse-ecs-fanout,1,0,0,2,1,1
98afb6d8-a8a0-4cb4-b5ac-55b557b7ff06,20260814,ecs-keyed,adverse-ecs-fanout,1,0,0,2,1,1
045d0c9c-4676-496a-a79f-4c43cb8b2d9f,20260814,ecs-keyed,adverse-ecs-fanout,1,0,0,2,1,1
f4a3b30f-7aa6-48bd-9719-1b103153e30d,20260814,ecs-keyed,adverse-ecs-fanout,1,0,0,2,1,1
e1c343b3-809c-40cd-b052-4cca20679899,20260814,ecs-keyed,adverse-ecs-fanout,1,0,0,2,1,1
5f3f28a4-3ddc-4ca1-ad78-aaf47c6b37b7,20260814,ecs-keyed,adverse-ecs-fanout,1,0,0,2,1,1
4054b5a6-df99-4295-8124-f39e0e872110,20260814,ecs-keyed,adverse-ecs-fanout,1,0,0,2,1,1
8f9717b6-1a35-45d1-b265-8ccedc26a34d,20260814,ecs-keyed,adverse-ecs-fanout,1,0,0,2,1,1
ed812324-52b6-4676-bb34-b1c7034f7faa,20260814,ecs-keyed,adverse-ecs-fanout,1,0,0,2,1,1
4b1306a0-dd6e-4de5-9dfb-89c9a2bf8f54,20260814,ecs-keyed,adverse-ecs-fanout,1,0,0,2,1,1
f48e1afe-d6f1-4145-af8f-1cd80e1f8a87,20260814,ecs-keyed,adverse-ecs-fanout,1,0,0,2,1,1
b244a36c-3152-4424-9e50-f530e340f964,20260814,ecs-keyed,adverse-ecs-fanout,1,0,0,2,1,1
9069b7aa-0906-46c1-84a8-a1472ed84562,20260814,ecs-keyed,adverse-ecs-fanout,1,0,0,2,1,1
ea8cf0a6-2535-4024-a71b-e444c63d434e,20260814,ecs-keyed,adverse-ecs-fanout,1,0,0,2,1,1
9b427551-5bc5-4985-82bd-557cceb0e742,20260814,ecs-keyed,adverse-ecs-fanout,1,0,0,2,1,1
06496485-2e10-4085-8301-e052d73bdece,20260814,ecs-keyed,adverse-ecs-fanout,1,0,0,2,1,1
d69d0e59-6bba-4bf2-88ec-ed3953a5f7d8,20260814,ecs-keyed,adverse-ecs-fanout,1,0,0,2,1,1
4a911e14-8b8f-4d9d-9171-452d80dfb339,20260814,ecs-keyed,adverse-ecs-fanout,1,0,0,2,1,1
dba26409-249e-4090-8cc5-f5007d28e938,20260814,ecs-keyed,adverse-ecs-fanout,1,0,0,2,1,1
cf55929c-ea06-427f-a014-3689a19f9661,20260814,ecs-keyed,adverse-ecs-fanout,1,0,0,2,1,1
06f5136c-8ae8-4bfa-8bd6-91221cfc378f,20260814,ecs-keyed,adverse-ecs-fanout,1,0,0,2,1,1
e85284f4-fae6-4e7f-8ecc-b1737b3d3139,20260814,ecs-keyed,adverse-ecs-fanout,1,0,0,2,1,1
67fb154a-8185-4f9a-bdc7-43ff2c5f64a2,20260814,ecs-keyed,adverse-ecs-fanout,1,0,0,2,1,1
d5e07a2e-1a68-4671-8970-93a05b5577b6,20260814,ecs-keyed,adverse-ecs-fanout,1,0,0,2,1,1
efa9ae0a-4b38-40d9-9b47-a3a467f3a11a,20260814,ecs-keyed,adverse-ecs-fanout,1,0,0,2,1,1
bdf05fb9-1245-47db-a338-896474f25b77,20260814,ecs-keyed,adverse-ecs-fanout,1,0,0,2,1,1
25ce6999-8060-4cf2-ac6c-7dffa174196e,20260814,ecs-keyed,adverse-ecs-fanout,1,0,0,2,1,1
0aec0571-d385-416d-87a9-e7e595add927,20260814,ecs-keyed,adverse-conflict,1,0,0,2,1,1
78410da1-791f-4a9d-b3ed-0c7c38841ef8,20260814,ecs-keyed,adverse-conflict,1,0,0,2,1,1
3dac4513-8262-4b4c-8951-5a544c4c0005,20260814,ecs-keyed,adverse-conflict,1,0,0,2,1,1
1ad2940c-a7a0-4220-ab8a-6951d08f9a03,20260814,ecs-keyed,adverse-conflict,1,0,0,2,1,1
0685bc88-51c1-4cb3-bbc8-ab255f32bd8f,20260814,ecs-keyed,adverse-ecs-fanout,1,0,0,2,1,1
69fd6910-4a3f-45b1-a406-2a0d459121a5,20260814,ecs-keyed,adverse-conflict,1,0,0,2,1,1
591c7167-4e7f-4383-88b8-7a3d57e75c38,20260814,ecs-keyed,adverse-conflict,1,0,0,2,1,1
c9b5f86e-f479-4f2e-ac79-8de5ff1dbdf9,20260814,ecs-keyed,adverse-conflict,1,0,0,2,1,1
f0e6d146-aae6-4e73-a320-765b8c143778,20260814,ecs-keyed,adverse-ecs-fanout,1,0,0,2,1,1
23f51815-02ec-49e9-a0f1-100194a6774e,20260814,ecs-keyed,adverse-ecs-fanout,1,0,0,2,1,1
62f9b475-9e0f-4d72-ada9-007478099205,20260814,ecs-keyed,adverse-ecs-fanout,1,0,0,2,1,1
0aa4be36-cc0b-442f-8fec-b06f61e51d66,20260814,ecs-keyed,adverse-conflict,1,0,0,2,1,1
8e5dd347-2f56-4448-966f-f44d75d33356,20260814,ecs-keyed,adverse-conflict,1,0,0,2,1,1
a2051b5c-bab6-4c5d-9a53-1134361890b0,20260814,ecs-keyed,adverse-ecs-fanout,1,0,0,2,1,1
7da73c5b-226c-41b2-ac11-e821263ede23,20260814,ecs-keyed,adverse-conflict,1,0,0,2,1,1
904d2a7f-1812-4e13-8c1b-ec9076950e59,20260814,ecs-strict,benign-plain,0,0,0,1,1,0
055b6aa1-8303-48fd-a5cc-377aec1e152c,20260814,ecs-keyed,adverse-ecs-fanout,1,0,0,2,1,1
6b865144-f3b9-4d18-9ec2-edfbb90ba073,20260814,ecs-strict,benign-plain,0,0,0,1,1,0
aa67d996-5886-446e-8d70-466a7fe6bd0e,20260814,ecs-keyed,adverse-ecs-fanout,1,0,0,2,1,1
8bcc7f57-dcbb-4275-9193-a3a152ad86e7,20260814,ecs-strict,benign-plain,0,0,0,1,1,0
a605c504-4fa5-44bb-9c88-41c893098c1e,20260814,ecs-strict,benign-plain,0,0,0,1,1,0
471556be-e165-4450-9685-b86cafea0bd1,20260814,ecs-strict,benign-plain,0,0,0,1,1,0
90492b07-6314-4dd6-ba0b-ecb539b05eb6,20260814,ecs-strict,benign-plain,0,0,0,1,1,0
ec633aa2-873b-45e1-8711-5beaa5147eca,20260814,ecs-strict,benign-plain,0,0,0,1,1,0
8baa75dd-e6eb-4bf0-8c98-645f912ec208,20260814,ecs-keyed,adverse-ecs-fanout,1,0,0,2,1,1
9d6612f4-f41d-4d59-b043-9438d64bc80c,20260814,ecs-strict,benign-plain,0,0,0,1,1,0
61d12dc4-afd5-4c17-8fd5-fc212ce35dbc,20260814,ecs-keyed,adverse-ecs-fanout,1,0,0,2,1,1
89815085-4125-4704-8e3a-160bdd9af00c,20260814,ecs-keyed,adverse-ecs-fanout,1,0,0,2,1,1
aa2d4e51-12ec-437b-9e9e-b9062b810b79,20260814,ecs-keyed,adverse-conflict,1,0,0,2,1,1
04c6edef-e56a-4071-a569-d9933f28a5e1,20260814,ecs-keyed,adverse-ecs-fanout,1,0,0,2,1,1
58095347-39dc-4fc3-aa40-e39e7768535e,20260814,ecs-keyed,adverse-ecs-fanout,1,0,0,2,1,1
83db81cc-c122-41a2-aee2-f744f9950382,20260814,ecs-keyed,adverse-ecs-fanout,1,0,0,2,1,1
eb640695-33e0-43be-8393-dead246dabc7,20260814,ecs-strict,benign-plain,0,0,0,1,1,0
33cda684-83b0-407f-a3e9-d56c22c93909,20260814,ecs-keyed,adverse-ecs-fanout,1,0,0,2,1,1
51716a12-a8db-4cba-b656-95184d4a1d00,20260814,ecs-keyed,adverse-ecs-fanout,1,0,0,2,1,1
115c3db3-16ad-4af9-b294-1d9cb7d85548,20260814,ecs-strict,benign-plain,0,0,0,1,1,0
725f0351-91f9-453c-9281-fc62629a0097,20260814,ecs-keyed,adverse-ecs-fanout,1,0,0,2,1,1
39b55b45-ba59-4a57-a87b-0886dec33eee,20260814,ecs-keyed,adverse-ecs-fanout,1,0,0,2,1,1
a237e4e7-c86a-4b0f-8712-24ad29083f5e,20260814,ecs-strict,benign-plain,0,0,0,1,1,0
b440bca2-6f30-4470-ba4d-3bc26289c0a4,20260814,ecs-strict,benign-plain,0,0,0,1,1,0
13e0b3de-d7e2-46a1-8b0f-a5f78ec21849,20260814,ecs-strict,benign-plain,0,0,0,1,1,0
2155b9df-b1ae-4a1f-a334-2b7ee2029499,20260814,ecs-strict,benign-plain,0,0,0,1,1,0
996ca14f-c7a8-414f-aad3-c8f4f1a1b2e1,20260814,ecs-strict,benign-plain,0,0,0,1,1,0
85c23dda-b7d4-49bc-8cc8-051ab88bf343,20260814,ecs-strict,benign-plain,0,0,0,1,1,0
0d6ab3e6-360b-44a2-95c9-dbddefb7af75,20260814,ecs-strict,benign-plain,0,0,0,1,1,0
c6860612-d373-4176-8671-60a97e1e8e2d,20260814,ecs-strict,benign-plain,0,0,0,1,1,0
00b55556-3b3c-4d5d-84ae-b7917952daa2,20260814,ecs-strict,benign-plain,0,0,0,1,1,0
2e8f7ab0-a09e-4277-9c9b-e290cb64d745,20260814,ecs-strict,benign-plain,0,0,0,1,1,0
87bc3f19-d78e-432a-ae96-bc8440351999,20260814,ecs-strict,benign-plain,0,0,0,1,1,0
f90079cd-fd03-476f-bfd9-39b082217e81,20260814,ecs-strict,benign-plain,0,0,0,1,1,0
3333d97c-50aa-4bb6-a926-aa2f95692a64,20260814,ecs-strict,benign-plain,0,0,0,1,1,0
3bfc15f5-1ece-488c-ba88-7f3483994b27,20260814,ecs-strict,benign-plain,0,0,0,1,1,0
82c797f6-1fca-4f81-873f-ef75b17423b3,20260814,ecs-strict,benign-plain,0,0,0,1,1,0
5839a591-2d62-48de-9d67-8f699c7c569b,20260814,ecs-strict,benign-plain,0,0,0,1,1,0
b08c1b2d-70a8-4df0-acd2-4a08ec66c07e,20260814,ecs-strict,benign-plain,0,0,0,1,1,0
8042e719-d594-4f0e-a8ee-1cdc996205b4,20260814,ecs-strict,benign-plain,0,0,0,1,1,0
50c43f4f-0055-4572-89ef-60ee859f4242,20260814,ecs-strict,benign-plain,0,0,0,1,1,0
1dd423a6-7f08-4848-ba89-b9028d7fb724,20260814,ecs-strict,benign-plain,0,0,0,1,1,0
2ac97e81-0d2e-412b-ab50-4699e32b16d3,20260814,ecs-strict,benign-plain,0,0,0,1,1,0
6b85eae8-7d5b-40d0-bb5b-d2a41519337c,20260814,ecs-strict,benign-plain,0,0,0,1,1,0
35204b0e-246a-4b83-a1c4-8d1881e6dc74,20260814,ecs-strict,benign-plain,0,0,0,1,1,0
4d8a4d42-8593-4fc7-9763-bad2be5b08a3,20260814,ecs-strict,benign-plain,0,0,0,1,1,0
61b441d4-a475-45a8-a89b-32bc243ce7aa,20260814,ecs-strict,benign-plain,0,0,0,1,1,0
ef1de2cc-4764-445a-a198-7a0f15a78d77,20260814,ecs-strict,benign-plain,0,0,0,1,1,0
7e19330d-a12a-477b-8f8d-635c752f7ad8,20260814,ecs-strict,benign-plain,0,0,0,1,1,0
49a669a1-fda9-467c-b34a-c04f2e5ac527,20260814,ecs-strict,benign-plain,0,0,0,1,1,0
4fc9ed17-a32d-4aaa-8ead-7bd2e232fc91,20260814,ecs-strict,benign-plain,0,0,0,1,1,0
0fbf78f2-8b3e-4e13-9802-e5fdad40440f,20260814,ecs-strict,benign-plain,0,0,0,1,1,0
98b7233f-0d78-43f2-a033-efb96d20ea81,20260814,ecs-strict,benign-plain,0,0,0,1,1,0
7ac973ea-84be-4fc5-851b-76219267df88,20260814,ecs-strict,benign-plain,0,0,0,1,1,0
a0e30b8d-fd83-4a6a-b8b8-6ab3afa71012,20260814,ecs-strict,benign-plain,0,0,0,1,1,0
24899e15-a176-4030-a830-cc44602bbdfc,20260814,ecs-strict,benign-plain,0,0,0,1,1,0
abae7017-7369-4a99-98be-5fd6d072219d,20260814,ecs-strict,benign-plain,0,0,0,1,1,0
4aabd56d-48c2-49a7-a332-351d373ee8aa,20260814,ecs-strict,benign-plain,0,0,0,1,1,0
65a32f8f-dfef-4b13-adc6-3f1aa31c42fe,20260814,ecs-strict,benign-plain,0,0,0,1,1,0
1699ed86-b056-48b7-bea2-598dab0a235a,20260814,ecs-strict,benign-plain,0,0,0,1,1,0
0a2720e7-2e62-4301-b897-e1da56648ee4,20260814,ecs-strict,benign-plain,0,0,0,1,1,0
241acbc2-d51a-42e9-9ef9-c172f35bb4ca,20260814,ecs-strict,benign-plain,0,0,0,1,1,0
cb428cee-5364-4b31-a30d-35107386a843,20260814,ecs-strict,benign-plain,0,0,0,1,1,0
2b7d80dd-707d-4e38-832d-fbecbd7d7743,20260814,ecs-strict,benign-plain,0,0,0,1,1,0
91685a6f-6c9e-4c00-bdd5-46d96bf9782c,20260814,ecs-strict,benign-plain,0,0,0,1,1,0
aa37a643-f0b5-452f-8154-5aa438114fc4,20260814,ecs-strict,benign-plain,0,0,0,1,1,0
404ac2fc-eeea-4fc1-9227-b04056f71ad4,20260814,ecs-strict,benign-plain,0,0,0,1,1,0
b6b6031a-f8f8-4ba6-bddd-828bc7e744e1,20260814,ecs-strict,benign-plain,0,0,0,1,1,0
39d8b67d-93c9-4b67-a1ce-869ec0eba9f4,20260814,ecs-strict,benign-plain,0,0,0,1,1,0
1cad9752-5f9f-4974-b52a-2b129a0abd54,20260814,ecs-strict,benign-plain,0,0,0,1,1,0
55b510b7-9371-45c0-b2a4-c293ed4ce98e,20260814,ecs-strict,benign-plain,0,0,0,1,1,0
e7abf288-b116-4fd2-8a03-2983d6161eed,20260814,ecs-strict,benign-plain,0,0,0,1,1,0
6b221c00-0816-4460-a1cd-8b0cef2a44e6,20260814,ecs-strict,benign-plain,0,0,0,1,1,0
2e3a55ce-2c84-4ce8-bcef-f8781bceb0fa,20260814,ecs-strict,benign-plain,0,0,0,1,1,0
9835bbb5-7c24-40b3-a0c8-fda866f6657c,20260814,ecs-strict,benign-plain,0,0,0,1,1,0
529b571a-0905-4888-a959-b4d421c234dc,20260814,ecs-strict,benign-plain,0,0,0,1,1,0
dda211dd-2c63-4cdd-864a-07da26f44858,20260814,ecs-strict,benign-plain,0,0,0,1,1,0
3fb5d2bd-e3b2-40e8-99df-4edb87e10ce2,20260814,ecs-strict,benign-plain,0,0,0,1,1,0
49d6fc12-fea2-4aa7-b79f-3e0d8bca3604,20260814,ecs-strict,benign-plain,0,0,0,1,1,0
3e1e419a-65b7-4e52-b87b-29d59dfcb7d1,20260814,ecs-strict,benign-plain,0,0,0,1,1,0
8aea8bca-22e5-4065-9fd1-c3057ffdb0c5,20260814,ecs-strict,benign-plain,0,0,0,1,1,0
1ccbeb72-3d4f-4693-bad7-c177714a4ecd,20260814,ecs-strict,benign-plain,0,0,0,1,1,0
ca2332ef-c62c-4474-8270-230f5b990005,20260814,ecs-strict,benign-plain,0,0,0,1,1,0
143ef839-a477-41ec-adb1-43727a72c082,20260814,ecs-strict,benign-plain,0,0,0,1,1,0
38d2634a-1f3a-4591-9d7e-13a55cd542ca,20260814,ecs-strict,benign-plain,0,0,0,1,1,0
912952c5-6a4a-4b9f-abdd-551306c232ec,20260814,ecs-strict,benign-plain,0,0,0,1,1,0
618e3ddd-03f3-491b-95f3-d7042762d73d,20260814,ecs-strict,benign-plain,0,0,0,1,1,0
3d1d91f6-46b2-4464-9638-997bd88ac185,20260814,ecs-strict,benign-plain,0,0,0,1,1,0
192f6412-5ee0-4a0c-8a43-3ba5a27d9bec,20260814,ecs-strict,benign-plain,0,0,0,1,1,0
eb363085-03f3-405d-8b63-e9b2eaccd1d4,20260814,ecs-strict,benign-plain,0,0,0,1,1,0
3e8f2252-e200-4cfb-8653-bbb19fb304fe,20260814,ecs-strict,benign-plain,0,0,0,1,1,0
091fcd67-6796-4922-b660-ac65ea9b067d,20260814,ecs-strict,benign-plain,0,0,0,1,1,0
fa248b94-18d0-4b80-9810-f8b0736199b1,20260814,ecs-strict,benign-plain,0,0,0,1,1,0
ee58c211-28af-4dcb-9519-c2ebadd5d520,20260814,ecs-strict,benign-ecs-stable,0,0,0,1,1,0
d4ab5b51-2336-485a-b65f-26037ba26c2c,20260814,ecs-strict,benign-plain,0,0,0,1,1,0
bd6cde53-2b5c-4bd6-a363-23d377494427,20260814,ecs-strict,benign-ecs-stable,0,0,0,1,1,0
fe1b67ef-5178-403a-b67e-b3386303337e,20260814,ecs-strict,benign-ecs-stable,0,0,0,1,1,0
1dac550c-1931-4ad5-a6af-f52baa9661a0,20260814,ecs-strict,benign-ecs-stable,0,0,0,1,1,0
39c06024-c92c-4399-8fd7-9a944e4893ac,20260814,ecs-strict,benign-ecs-stable,0,0,0,1,1,0
be602949-77fe-42a1-8a1f-3eb07a6c5d6b,20260814,ecs-strict,benign-plain,0,0,0,1,1,0
27dec96c-b14f-48e8-8986-249833edaab8,20260814,ecs-strict,benign-plain,0,0,0,1,1,0
3f56d673-2e50-4787-ae19-380c3c87e79e,20260814,ecs-strict,benign-ecs-stable,0,0,0,1,1,0
c9767c14-3b30-4cbf-8ad4-881bbf944586,20260814,ecs-strict,benign-ecs-stable,0,0,0,1,1,0
b462476e-c87f-4cd1-8a91-5e28cba32af3,20260814,ecs-strict,benign-plain,0,0,0,1,1,0
2fdfaef0-22c9-4755-885b-66016c9d16b4,20260814,ecs-strict,benign-ecs-stable,0,0,0,1,1,0
22684109-9ee6-485f-bc6b-52b35645972e,20260814,ecs-strict,benign-ecs-stable,0,0,0,1,1,0
55d059ae-8ab9-4015-ac3e-3c6baa0b07b9,20260814,ecs-strict,benign-ecs-stable,0,0,0,1,1,0
0f5b17e4-58d3-4005-943a-57edfad630f9,20260814,ecs-strict,benign-ecs-stable,0,0,0,1,1,0
567c1ffb-822e-4114-9c09-9166452b3f98,20260814,ecs-strict,benign-ecs-stable,0,0,0,1,1,0
5755f618-e26e-44f8-9dcd-9ef62c27e517,20260814,ecs-strict,benign-ecs-stable,0,0,0,1,1,0
507e04c2-7e24-4351-9dbd-a4396763e05e,20260814,ecs-strict,benign-ecs-stable,0,0,0,1,1,0
1b7a2075-176b-4f20-8787-b2e645d1678b,20260814,ecs-strict,benign-ecs-stable,0,0,0,1,1,0
a5b7c2c4-b3df-4e70-b8ca-26fea8f62110,20260814,ecs-strict,benign-plain,0,0,0,1,1,0
e86250d1-ed68-458d-8f0e-781ba820d2ed,20260814,ecs-strict,benign-ecs-stable,0,0,0,1,1,0
a54d2785-1210-48eb-a160-bc9fe2e866b2,20260814,ecs-strict,benign-ecs-stable,0,0,0,1,1,0
f419ee4f-e723-43b7-81bf-fd104f5e33cd,20260814,ecs-strict,benign-plain,0,0,0,1,1,0
ac5f1844-1a11-488b-b5a5-401deb1e2a5f,20260814,ecs-strict,benign-ecs-stable,0,0,0,1,1,0
01654d9b-9205-460d-bbd9-372efccbde8b,20260814,ecs-strict,benign-ecs-stable,0,0,0,1,1,0
28c86317-6bb9-4a0f-a87e-a15606bce783,20260814,ecs-strict,benign-ecs-stable,0,0,0,1,1,0
71bee81d-c873-4f51-9224-cd45fb947e4b,20260814,ecs-strict,benign-ecs-stable,0,0,0,1,1,0
6cf4cf2c-70f1-45b5-89ba-9506652888eb,20260814,ecs-strict,benign-ecs-stable,0,0,0,1,1,0
99fc1fcf-db09-4c53-8dd5-99efc507153b,20260814,ecs-strict,benign-ecs-stable,0,0,0,1,1,0
e8ab5626-e507-4de8-8367-1906d96bbaeb,20260814,ecs-strict,benign-ecs-stable,0,0,0,1,1,0
55f16eec-1dbd-44f7-a2ec-2da2711b38dd,20260814,ecs-strict,benign-ecs-stable,0,0,0,1,1,0
05c1fdd3-78a4-4888-99b4-c58192e77cec,20260814,ecs-strict,benign-plain,0,0,0,1,1,0
e1acfd79-b670-4833-9c20-68c8a096d51a,20260814,ecs-strict,benign-ecs-stable,0,0,0,1,1,0
1138e956-f8d5-4174-8585-269a6354d54b,20260814,ecs-strict,benign-plain,0,0,0,1,1,0
631d0d69-7dcd-4bb9-96a1-6604dc817bef,20260814,ecs-strict,benign-ecs-stable,0,0,0,1,1,0
c29a2abb-336d-475f-9527-eabd022a5e07,20260814,ecs-strict,benign-plain,0,0,0,1,1,0
5e8bdac7-e026-44d1-b7d2-53d93955155b,20260814,ecs-strict,benign-ecs-stable,0,0,0,1,1,0
b319ba2b-3438-4714-8f03-ae8a9a3e46db,20260814,ecs-strict,benign-ecs-stable,0,0,0,1,1,0
12c43c4f-568a-477d-a26f-edab5603299e,20260814,ecs-strict,benign-ecs-stable,0,0,0,1,1,0
7bdac5c3-9f10-498a-9e11-bc3478a0d07d,20260814,ecs-strict,benign-ecs-stable,0,0,0,1,1,0
b7ba5c07-d8b8-4945-bd2b-81a211c00ee7,20260814,ecs-strict,benign-ecs-stable,0,0,0,1,1,0
2a2c0a8c-21a6-4bb5-9b9a-f8157cb21900,20260814,ecs-strict,benign-ecs-stable,0,0,0,1,1,0
78d32390-fde5-4cbf-9a3d-eac8d06375b4,20260814,ecs-strict,benign-ecs-stable,0,0,0,1,1,0
7ce38800-cb59-427f-9970-65fc968e38c4,20260814,ecs-strict,benign-ecs-stable,0,0,0,1,1,0
a8aff2d8-3a6c-4737-aefb-3b073681f113,20260814,ecs-strict,benign-ecs-stable,0,0,0,1,1,0
165233a3-a39a-4ca0-b421-9fcb9a8acb2d,20260814,ecs-strict,benign-ecs-stable,0,0,0,1,1,0
3afb2263-95a0-45c5-8c1e-bcb07ce5915c,20260814,ecs-strict,benign-ecs-stable,0,0,0,1,1,0
99bffa08-ea32-4551-84fb-d13441a0ec78,20260814,ecs-strict,benign-ecs-stable,0,0,0,1,1,0
f1b5decd-de79-4390-8629-afd35f1610fb,20260814,ecs-strict,benign-ecs-stable,0,0,0,1,1,0
4db67d8e-a9bf-4904-b02e-92112568c611,20260814,ecs-strict,benign-ecs-stable,0,0,0,1,1,0
4e325f2a-f344-403e-aa5c-af224d2d57a6,20260814,ecs-strict,benign-ecs-stable,0,0,0,1,1,0
2cbf7199-fd78-4130-9a42-607a04ef144b,20260814,ecs-strict,benign-ecs-stable,0,0,0,1,1,0
2fd1ef7d-5a4c-4215-996c-7c817c3195c2,20260814,ecs-strict,benign-ecs-stable,0,0,0,1,1,0
c0ac1948-f58a-4b0a-bdf9-c68f0d8a7087,20260814,ecs-strict,benign-ecs-stable,0,0,0,1,1,0
987ddf6b-e7f0-4a47-ba4f-c4085b3c974c,20260814,ecs-strict,benign-ecs-stable,0,0,0,1,1,0
c3fba82c-fe34-4871-aea5-b512601b3e59,20260814,ecs-strict,benign-ecs-stable,0,0,0,1,1,0
a446cb0d-1b4c-45c4-8535-c3e9b6e2a499,20260814,ecs-strict,benign-ecs-stable,0,0,0,1,1,0
fde494bb-cc49-488b-9a6d-9555d8a32f97,20260814,ecs-strict,benign-ecs-stable,0,0,0,1,1,0
b4365cde-9652-4735-a864-2522563de13f,20260814,ecs-strict,benign-ecs-stable,0,0,0,1,1,0
15af96be-aed0-4186-b07d-709032277ff9,20260814,ecs-strict,benign-ecs-stable,0,0,0,1,1,0
a0528424-6872-41c3-a18a-347f07a3e957,20260814,ecs-strict,benign-ecs-stable,0,0,0,1,1,0
fe74da33-edbd-4a33-9890-b0a88ada6c8a,20260814,ecs-strict,benign-ecs-stable,0,0,0,1,1,0
d9664448-5ff1-4164-937d-b09f401db299,20260814,ecs-strict,benign-ecs-stable,0,0,0,1,1,0
5f91a2dd-0b98-4449-b9a2-c87e144a1ec4,20260814,ecs-strict,benign-ecs-stable,0,0,0,1,1,0
78c5ae1d-feae-412b-bf1d-0f94299d9475,20260814,ecs-strict,benign-ecs-stable,0,0,0,1,1,0
ea81a906-3d1b-46d5-8975-da12e70ccaec,20260814,ecs-strict,benign-ecs-stable,0,0,0,1,1,0
8457204d-7bf8-4583-b992-e7f410ec6ff5,20260814,ecs-strict,benign-ecs-stable,0,0,0,1,1,0
00382de7-6306-4684-8944-3d9227bae157,20260814,ecs-strict,benign-ecs-stable,0,0,0,1,1,0
169af264-dfb0-40a9-afeb-03be21efd060,20260814,ecs-strict,benign-ecs-stable,0,0,0,1,1,0
379b7fec-97cd-4a2d-9d8d-d9ded245b485,20260814,ecs-strict,benign-ecs-stable,0,0,0,1,1,0
006b894f-e64f-4823-9b02-1ef9453953a6,20260814,ecs-strict,benign-ecs-stable,0,0,0,1,1,0
0bee8c26-fae3-45de-a7ed-567401a2d219,20260814,ecs-strict,benign-ecs-stable,0,0,0,1,1,0
b424c8e3-2652-4e6b-8793-285e6c0f0d79,20260814,ecs-strict,benign-ecs-stable,0,0,0,1,1,0
40255000-97d6-4b45-9722-ca2e38b100f4,20260814,ecs-strict,benign-ecs-stable,0,0,0,1,1,0
541093e8-4e24-4d9a-8471-c86861ba0924,20260814,ecs-strict,benign-ecs-stable,0,0,0,1,1,0
f79c5987-5fb5-4a6a-93c5-14cc55748c87,20260814,ecs-strict,benign-ecs-stable,0,0,0,1,1,0
530eae7e-61f5-4f74-b037-5f5a08de28fa,20260814,ecs-strict,benign-ecs-stable,0,0,0,1,1,0
2442a4ec-f0bd-43a8-a0fd-cbe7b4bd50d6,20260814,ecs-strict,benign-ecs-stable,0,0,0,1,1,0
0da4cfa7-aa01-4b3f-83b7-a22c5873da20,20260814,ecs-strict,benign-ecs-stable,0,0,0,1,1,0
7f820d2d-b022-4f4b-88cf-5888c261fc33,20260814,ecs-strict,benign-ecs-stable,0,0,0,1,1,0
cf9252a7-997a-4bdc-a30d-210ebf93f443,20260814,ecs-strict,benign-ecs-stable,0,0,0,1,1,0
8d41f0bd-7c50-40ee-8feb-66bc440e49a1,20260814,ecs-strict,benign-ecs-stable,0,0,0,1,1,0
693cfdac-4e75-49eb-a5e9-d9a3f608fd56,20260814,ecs-strict,benign-ecs-stable,0,0,0,1,1,0
e8dc6b13-7b11-4e76-8a7d-294f51119216,20260814,ecs-strict,benign-ecs-stable,0,0,0,1,1,0
9859dcdc-dd0c-48d4-95ef-c842264cee02,20260814,ecs-strict,benign-ecs-stable,0,0,0,1,1,0
773c32b4-6155-4418-ab1f-f49346ed66af,20260814,ecs-strict,benign-ecs-stable,0,0,0,1,1,0
d7adad37-edab-4855-8a25-d7eff405ac72,20260814,ecs-strict,benign-ecs-stable,0,0,0,1,1,0
3889bcc5-1c94-421f-baca-1ed49f3cb36f,20260814,ecs-strict,benign-ecs-stable,0,0,0,1,1,0
04c55c6b-bba4-4a04-afc8-401cab8215a4,20260814,ecs-strict,benign-ecs-stable,0,0,0,1,1,0
d5efab8f-f095-4b4e-ba5d-2000bd962448,20260814,ecs-strict,benign-ecs-stable,0,0,0,1,1,0
99723176-6606-4bdf-a2fd-a207e84efff8,20260814,ecs-strict,benign-ecs-stable,0,0,0,1,1,0
44d248de-e67a-4519-8569-8f97f8c8a7cc,20260814,ecs-strict,benign-ecs-geo,0,0,0,1,1,0
4fd2e281-d209-4293-9bf5-4a528ab8751f,20260814,ecs-strict,benign-ecs-stable,0,0,0,1,1,0
c5f33ae5-fd59-4ac4-8161-7da3380993a4,20260814,ecs-strict,benign-ecs-stable,0,0,0,1,1,0
c49ecd7e-0bcd-4b16-9e18-c9e464ef8fa7,20260814,ecs-strict,benign-ecs-stable,0,0,0,1,1,0
6420e035-6ccb-4798-9087-5977403a59a3,20260814,ecs-strict,benign-ecs-stable,0,0,0,1,1,0
854aacc9-0392-40bf-b470-35001049635b,20260814,ecs-strict,benign-ecs-geo,0,0,0,1,1,0
7d547732-d885-46cc-9e44-a7c311c68a1d,20260814,ecs-strict,benign-ecs-stable,0,0,0,1,1,0
f0a32b3c-be23-48f1-89fb-4368948c8cd2,20260814,ecs-strict,benign-ecs-stable,0,0,0,1,1,0
deee5b8c-c4b7-4e6f-87a2-fc23b4b56f76,20260814,ecs-strict,benign-ecs-geo,0,0,0,1,1,0
68e1315e-9085-4138-8b78-e2e23aaa0b71,20260814,ecs-strict,benign-ecs-geo,0,0,0,1,1,0
35ef7182-50d6-4753-a7a8-12e77b93efb0,20260814,ecs-strict,benign-ecs-geo,0,0,0,1,1,0
b28ebe42-9038-4edb-92bd-2fcfab02ce58,20260814,ecs-strict,benign-ecs-geo,0,0,0,1,1,0
a903ed45-4b9d-4952-b780-8bfdeb1b8df6,20260814,ecs-strict,benign-ecs-geo,0,0,0,1,1,0
e6e92dbf-1ae0-42ae-8f8e-18ac591dfc2a,20260814,ecs-strict,benign-ecs-stable,0,0,0,1,1,0
fe378e4e-7e60-491c-960a-ef9a8ff04118,20260814,ecs-strict,benign-ecs-geo,0,0,0,1,1,0
7b7ef79d-66ad-4c49-95b2-f3b242e61030,20260814,ecs-strict,benign-ecs-geo,0,0,0,1,1,0
42fe0413-0e93-40ee-9524-77e12293a732,20260814,ecs-strict,benign-ecs-stable,0,0,0,1,1,0
1d56b303-83a0-461d-9bbd-9cd1150c6b53,20260814,ecs-strict,benign-ecs-geo,0,0,0,1,1,0
22eee78b-fad3-4836-a00e-a56a93014d8d,20260814,ecs-strict,benign-ecs-geo,0,0,0,1,1,0
ec193abf-554f-41b3-a28f-bf41352d9bef,20260814,ecs-strict,benign-ecs-geo,0,0,0,1,1,0
b1e7a517-43dc-4fdd-9d4c-f1578c59a5ce,20260814,ecs-strict,benign-ecs-geo,0,0,0,1,1,0
601496db-8f25-43e6-8078-e9299181efc7,20260814,ecs-strict,benign-ecs-geo,0,0,0,1,1,0
b9276d18-4817-4627-8f61-8e8135d2b547,20260814,ecs-strict,benign-ecs-geo,0,0,0,1,1,0
2f1d7969-c874-44cc-a3f0-cef50f608f18,20260814,ecs-strict,benign-ecs-geo,0,0,0,1,1,0
99b8b5f2-a2ff-430f-81a9-d84166a172e3,20260814,ecs-strict,benign-ecs-geo,0,0,0,1,1,0
0e6e1a33-a155-4d72-a418-d29925d6f64b,20260814,ecs-strict,benign-ecs-geo,0,0,0,1,1,0
a930079a-7ba1-484f-acf9-b84959e84636,20260814,ecs-strict,benign-ecs-geo,0,0,0,1,1,0
dae2971b-728d-4b2a-b5c4-b6cb554c4f87,20260814,ecs-strict,benign-ecs-geo,0,0,0,1,1,0
49d6a1e7-98bc-466f-85cf-42b1f791f216,20260814,ecs-strict,benign-ecs-geo,0,0,0,1,1,0
94656261-f5d5-433f-983b-54de75623e31,20260814,ecs-strict,benign-ecs-geo,0,0,0,1,1,0
912cb08f-d53b-4d51-8c69-959bf79c638c,20260814,ecs-strict,benign-ecs-geo,0,0,0,1,1,0
bde1b9f3-cb60-4c2a-aa3a-4af1bbc8a156,20260814,ecs-strict,benign-ecs-geo,0,0,0,1,1,0
27976b47-79b4-41a7-9741-fbd54ad4a81b,20260814,ecs-strict,benign-ecs-geo,0,0,0,1,1,0
65288dac-0aad-41fa-9d54-62a499e5bf55,20260814,ecs-strict,benign-ecs-geo,0,0,0,1,1,0
2952b9ea-1507-48ba-9ba0-59d70b1190d1,20260814,ecs-strict,benign-ecs-geo,0,0,0,1,1,0
2b3b7030-514b-46fd-9da6-aa67e04cf6ee,20260814,ecs-strict,benign-ecs-geo,0,0,0,1,1,0
32d73070-32eb-484a-b527-003f321292d3,20260814,ecs-strict,benign-ecs-geo,0,0,0,1,1,0
f4ec1eac-eaa1-4951-a3d6-5817eafec630,20260814,ecs-strict,benign-ecs-geo,0,0,0,1,1,0
ddf75d79-8116-4988-83a6-19f02592b159,20260814,ecs-strict,benign-ecs-geo,0,0,0,1,1,0
f0b7d811-3012-41d9-8fd7-f77f472c7827,20260814,ecs-strict,benign-ecs-geo,0,0,0,1,1,0
03a080e1-2df2-473a-a95c-ff6bcefa6a32,20260814,ecs-strict,benign-ecs-geo,0,0,0,1,1,0
581e0fad-731e-4837-9fe6-9adcfc0c6f0e,20260814,ecs-strict,benign-ecs-geo,0,0,0,1,1,0
717bf2ff-9b2b-4001-865d-c0a4efd4ef7e,20260814,ecs-strict,benign-ecs-geo,0,0,0,1,1,0
f6141d65-b6d5-424f-829c-67c5cc9f4e28,20260814,ecs-strict,benign-ecs-geo,0,0,0,1,1,0
d1bda6d2-c841-4dd2-98bb-1a3cfa80bf25,20260814,ecs-strict,benign-ecs-geo,0,0,0,1,1,0
b847f605-00c1-4113-b379-596af6219c2e,20260814,ecs-strict,benign-ecs-geo,0,0,0,1,1,0
ceb283cd-a18d-48f0-bc5d-4450f5446a34,20260814,ecs-strict,benign-ecs-geo,0,0,0,1,1,0
9b2f461f-bf2f-4326-8d74-9faa4cb5ef93,20260814,ecs-strict,benign-ecs-geo,0,0,0,1,1,0
559d5597-fcde-4de4-b884-f8b2492666cc,20260814,ecs-strict,benign-ecs-geo,0,0,0,1,1,0
8cc55df3-661e-4bc8-a2a0-ea6025561195,20260814,ecs-strict,benign-ecs-geo,0,0,0,1,1,0
f4324a0d-0c44-453d-bcce-59a116b1abe1,20260814,ecs-strict,benign-ecs-geo,0,0,0,1,1,0
77aa1d94-3666-4a84-8304-8a40c0ea0506,20260814,ecs-strict,benign-ecs-geo,0,0,0,1,1,0
22de21be-3d44-40be-b9a0-a500e2d56f7c,20260814,ecs-strict,benign-ecs-geo,0,0,0,1,1,0
e436d761-f9f2-4d8f-bb70-fa51cd58441c,20260814,ecs-strict,benign-ecs-geo,0,0,0,1,1,0
9683f16c-1c37-41f2-8af2-7c6b28205f2c,20260814,ecs-strict,benign-ecs-geo,0,0,0,1,1,0
a37a1e54-e487-4699-8b0d-7de60e5992ad,20260814,ecs-strict,benign-ecs-geo,0,0,0,1,1,0
47009268-5ca4-47c7-890c-b0a56f68bc25,20260814,ecs-strict,benign-ecs-geo,0,0,0,1,1,0
bf1e6277-a9ec-4065-917f-8e0b41e0f581,20260814,ecs-strict,benign-ecs-geo,0,0,0,1,1,0
1cd253c0-0522-43c0-add8-cc792fc49bb4,20260814,ecs-strict,benign-ecs-geo,0,0,0,1,1,0
781e225d-c00b-425c-96f4-4b6ad403f178,20260814,ecs-strict,benign-ecs-geo,0,0,0,1,1,0
fcb15694-023f-461f-8ba3-ef2ffcf3d9ac,20260814,ecs-strict,benign-ecs-geo,0,0,0,1,1,0
009dce71-73de-42c0-bd8b-481b9237a54f,20260814,ecs-strict,benign-ecs-geo,0,0,0,1,1,0
b49b930c-9810-45a3-aa5f-55e3a316b04d,20260814,ecs-strict,benign-ecs-geo,0,0,0,1,1,0
773565ec-7b3a-4abb-a10c-dbd0511abcf7,20260814,ecs-strict,benign-ecs-geo,0,0,0,1,1,0
c325a80a-7583-45b8-8086-ca8aee6891a3,20260814,ecs-strict,benign-ecs-geo,0,0,0,1,1,0
186d7bc6-80d4-4ff6-a077-c5c21892f002,20260814,ecs-strict,benign-ecs-geo,0,0,0,1,1,0
0fcaaeff-e2b2-446d-a15e-ec4f1aa690e5,20260814,ecs-strict,benign-ecs-geo,0,0,0,1,1,0
27373f92-6254-4619-8c39-49c324eace2d,20260814,ecs-strict,benign-ecs-geo,0,0,0,1,1,0
1bb5d259-c378-44ac-9272-ae2b7ca85008,20260814,ecs-strict,benign-ecs-geo,0,0,0,1,1,0
e5a7ec00-d1a4-4eb4-aaa5-aecc63936d25,20260814,ecs-strict,benign-ecs-geo,0,0,0,1,1,0
0537babf-2750-460f-9632-238537308efe,20260814,ecs-strict,benign-ecs-geo,0,0,0,1,1,0
c731fe50-7469-43cf-9b36-0ce8ca6ceb17,20260814,ecs-strict,benign-ecs-geo,0,0,0,1,1,0
123019cc-709d-49d4-86a5-aa027941a57e,20260814,ecs-strict,benign-ecs-geo,0,0,0,1,1,0
5683c06b-ad74-40b9-8f34-d1fde7414c13,20260814,ecs-strict,benign-ecs-geo,0,0,0,1,1,0
3cc78c17-dff5-4b87-b77b-91c8bc6a310e,20260814,ecs-strict,benign-ecs-geo,0,0,0,1,1,0
b166c042-6e15-4def-9a7b-49e9b77d9951,20260814,ecs-strict,benign-ecs-geo,0,0,0,1,1,0
8b9efc08-6c8d-4cdd-b7c2-0706b64d394a,20260814,ecs-strict,benign-ecs-geo,0,0,0,1,1,0
0100612a-4203-4570-950e-9f328b1c1450,20260814,ecs-strict,benign-ecs-geo,0,0,0,1,1,0
dedef604-a5f5-465a-983e-19818bef86cc,20260814,ecs-strict,benign-ecs-geo,0,0,0,1,1,0
dc2ce029-15e1-4832-921d-77b404f6f342,20260814,ecs-strict,benign-ecs-geo,0,0,0,1,1,0
68f04005-3a2b-4c70-ae12-168ce8c91c3b,20260814,ecs-strict,benign-ecs-geo,0,0,0,1,1,0
c135b0c4-62db-4f7e-a138-cac859f7ba87,20260814,ecs-strict,benign-ecs-geo,0,0,0,1,1,0
4f4daf2a-64ca-4932-8cd7-131ea973d3ee,20260814,ecs-strict,benign-ecs-geo,0,0,0,1,1,0
bd73cce3-748e-41c8-9901-04675b5102e1,20260814,ecs-strict,benign-ecs-geo,0,0,0,1,1,0
07045f6e-fa91-44be-80b4-9ec6052699ea,20260814,ecs-strict,benign-ecs-geo,0,0,0,1,1,0
e9c9e396-b7a7-498d-8bc9-816385231099,20260814,ecs-strict,benign-ecs-geo,0,0,0,1,1,0
e0dcf1d9-ab26-4468-afb5-a25004e3af2e,20260814,ecs-strict,benign-ecs-geo,0,0,0,1,1,0
18aa0732-3030-4ae5-9096-04a94cd57a44,20260814,ecs-strict,benign-ecs-geo,0,0,0,1,1,0
88e2e306-2739-402b-a639-1ab912a53b31,20260814,ecs-strict,benign-ecs-geo,0,0,0,1,1,0
2f3ed45d-1caf-4d43-8355-80079aa0177d,20260814,ecs-strict,benign-ecs-geo,0,0,0,1,1,0
fd2b72c2-172c-439c-88a2-ccc92ea5be61,20260814,ecs-strict,benign-ecs-geo,0,0,0,1,1,0
1f248a82-2ea7-4589-b594-718df1fd65c9,20260814,ecs-strict,benign-ecs-geo,0,0,0,1,1,0
18e3dfab-d716-4941-ad66-abcc1c9a2897,20260814,ecs-strict,benign-ecs-geo,0,0,0,1,1,0
92aadd55-4b9c-4ed8-b6b6-8c3e6fd618b0,20260814,ecs-strict,benign-ecs-geo,0,0,0,1,1,0
a0849ee3-3b3a-469e-b244-e4b11750908b,20260814,ecs-strict,benign-ecs-geo,0,0,0,1,1,0
a0100f17-a785-4b5f-84b1-e21f2e13763a,20260814,ecs-strict,benign-burst,0,0,0,1,1,0
dbce576e-7a95-4bc5-b067-c060436ee704,20260814,ecs-strict,benign-burst,0,0,0,1,1,0
dc55dfe8-5f80-4a31-8682-09ff8eeb0d3e,20260814,ecs-strict,benign-burst,0,0,0,1,1,0
27eb8f62-8d79-45b3-9d89-18daccd1db0f,20260814,ecs-strict,benign-burst,0,0,0,1,1,0
6edb0223-4697-468e-b62c-7756b149c904,20260814,ecs-strict,benign-burst,0,0,0,1,1,0
c36306af-59cf-48b0-86cc-ac8736d0db0e,20260814,ecs-strict,benign-burst,0,0,0,1,1,0
3a896046-fc09-4cad-a055-7d684686cae9,20260814,ecs-strict,benign-burst,0,0,0,1,1,0
569bd0ac-de04-4b81-9a32-0d3d70ba201a,20260814,ecs-strict,benign-burst,0,0,0,1,1,0
25da2bc8-3d18-4174-a736-a400819ab8f7,20260814,ecs-strict,benign-burst,0,0,0,1,1,0
c4f7fac6-c111-4200-9f4f-94d8d01339d8,20260814,ecs-strict,benign-burst,0,0,0,1,1,0
7bfcb123-224b-40e6-8f3b-02d22e007465,20260814,ecs-strict,benign-burst,0,0,0,1,1,0
1f9daa5b-db9b-4b5f-88cb-bafafc8de97c,20260814,ecs-strict,benign-burst,0,0,0,1,1,0
3fd50829-4717-4589-85c8-09a603c21cb6,20260814,ecs-strict,benign-burst,0,0,0,1,1,0
d2a3cf7d-289a-4445-b98a-9b8ff2b0375e,20260814,ecs-strict,benign-burst,0,0,0,1,1,0
94d867b2-2e59-46a8-bca2-722f5c2fa887,20260814,ecs-strict,benign-burst,0,0,0,1,1,0
b2a68ce5-1b47-4b5d-a9b0-e2855fc5c8d1,20260814,ecs-strict,benign-burst,0,0,0,1,1,0
ba0cc9ba-51d0-4fff-90e7-10aacb43c83d,20260814,ecs-strict,benign-ecs-geo,0,0,0,1,1,0
f2c5d2ae-eea4-4daf-bb14-f3e9da450516,20260814,ecs-strict,benign-burst,0,0,0,1,1,0
625aff2c-7d03-4ade-80ad-21a13b700d68,20260814,ecs-strict,benign-burst,0,0,0,1,1,0
4354d88a-afe2-4fd8-aec3-94e1741906b3,20260814,ecs-strict,benign-ecs-geo,0,0,0,1,1,0
71aeba27-ece4-4be9-a2c0-e365004df4f2,20260814,ecs-strict,benign-burst,0,0,0,1,1,0
1f876e16-a787-4e9a-ae79-2521c0415523,20260814,ecs-strict,benign-burst,0,0,0,1,1,0
4a0a59d7-6823-4969-9196-d27698bc41e8,20260814,ecs-strict,benign-burst,0,0,0,1,1,0
5a12fc0c-f7b9-41e9-9f5b-c3dbdf3847ad,20260814,ecs-strict,benign-burst,0,0,0,1,1,0
95a925c8-da80-4ed8-910f-af95578b9d1f,20260814,ecs-strict,benign-burst,0,0,0,1,1,0
34e0db4c-79b2-4aa7-9548-5c3d80fbfe0d,20260814,ecs-strict,benign-burst,0,0,0,1,1,0
3a69462b-bbe4-48d5-8d72-6181b2c51b1e,20260814,ecs-strict,benign-burst,0,0,0,1,1,0
a32561d8-434a-47e6-b5d8-e46b2e52686e,20260814,ecs-strict,benign-burst,0,0,0,1,1,0
d78440ba-ddfc-4613-a2a6-9874b00aecda,20260814,ecs-strict,benign-ecs-geo,0,0,0,1,1,0
248d070c-3372-4ca3-98a9-f0ffec377962,20260814,ecs-strict,benign-burst,0,0,0,1,1,0
ac03660e-49a4-4996-b5e5-b4305c35adaa,20260814,ecs-strict,benign-burst,0,0,0,1,1,0
cda11a65-3280-44c5-8093-7e8f22428ce7,20260814,ecs-strict,benign-burst,0,0,0,1,1,0
3c194dd5-8dab-41d4-94cb-af529422e574,20260814,ecs-strict,benign-burst,0,0,0,1,1,0
16e18a96-0536-47be-84e0-fad37e8c9629,20260814,ecs-strict,benign-burst,0,0,0,1,1,0
0cbff144-6979-4988-bd94-7fd36fdc384e,20260814,ecs-strict,benign-burst,0,0,0,1,1,0
ec627e18-c0ff-4d1d-a987-bc1f45ede541,20260814,ecs-strict,benign-burst,0,0,0,1,1,0
9c84cfaa-cb82-46a7-b114-da50217d4554,20260814,ecs-strict,benign-burst,0,0,0,1,1,0
d9c4a90c-3441-4c15-af75-b42d51c3b308,20260814,ecs-strict,benign-burst,0,0,0,1,1,0
daa7ba4f-81d8-4b70-9c70-e11e76273807,20260814,ecs-strict,benign-burst,0,0,0,1,1,0
607044f4-63dd-4d03-a92d-b14d2ed7e8f8,20260814,ecs-strict,benign-burst,0,0,0,1,1,0
09b61436-7183-47dc-8b37-ce0889acc232,20260814,ecs-strict,benign-burst,0,0,0,1,1,0
7eaa7c43-b1e9-485d-9699-792542d941c1,20260814,ecs-strict,benign-burst,0,0,0,1,1,0
ce1968af-5087-4d36-9104-262571871ba5,20260814,ecs-strict,benign-burst,0,0,0,1,1,0
25ca4642-60d5-43b2-bf8c-e0586da22d6e,20260814,ecs-strict,benign-burst,0,0,0,1,1,0
010d1430-ecb8-4d70-a03a-676da00be211,20260814,ecs-strict,benign-burst,0,0,0,1,1,0
51ae188b-80e7-4e42-88cc-078af316c3c0,20260814,ecs-strict,benign-burst,0,0,0,1,1,0
1d7b030e-4cfd-4ad0-80b9-8bb1df12bfc8,20260814,ecs-strict,benign-burst,0,0,0,1,1,0
46c863ed-a2e0-4372-af7f-d56855f97a49,20260814,ecs-strict,benign-burst,0,0,0,1,1,0
7ee212db-b84e-424d-be40-dbdf200b81b5,20260814,ecs-strict,benign-burst,0,0,0,1,1,0
b9f53005-3fdf-4a93-9f63-4ca29c3581a3,20260814,ecs-strict,benign-burst,0,0,0,1,1,0
1442ed4f-2251-48e4-ac0b-18b6e4125af3,20260814,ecs-strict,benign-burst,0,0,0,1,1,0
eedf456a-619a-4ee5-a4e7-2c7d9a8dbd99,20260814,ecs-strict,benign-burst,0,0,0,1,1,0
1af3244c-41e8-4d25-8083-dc324cdb7bc1,20260814,ecs-strict,benign-burst,0,0,0,1,1,0
671222c4-4519-4b63-a576-fab7ad9ac9bb,20260814,ecs-strict,benign-burst,0,0,0,1,1,0
59425208-378a-4993-9765-39dad4038fa8,20260814,ecs-strict,benign-burst,0,0,0,1,1,0
c58b82a6-8dcf-4ddf-bdd0-7124689ec5fd,20260814,ecs-strict,benign-burst,0,0,0,1,1,0
ddad0956-8683-4ef0-abe8-2364c605e2df,20260814,ecs-strict,benign-burst,0,0,0,1,1,0
117d1b6c-089e-4cf9-9143-34c257340ee8,20260814,ecs-strict,benign-burst,0,0,0,1,1,0
affae433-508b-44c4-85b3-ae770ee32de7,20260814,ecs-strict,benign-burst,0,0,0,1,1,0
4a684c18-a4ca-4cda-920b-e3fbfd0edb71,20260814,ecs-strict,benign-burst,0,0,0,1,1,0
adef5ea0-cd0e-45be-9b06-6e0d64dc284b,20260814,ecs-strict,benign-burst,0,0,0,1,1,0
053f7b0b-e2f3-47fb-b355-4329fd20a071,20260814,ecs-strict,benign-burst,0,0,0,1,1,0
234348d0-3a45-4493-bc91-e093410654f1,20260814,ecs-strict,benign-burst,0,0,0,1,1,0
86e13be0-c2aa-4ce5-b9a1-20566fd68313,20260814,ecs-strict,benign-burst,0,0,0,1,1,0
b02e2350-6f68-41cc-bfb7-f4cb1e2a5be8,20260814,ecs-strict,benign-burst,0,0,0,1,1,0
32e84890-81c0-4357-afc9-887e1ef8e095,20260814,ecs-strict,benign-burst,0,0,0,1,1,0
116539d6-50db-4754-a3cf-092ae047b75e,20260814,ecs-strict,benign-burst,0,0,0,1,1,0
1a9b423b-4d1e-4981-94d8-8d478d2b3c03,20260814,ecs-strict,benign-burst,0,0,0,1,1,0
ff0deacb-5a7b-482d-b830-71afd493c946,20260814,ecs-strict,benign-burst,0,0,0,1,1,0
e9051c8a-7f74-4294-9c8d-912a075672cf,20260814,ecs-strict,benign-burst,0,0,0,1,1,0
b88c3bbc-3462-44bc-a3ab-cf464b1d014d,20260814,ecs-strict,benign-burst,0,0,0,1,1,0
356905ec-30b0-44ed-988a-9eb270954df3,20260814,ecs-strict,benign-burst,0,0,0,1,1,0
4d95f31c-4cc2-4cd4-8a92-8f5bd95e3b7a,20260814,ecs-strict,benign-burst,0,0,0,1,1,0
1effb508-2ec6-42b4-a2ce-1d4d2cfbae16,20260814,ecs-strict,benign-burst,0,0,0,1,1,0
a5b1141b-eea4-45ea-8d12-a03fac6f8a32,20260814,ecs-strict,benign-burst,0,0,0,1,1,0
83bd1712-dcfe-41b0-a204-938c1dbdf527,20260814,ecs-strict,benign-burst,0,0,0,1,1,0
f8300f45-458a-41bc-87e2-85a1c7b5ee0e,20260814,ecs-strict,benign-burst,0,0,0,1,1,0
1c4b5076-eb2b-4892-92bd-878426a2de5a,20260814,ecs-strict,benign-burst,0,0,0,1,1,0
71ea040f-c1cc-45e2-83da-deb2604fce9c,20260814,ecs-strict,benign-burst,0,0,0,1,1,0
9a762df9-a7dd-4dd8-b037-d5af10136b84,20260814,ecs-strict,benign-burst,0,0,0,1,1,0
9bb76dde-3dc6-4fd5-aac5-1dd3e895e57a,20260814,ecs-strict,benign-burst,0,0,0,1,1,0
46001c29-2d50-434b-b7bf-58683065d27a,20260814,ecs-strict,benign-burst,0,0,0,1,1,0
678e3287-9c98-4467-bc9c-deba7c2f7bdb,20260814,ecs-strict,adverse-ecs-omit,1,0,0,1,1,0
b2511cda-e98d-4e01-9604-4e2d6470c200,20260814,ecs-strict,adverse-ecs-omit,1,0,0,1,1,0
bd997b8e-bf9e-4c15-8ba8-3ba7e568bb2c,20260814,ecs-strict,benign-burst,0,0,0,1,1,0
d9f19fb7-b104-4633-bd41-cbfe58354551,20260814,ecs-strict,adverse-ecs-omit,1,0,0,1,1,0
a98e1210-6b59-4d2d-a0ee-c1e6afbaa752,20260814,ecs-strict,adverse-ecs-omit,1,0,0,1,1,0
dd3e136c-67c1-46a6-b689-b675ec418483,20260814,ecs-strict,benign-burst,0,0,0,1,1,0
a2037db3-a307-4307-aa09-b92577dda447,20260814,ecs-strict,adverse-ecs-omit,1,0,0,1,1,0
4897e1db-365a-4bbf-8700-3fe8dde2905b,20260814,ecs-strict,adverse-ecs-omit,1,0,0,1,1,0
f8b4fb4a-5cb9-4e44-a16f-ddae17d69011,20260814,ecs-strict,adverse-ecs-omit,1,0,0,1,1,0
bedfa9ff-0545-45ad-8208-68235c874ab4,20260814,ecs-strict,adverse-ecs-omit,1,0,0,1,1,0
c0b4e875-dccf-4b36-a342-4bd94255481a,20260814,ecs-strict,adverse-ecs-omit,1,0,0,1,1,0
9de7388e-57a4-47b1-9e08-f2935f4edebb,20260814,ecs-strict,benign-burst,0,0,0,1,1,0
f7a7070f-06a6-4366-9194-9c362350a936,20260814,ecs-strict,adverse-ecs-omit,1,0,0,1,1,0
5aaf7b2f-7b53-4c32-927b-fe3f2eb507d8,20260814,ecs-strict,adverse-ecs-omit,1,0,0,1,1,0
16b50249-fde0-4efb-8f7c-4975bbdf05c4,20260814,ecs-strict,benign-burst,0,0,0,1,1,0
5410b96c-4703-49d2-987f-05c38436cb06,20260814,ecs-strict,adverse-ecs-omit,1,0,0,1,1,0
9413be14-f4c9-4d1b-9290-ca113656376a,20260814,ecs-strict,adverse-ecs-omit,1,0,0,1,1,0
81f8327e-5497-452c-bec1-608382527df9,20260814,ecs-strict,adverse-ecs-omit,1,0,0,1,1,0
a1ffdfa5-f0a5-4b49-b325-223b857da284,20260814,ecs-strict,adverse-ecs-omit,1,0,0,1,1,0
2ce86ddc-b341-4d06-be90-5565092c25d3,20260814,ecs-strict,adverse-ecs-omit,1,0,0,1,1,0
a8da6398-96eb-49a6-be15-0c913d1d8daa,20260814,ecs-strict,adverse-ecs-omit,1,0,0,1,1,0
dad9af1a-847f-4656-96b7-600487507185,20260814,ecs-strict,adverse-ecs-omit,1,0,0,1,1,0
e53bd4c3-a1a9-4794-949b-c3783ef7e750,20260814,ecs-strict,adverse-ecs-omit,1,0,0,1,1,0
3350481f-9c61-44ac-96f7-2a2fe025789a,20260814,ecs-strict,benign-burst,0,0,0,1,1,0
d81879da-c47f-4bbb-a365-b7bf90d77202,20260814,ecs-strict,adverse-ecs-omit,1,0,0,1,1,0
3a3ff26c-db35-4646-8fb6-02352ef874aa,20260814,ecs-strict,adverse-ecs-omit,1,0,0,1,1,0
416c42de-f848-4295-8f6f-710738e672c3,20260814,ecs-strict,adverse-ecs-omit,1,0,0,1,1,0
0de6ad41-06b3-4c59-bde1-9ec44671a07e,20260814,ecs-strict,adverse-ecs-omit,1,0,0,1,1,0
1d09025e-b79f-42d8-b48c-b04da6c43581,20260814,ecs-strict,benign-burst,0,0,0,1,1,0
fd527600-821c-448c-81ca-a331609aadc2,20260814,ecs-strict,adverse-ecs-omit,1,0,0,1,1,0
56828b4a-7857-4278-9c95-48c9ce9c6ec4,20260814,ecs-strict,adverse-ecs-omit,1,0,0,1,1,0
ccd0050e-9523-454c-b489-eac0ec808738,20260814,ecs-strict,adverse-ecs-omit,1,0,0,1,1,0
62484b0c-3340-437c-a7a8-4c98d8da7c1c,20260814,ecs-strict,adverse-ecs-omit,1,0,0,1,1,0
ceca0cbe-d92b-47f5-ab9b-fb19a0b37bb4,20260814,ecs-strict,adverse-ecs-omit,1,0,0,1,1,0
cdc069c2-aa3c-44d4-b1ee-ba40a1725622,20260814,ecs-strict,benign-burst,0,0,0,1,1,0
533eb918-97fb-4f3a-8b79-0508ca56c345,20260814,ecs-strict,benign-burst,0,0,0,1,1,0
d017ec88-7b15-41f8-889e-55f11b553163,20260814,ecs-strict,adverse-ecs-omit,1,0,0,1,1,0
bc4c2ce6-e49b-4ee1-a64d-3b02b85dcafb,20260814,ecs-strict,adverse-ecs-omit,1,0,0,1,1,0
ef45d467-4188-4eb4-8636-9092e2d33ad1,20260814,ecs-strict,adverse-ecs-omit,1,0,0,1,1,0
e840329c-0b94-4560-8935-93949a752eec,20260814,ecs-strict,benign-burst,0,0,0,1,1,0
7ebea947-f0b9-4f00-9a32-8d4ac9884cb8,20260814,ecs-strict,adverse-ecs-omit,1,0,0,1,1,0
5f4f2f9b-7b49-4b49-8822-5ae2fa99f437,20260814,ecs-strict,adverse-ecs-omit,1,0,0,1,1,0
d576f212-c546-4090-9c52-bccf2aab97b5,20260814,ecs-strict,adverse-ecs-omit,1,0,0,1,1,0
c63c9cb7-fa80-4f1f-bade-14bc13460a3c,20260814,ecs-strict,adverse-ecs-omit,1,0,0,1,1,0
b3b7b1d4-cce6-42d8-8134-0521403650d9,20260814,ecs-strict,adverse-ecs-omit,1,0,0,1,1,0
89113c5e-23cc-4410-992c-34f2a0088e2d,20260814,ecs-strict,adverse-ecs-omit,1,0,0,1,1,0
7ff31adc-7280-447c-8804-751b90c3955c,20260814,ecs-strict,adverse-ecs-omit,1,0,0,1,1,0
ab13b06d-8125-4101-9032-f4441b7222b6,20260814,ecs-strict,adverse-ecs-omit,1,0,0,1,1,0
575414c0-3120-4b33-ab29-4c1aa99d7d15,20260814,ecs-strict,adverse-ecs-omit,1,0,0,1,1,0
d9a3849e-9a05-49c6-89ed-59e20daf0a7c,20260814,ecs-strict,adverse-ecs-omit,1,0,0,1,1,0
ac435aba-cd9a-440d-b742-00586495e556,20260814,ecs-strict,adverse-ecs-omit,1,0,0,1,1,0
a6e76795-4ba4-4d01-a29d-ad087fff8ab0,20260814,ecs-strict,adverse-ecs-omit,1,0,0,1,1,0
2526ee77-5b1a-43db-a985-66514eb052d6,20260814,ecs-strict,adverse-ecs-omit,1,0,0,1,1,0
a97ae3e7-a428-4d90-ac4f-c24929203e8d,20260814,ecs-strict,adverse-ecs-omit,1,0,0,1,1,0
d3238e24-ba48-4137-a747-50e2aa168107,20260814,ecs-strict,adverse-ecs-omit,1,0,0,1,1,0
4b276060-99c3-44de-bbe4-f674082e82d0,20260814,ecs-strict,adverse-ecs-omit,1,0,0,1,1,0
50d06915-17c8-48cb-a668-c3ec7bb090ba,20260814,ecs-strict,adverse-ecs-omit,1,0,0,1,1,0
95f97745-6e4a-477a-9ad1-c5d6afa3b6b7,20260814,ecs-strict,adverse-ecs-omit,1,0,0,1,1,0
7d70fce7-72fd-4710-952f-83d2f3871f45,20260814,ecs-strict,adverse-ecs-omit,1,0,0,1,1,0
98a92ef2-0c96-4cbb-a8b6-1bfa93f83e80,20260814,ecs-strict,adverse-ecs-omit,1,0,0,1,1,0
d188234e-8525-4170-a491-247755f36752,20260814,ecs-strict,adverse-ecs-omit,1,0,0,1,1,0
362ea90a-b30f-42b5-b731-a0c86708a8e2,20260814,ecs-strict,adverse-ecs-omit,1,0,0,1,1,0
a18eb066-e494-49ed-b443-e8c4e79bb7b2,20260814,ecs-strict,adverse-ecs-omit,1,0,0,1,1,0
c5b9d79e-ef29-4ce9-b0e8-1e3bffae5f84,20260814,ecs-strict,adverse-ecs-omit,1,0,0,1,1,0
92c68d7a-5668-4df4-a61e-b80120a9d112,20260814,ecs-strict,adverse-ecs-omit,1,0,0,1,1,0
55e71e7e-aec7-457d-b91d-77e699079705,20260814,ecs-strict,adverse-ecs-omit,1,0,0,1,1,0
a61ab728-96eb-4650-9103-d7d7bc28effc,20260814,ecs-strict,adverse-ecs-omit,1,0,0,1,1,0
f64773a2-1ecf-4fbb-88be-a132e40d4121,20260814,ecs-strict,adverse-ecs-omit,1,0,0,1,1,0
d1ea0074-8840-437b-a8b0-36a7acf19c84,20260814,ecs-strict,adverse-ecs-omit,1,0,0,1,1,0
45f6a23c-4798-4e45-be92-3a7c66cb63e7,20260814,ecs-strict,adverse-ecs-omit,1,0,0,1,1,0
eb4aaf65-f387-4f3d-93cf-c358d99369fa,20260814,ecs-strict,adverse-ecs-omit,1,0,0,1,1,0
222b83cc-a627-4d92-8b0d-1c1cf05a25aa,20260814,ecs-strict,adverse-ecs-omit,1,0,0,1,1,0
93fec07d-e9cd-4b91-8f76-0aa210eb09c3,20260814,ecs-strict,adverse-ecs-omit,1,0,0,1,1,0
f4dc819e-0ddc-4932-aa4b-fec105c3cb5c,20260814,ecs-strict,adverse-ecs-omit,1,0,0,1,1,0
150f3f2c-0519-4f12-b06e-a2827824a88f,20260814,ecs-strict,adverse-ecs-omit,1,0,0,1,1,0
edab1ebf-acdd-4544-b91c-68d5c6207ba1,20260814,ecs-strict,adverse-ecs-omit,1,0,0,1,1,0
31e22556-e645-4f8e-b540-9191352857e7,20260814,ecs-strict,adverse-ecs-omit,1,0,0,1,1,0
6a66bceb-cdc6-4081-9d05-214a2691e56f,20260814,ecs-strict,adverse-ecs-omit,1,0,0,1,1,0
c6b4b5b7-2c0a-4caa-8a7c-366cc49bb3db,20260814,ecs-strict,adverse-ecs-omit,1,0,0,1,1,0
3d0cebd8-a959-4c3a-ad84-6f4b648f73f8,20260814,ecs-strict,adverse-ecs-omit,1,0,0,1,1,0
ddc21cd8-7008-4bb5-9bda-a5e4318cec12,20260814,ecs-strict,adverse-ecs-omit,1,0,0,1,1,0
75fd2b1c-63c3-43b6-a9e3-d845e433b39d,20260814,ecs-strict,adverse-ecs-omit,1,0,0,1,1,0
975d6036-ea09-41d5-a269-19ce708ecd28,20260814,ecs-strict,adverse-ecs-omit,1,0,0,1,1,0
84dfe6db-c1df-4ae0-8401-aca8fdb5bbba,20260814,ecs-strict,adverse-ecs-omit,1,0,0,1,1,0
a25d9059-0a53-4be0-9ca2-31f031ea147d,20260814,ecs-strict,adverse-ecs-omit,1,0,0,1,1,0
9861545c-fff0-4e20-bcd1-8e953392cd78,20260814,ecs-strict,adverse-ecs-omit,1,0,0,1,1,0
e99ee76f-25bf-4029-b128-4d3e4a8b1108,20260814,ecs-strict,adverse-ecs-omit,1,0,0,1,1,0
341c6020-af9b-4c82-9443-1be64453549f,20260814,ecs-strict,adverse-ecs-omit,1,0,0,1,1,0
7853a0e4-e964-4ec2-b373-2f36d99b80a0,20260814,ecs-strict,adverse-ecs-omit,1,0,0,1,1,0
2f025a3b-c087-426c-88bd-cebb0725e030,20260814,ecs-strict,adverse-ecs-omit,1,0,0,1,1,0
059633aa-c1b7-45ce-ba5e-514bddd48fbb,20260814,ecs-strict,adverse-ecs-omit,1,0,0,1,1,0
5341fdd0-d081-4d67-b789-62bb1f6020d6,20260814,ecs-strict,adverse-ecs-mismatch,1,0,0,1,1,0
a87b909c-fafe-4796-9f6b-762a371319b6,20260814,ecs-strict,adverse-ecs-mismatch,1,0,0,1,1,0
fdf70f7c-3244-4b74-9fa0-c3f0ef030a04,20260814,ecs-strict,adverse-ecs-mismatch,1,0,0,1,1,0
53ee7206-2083-4dd7-82d0-b70294b5c938,20260814,ecs-strict,adverse-ecs-omit,1,0,0,1,1,0
ce568f03-076b-44ed-a623-475cc20664ef,20260814,ecs-strict,adverse-ecs-mismatch,1,0,0,1,1,0
49cb276a-305b-4c88-ba56-852aad97f528,20260814,ecs-strict,adverse-ecs-mismatch,1,0,0,1,1,0
983871b7-bacb-4edd-8a82-ca86c2e62ed1,20260814,ecs-strict,adverse-ecs-mismatch,1,0,0,1,1,0
fb549787-68ea-4fd4-bbf9-d881cbe68807,20260814,ecs-strict,adverse-ecs-omit,1,0,0,1,1,0
d5f1f15e-2e1e-4956-86ed-832cfb1df9bc,20260814,ecs-strict,adverse-ecs-mismatch,1,0,0,1,1,0
6610aa16-696e-41a6-9de0-71a25acc14b1,20260814,ecs-strict,adverse-ecs-mismatch,1,0,0,1,1,0
fde4ef96-6b08-4895-9b30-78463f7cc6ad,20260814,ecs-strict,adverse-ecs-omit,1,0,0,1,1,0
3e91e4d5-d0e6-4259-8fe8-c677ffb149b8,20260814,ecs-strict,adverse-ecs-mismatch,1,0,0,1,1,0
c0e52b11-eae4-4e17-a9ee-7f2bf434484f,20260814,ecs-strict,adverse-ecs-omit,1,0,0,1,1,0
a24657bf-61db-48c8-a058-507a7b099183,20260814,ecs-strict,adverse-ecs-mismatch,1,0,0,1,1,0
a8027f91-7b93-40b4-8839-503ab60694d9,20260814,ecs-strict,adverse-ecs-mismatch,1,0,0,1,1,0
e280631b-af48-4da8-beb6-f30445b5869b,20260814,ecs-strict,adverse-ecs-mismatch,1,0,0,1,1,0
7597618d-58e8-4b0d-a8b8-d05dfa965ad8,20260814,ecs-strict,adverse-ecs-mismatch,1,0,0,1,1,0
9b7f2332-d734-43e3-a870-0a1adc6a2550,20260814,ecs-strict,adverse-ecs-mismatch,1,0,0,1,1,0
e37b3140-8167-46e2-8ea9-e7baf8302225,20260814,ecs-strict,adverse-ecs-mismatch,1,0,0,1,1,0
21a98643-52c1-4db4-b6b8-9f64750d6817,20260814,ecs-strict,adverse-ecs-omit,1,0,0,1,1,0
9b7e550b-63b6-4364-8364-857d4527d6db,20260814,ecs-strict,adverse-ecs-mismatch,1,0,0,1,1,0
2710cd97-53de-42ed-aa8d-65601581e0ed,20260814,ecs-strict,adverse-ecs-mismatch,1,0,0,1,1,0
db9c0c1a-238f-456f-87d7-e719ad06e772,20260814,ecs-strict,adverse-ecs-mismatch,1,0,0,1,1,0
2234a4e5-21e5-49f8-818d-b2ac83ae951c,20260814,ecs-strict,adverse-ecs-mismatch,1,0,0,1,1,0
9c8e8331-fc89-41d7-93cb-eae7b1be6393,20260814,ecs-strict,adverse-ecs-mismatch,1,0,0,1,1,0
41ab54f1-690b-4657-9a26-da6e2bc7b11d,20260814,ecs-strict,adverse-ecs-mismatch,1,0,0,1,1,0
c1ebd290-4a88-4c43-94a7-f062bdc28716,20260814,ecs-strict,adverse-ecs-mismatch,1,0,0,1,1,0
e1efa2f6-3ebe-41c6-866b-e62374b3a5c7,20260814,ecs-strict,adverse-ecs-mismatch,1,0,0,1,1,0
1a41973f-427e-4bec-b294-70c826bb7c1c,20260814,ecs-strict,adverse-ecs-omit,1,0,0,1,1,0
0683878e-e99c-4ee8-a7f0-1a2aa858457b,20260814,ecs-strict,adverse-ecs-mismatch,1,0,0,1,1,0
97810229-76c6-4dc9-b520-3294513938cf,20260814,ecs-strict,adverse-ecs-mismatch,1,0,0,1,1,0
4dbc518b-4663-4ce8-877d-d14ebc5f73ce,20260814,ecs-strict,adverse-ecs-omit,1,0,0,1,1,0
15889992-7259-4929-85c0-990e86e988a9,20260814,ecs-strict,adverse-ecs-mismatch,1,0,0,1,1,0
10660fdd-5ac8-4fe9-a250-d6ff311e3855,20260814,ecs-strict,adverse-ecs-mismatch,1,0,0,1,1,0
d236b292-54ae-4b16-8e34-773c05d96f7e,20260814,ecs-strict,adverse-ecs-mismatch,1,0,0,1,1,0
4752d936-c011-48bb-a0e0-b315040e2f4e,20260814,ecs-strict,adverse-ecs-mismatch,1,0,0,1,1,0
3a114a0a-4518-4058-ab94-3cb0794e6bf2,20260814,ecs-strict,adverse-ecs-mismatch,1,0,0,1,1,0
8811aeb1-f010-4fe9-9df4-d951debb252c,20260814,ecs-strict,adverse-ecs-mismatch,1,0,0,1,1,0
ecceb220-d350-4071-af5a-4d3f36e0431c,20260814,ecs-strict,adverse-ecs-mismatch,1,0,0,1,1,0
43154680-8006-48b4-99e7-1fd0404035f7,20260814,ecs-strict,adverse-ecs-mismatch,1,0,0,1,1,0
07c72401-ef06-49dc-9eb3-aecf51b1be4e,20260814,ecs-strict,adverse-ecs-mismatch,1,0,0,1,1,0
5ee498d8-ab4d-4d32-bf34-2f91715d09e7,20260814,ecs-strict,adverse-ecs-mismatch,1,0,0,1,1,0
7ffeaf13-2b21-4d90-a2e9-8cfd9bf1dc2a,20260814,ecs-strict,adverse-ecs-mismatch,1,0,0,1,1,0
d1312dc9-4070-4d95-8174-3667f7479dcc,20260814,ecs-strict,adverse-ecs-mismatch,1,0,0,1,1,0
99af301e-470d-4ac3-bc61-1ef0c604d112,20260814,ecs-strict,adverse-ecs-mismatch,1,0,0,1,1,0
2ecee81c-53c4-488f-a91a-b9aa6bac0a1e,20260814,ecs-strict,adverse-ecs-mismatch,1,0,0,1,1,0
ea2ba9e7-918a-4199-a40d-af3d6419e773,20260814,ecs-strict,adverse-ecs-mismatch,1,0,0,1,1,0
9a452673-1cf4-459a-8e9d-d9c939164e49,20260814,ecs-strict,adverse-ecs-mismatch,1,0,0,1,1,0
82b2639a-3529-4dbe-b326-82c4a676f883,20260814,ecs-strict,adverse-ecs-mismatch,1,0,0,1,1,0
72a2367f-3bbe-444b-800c-b430c67858ec,20260814,ecs-strict,adverse-ecs-mismatch,1,0,0,1,1,0
28a4b767-f002-4206-ac96-3d1be60fa6e0,20260814,ecs-strict,adverse-ecs-mismatch,1,0,0,1,1,0
71f89be9-2405-4309-91c9-5fceebbc5a47,20260814,ecs-strict,adverse-ecs-mismatch,1,0,0,1,1,0
81d91c16-6e37-404a-8106-a2856623213c,20260814,ecs-strict,adverse-ecs-mismatch,1,0,0,1,1,0
8b3353d4-3f11-4426-b8cf-eff4da196d1c,20260814,ecs-strict,adverse-ecs-mismatch,1,0,0,1,1,0
84c9a94e-0db3-40e0-8890-fc650a09662f,20260814,ecs-strict,adverse-ecs-mismatch,1,0,0,1,1,0
fe11bf2a-797f-4305-90cf-3230650a8c9e,20260814,ecs-strict,adverse-ecs-omit,1,0,0,1,1,0
c984702e-669e-4959-aa3b-7a6df0f11240,20260814,ecs-strict,adverse-ecs-mismatch,1,0,0,1,1,0
6febecbb-498e-4ac1-b8fb-36f8f145d25a,20260814,ecs-strict,adverse-ecs-mismatch,1,0,0,1,1,0
81fd985c-df1d-4140-9c53-eb939594c31c,20260814,ecs-strict,adverse-ecs-mismatch,1,0,0,1,1,0
9ccf98e8-705f-4e5e-b246-4a11c0a2bbc9,20260814,ecs-strict,adverse-ecs-mismatch,1,0,0,1,1,0
9743d577-f4e4-4ec1-a752-a7043ffdd9d0,20260814,ecs-strict,adverse-ecs-mismatch,1,0,0,1,1,0
cd778e0d-0ffc-44b2-86ad-a33117faf0e2,20260814,ecs-strict,adverse-ecs-mismatch,1,0,0,1,1,0
76b78d0d-3687-46b4-8656-3490079e4569,20260814,ecs-strict,adverse-ecs-mismatch,1,0,0,1,1,0
802a64c6-c0eb-404e-a42c-e57ff5d74e4a,20260814,ecs-strict,adverse-ecs-mismatch,1,0,0,1,1,0
4b17eef4-98ae-4490-9320-a902258df709,20260814,ecs-strict,adverse-ecs-mismatch,1,0,0,1,1,0
2ec05b34-a8af-4902-8a73-07c64b220b5f,20260814,ecs-strict,adverse-ecs-mismatch,1,0,0,1,1,0
dc7d2422-cc60-4347-9701-a068e8a402e5,20260814,ecs-strict,adverse-ecs-mismatch,1,0,0,1,1,0
d4b7e689-41ca-4d99-92eb-ffcde23ce3fa,20260814,ecs-strict,adverse-ecs-mismatch,1,0,0,1,1,0
3e627e0f-4b87-497b-b3a6-212bd1759c30,20260814,ecs-strict,adverse-ecs-mismatch,1,0,0,1,1,0
17ae9e28-9355-4ea1-9a1b-e26582d5a0f3,20260814,ecs-strict,adverse-ecs-mismatch,1,0,0,1,1,0
e3c24f7f-fdbe-458e-97a4-73ada7e9855f,20260814,ecs-strict,adverse-ecs-mismatch,1,0,0,1,1,0
0f540f20-73cb-4ed3-84b0-50b5f878129c,20260814,ecs-strict,adverse-ecs-mismatch,1,0,0,1,1,0
9c5175fc-e1a3-4ed7-b61a-ce1b92381d36,20260814,ecs-strict,adverse-ecs-mismatch,1,0,0,1,1,0
dabeed8a-0d2c-4d98-bb00-80d073b2e366,20260814,ecs-strict,adverse-ecs-mismatch,1,0,0,1,1,0
a14e05c6-08fa-41df-96d4-1cc5db045a15,20260814,ecs-strict,adverse-ecs-mismatch,1,0,0,1,1,0
5f02cee4-1040-4956-b030-8a9bb6acb3f1,20260814,ecs-strict,adverse-ecs-mismatch,1,0,0,1,1,0
e9fd5800-c5db-4581-8daa-9a0ceccca579,20260814,ecs-strict,benign-burst,0,0,0,1,1,0
5e03d057-dbff-4991-94b6-5675b87c559b,20260814,ecs-strict,adverse-ecs-mismatch,1,0,0,1,1,0
cac9daf9-bcd7-403e-8cfb-a8dfde01bebe,20260814,ecs-strict,adverse-ecs-mismatch,1,0,0,1,1,0
2fef5bb0-efa8-46d0-8288-74aaf3fb3926,20260814,ecs-strict,benign-burst,0,0,0,1,1,0
c85acb7e-64db-4b35-a54c-d618683b355f,20260814,ecs-strict,adverse-ecs-mismatch,1,0,0,1,1,0
deb5c3af-6218-4976-aa01-5656c30e64dc,20260814,ecs-strict,adverse-ecs-mismatch,1,0,0,1,1,0
29b9df17-8b5a-4ad1-87ca-8b48ce248949,20260814,ecs-strict,adverse-ecs-mismatch,1,0,0,1,1,0
07000da0-38cc-435e-a162-805a6c58cd0c,20260814,ecs-strict,adverse-ecs-mismatch,1,0,0,1,1,0
17c5e09d-97d1-4559-b700-eb0445e2ff91,20260814,ecs-strict,adverse-ecs-mismatch,1,0,0,1,1,0
50c1c850-8324-48cf-b8b9-6bbbb76edbd1,20260814,ecs-strict,adverse-ecs-mismatch,1,0,0,1,1,0
a7031dda-71ae-4c73-aa09-3085af4cff42,20260814,ecs-strict,adverse-ecs-mismatch,1,0,0,1,1,0
d5e5491a-f190-4b43-9042-79f7e2427d78,20260814,ecs-strict,adverse-conflict,1,0,0,2,1,1
0523eff3-ddd3-4bc7-8c5a-8cd33172a5de,20260814,ecs-strict,adverse-conflict,1,0,0,2,1,1
9e4ec85f-1eaa-415b-b0b9-b18a3150a51f,20260814,ecs-strict,adverse-conflict,1,0,0,2,1,1
8bfb4f47-f266-4e59-b065-fa1514ed29f7,20260814,ecs-strict,adverse-conflict,1,0,0,2,1,1
90d782c5-55c8-472a-8f95-acc86ea6a9d6,20260814,ecs-strict,adverse-conflict,1,0,0,2,1,1
bfd82169-8fad-4b89-b712-b0654a8f2fc5,20260814,ecs-strict,adverse-conflict,1,0,0,2,1,1
7e3620d3-b678-41f8-bf1e-e65afac4583d,20260814,ecs-strict,adverse-conflict,1,0,0,2,1,1
fcf8016b-8d96-413e-9134-732faabc5ac1,20260814,ecs-strict,adverse-ecs-mismatch,1,0,0,1,1,0
dd8dc6e5-2c30-48f6-bd27-559d0a3a24b3,20260814,ecs-strict,adverse-ecs-mismatch,1,0,0,1,1,0
986ef2b5-990d-4c05-b7f4-4455faa3ba22,20260814,ecs-strict,adverse-ecs-mismatch,1,0,0,1,1,0
305ab96e-db4f-491f-8522-3ae6c37a1727,20260814,ecs-strict,adverse-ecs-mismatch,1,0,0,1,1,0
6e0695cf-bd0c-4afb-9670-761feda155b2,20260814,ecs-strict,adverse-ecs-mismatch,1,0,0,1,1,0
755a6a99-8882-4429-bd5f-f475edd64798,20260814,ecs-strict,adverse-ecs-mismatch,1,0,0,1,1,0
803d26b7-d699-464e-8c92-9edd0471bf4e,20260814,ecs-strict,adverse-ecs-mismatch,1,0,0,1,1,0
c2d15cb6-04fc-46e1-aa27-5af100c40198,20260814,ecs-strict,adverse-conflict,1,0,0,2,1,1
6a749807-bb63-4ed1-8177-9672845eeade,20260814,ecs-strict,adverse-conflict,1,0,0,2,1,1
175d71f5-b605-4724-9540-50d93b4c5233,20260814,ecs-strict,adverse-conflict,1,0,0,2,1,1
8ca884a0-6664-401f-8d8a-e167167a16e1,20260814,ecs-strict,adverse-ecs-mismatch,1,0,0,1,1,0
dcb9713a-f31c-48ca-8024-e7221fb547df,20260814,ecs-strict,adverse-conflict,1,0,0,2,1,1
837dd8ca-08e1-49ac-94a5-d84371fa9df7,20260814,ecs-strict,adverse-conflict,1,0,0,2,1,1
280bdb12-ee88-470f-8bd2-64c23d4861ab,20260814,ecs-strict,adverse-ecs-mismatch,1,0,0,1,1,0
987c207c-812d-4ec0-8192-44e582b5faff,20260814,ecs-strict,adverse-conflict,1,0,0,2,1,1
e0853a24-47bf-4b38-bc08-03afdd491e78,20260814,ecs-strict,adverse-conflict,1,0,0,2,1,1
fd2ce7b0-7382-496f-93e9-e4ad4e39f9c3,20260814,ecs-strict,adverse-conflict,1,0,0,2,1,1
dd189e5c-6ae1-4939-99cb-1b7cf9e83012,20260814,ecs-strict,adverse-conflict,1,0,0,2,1,1
a3aeb0ef-348f-41d8-b73d-dd21668e7858,20260814,ecs-strict,adverse-conflict,1,0,0,2,1,1
a63423e5-121f-4a85-8476-dce6713dd3f0,20260814,ecs-strict,adverse-conflict,1,0,0,2,1,1
0fe833f5-a183-4f3d-b69d-9f87f407ec8f,20260814,ecs-strict,adverse-conflict,1,0,0,2,1,1
890eb2d7-da99-42e2-b415-58d48e7e34d7,20260814,ecs-strict,adverse-conflict,1,0,0,2,1,1
86a40aa3-8e38-420a-9877-20c301bc855e,20260814,ecs-strict,adverse-conflict,1,0,0,2,1,1
a9fcb5a0-c5bd-4c32-a36a-4023549962c0,20260814,ecs-strict,adverse-conflict,1,0,0,2,1,1
4b0e0c82-7368-43f8-bc22-0977535cfdb9,20260814,ecs-strict,adverse-conflict,1,0,0,2,1,1
d5bef6bc-09b9-4bbd-b6d2-fcdf912b319c,20260814,ecs-strict,adverse-conflict,1,0,0,2,1,1
015499f3-cfc5-4ca4-8d37-45d029c6a58b,20260814,ecs-strict,adverse-conflict,1,0,0,2,1,1
a0371d65-eeaf-470a-b758-5b698cf50ff6,20260814,ecs-strict,adverse-conflict,1,0,0,2,1,1
eadb7f3d-5e31-416a-a038-7edf893ac948,20260814,ecs-strict,adverse-conflict,1,0,0,2,1,1
315ac9b0-c59b-4988-89b7-ef0cc22f9314,20260814,ecs-strict,adverse-conflict,1,0,0,2,1,1
bb7bf6fa-c2e1-476f-8dad-c61433f6c50c,20260814,ecs-strict,adverse-conflict,1,0,0,2,1,1
9eb66a6a-c22c-4d3b-8dbf-f3c7b34dc538,20260814,ecs-strict,adverse-conflict,1,0,0,2,1,1
cff5880f-c7ea-4911-ad74-2e8b174fb722,20260814,ecs-strict,adverse-conflict,1,0,0,2,1,1
b02ab82f-2fab-4887-bfb9-73a894dc1ada,20260814,ecs-strict,adverse-conflict,1,0,0,2,1,1
a5485f47-7c6f-44d8-a829-cff947f6cf78,20260814,ecs-strict,adverse-conflict,1,0,0,2,1,1
d078e014-340e-4000-bc6f-3b804ed369d3,20260814,ecs-strict,adverse-ecs-mismatch,1,0,0,1,1,0
d3c41195-10cb-4186-86f6-44525935f9ec,20260814,ecs-strict,adverse-conflict,1,0,0,2,1,1
2771ffff-546d-440a-b715-4bd1e188e44a,20260814,ecs-strict,adverse-conflict,1,0,0,2,1,1
f3202ea0-4c66-4b5c-91ae-1f062fc438b2,20260814,ecs-strict,adverse-conflict,1,0,0,2,1,1
2f06b978-ec32-4ebf-bd41-3b91f2cd317f,20260814,ecs-strict,adverse-conflict,1,0,0,2,1,1
aa825769-e5e2-4d6b-af07-192f7f848280,20260814,ecs-strict,adverse-conflict,1,0,0,2,1,1
94ccfc32-b1ed-4d8e-bd9a-78ccfd781ec9,20260814,ecs-strict,adverse-conflict,1,0,0,2,1,1
0e59feb9-76d9-487b-8fa2-63cba8270e97,20260814,ecs-strict,adverse-conflict,1,0,0,2,1,1
598f888f-8702-40d8-bc18-e1a9204c7ec2,20260814,ecs-strict,adverse-conflict,1,0,0,2,1,1
582e8613-fa9c-4dfb-b1ec-06b23f294351,20260814,ecs-strict,adverse-conflict,1,0,0,2,1,1
c139d31b-2960-48e3-a5aa-8ed9bd19a6f2,20260814,ecs-strict,adverse-conflict,1,0,0,2,1,1
d4b2db7c-1815-4b15-bc84-5c0fcdad9722,20260814,ecs-strict,adverse-conflict,1,0,0,2,1,1
47ba787c-6433-41a8-8684-6e5b782b84be,20260814,ecs-strict,adverse-conflict,1,0,0,2,1,1
6cc43da1-f42f-4406-9edc-631ac05e72e7,20260814,ecs-strict,adverse-conflict,1,0,0,2,1,1
db84b2eb-2637-4ea1-915e-92381af05d44,20260814,ecs-strict,adverse-conflict,1,0,0,2,1,1
43fbcdcc-cdd6-40ae-8f43-4ca5cc2549f9,20260814,ecs-strict,adverse-conflict,1,0,0,2,1,1
15ec0025-a4f8-4a5f-a895-2273bfc1e834,20260814,ecs-strict,adverse-conflict,1,0,0,2,1,1
77fa32cb-c680-46ae-bfa8-7fa8313763f9,20260814,ecs-strict,adverse-conflict,1,0,0,2,1,1
1fd1564f-c4a2-4891-9209-b105c59d0c49,20260814,ecs-strict,adverse-conflict,1,0,0,2,1,1
ee576e93-b7bd-4ea0-8f3b-01544171ea23,20260814,ecs-strict,adverse-conflict,1,0,0,2,1,1
c0f82cac-b6e8-422a-a923-f3d299ed30d5,20260814,ecs-strict,adverse-conflict,1,0,0,2,1,1
eab49eca-62c2-4daa-ad3f-8610326f20ae,20260814,ecs-strict,adverse-conflict,1,0,0,2,1,1
c1b72755-4949-40ca-95b4-382760286505,20260814,ecs-strict,adverse-conflict,1,0,0,2,1,1
72963440-714f-4557-9b69-b307ec4aeec8,20260814,ecs-strict,adverse-conflict,1,0,0,2,1,1
165d552c-13fa-41d1-be53-c5801da39001,20260814,ecs-strict,adverse-conflict,1,0,0,2,1,1
9a0d30d7-acf1-4ae4-8849-f114ee3f03c4,20260814,ecs-strict,adverse-ecs-mismatch,1,0,0,1,1,0
a707d217-0951-4f7f-991b-478cbcae60a4,20260814,ecs-strict,adverse-ecs-mismatch,1,0,0,1,1,0
9c0ff7e2-9515-45d1-82a7-8b1b9b2844d0,20260814,ecs-strict,adverse-conflict,1,0,0,2,1,1
0f509b80-5cfc-49c1-8fd7-e1a88a8738e5,20260814,ecs-strict,adverse-conflict,1,0,0,2,1,1
a71434ac-a563-4370-aae1-399eaa37ae2f,20260814,ecs-strict,adverse-conflict,1,0,0,2,1,1
7fc4d920-f427-4997-afe3-33ad99857f9d,20260814,ecs-strict,adverse-conflict,1,0,0,2,1,1
6ee33796-78cf-4658-8c99-4864908dd3ea,20260814,ecs-strict,adverse-ecs-mismatch,1,0,0,1,1,0
300b3f0d-38d8-4e23-93b9-68ec47506249,20260814,ecs-strict,adverse-conflict,1,0,0,2,1,1
b12bf342-34b6-43c5-ab32-2ba72bae0630,20260814,ecs-strict,adverse-conflict,1,0,0,2,1,1
b3f50aae-3a2f-4455-a2f0-804327867bc6,20260814,ecs-strict,adverse-conflict,1,0,0,2,1,1
6b715b5f-288f-4fcc-b5d0-b7fd149d28a0,20260814,ecs-strict,adverse-conflict,1,0,0,2,1,1
8ac4f14b-59c4-4dd8-bab0-a20f8a4f811e,20260814,ecs-strict,adverse-conflict,1,0,0,2,1,1
bba8ae93-9779-4917-8cd7-6d67505aaff4,20260814,ecs-strict,adverse-conflict,1,0,0,2,1,1
adb24f48-ca6e-4821-8713-4feea19b1a0d,20260814,ecs-strict,adverse-conflict,1,0,0,2,1,1
362d1ebe-9a00-4448-8d2a-84acbf30521e,20260814,ecs-strict,adverse-conflict,1,0,0,2,1,1
7d219bf7-239f-4f7f-bd5b-f75d6861d7a7,20260814,ecs-strict,adverse-conflict,1,0,0,2,1,1
33a93108-3ee4-4ce4-8753-a9d7686019af,20260814,ecs-strict,adverse-conflict,1,0,0,2,1,1
c8d8f6b4-8f95-4adb-9935-8685bb6a7779,20260814,ecs-strict,adverse-conflict,1,0,0,2,1,1
daedc7ad-2b70-4fa6-be78-a726f1e01d48,20260814,ecs-strict,adverse-conflict,1,0,0,2,1,1
9fa43bf4-570f-45d6-af34-97e9d1ce9eff,20260814,ecs-strict,adverse-conflict,1,0,0,2,1,1
bdfdf887-6698-4157-ab2c-169eab576bc9,20260814,ecs-strict,adverse-conflict,1,0,0,2,1,1
31c96007-d464-4545-a580-b6e30a366f2c,20260814,ecs-strict,adverse-conflict,1,0,0,2,1,1
8394751e-b272-4779-a07e-a2933ed4a982,20260814,ecs-strict,adverse-conflict,1,0,0,2,1,1
2e2ba254-7a6e-4da2-83b5-78a54fb2e0ed,20260814,ecs-strict,adverse-conflict,1,0,0,2,1,1
b881f06c-9041-423a-8e47-046bb57581ff,20260814,ecs-strict,adverse-conflict,1,0,0,2,1,1
2f8ff763-2a8e-4043-aae6-7f6e58647bcd,20260814,ecs-strict,adverse-conflict,1,0,0,2,1,1
043b7208-8193-4d44-b981-e140cc48125a,20260814,ecs-strict,adverse-conflict,1,0,0,2,1,1
91047862-6b7d-4e69-a645-10ea1fa50f23,20260814,ecs-strict,adverse-conflict,1,0,0,2,1,1
2ef12ebe-73a4-4132-a8d9-f8f6c665d531,20260814,ecs-strict,adverse-conflict,1,0,0,2,1,1
d7ffd303-c036-45aa-87ff-8fe47b8853d3,20260814,ecs-strict,adverse-conflict,1,0,0,2,1,1
6c3c1217-58e2-456d-9332-af06fca029d5,20260814,ecs-strict,adverse-conflict,1,0,0,2,1,1
fbbecf06-9780-48e0-ad81-4c1e2a12b0ba,20260814,ecs-strict,adverse-ecs-fanout,1,0,0,2,1,1
05d18fa3-006f-4334-85f7-0deb781de641,20260814,ecs-strict,adverse-conflict,1,0,0,2,1,1
e91c2233-fd5b-48b9-a6ac-f36287518b40,20260814,ecs-strict,adverse-conflict,1,0,0,2,1,1
bd3faa67-3c7e-4af1-9d59-87225d4eb8f7,20260814,ecs-strict,adverse-ecs-fanout,1,0,0,2,1,1
aceda815-3f4d-45ec-80e5-26e0c6305594,20260814,ecs-strict,adverse-ecs-fanout,1,0,0,2,1,1
21204ff0-89f2-4640-af7f-91dd733b38f0,20260814,ecs-strict,adverse-conflict,1,0,0,2,1,1
b9f4a411-0d61-482a-b3fb-258a562bb018,20260814,ecs-strict,adverse-ecs-fanout,1,0,0,2,1,1
bc38e256-029b-4357-a2f5-70006b85d331,20260814,ecs-strict,adverse-ecs-fanout,1,0,0,2,1,1
2155b546-183f-4b92-af79-92881e5a2142,20260814,ecs-strict,adverse-ecs-fanout,1,0,0,2,1,1
b95500a2-309a-43fd-9cee-04892b283729,20260814,ecs-strict,adverse-ecs-fanout,1,0,0,2,1,1
d3f04eec-f709-4883-a6d1-c4ae54af28a8,20260814,ecs-strict,adverse-ecs-fanout,1,0,0,2,1,1
0dbc9655-b441-4759-9140-c29ab07829c5,20260814,ecs-strict,adverse-ecs-fanout,1,0,0,2,1,1
78f7d18d-33d3-4412-8dc3-117f666805df,20260814,ecs-strict,adverse-ecs-fanout,1,0,0,2,1,1
5c44d722-12fc-4ce3-8ab3-0592cf54b34a,20260814,ecs-strict,adverse-ecs-fanout,1,0,0,2,1,1
568aebdb-9c4f-4069-a1b8-247a87f0642b,20260814,ecs-strict,adverse-ecs-fanout,1,0,0,2,1,1
e395a38a-dae0-40c5-b5eb-9a086915a074,20260814,ecs-strict,adverse-ecs-fanout,1,0,0,2,1,1
e73e558f-bb20-46a3-8430-e5b15d483ad0,20260814,ecs-strict,adverse-ecs-fanout,1,0,0,2,1,1
00b55b81-d395-4529-9d0a-532890e8d3aa,20260814,ecs-strict,adverse-ecs-fanout,1,0,0,2,1,1
0007dd7e-da17-4f48-943a-d838de19f88b,20260814,ecs-strict,adverse-ecs-fanout,1,0,0,2,1,1
e85f4fd9-6277-4e22-99e0-ead8f07bdc41,20260814,ecs-strict,adverse-ecs-fanout,1,0,0,2,1,1
a4040491-111c-4a50-a3f1-6702e4ae0b8e,20260814,ecs-strict,adverse-ecs-fanout,1,0,0,2,1,1
2f918531-4c77-49de-b31d-63921b2961c8,20260814,ecs-strict,adverse-ecs-fanout,1,0,0,2,1,1
928fe924-8f58-44c5-8b50-ffd27f018895,20260814,ecs-strict,adverse-ecs-fanout,1,0,0,2,1,1
b820ce17-f6ab-4371-a85f-e319ec81523f,20260814,ecs-strict,adverse-ecs-fanout,1,0,0,2,1,1
fb4c24ab-a455-4f30-871d-02c25bb301f8,20260814,ecs-strict,adverse-ecs-fanout,1,0,0,2,1,1
b48cbdc9-8d08-4917-8283-75e13ac0f328,20260814,ecs-strict,adverse-ecs-fanout,1,0,0,2,1,1
8761388b-f038-4d2a-a4e9-e31ccbc4702f,20260814,ecs-strict,adverse-ecs-fanout,1,0,0,2,1,1
105c060c-41ef-4e4f-80e4-929c4b3fec11,20260814,ecs-strict,adverse-ecs-fanout,1,0,0,2,1,1
712ff6dc-53af-448f-8b14-bacc97a5ae4d,20260814,ecs-strict,adverse-ecs-fanout,1,0,0,2,1,1
a636188b-ea46-4d5d-a46c-089f4de7cb9f,20260814,ecs-strict,adverse-ecs-fanout,1,0,0,2,1,1
969df0db-1320-4e67-b3c7-f629fd7b75c9,20260814,ecs-strict,adverse-ecs-fanout,1,0,0,2,1,1
4a20ef02-8d0a-46c5-a618-a0bc5b070449,20260814,ecs-strict,adverse-ecs-fanout,1,0,0,2,1,1
7afafd5f-080f-4bb4-9bf6-5cb000eaa89d,20260814,ecs-strict,adverse-ecs-fanout,1,0,0,2,1,1
05690c9e-3d3e-4f60-a598-f7c2651d76b8,20260814,ecs-strict,adverse-ecs-fanout,1,0,0,2,1,1
8fafb314-3d20-421b-9e5d-36b06ec6d21f,20260814,ecs-strict,adverse-ecs-fanout,1,0,0,2,1,1
2d41fa3e-76ca-47c7-9c76-00257f7e6b7d,20260814,ecs-strict,adverse-ecs-fanout,1,0,0,2,1,1
9aacda3d-e58a-45a2-a6c7-9ce02e31b8e2,20260814,ecs-strict,adverse-ecs-fanout,1,0,0,2,1,1
7f2af5bf-a14c-4146-8af8-365f5ac237bc,20260814,ecs-strict,adverse-ecs-fanout,1,0,0,2,1,1
d6106c7d-faf3-4f3d-bd8a-07bf4af459df,20260814,ecs-strict,adverse-ecs-fanout,1,0,0,2,1,1
0dc37c6a-1537-4162-9e8f-05d53f211d0e,20260814,ecs-strict,adverse-ecs-fanout,1,0,0,2,1,1
beef5465-5751-4cfa-a1b2-db1066fd9237,20260814,ecs-strict,adverse-ecs-fanout,1,0,0,2,1,1
89a8a7a2-6d68-4c94-84fe-870ea7ad18b4,20260814,ecs-strict,adverse-ecs-fanout,1,0,0,2,1,1
858cce56-b171-4b44-b01c-66106f1f56f5,20260814,ecs-strict,adverse-ecs-fanout,1,0,0,2,1,1
08b51e29-7af9-497f-ba56-64741f9a9a72,20260814,ecs-strict,adverse-ecs-fanout,1,0,0,2,1,1
5ba648eb-d8f2-414f-85d5-c1a71b1e1c4e,20260814,ecs-strict,adverse-ecs-fanout,1,0,0,2,1,1
ca9de9e4-f746-4d8d-8ea9-9c1957b4d5d7,20260814,ecs-strict,adverse-ecs-fanout,1,0,0,2,1,1
079df226-55e2-48d9-b981-f5f93ef32716,20260814,ecs-strict,adverse-ecs-fanout,1,0,0,2,1,1
9a714d8d-ef40-4183-8cc7-731b84bb8d25,20260814,ecs-strict,adverse-ecs-fanout,1,0,0,2,1,1
926ae648-221c-441a-b021-d955c17cb18e,20260814,ecs-strict,adverse-ecs-fanout,1,0,0,2,1,1
5b9e1ec1-ee86-4efd-a2f1-f98b766c5568,20260814,ecs-strict,adverse-conflict,1,0,0,2,1,1
3491a393-6763-4b7e-852d-0d00a4f65329,20260814,ecs-strict,adverse-ecs-fanout,1,0,0,2,1,1
5465756e-6796-4f21-9b97-4e2216fc2840,20260814,ecs-strict,adverse-ecs-fanout,1,0,0,2,1,1
7fc51f1a-223d-4e93-9824-16dfc3300a08,20260814,ecs-strict,adverse-conflict,1,0,0,2,1,1
50c1f908-d90f-41cb-9ee2-ae875cd408d0,20260814,ecs-strict,adverse-ecs-fanout,1,0,0,2,1,1
535b899c-b5fb-4da3-b435-cd8987443a1f,20260814,ecs-strict,adverse-ecs-fanout,1,0,0,2,1,1
226eecab-47d0-473b-b4e7-3aa73466ee0f,20260814,ecs-strict,adverse-ecs-fanout,1,0,0,2,1,1
aef45701-4e47-4993-b0b3-6dab2e7f5168,20260814,ecs-strict,adverse-ecs-fanout,1,0,0,2,1,1
2b1036d2-7db2-4a6a-acab-1026586bfba2,20260814,ecs-strict,adverse-ecs-fanout,1,0,0,2,1,1
4695bead-d276-43e6-9cc3-8d7f2f55b3a2,20260814,ecs-strict,adverse-ecs-fanout,1,0,0,2,1,1
5039d0b2-8405-4a39-9565-4cf8ae2e9201,20260814,ecs-strict,adverse-ecs-fanout,1,0,0,2,1,1
32c9096b-051b-46b8-9229-e578691fbdf0,20260814,ecs-strict,adverse-ecs-fanout,1,0,0,2,1,1
2eae6b45-b81c-48d7-b8a0-682032b1a8d0,20260814,ecs-strict,adverse-ecs-fanout,1,0,0,2,1,1
09874881-af1f-4db2-b804-0777ae3b05e1,20260814,ecs-strict,adverse-ecs-fanout,1,0,0,2,1,1
66475b62-5a0a-4b1e-a89f-dca7a10ab53a,20260814,ecs-strict,adverse-ecs-fanout,1,0,0,2,1,1
6ec50bd9-ac30-4306-b3a3-39bd82bdb499,20260814,ecs-strict,adverse-ecs-fanout,1,0,0,2,1,1
0ed54286-f93a-4681-b922-e2b94a8ab400,20260814,ecs-strict,adverse-ecs-fanout,1,0,0,2,1,1
dd3f395a-b86c-4510-a1e2-616644b868f1,20260814,ecs-strict,adverse-ecs-fanout,1,0,0,2,1,1
6472d599-adff-42db-af58-3cb72a824d1c,20260814,ecs-strict,adverse-ecs-fanout,1,0,0,2,1,1
cd61ef9f-8f41-428f-a4c3-18807b9c5b36,20260814,ecs-strict,adverse-ecs-fanout,1,0,0,2,1,1
81c9bcf1-68b7-4af3-bbe3-41728c71e6ce,20260814,ecs-strict,adverse-ecs-fanout,1,0,0,2,1,1
a197eeba-f855-4036-9d01-1d5c27d57d05,20260814,ecs-strict,adverse-ecs-fanout,1,0,0,2,1,1
07e89b81-aa06-42f6-b288-3c9912d223a2,20260814,ecs-strict,adverse-ecs-fanout,1,0,0,2,1,1
1bf85756-2402-45c1-a28b-56342b1facf7,20260814,ecs-strict,adverse-ecs-fanout,1,0,0,2,1,1
9577de09-fc2b-4cd8-8461-7b847698ef0c,20260814,ecs-strict,adverse-ecs-fanout,1,0,0,2,1,1
26ed6856-2fee-464c-9df3-18dba5de80d2,20260814,ecs-strict,adverse-ecs-fanout,1,0,0,2,1,1
cc0236e3-67ab-4348-85fc-cf6d9a0e4343,20260814,ecs-strict,adverse-ecs-fanout,1,0,0,2,1,1
9fd2177b-c5a2-4b6b-a94d-349619f6ce71,20260814,ecs-strict,adverse-ecs-fanout,1,0,0,2,1,1
3f1124bc-a177-4265-af58-a4b07cd52e12,20260814,ecs-strict,adverse-ecs-fanout,1,0,0,2,1,1
42014bb1-3b01-4896-8ee3-6892f420afce,20260814,ecs-strict,adverse-ecs-fanout,1,0,0,2,1,1
90b7e242-dbfe-4338-be4c-b0db92d3ef94,20260814,ecs-strict,adverse-ecs-fanout,1,0,0,2,1,1
8eb34267-9025-49d3-861b-ee553688c0be,20260814,ecs-strict,adverse-ecs-fanout,1,0,0,2,1,1
463461f2-8827-4863-8b67-0efbcdc976e8,20260814,ecs-strict,adverse-ecs-fanout,1,0,0,2,1,1
87e9daa5-3e46-446d-97ef-c361123a9cd0,20260814,ecs-strict,adverse-ecs-fanout,1,0,0,2,1,1
c360ec4b-cfa2-4f22-aacb-f86dd1480c6c,20260814,ecs-strict,adverse-ecs-fanout,1,0,0,2,1,1
d08157c8-5f80-4ccd-b95a-3a04461f9360,20260814,ecs-strict,adverse-ecs-fanout,1,0,0,2,1,1
6fee9dbe-9fbf-4fa9-9299-8cc05727be29,20260814,ecs-strict,adverse-ecs-fanout,1,0,0,2,1,1
f92f4c5f-728e-4d9e-a1b1-c5bac6529d02,20260814,ecs-strict,adverse-ecs-fanout,1,0,0,2,1,1
f00871ef-008a-42fc-b5b1-066c51fbc9c8,20260814,ecs-strict,adverse-ecs-fanout,1,0,0,2,1,1
ef02963c-d320-4c93-aaca-0164b7654e48,20260814,ecs-strict,adverse-ecs-fanout,1,0,0,2,1,1
143cc7e0-151a-418b-b1c1-7b07e6ba9151,20260814,ecs-strict,adverse-ecs-fanout,1,0,0,2,1,1
bd648fdc-760e-46fb-9ab9-f33b5f3bf8f0,20260814,ecs-strict,adverse-ecs-fanout,1,0,0,2,1,1
258de943-dbb1-4ae8-a3b0-aad2e679eef4,20260814,ecs-strict,adverse-ecs-fanout,1,0,0,2,1,1
8ff9b776-e6cc-4277-9c35-2ac4c5fcae0e,20260814,ecs-strict,adverse-ecs-fanout,1,0,0,2,1,1
1de00679-9304-4466-9964-ba021f8f16f1,20260814,ecs-strict,adverse-ecs-fanout,1,0,0,2,1,1
87cbd4ff-2286-4878-801a-41ed644f279b,20260814,ecs-strict,adverse-ecs-fanout,1,0,0,2,1,1
be10639d-ed39-4756-998d-5c0884bf29b5,20260815,aggregate,benign-plain,0,0,0,1,1,0
6b2adae6-2f15-4050-acdc-a0694b896189,20260815,aggregate,benign-plain,0,0,0,1,1,0
ad7057d0-0323-411d-9800-581f241d293a,20260815,aggregate,benign-plain,0,0,0,1,1,0
8264d9fd-1c83-4bd2-839e-16283768e216,20260815,aggregate,benign-plain,0,0,0,1,1,0
cb288b60-7d5f-4d9e-9f8a-e1b54818b266,20260815,aggregate,benign-plain,0,0,0,1,1,0
f83034c7-5b09-46f2-b2cf-3d1df4347fa6,20260815,aggregate,benign-plain,0,0,0,1,1,0
a7a36d49-1ac7-471d-a2aa-2f9495c238db,20260815,aggregate,benign-plain,0,0,0,1,1,0
5771b33b-ea96-47d3-b4c4-e7463f423b8b,20260815,aggregate,benign-plain,0,0,0,1,1,0
bc7c7df9-8f65-4e88-b075-cda80673d35d,20260815,aggregate,benign-plain,0,0,0,1,1,0
b2679843-164b-4eef-8e62-ab579179b3bf,20260815,aggregate,benign-plain,0,0,0,1,1,0
e7415199-017b-4f5d-b621-572ec8c658ad,20260815,aggregate,benign-plain,0,0,0,1,1,0
f8a56218-1c77-465f-9948-c7c47987134b,20260815,aggregate,benign-plain,0,0,0,1,1,0
3aa6aa39-05a2-4b21-8ce7-0c3f77a0bd44,20260815,aggregate,benign-plain,0,0,0,1,1,0
e9dcfd26-5efa-4b32-8512-0808b9bfd8ed,20260815,aggregate,benign-plain,0,0,0,1,1,0
7b334b8f-50bf-4401-b950-a585d9cef37f,20260815,aggregate,benign-plain,0,0,0,1,1,0
21a9e2c5-7ba2-4c47-8b70-75192a724b85,20260815,aggregate,benign-plain,0,0,0,1,1,0
c890e75c-9609-4f7e-9fbf-8eaabaf1779a,20260815,aggregate,benign-plain,0,0,0,1,1,0
e5ef9b22-b784-4d05-afd3-702b4a63c9df,20260815,aggregate,benign-plain,0,0,0,1,1,0
37d3fb67-752e-41d9-95ef-6543502a7468,20260815,aggregate,benign-plain,0,0,0,1,1,0
6d75380c-232f-4f24-8a38-f8a91b24d780,20260815,aggregate,benign-plain,0,0,0,1,1,0
9a325571-bd15-4223-8e63-dce70fcfed09,20260815,aggregate,benign-plain,0,0,0,1,1,0
9106bd01-e8b8-4458-b695-b0a51cbb807f,20260815,aggregate,benign-plain,0,0,0,1,1,0
6938a314-e534-46b1-b104-3896f5c5fff3,20260815,aggregate,benign-plain,0,0,0,1,1,0
73d3c103-e381-4a94-85fc-f5dc655a3cf7,20260815,aggregate,benign-plain,0,0,0,1,1,0
77487319-070b-4ded-907b-022dc6f7f243,20260815,aggregate,benign-plain,0,0,0,1,1,0
efec3512-94ad-437b-8a5f-e046e9e07196,20260815,aggregate,benign-plain,0,0,0,1,1,0
2a87ff48-05e9-47c1-9510-3b9de7a2b2de,20260815,aggregate,benign-plain,0,0,0,1,1,0
70092c0e-c980-4f54-a271-aa2d2e387425,20260815,aggregate,benign-plain,0,0,0,1,1,0
e690e435-0ecc-438f-8491-522fd123f576,20260815,aggregate,benign-plain,0,0,0,1,1,0
e74e970d-cb67-409d-93f8-a355d8ec02f5,20260815,aggregate,benign-plain,0,0,0,1,1,0
7a3ce62c-8134-455e-a372-554acf7da75b,20260815,aggregate,benign-plain,0,0,0,1,1,0
ace80abe-4971-4e4d-a3c5-cd6cf73b0ecd,20260815,aggregate,benign-plain,0,0,0,1,1,0
a5d30512-78c8-40ef-b9ae-35fc8c862c53,20260815,aggregate,benign-plain,0,0,0,1,1,0
21d72103-de39-44bb-aa5e-6aac5eec2129,20260815,aggregate,benign-plain,0,0,0,1,1,0
ae4337f3-befc-47b2-98d2-1a5c22d4e782,20260815,aggregate,benign-plain,0,0,0,1,1,0
2139d7f7-55b2-4fde-aec7-2a3b3c35e487,20260815,aggregate,benign-plain,0,0,0,1,1,0
5f2792cf-e617-44b5-bdb1-ee07a30cb749,20260815,aggregate,benign-plain,0,0,0,1,1,0
53a4dfe3-b6be-4824-8f68-082ccb664f0c,20260815,aggregate,benign-plain,0,0,0,1,1,0
b2d19a9b-6b1e-49ef-9fe6-5cf80b2b3e50,20260815,aggregate,benign-plain,0,0,0,1,1,0
b0b09b38-a450-4979-a239-d0b5e5cfd38b,20260815,aggregate,benign-plain,0,0,0,1,1,0
cb51b09c-2a18-4948-a9a2-9755924bb3d7,20260815,aggregate,benign-plain,0,0,0,1,1,0
688ffc54-a68a-43a6-bb6f-788f18cc7e69,20260815,aggregate,benign-plain,0,0,0,1,1,0
32aca31c-ca75-4535-a4b6-955006cd089d,20260815,aggregate,benign-plain,0,0,0,1,1,0
9edd8edf-62ed-4902-9a8b-781238469b35,20260815,aggregate,benign-plain,0,0,0,1,1,0
3717fbfa-6f43-411d-aedb-b1026bcbae98,20260815,aggregate,benign-plain,0,0,0,1,1,0
db1f6896-455f-48ab-8089-a1f3d22ac7d1,20260815,aggregate,benign-plain,0,0,0,1,1,0
b2eeecd6-292a-42d4-86a0-f7fac165b095,20260815,aggregate,benign-plain,0,0,0,1,1,0
16e3e904-8166-4df2-95d4-aea0a1cf5efa,20260815,aggregate,benign-plain,0,0,0,1,1,0
2970d6d1-b8cd-42d4-9312-a0b9dfc8d32a,20260815,aggregate,benign-plain,0,0,0,1,1,0
a910a7da-200d-4ec3-8f04-a7ebec39104c,20260815,aggregate,benign-plain,0,0,0,1,1,0
3e0cdb0d-4c91-41fc-b9f1-5c2a1e28d18a,20260815,aggregate,benign-plain,0,0,0,1,1,0
ca82e09e-ffd7-4b46-ad16-58fd3149c323,20260815,aggregate,benign-plain,0,0,0,1,1,0
b470dcb6-d036-49b1-81ec-b08bfd48aeff,20260815,aggregate,benign-plain,0,0,0,1,1,0
4e8afb1f-9864-4100-9ae4-e725cab09da7,20260815,aggregate,benign-plain,0,0,0,1,1,0
aa2eac8c-0d4a-4ac1-a3d7-8c035362fb3f,20260815,aggregate,benign-plain,0,0,0,1,1,0
2a5b3151-405d-4604-a80b-4434d47dc9c7,20260815,aggregate,benign-plain,0,0,0,1,1,0
d01ad702-d3d2-4680-88ec-fc6b076d2a88,20260815,aggregate,benign-plain,0,0,0,1,1,0
9c30bb2e-edc9-460d-b783-e63f170645b9,20260815,aggregate,benign-plain,0,0,0,1,1,0
e0e1f7a1-085a-4174-b013-d0adc9086d64,20260815,aggregate,benign-plain,0,0,0,1,1,0
f5a71502-d5ca-47f3-99e9-508c6401a47d,20260815,aggregate,benign-plain,0,0,0,1,1,0
6c43d7bc-febe-4cc3-bef1-5563e1ef40c2,20260815,aggregate,benign-plain,0,0,0,1,1,0
0ce69fcf-2a05-484e-bc40-5a809d9f36a8,20260815,aggregate,benign-plain,0,0,0,1,1,0
49270152-76c3-4bcd-b44c-7e4cc5c51b17,20260815,aggregate,benign-plain,0,0,0,1,1,0
c3d10739-3807-47d1-97f1-8fd9042c077b,20260815,aggregate,benign-plain,0,0,0,1,1,0
793dfe6a-8274-4cb9-bd70-4a9259a0bf54,20260815,aggregate,benign-plain,0,0,0,1,1,0
c4123f4d-525f-43a4-93ec-71de23570f26,20260815,aggregate,benign-plain,0,0,0,1,1,0
9e55b8fc-50c8-4a70-844e-3df6e08c9e23,20260815,aggregate,benign-plain,0,0,0,1,1,0
1aef3f18-47f3-4402-8c85-58c1eadb942d,20260815,aggregate,benign-plain,0,0,0,1,1,0
d37ce5dd-b879-4d11-a524-fd2337d6abcd,20260815,aggregate,benign-plain,0,0,0,1,1,0
d9be959e-c69a-4717-81de-95837c6c2e32,20260815,aggregate,benign-plain,0,0,0,1,1,0
06fe6b7b-63a4-4492-8d58-c136febe73f6,20260815,aggregate,benign-plain,0,0,0,1,1,0
9bc58e65-27cc-473e-a5c9-793b57a927ca,20260815,aggregate,benign-plain,0,0,0,1,1,0
5d0a3fe5-3ba5-4b69-8664-38289289b9bb,20260815,aggregate,benign-plain,0,0,0,1,1,0
98685db2-2458-4214-88e4-0cbc0cd7505b,20260815,aggregate,benign-plain,0,0,0,1,1,0
b8051c0a-1152-49b7-a1db-8e16c601f62b,20260815,aggregate,benign-plain,0,0,0,1,1,0
79154a9c-6c13-46ee-821b-f84daf72e95d,20260815,aggregate,benign-plain,0,0,0,1,1,0
5e045f86-c8d9-4ec7-a140-e18b61795393,20260815,aggregate,benign-plain,0,0,0,1,1,0
02cc4045-4aca-4659-85f8-8ce679d7b023,20260815,aggregate,benign-ecs-stable,0,0,0,1,1,0
34d56956-706f-4fa5-8794-9fa4bb4207e0,20260815,aggregate,benign-ecs-stable,0,0,0,1,1,0
d683d871-79d1-4bb7-973d-7e51974f18de,20260815,aggregate,benign-ecs-stable,0,0,0,1,1,0
6d9dce42-b140-4e22-b955-5b5c5c7bddef,20260815,aggregate,benign-ecs-stable,0,0,0,1,1,0
0659943f-60bd-4018-985f-68872cf4f259,20260815,aggregate,benign-ecs-stable,0,0,0,1,1,0
20db6f57-bee6-42c9-970c-333b8d917723,20260815,aggregate,benign-ecs-stable,0,0,0,1,1,0
0cc485e4-2bfd-49e7-965d-b4851a407847,20260815,aggregate,benign-ecs-stable,0,0,0,1,1,0
d88825c0-e389-4c30-ad97-fa8fbe7bec08,20260815,aggregate,benign-ecs-stable,0,0,0,1,1,0
f086efcc-07b8-43a4-aeda-e0e1180b0a7d,20260815,aggregate,benign-ecs-stable,0,0,0,1,1,0
13cb4d73-e647-411d-ae71-bcc260f12d2c,20260815,aggregate,benign-ecs-stable,0,0,0,1,1,0
4d1f17fb-ba1c-47dc-8e92-33315b455c07,20260815,aggregate,benign-ecs-stable,0,0,0,1,1,0
efed26b0-38ee-441e-9bf4-c9647f90b775,20260815,aggregate,benign-ecs-stable,0,0,0,1,1,0
21073dfb-6513-4166-a1dd-3461580f3c2b,20260815,aggregate,benign-ecs-stable,0,0,0,1,1,0
5cd1cf23-37d6-4693-a5d5-0a5864de2e89,20260815,aggregate,benign-ecs-stable,0,0,0,1,1,0
46e893e9-649e-4f3d-9b5e-b4e1e0c1d529,20260815,aggregate,benign-ecs-stable,0,0,0,1,1,0
b2fcd509-8420-4194-8430-4b313b971188,20260815,aggregate,benign-ecs-stable,0,0,0,1,1,0
681f7837-b1d2-44b6-9a21-8fec41b964c4,20260815,aggregate,benign-ecs-stable,0,0,0,1,1,0
8f1d865c-48b6-4942-89e1-7d80759ee8f8,20260815,aggregate,benign-ecs-stable,0,0,0,1,1,0
b005b101-c172-406b-b3c6-7658bff9f28f,20260815,aggregate,benign-ecs-stable,0,0,0,1,1,0
27b6a189-dc5f-4d64-ac65-580e8803d800,20260815,aggregate,benign-ecs-stable,0,0,0,1,1,0
c3e5259c-98ca-479b-a086-ab8a74488bee,20260815,aggregate,benign-ecs-stable,0,0,0,1,1,0
4198882c-872d-4bc9-81c9-4a7a0a50f414,20260815,aggregate,benign-ecs-stable,0,0,0,1,1,0
312a1da2-f651-43fc-8ca2-aea780a2305e,20260815,aggregate,benign-ecs-stable,0,0,0,1,1,0
bf3491b1-6f9b-4d19-bce9-c56f04334e12,20260815,aggregate,benign-ecs-stable,0,0,0,1,1,0
e5c2e0b9-9fba-4848-865d-0b55a8e8cc72,20260815,aggregate,benign-ecs-stable,0,0,0,1,1,0
6512d113-c96d-4c64-9ee7-cb1b435dc84f,20260815,aggregate,benign-ecs-stable,0,0,0,1,1,0
77f00914-2999-4abe-be23-72149def30e8,20260815,aggregate,benign-ecs-stable,0,0,0,1,1,0
039b7a46-d47d-4d78-9737-dbcccfe1cb2c,20260815,aggregate,benign-ecs-stable,0,0,0,1,1,0
b2640465-ece2-4a1a-8c49-2af1d8c4548d,20260815,aggregate,benign-ecs-stable,0,0,0,1,1,0
40832c5c-06df-46b3-a6fb-5c0733e740bb,20260815,aggregate,benign-ecs-stable,0,0,0,1,1,0
1b866f15-6f4b-4ca6-b1a5-3a56a69f39c4,20260815,aggregate,benign-ecs-stable,0,0,0,1,1,0
bb763a26-88cf-4f1f-a40d-6a5db903c899,20260815,aggregate,benign-ecs-stable,0,0,0,1,1,0
0741bdea-f5de-41c5-bf50-8540288d55a1,20260815,aggregate,benign-ecs-stable,0,0,0,1,1,0
91880558-0bb7-4428-9e5a-5db64cd73e25,20260815,aggregate,benign-ecs-stable,0,0,0,1,1,0
e75cee1d-0559-4d6f-ad56-def907e6b8a2,20260815,aggregate,benign-ecs-stable,0,0,0,1,1,0
9d556bf1-ea3f-4d8a-b914-405762396726,20260815,aggregate,benign-ecs-stable,0,0,0,1,1,0
2383315d-6490-4d4a-8154-ee90e2005e58,20260815,aggregate,benign-ecs-stable,0,0,0,1,1,0
671bb9f8-2bd7-4bfb-ad6d-3b57ebf02e17,20260815,aggregate,benign-ecs-stable,0,0,0,1,1,0
0d804f21-a8e8-41d5-89d0-cb187d13ec48,20260815,aggregate,benign-ecs-stable,0,0,0,1,1,0
42d41a46-629a-472a-b201-168b9d03c639,20260815,aggregate,benign-ecs-stable,0,0,0,1,1,0
cbe3ba2b-64f8-420b-be2a-0b30c6e8da77,20260815,aggregate,benign-ecs-stable,0,0,0,1,1,0
5dac62c8-0bb9-454e-ba37-ad547a452166,20260815,aggregate,benign-ecs-stable,0,0,0,1,1,0
ab6f9b08-f18c-4e8a-9bf7-fc7b99a56170,20260815,aggregate,benign-plain,0,0,0,1,1,0
0cdc3eba-20a6-4a34-9ae5-d65bd229693c,20260815,aggregate,benign-plain,0,0,0,1,1,0
95a9a1d9-0420-485d-a501-590cd4ee38a1,20260815,aggregate,benign-plain,0,0,0,1,1,0
93fd3176-79ba-4b6b-8441-e0fe65520b41,20260815,aggregate,benign-plain,0,0,0,1,1,0
e55cd62c-064e-4011-b3e5-f91bfe9a2b1f,20260815,aggregate,benign-plain,0,0,0,1,1,0
6fb5dfbd-8f47-4637-985f-67c990f5f9f9,20260815,aggregate,benign-plain,0,0,0,1,1,0
dedc21d3-5c3c-4822-b4e9-a88ac1edcc1f,20260815,aggregate,benign-plain,0,0,0,1,1,0
11ae5951-dc64-4c38-91ba-03cfefd58ea0,20260815,aggregate,benign-plain,0,0,0,1,1,0
4909c43d-c2a8-4d79-b417-28db291efe13,20260815,aggregate,benign-ecs-stable,0,0,0,1,1,0
acf1f164-a246-4412-96c5-8336256ae8bb,20260815,aggregate,benign-ecs-stable,0,0,0,1,1,0
926c56fe-6807-4145-8482-f5a8c1bca472,20260815,aggregate,benign-ecs-stable,0,0,0,1,1,0
00aaeb96-4435-4617-8e97-56873de9f567,20260815,aggregate,benign-ecs-stable,0,0,0,1,1,0
68067a92-d8c7-485e-aca9-208e788e0e20,20260815,aggregate,benign-ecs-stable,0,0,0,1,1,0
4983d2c2-b072-481d-b120-1acfe1a159fa,20260815,aggregate,benign-plain,0,0,0,1,1,0
5bc0621d-090b-4637-96fc-d3eb1e8123e8,20260815,aggregate,benign-ecs-stable,0,0,0,1,1,0
88817ed2-7ccb-4ff2-85df-d214f15d5308,20260815,aggregate,benign-plain,0,0,0,1,1,0
86b6d02d-976b-449e-9df4-41daec25400c,20260815,aggregate,benign-ecs-stable,0,0,0,1,1,0
9ad5684f-b0ec-4501-a447-e6bf771e0182,20260815,aggregate,benign-plain,0,0,0,1,1,0
a9888703-47d7-4462-977a-0ddc3fc94933,20260815,aggregate,benign-plain,0,0,0,1,1,0
16d8c032-f341-48e0-aec9-904c82789eb8,20260815,aggregate,benign-plain,0,0,0,1,1,0
fff55b24-48b7-4710-b125-082168f7a6be,20260815,aggregate,benign-ecs-stable,0,0,0,1,1,0
1faa97de-cadd-4a97-8d04-347b8e4a2822,20260815,aggregate,benign-ecs-stable,0,0,0,1,1,0
4388a681-e752-4dbc-a4dc-f24e3c6e67cf,20260815,aggregate,benign-ecs-stable,0,0,0,1,1,0
414b28e6-cad2-4367-abed-ebedf1b60a52,20260815,aggregate,benign-ecs-stable,0,0,0,1,1,0
2b20c488-b550-4d70-ac3a-038023f64252,20260815,aggregate,benign-ecs-stable,0,0,0,1,1,0
0161bf1e-2fad-4f56-837b-42abf19f445c,20260815,aggregate,benign-ecs-stable,0,0,0,1,1,0
ef85ac59-3145-4682-aeb3-51818e49ded3,20260815,aggregate,benign-ecs-stable,0,0,0,1,1,0
bf1d2081-50e7-47cb-8a1d-9fd3a2bf6be5,20260815,aggregate,benign-ecs-stable,0,0,0,1,1,0
5cefc497-a7d0-46ec-aebe-1bb20adb3d1b,20260815,aggregate,benign-ecs-stable,0,0,0,1,1,0
344a99f5-933b-4972-ba0b-b001ff7bb100,20260815,aggregate,benign-ecs-stable,0,0,0,1,1,0
8ec7df77-f70e-4fb3-a60d-13410cbb9ae5,20260815,aggregate,benign-ecs-stable,0,0,0,1,1,0
829671eb-c785-47e4-b44e-3f8fc75ec89c,20260815,aggregate,benign-ecs-stable,0,0,0,1,1,0
b28ce466-90fb-4c7b-9d9e-94e04bf2226c,20260815,aggregate,benign-ecs-stable,0,0,0,1,1,0
bb0ff99b-ae9b-45e9-a77c-38ecf8cabd38,20260815,aggregate,benign-ecs-stable,0,0,0,1,1,0
e7c37a32-1085-4615-89ec-d4598353800e,20260815,aggregate,benign-ecs-stable,0,0,0,1,1,0
288734cf-8913-4f09-9b6b-edce1d01fc72,20260815,aggregate,benign-ecs-stable,0,0,0,1,1,0
52dc7119-f644-43fd-b14d-3d7a3758bce9,20260815,aggregate,benign-ecs-stable,0,0,0,1,1,0
1c7ed849-a7dc-41a0-b93b-9a810cce80fb,20260815,aggregate,benign-ecs-stable,0,0,0,1,1,0
ef4f66fd-d586-4303-ba8c-57427503cdf5,20260815,aggregate,benign-ecs-stable,0,0,0,1,1,0
d1810c4e-857a-4405-a199-4f93728ea303,20260815,aggregate,benign-ecs-stable,0,0,0,1,1,0
448e8369-bd6d-4f00-907a-b69cbe8a8207,20260815,aggregate,benign-ecs-stable,0,0,0,1,1,0
93210fca-d04b-4bee-adb4-b49beaaf656b,20260815,aggregate,benign-ecs-stable,0,0,0,1,1,0
f655350e-3d5e-4057-acf2-aac5a96078f3,20260815,aggregate,benign-ecs-stable,0,0,0,1,1,0
a539fdae-096c-4288-be0a-e5723cc891d9,20260815,aggregate,benign-ecs-stable,0,0,0,1,1,0
992d5dfb-b858-423e-a070-9cc334d4617a,20260815,aggregate,benign-ecs-stable,0,0,0,1,1,0
825a10f4-0e52-4819-a107-5ff4ade370b5,20260815,aggregate,benign-ecs-stable,0,0,0,1,1,0
0d6bddc1-1721-41a4-b889-33a57b1f0f62,20260815,aggregate,benign-ecs-stable,0,0,0,1,1,0
a50db70f-f3c4-409b-99c8-8ce4f7ccb33d,20260815,aggregate,benign-ecs-stable,0,0,0,1,1,0
933f6a61-d43f-4da7-a26e-82621204f6f6,20260815,aggregate,benign-ecs-stable,0,0,0,1,1,0
c64db287-257f-4731-ae6a-6ce12dd3f2f3,20260815,aggregate,benign-ecs-stable,0,0,0,1,1,0
eaadbb8c-a01b-4fc9-921b-808a95f62970,20260815,aggregate,benign-ecs-stable,0,0,0,1,1,0
048fb17d-fccf-422b-94db-3078cd470ae9,20260815,aggregate,benign-ecs-stable,0,0,0,1,1,0
46d4d927-39a1-4d97-8b4c-1fd2599452f5,20260815,aggregate,benign-ecs-stable,0,0,0,1,1,0
8fbf297e-050d-4e4c-ae16-c10f24d7e61e,20260815,aggregate,benign-ecs-stable,0,0,0,1,1,0
4cd6e5bd-8e38-4b1c-ac0a-39087c8ea84e,20260815,aggregate,benign-ecs-geo,0,0,0,1,1,0
e93d72d7-84dc-400b-bec4-7af8ca58cda6,20260815,aggregate,benign-ecs-stable,0,0,0,1,1,0
49fbc51b-cb24-46da-b944-2dd41f4a7721,20260815,aggregate,benign-ecs-stable,0,0,0,1,1,0
a9823f3b-9bd0-409f-ac03-106e63ce899c,20260815,aggregate,benign-ecs-geo,0,0,0,1,1,0
57fcd5ae-c8a5-4f36-abb7-22b7b8335165,20260815,aggregate,benign-ecs-stable,0,0,0,1,1,0
4a9aac32-da01-444d-a20e-baee0f0ec24c,20260815,aggregate,benign-ecs-stable,0,0,0,1,1,0
61fda7ad-9e10-4a95-a79f-4187d1325826,20260815,aggregate,benign-ecs-stable,0,0,0,1,1,0
3dd36d2d-3ba5-406f-a981-0dba9e2afb2f,20260815,aggregate,benign-ecs-geo,0,0,0,1,1,0
875ba0b4-2f32-4896-8669-1eb67c2fb5e8,20260815,aggregate,benign-ecs-geo,0,0,0,1,1,0
e6c34fff-aa40-4a42-bc8c-10177dd46560,20260815,aggregate,benign-ecs-geo,0,0,0,1,1,0
c2ee7c43-27b5-463b-8ff9-90a8e2a57013,20260815,aggregate,benign-ecs-geo,0,0,0,1,1,0
05615848-0888-4cb2-8765-1e27b5b886f5,20260815,aggregate,benign-ecs-geo,0,0,0,1,1,0
5a7e3b70-1cef-4467-a9dc-8414ce850454,20260815,aggregate,benign-ecs-geo,0,0,0,1,1,0
89a972f8-10c5-469f-9025-d2570055f282,20260815,aggregate,benign-ecs-geo,0,0,0,1,1,0
0966501b-8b16-42fa-9607-cb95b12fba41,20260815,aggregate,benign-ecs-geo,0,0,0,1,1,0
8bf1fd81-392c-4db8-b328-e4c4bad0a0db,20260815,aggregate,benign-ecs-geo,0,0,0,1,1,0
ac745f4c-a9ae-4768-8d94-712bf8f68200,20260815,aggregate,benign-ecs-stable,0,0,0,1,1,0
cd8aaec2-f0fc-4e71-a8ce-bec3c231320a,20260815,aggregate,benign-ecs-geo,0,0,0,1,1,0
dc5aa081-d1fc-40b5-901a-3eddfc0675a9,20260815,aggregate,benign-ecs-geo,0,0,0,1,1,0
21988fb0-5d65-4dc3-9fb2-08811ae5ba60,20260815,aggregate,benign-ecs-geo,0,0,0,1,1,0
2569390c-31fe-4dd0-b6cd-3eed1772e851,20260815,aggregate,benign-ecs-geo,0,0,0,1,1,0
dc2399b7-1ab6-4610-9ab9-64c7c045202a,20260815,aggregate,benign-ecs-geo,0,0,0,1,1,0
40c473c0-6cd8-4ce5-b98d-56c85a856cc7,20260815,aggregate,benign-ecs-geo,0,0,0,1,1,0
4ad61026-dcbb-41d0-877d-2007f5e266fb,20260815,aggregate,benign-ecs-geo,0,0,0,1,1,0
fdbb28b1-3e44-4d1c-803c-086444bdbf1e,20260815,aggregate,benign-ecs-geo,0,0,0,1,1,0
7c31f155-19f9-4450-abd4-e86531437d99,20260815,aggregate,benign-ecs-geo,0,0,0,1,1,0
30d16ed5-b112-4e42-b26b-f6c768362251,20260815,aggregate,benign-ecs-geo,0,0,0,1,1,0
a5a8686d-5e15-41b7-8bc9-36d3165cb7de,20260815,aggregate,benign-ecs-geo,0,0,0,1,1,0
ea63aad0-93ba-4900-bcde-d9b7096e872e,20260815,aggregate,benign-ecs-geo,0,0,0,1,1,0
de261124-4faa-4532-a083-cfb1e5746995,20260815,aggregate,benign-ecs-geo,0,0,0,1,1,0
f23a6882-07fd-42f5-accb-9a91771973e7,20260815,aggregate,benign-ecs-geo,0,0,0,1,1,0
54a6ccf4-b123-4a2d-82fb-9db2e6378c03,20260815,aggregate,benign-ecs-geo,0,0,0,1,1,0
39180517-659a-4800-9413-fc1b0bf658eb,20260815,aggregate,benign-ecs-geo,0,0,0,1,1,0
805795da-eb62-4e4e-bbdb-41e42171ebea,20260815,aggregate,benign-ecs-geo,0,0,0,1,1,0
4b787003-b00c-4142-b3ba-d3520b30402d,20260815,aggregate,benign-ecs-geo,0,0,0,1,1,0
95401826-d392-4328-913c-55dd6fe9dbc5,20260815,aggregate,benign-ecs-geo,0,0,0,1,1,0
0b75efa9-ad36-46be-b2a5-e54f77690a4b,20260815,aggregate,benign-ecs-geo,0,0,0,1,1,0
917faa6e-a1f9-4d09-a6d4-8f43475b39e7,20260815,aggregate,benign-ecs-geo,0,0,0,1,1,0
de9a45ef-c0fc-4861-87bf-160cd9c8772f,20260815,aggregate,benign-ecs-geo,0,0,0,1,1,0
c9728ee2-707f-4394-ab26-ebe16da5eee8,20260815,aggregate,benign-ecs-geo,0,0,0,1,1,0
50f3dee2-36a4-4fa7-9a16-2865eb7bfaf7,20260815,aggregate,benign-ecs-geo,0,0,0,1,1,0
f36ea40a-28e3-45c9-a1fa-436cb62679d4,20260815,aggregate,benign-ecs-geo,0,0,0,1,1,0
eb4dcc45-689b-4bf4-994a-0d7853307744,20260815,aggregate,benign-ecs-geo,0,0,0,1,1,0
46e9cd0a-abb1-4259-af69-478eb68a2058,20260815,aggregate,benign-ecs-geo,0,0,0,1,1,0
92440831-8a8b-40a6-90d1-81b1cdb7d4bf,20260815,aggregate,benign-ecs-geo,0,0,0,1,1,0
884dd230-f796-4564-b824-af932fcb6fa4,20260815,aggregate,benign-ecs-geo,0,0,0,1,1,0
7e0efd23-1d63-4d37-a1f6-a650a1878cc4,20260815,aggregate,benign-ecs-geo,0,0,0,1,1,0
183370f5-754b-42cd-af58-e80eac4186d8,20260815,aggregate,benign-ecs-geo,0,0,0,1,1,0
20667658-b19e-4084-ab65-998c7e4b555d,20260815,aggregate,benign-ecs-geo,0,0,0,1,1,0
372eac2a-09ef-465a-ae45-6e23208a27d3,20260815,aggregate,benign-ecs-geo,0,0,0,1,1,0
5d442f78-c111-4f26-a91e-435d5cf37742,20260815,aggregate,benign-ecs-geo,0,0,0,1,1,0
528074fa-fb41-45a5-9232-1c32c1ad40b4,20260815,aggregate,benign-ecs-geo,0,0,0,1,1,0
e829d9f0-f506-4ac5-8c13-d79de1981a9b,20260815,aggregate,benign-ecs-geo,0,0,0,1,1,0
2213f329-4576-4d65-8a16-b2b091489d40,20260815,aggregate,benign-ecs-geo,0,0,0,1,1,0
930cd70f-bea3-4e58-b164-7c15c7fff85e,20260815,aggregate,benign-ecs-geo,0,0,0,1,1,0
276a2a88-d70a-4ca7-ace8-11d51c7763dd,20260815,aggregate,benign-ecs-geo,0,0,0,1,1,0
a81b75e0-5d44-491b-b919-415664867772,20260815,aggregate,benign-ecs-geo,0,0,0,1,1,0
839c14cc-4b87-484a-a782-03f8aee92e30,20260815,aggregate,benign-ecs-geo,0,0,0,1,1,0
fd231ea8-5e2c-4ad3-ac07-909544e20f70,20260815,aggregate,benign-ecs-geo,0,0,0,1,1,0
785e0eba-845d-42b4-87d5-526b96a407d9,20260815,aggregate,benign-ecs-geo,0,0,0,1,1,0
7c452014-d4be-49b0-8dca-0ec00c78cc8e,20260815,aggregate,benign-ecs-geo,0,0,0,1,1,0
82bc0a94-9613-4f5b-819b-fab72cb83d69,20260815,aggregate,benign-ecs-geo,0,0,0,1,1,0
0667ef76-f4bc-4f8d-b133-ebeeb6b4d5e0,20260815,aggregate,benign-ecs-geo,0,0,0,1,1,0
f0877f58-da11-4f73-8bcf-19fc1b98eb0c,20260815,aggregate,benign-ecs-geo,0,0,0,1,1,0
d14d79c7-2647-4011-b7f7-3df97f193ac0,20260815,aggregate,benign-ecs-geo,0,0,0,1,1,0
7165c365-aafc-4f98-8e9a-0c8547531fba,20260815,aggregate,benign-ecs-geo,0,0,0,1,1,0
b78c8d42-4261-4591-8bf3-c7f10e5c5ba0,20260815,aggregate,benign-ecs-geo,0,0,0,1,1,0
77e60e8e-6fa2-48c3-a423-ab0a52d54766,20260815,aggregate,benign-ecs-geo,0,0,0,1,1,0
d3bb6f87-5e56-4639-a98f-29924e0c8532,20260815,aggregate,benign-ecs-geo,0,0,0,1,1,0
e36b3bf7-2925-45fa-8d5e-3fdd3ab52448,20260815,aggregate,benign-ecs-geo,0,0,0,1,1,0
bc633c7a-7ce8-48e2-808c-23f3643a1c7a,20260815,aggregate,benign-ecs-geo,0,0,0,1,1,0
960ee857-6bcf-4b20-9b4a-1c313bbad1e5,20260815,aggregate,benign-ecs-geo,0,0,0,1,1,0
97b3200c-fa6b-4fe4-b1e7-f33f8cc20c78,20260815,aggregate,benign-ecs-geo,0,0,0,1,1,0
a386021e-c688-4552-bb10-b72b2398b747,20260815,aggregate,benign-ecs-geo,0,0,0,1,1,0
d139906a-696c-4d6d-aaea-657d08e48955,20260815,aggregate,benign-ecs-geo,0,0,0,1,1,0
598836f0-39ac-4cd0-bb49-9b22235f5a02,20260815,aggregate,benign-ecs-geo,0,0,0,1,1,0
1ee312c3-6ccc-4f7f-8bf2-177b1f1190df,20260815,aggregate,benign-ecs-geo,0,0,0,1,1,0
5e0d30d8-b479-4f42-b814-7fa7c137b3be,20260815,aggregate,benign-ecs-geo,0,0,0,1,1,0
32785760-a13e-4f1c-8e37-67323f51f653,20260815,aggregate,benign-ecs-geo,0,0,0,1,1,0
7792bfc5-5711-45b7-9781-69727930788d,20260815,aggregate,benign-ecs-geo,0,0,0,1,1,0
8d36d87a-cfd3-4ac5-b0c1-6e70462b82c0,20260815,aggregate,benign-ecs-geo,0,0,0,1,1,0
0ee4981e-dd06-4e57-9f79-7ae55701e10a,20260815,aggregate,benign-ecs-geo,0,0,0,1,1,0
75dee901-530e-48b1-9ad1-b0c0bd6c80b5,20260815,aggregate,benign-ecs-geo,0,0,0,1,1,0
ae66f303-6db4-4f10-b1d2-0635723c0943,20260815,aggregate,benign-ecs-geo,0,0,0,1,1,0
b0ecd7f7-9418-494d-8a81-de00f75da50e,20260815,aggregate,benign-burst,0,0,0,1,1,0
ef7f4caf-dd87-4af7-84d7-9a1ab7a76712,20260815,aggregate,benign-burst,0,0,0,1,1,0
be4885b2-b98d-46ba-969e-e266839f62df,20260815,aggregate,benign-burst,0,0,0,1,1,0
c766f6ba-fa7d-492a-a95f-2c744c9bbfd6,20260815,aggregate,benign-burst,0,0,0,1,1,0
5b866023-5015-49be-b3de-060014001896,20260815,aggregate,benign-burst,0,0,0,1,1,0
3d84805a-65c4-40db-8f3f-ba28d7f8ec33,20260815,aggregate,benign-burst,0,0,0,1,1,0
219332f8-4d56-41f3-acaa-ee26428be778,20260815,aggregate,benign-burst,0,0,0,1,1,0
7ad37111-6e6e-4285-aac5-15061c096f29,20260815,aggregate,benign-burst,0,0,0,1,1,0
ef9c881c-49bf-46ea-a394-9b52c189bb5e,20260815,aggregate,benign-ecs-geo,0,0,0,1,1,0
fab1592d-c86f-4c18-9ca8-933437a02ab2,20260815,aggregate,benign-ecs-stable,0,0,0,1,1,0
632a23d3-48f8-4743-98c3-7a4bfd70e55f,20260815,aggregate,benign-ecs-geo,0,0,0,1,1,0
214a9d0e-4155-47d0-b6fa-10b50bb7a70c,20260815,aggregate,benign-ecs-geo,0,0,0,1,1,0
2b5aeb5c-780d-464c-8051-6ec4f61e09b3,20260815,aggregate,benign-ecs-geo,0,0,0,1,1,0
d957b4e5-001d-430c-b18b-5efe33a9794f,20260815,aggregate,benign-burst,0,0,0,1,1,0
bd7c1c8e-39ac-403b-86c0-28b530271094,20260815,aggregate,benign-burst,0,0,0,1,1,0
46df05d8-3710-4185-9195-dd7c2830331e,20260815,aggregate,benign-ecs-geo,0,0,0,1,1,0
cbde07ad-57ea-426d-a462-ead778ebde93,20260815,aggregate,benign-ecs-geo,0,0,0,1,1,0
760897f0-bd23-4920-889e-5628b8f21361,20260815,aggregate,benign-ecs-geo,0,0,0,1,1,0
a9667c7c-bb6c-4539-a4ce-9045bda19832,20260815,aggregate,benign-ecs-geo,0,0,0,1,1,0
6c55f75a-e06d-4703-bdcf-08e3b671b59e,20260815,aggregate,benign-burst,0,0,0,1,1,0
38cf52fa-aa44-4f80-b245-e2d5df99a021,20260815,aggregate,benign-burst,0,0,0,1,1,0
e9c62894-8b01-49c6-b13d-92014b6fb2e7,20260815,aggregate,benign-burst,0,0,0,1,1,0
d707989e-0f0e-4ff0-8125-2a408fb972d8,20260815,aggregate,benign-burst,0,0,0,1,1,0
29d76983-96b1-41d4-887b-7f2b08cbec0a,20260815,aggregate,benign-burst,0,0,0,1,1,0
0bbd63e3-68b2-4333-8b1c-a87369de3cd2,20260815,aggregate,benign-burst,0,0,0,1,1,0
42e2d3e7-4708-4719-87b7-468a0038803d,20260815,aggregate,benign-burst,0,0,0,1,1,0
1a03523d-a5a1-4549-8754-ce74f689d09b,20260815,aggregate,benign-burst,0,0,0,1,1,0
b24d133f-bc49-4e38-8c49-eda198bb375a,20260815,aggregate,benign-burst,0,0,0,1,1,0
e2002142-4efa-481c-8ada-19a5e69c6b25,20260815,aggregate,benign-ecs-geo,0,0,0,1,1,0
5efedaaa-f732-4648-99c0-6280d9ede005,20260815,aggregate,benign-burst,0,0,0,1,1,0
95fbf0e5-58a6-427f-bb31-aede298ebd51,20260815,aggregate,benign-burst,0,0,0,1,1,0
7668a44b-601a-4598-b9f0-091ddef7a8d9,20260815,aggregate,benign-ecs-geo,0,0,0,1,1,0
b84ea313-3966-4a4b-b0e0-f880131907f5,20260815,aggregate,benign-ecs-geo,0,0,0,1,1,0
9bd6da89-6579-4259-b7bc-994ab00d56af,20260815,aggregate,benign-burst,0,0,0,1,1,0
db19f48f-5fcd-48a7-a3c7-6a87576a383b,20260815,aggregate,benign-burst,0,0,0,1,1,0
d7e0931d-c05b-476c-9c98-ba06bb3c27f0,20260815,aggregate,benign-burst,0,0,0,1,1,0
f84b7599-155a-4c81-800b-bd66cb16309a,20260815,aggregate,benign-burst,0,0,0,1,1,0
98f42116-27c1-40b8-bc25-323e84c126b2,20260815,aggregate,benign-burst,0,0,0,1,1,0
6a732e07-5102-4210-8b4b-4f17d8cefae9,20260815,aggregate,benign-burst,0,0,0,1,1,0
174b190f-9081-41c4-ae40-ccad9365f1bd,20260815,aggregate,benign-burst,0,0,0,1,1,0
4ad87201-b21a-4083-afe7-01a6dba4ad89,20260815,aggregate,benign-burst,0,0,0,1,1,0
ad9055e3-8d64-4fef-9566-3f21505f5b8b,20260815,aggregate,benign-burst,0,0,0,1,1,0
c0dd05ac-b06c-4dff-85bf-93ded31d2c98,20260815,aggregate,benign-ecs-geo,0,0,0,1,1,0
76aa4714-1f05-4c79-8c07-2f8ac1713fa1,20260815,aggregate,benign-burst,0,0,0,1,1,0
e319305f-888e-47e6-b3c7-91b441b29b26,20260815,aggregate,benign-burst,0,0,0,1,1,0
1c059dc1-7d19-4fcb-9344-d2c8561543df,20260815,aggregate,benign-burst,0,0,0,1,1,0
62522dc2-90dd-46df-b981-7c6165cce197,20260815,aggregate,benign-burst,0,0,0,1,1,0
2ff4f43b-93cb-46de-a901-5ca57ef25562,20260815,aggregate,benign-burst,0,0,0,1,1,0
d31ace1b-c05f-491e-b159-ac3a6c806101,20260815,aggregate,benign-burst,0,0,0,1,1,0
0982cf72-2e01-4b49-9346-3d49e14299dc,20260815,aggregate,benign-burst,0,0,0,1,1,0
eb69904c-f996-4b2b-898a-67f76fcf45eb,20260815,aggregate,benign-burst,0,0,0,1,1,0
bda69d17-58d7-4b76-9820-f8f4b6bfbda9,20260815,aggregate,benign-burst,0,0,0,1,1,0
6c497a29-2b89-434d-ab6b-b0c7acf37cd5,20260815,aggregate,benign-burst,0,0,0,1,1,0
3b1deb3f-4de0-46e0-bb48-ea14aaea1df5,20260815,aggregate,benign-burst,0,0,0,1,1,0
a2d775a7-20da-407a-ad1c-895b211dbcfb,20260815,aggregate,benign-burst,0,0,0,1,1,0
39449eac-cd09-472a-8bdd-5aa7f4c93669,20260815,aggregate,benign-burst,0,0,0,1,1,0
6196e071-497b-4bf3-bd1e-c864f74ef8b6,20260815,aggregate,benign-burst,0,0,0,1,1,0
b7ee29b2-452d-4a74-834f-23204b5468e3,20260815,aggregate,benign-burst,0,0,0,1,1,0
f4cc7da9-58d5-47e2-89b6-6ec63be89be7,20260815,aggregate,benign-burst,0,0,0,1,1,0
bf85a78d-b584-4f93-bf86-01cfbcf83d93,20260815,aggregate,benign-burst,0,0,0,1,1,0
6a590443-5653-4582-9c87-3d883362803f,20260815,aggregate,benign-burst,0,0,0,1,1,0
52ee5279-1321-45e2-8a8e-cd0733d7d050,20260815,aggregate,benign-burst,0,0,0,1,1,0
7b059a32-0cb6-4940-ad7c-aee71766b3c1,20260815,aggregate,benign-burst,0,0,0,1,1,0
11a9f1e3-5dae-49da-88fe-07a2783b9eda,20260815,aggregate,benign-burst,0,0,0,1,1,0
4b27df86-0f94-4b38-b36b-dd394fac066f,20260815,aggregate,benign-burst,0,0,0,1,1,0
ac12f031-b960-44dd-b6b5-c5fa0acc0c9a,20260815,aggregate,benign-burst,0,0,0,1,1,0
da4b5bc3-c989-445c-895e-f982d3e30b77,20260815,aggregate,benign-burst,0,0,0,1,1,0
f02e288a-49e2-4c1e-85cd-1746678e70b6,20260815,aggregate,benign-burst,0,0,0,1,1,0
cea9ddeb-3705-4eb3-a69a-fcd01c0b79c2,20260815,aggregate,benign-burst,0,0,0,1,1,0
7a64f0ae-c89a-4dab-bcab-2901185893d1,20260815,aggregate,benign-burst,0,0,0,1,1,0
b1a5d95a-6103-45f2-abe3-c511ded0e4e4,20260815,aggregate,benign-burst,0,0,0,1,1,0
39d5b31d-03d3-426b-a37d-3eccd78e534a,20260815,aggregate,benign-burst,0,0,0,1,1,0
47aab392-183a-45ec-b5b0-843548c643e7,20260815,aggregate,benign-burst,0,0,0,1,1,0
533aee43-6922-48b2-a8ce-05fd29691788,20260815,aggregate,benign-burst,0,0,0,1,1,0
1245b53b-50c7-4ebf-a8bb-c1f4f31099d1,20260815,aggregate,benign-burst,0,0,0,1,1,0
caf5b3a7-45a9-4d0a-8f8a-83757c4fa432,20260815,aggregate,benign-burst,0,0,0,1,1,0
6583e362-95df-4118-8989-909745038831,20260815,aggregate,benign-burst,0,0,0,1,1,0
1724ade0-a0d4-4269-b7a3-90b33d5c2658,20260815,aggregate,benign-burst,0,0,0,1,1,0
a32b3025-5da7-4aae-a7ec-fa2fbc61a932,20260815,aggregate,benign-burst,0,0,0,1,1,0
516467a3-921f-4059-80fa-5953a4dc4aee,20260815,aggregate,benign-burst,0,0,0,1,1,0
dbb06e57-f4c6-4ea4-8521-6812d937af39,20260815,aggregate,benign-burst,0,0,0,1,1,0
fbc9d236-7ba6-4863-abe4-2c373d2a2b6d,20260815,aggregate,benign-burst,0,0,0,1,1,0
20d8cf4e-3783-4fdd-be89-13cca1ec9ac2,20260815,aggregate,benign-burst,0,0,0,1,1,0
cef53b55-e2ff-405c-9fea-a0813fcbbef6,20260815,aggregate,benign-burst,0,0,0,1,1,0
45b6e5c0-9062-4dda-bde5-d5eed6418930,20260815,aggregate,benign-burst,0,0,0,1,1,0
7e75a930-2fe7-4e21-9edf-d1b0afd7fdd5,20260815,aggregate,benign-burst,0,0,0,1,1,0
4f101c4e-5779-407b-bdd6-84ccb4f56c66,20260815,aggregate,benign-burst,0,0,0,1,1,0
12b065d2-297b-46d6-8dd3-f1ad32db380b,20260815,aggregate,benign-burst,0,0,0,1,1,0
8e7d6e3a-9da6-4fb8-9834-fac8157d3943,20260815,aggregate,benign-burst,0,0,0,1,1,0
88983728-525c-4475-8410-f4c4ccefc469,20260815,aggregate,benign-burst,0,0,0,1,1,0
5dcaa4f5-d2a6-46dc-856f-30361957ce75,20260815,aggregate,benign-burst,0,0,0,1,1,0
50523f88-780b-46ad-b238-4696950d35de,20260815,aggregate,benign-burst,0,0,0,1,1,0
63fa8682-d109-420b-8894-b3c6c908e33b,20260815,aggregate,benign-burst,0,0,0,1,1,0
0fbfea05-8658-47fe-8bed-52fbad65f850,20260815,aggregate,benign-burst,0,0,0,1,1,0
5fe7bae9-106c-40ab-b283-5932690b7af3,20260815,aggregate,benign-burst,0,0,0,1,1,0
4f047a8a-b74a-4d02-900c-3d8c783c7955,20260815,aggregate,adverse-ecs-omit,1,0,0,1,1,0
f1164c64-6418-4999-a8f7-5c3104b25125,20260815,aggregate,benign-burst,0,0,0,1,1,0
115bbb11-11cd-4eda-9bc9-05ba207bd19f,20260815,aggregate,benign-burst,0,0,0,1,1,0
b9078931-fe9e-4fa0-94c4-dfd065dac6a3,20260815,aggregate,benign-burst,0,0,0,1,1,0
77f9b338-269b-4001-99cd-27c79d2ecf48,20260815,aggregate,adverse-ecs-omit,1,0,0,1,1,0
39efbeca-cedb-4a18-a0c5-ebde10211cc4,20260815,aggregate,adverse-ecs-omit,1,0,0,1,1,0
4729419b-4bcf-42f1-ad98-952d0bd136c4,20260815,aggregate,adverse-ecs-omit,1,0,0,1,1,0
8dc3ad22-1bc3-4537-b8a7-3557e0ba2cb8,20260815,aggregate,adverse-ecs-omit,1,0,0,1,1,0
69e75be1-fa6d-424d-92a5-b685818d2ef4,20260815,aggregate,adverse-ecs-omit,1,0,0,1,1,0
be63a240-2dad-4926-9da5-822d21044b04,20260815,aggregate,benign-burst,0,0,0,1,1,0
5dfa08d2-2804-4df7-888d-5f0ded99d125,20260815,aggregate,adverse-ecs-omit,1,0,0,1,1,0
3ac38005-4a57-49d0-9dfc-c0f946852c9f,20260815,aggregate,adverse-ecs-omit,1,0,0,1,1,0
aa070854-94db-4cce-8430-b89f29f69c8e,20260815,aggregate,adverse-ecs-omit,1,0,0,1,1,0
f7c88700-37ab-46ee-a9fe-ad7baf5b4d6a,20260815,aggregate,benign-burst,0,0,0,1,1,0
aa715495-3fb8-49c3-9007-ef6ba7f00682,20260815,aggregate,adverse-ecs-omit,1,0,0,1,1,0
74ffd851-a0d3-48a2-ad08-e1f506c2b242,20260815,aggregate,adverse-ecs-omit,1,0,0,1,1,0
d6e8f033-926b-4267-b368-b86f41e400c6,20260815,aggregate,adverse-ecs-omit,1,0,0,1,1,0
4a938147-11b9-41ae-af03-c34da231f013,20260815,aggregate,adverse-ecs-omit,1,0,0,1,1,0
fdb8cf2e-a9a0-491f-b937-ada9a7d5c7d8,20260815,aggregate,adverse-ecs-omit,1,0,0,1,1,0
2ccef366-e6bc-4e88-8d67-8f5d30c84557,20260815,aggregate,adverse-ecs-omit,1,0,0,1,1,0
56b98744-951b-43f3-9bce-abdaa71716a4,20260815,aggregate,adverse-ecs-omit,1,0,0,1,1,0
348bf6f4-d015-472f-9d5e-29613af329cf,20260815,aggregate,benign-burst,0,0,0,1,1,0
9275826e-0ca4-4845-a673-0b15957ae66c,20260815,aggregate,adverse-ecs-omit,1,0,0,1,1,0
f08816b0-fb61-42bc-a263-91687bf3e4b2,20260815,aggregate,benign-burst,0,0,0,1,1,0
32a02cc0-aff1-43cd-8d66-133aa03c8446,20260815,aggregate,adverse-ecs-omit,1,0,0,1,1,0
a1d682b7-0a40-4951-a0bf-a4810606a4b3,20260815,aggregate,adverse-ecs-omit,1,0,0,1,1,0
f59c3f54-d234-4bf3-8c94-d31eb78baf72,20260815,aggregate,adverse-ecs-omit,1,0,0,1,1,0
221b3f2c-c8ac-41a8-82e2-e30d73aa96a1,20260815,aggregate,adverse-ecs-omit,1,0,0,1,1,0
a23d42dd-5ca3-406d-b493-0844e328fdeb,20260815,aggregate,adverse-ecs-omit,1,0,0,1,1,0
db3e7db3-e21e-4ec8-a71e-f1e873fc794e,20260815,aggregate,adverse-ecs-omit,1,0,0,1,1,0
7b153051-a9ed-4548-86f4-9babb3f8ca23,20260815,aggregate,adverse-ecs-omit,1,0,0,1,1,0
0800d6eb-900f-40e1-bd67-5552ecb1ab90,20260815,aggregate,adverse-ecs-omit,1,0,0,1,1,0
501b03ab-c482-47b6-897f-d7c5e96339f8,20260815,aggregate,adverse-ecs-omit,1,0,0,1,1,0
60d1f586-9015-4444-a283-2920ee87da76,20260815,aggregate,adverse-ecs-omit,1,0,0,1,1,0
1922a39e-306a-40f8-b062-1f825dd8df59,20260815,aggregate,adverse-ecs-omit,1,0,0,1,1,0
ba2782d5-ffe1-44f6-b724-a7562c1f9d4e,20260815,aggregate,adverse-ecs-omit,1,0,0,1,1,0
58c9c797-df9c-42ee-9e3d-9d67454d31b0,20260815,aggregate,adverse-ecs-omit,1,0,0,1,1,0
7e0424c1-e5f1-40ce-b8b3-d1fe098a9a0c,20260815,aggregate,adverse-ecs-omit,1,0,0,1,1,0
4bbc488e-c429-401a-8584-080244f16407,20260815,aggregate,adverse-ecs-omit,1,0,0,1,1,0
878e8a8b-882d-47c4-a357-2c356219cee8,20260815,aggregate,adverse-ecs-omit,1,0,0,1,1,0
6188d437-50c3-4ac3-b647-b7fdbcf50093,20260815,aggregate,adverse-ecs-omit,1,0,0,1,1,0
816d13e1-566e-4b29-b112-63579e9f8e62,20260815,aggregate,adverse-ecs-omit,1,0,0,1,1,0
af8e9fb7-8dc0-41ad-bc3f-ff2cdcdf62ae,20260815,aggregate,adverse-ecs-omit,1,0,0,1,1,0
1573acf2-ea84-423f-b64e-92db24d2d844,20260815,aggregate,adverse-ecs-omit,1,0,0,1,1,0
a4b60726-bc0c-4610-a61c-567c6ff6fccb,20260815,aggregate,adverse-ecs-omit,1,0,0,1,1,0
c9e1edbf-c702-4161-a61e-b024b7e4ff44,20260815,aggregate,benign-burst,0,0,0,1,1,0
2fafa245-0830-4e77-b8e1-007a1ce6dc41,20260815,aggregate,adverse-ecs-omit,1,0,0,1,1,0
02c9ee13-fd67-4af9-be7c-f6a2bb508d96,20260815,aggregate,adverse-ecs-omit,1,0,0,1,1,0
fbfefe0a-faa1-491f-8dc2-fc5f7c93b0ba,20260815,aggregate,adverse-ecs-omit,1,0,0,1,1,0
752b738a-e63a-40c2-ad5e-81136499d2d4,20260815,aggregate,adverse-ecs-omit,1,0,0,1,1,0
01fd8054-40b0-4b6a-8002-72374a622e7e,20260815,aggregate,adverse-ecs-omit,1,0,0,1,1,0
e9f6d7b0-132f-4cd1-a48c-e75361b96bab,20260815,aggregate,adverse-ecs-omit,1,0,0,1,1,0
6687602d-cb24-492c-ac96-d9bff5e43b7d,20260815,aggregate,adverse-ecs-omit,1,0,0,1,1,0
4a7136eb-723e-4c5d-9134-1432599917f9,20260815,aggregate,adverse-ecs-omit,1,0,0,1,1,0
28e9948e-80bf-437a-9ae1-4d9ebbe15843,20260815,aggregate,adverse-ecs-omit,1,0,0,1,1,0
620b955c-eba0-456e-ae27-7d76d909645c,20260815,aggregate,adverse-ecs-omit,1,0,0,1,1,0
90263522-76de-4930-b1cc-3acc7ecb3894,20260815,aggregate,adverse-ecs-omit,1,0,0,1,1,0
eae35fce-dd46-444e-a916-51782daddf1d,20260815,aggregate,adverse-ecs-omit,1,0,0,1,1,0
3ba9e0e9-880f-43ce-8208-63a30c50147f,20260815,aggregate,adverse-ecs-omit,1,0,0,1,1,0
97c17fc1-65f9-49a1-8a61-bb9e2bb60b2e,20260815,aggregate,adverse-ecs-omit,1,0,0,1,1,0
7b89f967-06ae-4bb1-a226-1a43cdc0d386,20260815,aggregate,adverse-ecs-omit,1,0,0,1,1,0
833f79aa-1be2-438c-82fd-adf08c1edc9a,20260815,aggregate,adverse-ecs-omit,1,0,0,1,1,0
1cac3521-acdd-4d9a-a79a-cea5691e61be,20260815,aggregate,adverse-ecs-omit,1,0,0,1,1,0
91c88b59-fd16-43a4-9357-e7ece8cd8c54,20260815,aggregate,adverse-ecs-omit,1,0,0,1,1,0
6e30a916-d87e-4d3c-b3cd-a6cc8d2482d8,20260815,aggregate,adverse-ecs-omit,1,0,0,1,1,0
6e957e99-abbb-49c3-9c9b-7ae75f456c7f,20260815,aggregate,adverse-ecs-omit,1,0,0,1,1,0
fa109b34-25e3-496d-ba21-a530796bfa20,20260815,aggregate,adverse-ecs-omit,1,0,0,1,1,0
68c199a5-3252-4730-a386-5baacab03e9e,20260815,aggregate,adverse-ecs-omit,1,0,0,1,1,0
6fdc669b-61b7-4457-8a8f-c8c5677abe24,20260815,aggregate,adverse-ecs-omit,1,0,0,1,1,0
a92f26c8-f2d3-4c64-8fb8-07ee8380f232,20260815,aggregate,adverse-ecs-omit,1,0,0,1,1,0
8a366556-b1bc-41c0-9985-6fec31089f66,20260815,aggregate,adverse-ecs-omit,1,0,0,1,1,0
16518739-176e-4252-9f67-e2b41a775cc2,20260815,aggregate,adverse-ecs-omit,1,0,0,1,1,0
08d17fe0-cc9d-4ca3-94e7-9cf1f595d1e1,20260815,aggregate,adverse-ecs-omit,1,0,0,1,1,0
f0502e16-668c-4794-8088-9b23232aae67,20260815,aggregate,adverse-ecs-omit,1,0,0,1,1,0
1e430a0a-baae-4e86-9294-7de8771f0c9c,20260815,aggregate,adverse-ecs-omit,1,0,0,1,1,0
fa135899-e0bc-4c0e-8ac2-97838fd39be3,20260815,aggregate,adverse-ecs-omit,1,0,0,1,1,0
18a417ac-5015-44ce-ae8f-cee409147877,20260815,aggregate,adverse-ecs-omit,1,0,0,1,1,0
750c2a06-7ba1-432c-8822-68a47ec2ec7c,20260815,aggregate,adverse-ecs-omit,1,0,0,1,1,0
f080ca6f-8c80-47ee-8041-0e6a1971fe6d,20260815,aggregate,adverse-ecs-omit,1,0,0,1,1,0
3175098d-ca7e-492d-9ba9-69a67f43ca21,20260815,aggregate,adverse-ecs-omit,1,0,0,1,1,0
ca4fcccc-43c1-4b08-b038-dd1662cd7b94,20260815,aggregate,adverse-ecs-omit,1,0,0,1,1,0
275fb122-3cb0-4ef0-a54d-c92dfb336258,20260815,aggregate,adverse-ecs-omit,1,0,0,1,1,0
af3f9413-e74a-40da-bb51-bc3f2019681f,20260815,aggregate,adverse-ecs-omit,1,0,0,1,1,0
64504a4d-6b08-44f3-9192-f145ca82f70c,20260815,aggregate,adverse-ecs-omit,1,0,0,1,1,0
0587b068-6b3e-465f-8950-921cfbe1c861,20260815,aggregate,adverse-ecs-omit,1,0,0,1,1,0
f93f47fa-6331-46b6-ac6a-ea18161bb707,20260815,aggregate,adverse-ecs-mismatch,1,0,0,1,1,0
121257ad-22dc-4403-aa24-ab0f06806c76,20260815,aggregate,adverse-ecs-mismatch,1,0,0,1,1,0
ba2e17d8-5805-4172-af48-d8b22485289e,20260815,aggregate,adverse-ecs-mismatch,1,0,0,1,1,0
bb2eb2c9-1c2d-4123-87c2-6a0ee0225961,20260815,aggregate,adverse-ecs-mismatch,1,0,0,1,1,0
1325d49a-1840-4669-80cf-5ebcbd9ca65e,20260815,aggregate,adverse-ecs-mismatch,1,0,0,1,1,0
67cd045b-3a6e-42a1-82a6-be8fe290ef1b,20260815,aggregate,adverse-ecs-mismatch,1,0,0,1,1,0
cc5e9f25-0758-468f-ba3f-4a0f9fea40f4,20260815,aggregate,adverse-ecs-mismatch,1,0,0,1,1,0
80770fbb-81aa-4364-a603-66ba3cb32fa0,20260815,aggregate,adverse-ecs-mismatch,1,0,0,1,1,0
58528a4b-510c-4d28-8b16-5623c892f6d9,20260815,aggregate,adverse-ecs-mismatch,1,0,0,1,1,0
a2565a9c-c40b-42c4-acc9-f46a0fe9f40a,20260815,aggregate,adverse-ecs-mismatch,1,0,0,1,1,0
daabf8c5-88a8-40a8-8ae6-e5835cfc2665,20260815,aggregate,adverse-ecs-mismatch,1,0,0,1,1,0
a5e830e1-1f23-4502-ba34-152ef31618f8,20260815,aggregate,adverse-ecs-mismatch,1,0,0,1,1,0
599abc43-262b-40d7-9006-9b7afe6f45cd,20260815,aggregate,adverse-ecs-mismatch,1,0,0,1,1,0
f38bb0b9-058b-4603-959b-2388a48b9847,20260815,aggregate,adverse-ecs-mismatch,1,0,0,1,1,0
3df0b766-e1b2-4a58-8580-822118b40f52,20260815,aggregate,adverse-ecs-mismatch,1,0,0,1,1,0
3d3cd2e4-c637-42cc-a90b-9d720ddeb702,20260815,aggregate,adverse-ecs-mismatch,1,0,0,1,1,0
98e67863-a1a0-47f8-b121-ea50827b638d,20260815,aggregate,adverse-ecs-mismatch,1,0,0,1,1,0
4d7b59d2-cddc-4a11-891c-ebb99880fd12,20260815,aggregate,adverse-ecs-mismatch,1,0,0,1,1,0
2ef78f82-71d0-4685-8d36-462b71f2fa0f,20260815,aggregate,adverse-ecs-mismatch,1,0,0,1,1,0
390ef810-a925-4477-8291-295f1e407b3c,20260815,aggregate,adverse-ecs-mismatch,1,0,0,1,1,0
c8c68380-9452-475b-be10-44dd9cca2d57,20260815,aggregate,adverse-ecs-mismatch,1,0,0,1,1,0
c4befc87-f098-4d54-9888-3fe62c8e11a7,20260815,aggregate,adverse-ecs-mismatch,1,0,0,1,1,0
c2bce9a2-1d53-4e4c-a38e-8f9ddb5e0f3d,20260815,aggregate,adverse-ecs-mismatch,1,0,0,1,1,0
e513126d-e42d-4732-8230-4d820df8a6ca,20260815,aggregate,adverse-ecs-mismatch,1,0,0,1,1,0
ae5b8876-83e1-441f-a593-fb0002042b32,20260815,aggregate,adverse-ecs-mismatch,1,0,0,1,1,0
347e047c-cfb0-4ec1-9e57-f3c496a6f377,20260815,aggregate,adverse-ecs-mismatch,1,0,0,1,1,0
4ed80afc-8d5d-4f0c-9f6b-5eb95898e8fb,20260815,aggregate,adverse-ecs-mismatch,1,0,0,1,1,0
5c518279-4c34-4cbf-b8c7-b87633abfc3c,20260815,aggregate,adverse-ecs-mismatch,1,0,0,1,1,0
fd6597fe-ee39-47ae-b259-b90bbb7f7794,20260815,aggregate,adverse-ecs-mismatch,1,0,0,1,1,0
046be360-e735-4afb-b696-5947c8702fea,20260815,aggregate,adverse-ecs-mismatch,1,0,0,1,1,0
d423a33b-7537-46ff-8a50-3fed4856fac0,20260815,aggregate,adverse-ecs-mismatch,1,0,0,1,1,0
3ed13730-8d97-48e0-b58a-612c58ce8389,20260815,aggregate,adverse-ecs-mismatch,1,0,0,1,1,0
77d4ef3e-f3fd-422d-89f0-b28734291061,20260815,aggregate,adverse-ecs-mismatch,1,0,0,1,1,0
3404bb1f-ce1a-4d88-8fee-a813a1533249,20260815,aggregate,adverse-ecs-mismatch,1,0,0,1,1,0
7e085d50-f0b1-4142-9234-b791549372bb,20260815,aggregate,adverse-ecs-mismatch,1,0,0,1,1,0
26332342-005e-4b29-9497-56cd416caa77,20260815,aggregate,adverse-ecs-mismatch,1,0,0,1,1,0
6dec1c20-3879-4197-82ee-36e56d0957eb,20260815,aggregate,adverse-ecs-omit,1,0,0,1,1,0
67428d23-d955-4dcc-a74f-b3bd0ca48769,20260815,aggregate,adverse-ecs-mismatch,1,0,0,1,1,0
94a9736a-c58f-404c-8691-c6992179224e,20260815,aggregate,adverse-ecs-omit,1,0,0,1,1,0
f810dc20-84ee-4983-8785-767abcf61994,20260815,aggregate,adverse-ecs-omit,1,0,0,1,1,0
72de7e1c-a6d1-44cd-95cc-5d814a93dd8c,20260815,aggregate,adverse-ecs-omit,1,0,0,1,1,0
c5db9c2b-ddda-48ad-b05e-cb129a8cf857,20260815,aggregate,adverse-ecs-omit,1,0,0,1,1,0
fc45f1d2-45fc-41c7-ba2f-8c10055c551f,20260815,aggregate,adverse-ecs-omit,1,0,0,1,1,0
ee964142-6c1b-43b9-98b0-5b4d44e6600a,20260815,aggregate,adverse-ecs-mismatch,1,0,0,1,1,0
99d941c4-f513-42f7-9195-b7562ebe6437,20260815,aggregate,adverse-ecs-mismatch,1,0,0,1,1,0
fb3928c8-d385-4657-b277-27b9da7d7604,20260815,aggregate,adverse-ecs-mismatch,1,0,0,1,1,0
5dfcc14b-f04c-445c-ac39-16a9eade7fa6,20260815,aggregate,adverse-ecs-mismatch,1,0,0,1,1,0
d1675c1d-b9fb-4d46-95e3-07a90f6fc196,20260815,aggregate,adverse-ecs-mismatch,1,0,0,1,1,0
82c00d0e-cc9f-49fb-90a4-911a891606af,20260815,aggregate,adverse-ecs-omit,1,0,0,1,1,0
7db78a78-1aeb-4289-8ed4-fc0ea6d5070b,20260815,aggregate,adverse-ecs-mismatch,1,0,0,1,1,0
6ed2c16b-be12-4fc3-81bb-2742de1f6fea,20260815,aggregate,adverse-ecs-omit,1,0,0,1,1,0
47b480bc-1679-42b2-8594-5c3ecd916c12,20260815,aggregate,adverse-ecs-mismatch,1,0,0,1,1,0
059eb539-c837-451d-9e6c-b8e3999263cb,20260815,aggregate,adverse-ecs-omit,1,0,0,1,1,0
3da1fa74-b179-449d-92ec-779f3fdffe52,20260815,aggregate,adverse-ecs-mismatch,1,0,0,1,1,0
35865e2a-d597-46d4-883f-d7f957ca07a0,20260815,aggregate,adverse-ecs-omit,1,0,0,1,1,0
7d58f5f6-3401-440f-b8a9-d7dfa01bf2e1,20260815,aggregate,adverse-ecs-mismatch,1,0,0,1,1,0
7b5c898c-6cd1-4160-8ba7-a533c388c6e2,20260815,aggregate,adverse-ecs-mismatch,1,0,0,1,1,0
da213ec6-c1e5-4a87-9ac5-fcb58e45caa8,20260815,aggregate,adverse-ecs-mismatch,1,0,0,1,1,0
36df64f3-7617-4809-af4f-90f73320a69a,20260815,aggregate,adverse-ecs-omit,1,0,0,1,1,0
31cd561e-fa50-4164-91c8-3177d26657f5,20260815,aggregate,adverse-ecs-mismatch,1,0,0,1,1,0
0eb90764-8576-4ff2-8a3c-16399c64051c,20260815,aggregate,adverse-ecs-mismatch,1,0,0,1,1,0
bba6e147-90ae-458a-b57f-57db4784d82a,20260815,aggregate,adverse-ecs-mismatch,1,0,0,1,1,0
c14a82a1-9a84-415f-8c6e-4f4ece2f79d3,20260815,aggregate,adverse-ecs-mismatch,1,0,0,1,1,0
7d6170d8-f5d1-4358-81fe-14bfc2cc8fba,20260815,aggregate,adverse-ecs-mismatch,1,0,0,1,1,0
11e2434c-54fd-4967-bb44-c08b3a9d7f33,20260815,aggregate,adverse-ecs-mismatch,1,0,0,1,1,0
c8ca4c7e-b113-47b5-818b-a6e587c815c0,20260815,aggregate,adverse-ecs-mismatch,1,0,0,1,1,0
acbed942-1aac-4ff9-8d0f-11812598fd98,20260815,aggregate,adverse-ecs-mismatch,1,0,0,1,1,0
a7e430c3-f698-44e6-9b0d-d428d80e0623,20260815,aggregate,adverse-ecs-mismatch,1,0,0,1,1,0
b85c697a-20d1-4446-92b0-4d70287d014a,20260815,aggregate,adverse-ecs-omit,1,0,0,1,1,0
fb8880d7-a618-467c-aa21-91bd654f7a7e,20260815,aggregate,adverse-ecs-mismatch,1,0,0,1,1,0
d9193190-c7ef-4ddf-9929-a704dffabcdd,20260815,aggregate,adverse-ecs-mismatch,1,0,0,1,1,0
23a349fa-f649-46f0-a534-417a90487a52,20260815,aggregate,adverse-ecs-mismatch,1,0,0,1,1,0
bc569d31-6593-4b3b-9317-58190d4a0d1b,20260815,aggregate,adverse-ecs-mismatch,1,0,0,1,1,0
1129fba2-9969-44c4-aa12-5e3dbc0638b1,20260815,aggregate,adverse-ecs-omit,1,0,0,1,1,0
bd9140c9-c15d-4449-82d9-c490e76b8323,20260815,aggregate,adverse-ecs-mismatch,1,0,0,1,1,0
7a15c936-b3a6-4f5f-baa0-a3e0819ed178,20260815,aggregate,adverse-ecs-mismatch,1,0,0,1,1,0
a9d7ebad-a6f5-4ee5-add1-72ce0de66d19,20260815,aggregate,adverse-ecs-mismatch,1,0,0,1,1,0
de6552a3-d550-4fb5-a277-581ab61f3e57,20260815,aggregate,adverse-ecs-mismatch,1,0,0,1,1,0
7c0ebe54-87da-45d3-9fbb-51f162794922,20260815,aggregate,adverse-ecs-mismatch,1,0,0,1,1,0
225314dc-0d7b-4467-a59b-8e43e996c1db,20260815,aggregate,adverse-ecs-mismatch,1,0,0,1,1,0
718f35f7-f949-45b6-a089-10f05e884336,20260815,aggregate,adverse-ecs-mismatch,1,0,0,1,1,0
b3aa75a7-2467-4a63-9901-53718b56fa29,20260815,aggregate,adverse-ecs-mismatch,1,0,0,1,1,0
43aa6259-7073-4d88-bf5a-ed331831d080,20260815,aggregate,adverse-ecs-mismatch,1,0,0,1,1,0
95c8c155-f36c-44ae-9a87-764e8ac9aa52,20260815,aggregate,adverse-ecs-mismatch,1,0,0,1,1,0
4fd864a4-b883-4947-bec7-05a5625c8ca9,20260815,aggregate,adverse-ecs-mismatch,1,0,0,1,1,0
859e094a-ae54-4917-b3b5-a1654a2387e9,20260815,aggregate,adverse-ecs-mismatch,1,0,0,1,1,0
663dc79b-fd6c-4a6c-bb06-ee9fca3c274c,20260815,aggregate,adverse-ecs-mismatch,1,0,0,1,1,0
e3cf890d-46b2-4205-92c2-4c61ae174d95,20260815,aggregate,adverse-ecs-mismatch,1,0,0,1,1,0
9f7ff9d5-2cd2-42fa-8ed1-51a953f546c7,20260815,aggregate,adverse-ecs-mismatch,1,0,0,1,1,0
b6827d35-a40f-476f-a585-d2d7c4289d91,20260815,aggregate,adverse-ecs-mismatch,1,0,0,1,1,0
8a21d44c-fa7b-49fc-a562-96076d495465,20260815,aggregate,adverse-conflict,1,0,0,1,1,0
6110bff3-c890-4b59-adef-4ec3bad46e74,20260815,aggregate,adverse-conflict,1,0,0,2,1,1
29b6a435-ec0a-4eaa-93c3-a6edcdec9875,20260815,aggregate,adverse-conflict,1,0,0,1,1,0
343f965a-d3e7-4286-9245-db17e84b1bb7,20260815,aggregate,adverse-conflict,1,0,0,2,1,1
e617318a-d32c-4566-99e1-afe8f3c64bdb,20260815,aggregate,adverse-conflict,1,0,0,2,1,1
5f87d09c-0b6c-4817-8eab-7d9631b9789e,20260815,aggregate,adverse-conflict,1,0,0,1,1,0
9f34c5e5-8950-4615-b71d-e3de535e2575,20260815,aggregate,adverse-conflict,1,0,0,2,1,1
fbe37ee1-b106-487c-9af2-d544d08f132d,20260815,aggregate,adverse-conflict,1,0,0,2,1,1
bd16c305-7929-45a0-add5-18dfa6d911d3,20260815,aggregate,adverse-ecs-mismatch,1,0,0,1,1,0
c0ad07bc-eb80-453a-b950-b383da197ecb,20260815,aggregate,adverse-ecs-mismatch,1,0,0,1,1,0
2fa18e27-b962-4985-b510-e0b6d3cdb0d1,20260815,aggregate,adverse-ecs-mismatch,1,0,0,1,1,0
dda1b592-81f3-4022-aa00-964ce12bb583,20260815,aggregate,adverse-ecs-mismatch,1,0,0,1,1,0
fd2cb22e-ce58-4218-88eb-fc63d3e8d2fe,20260815,aggregate,adverse-ecs-mismatch,1,0,0,1,1,0
212ea6db-c11d-42bf-bb72-3edb675c57ab,20260815,aggregate,adverse-conflict,1,0,0,2,1,1
c643011e-0596-4365-8282-f58e5709ef73,20260815,aggregate,adverse-conflict,1,0,0,2,1,1
c2babd80-6267-47dc-ab80-4afedd3079cb,20260815,aggregate,adverse-ecs-mismatch,1,0,0,1,1,0
7d3c12f7-dcc9-4600-a2d8-3d6ff66ad522,20260815,aggregate,adverse-ecs-mismatch,1,0,0,1,1,0
2001e493-6d2d-419e-ac90-1c281f2a62f3,20260815,aggregate,adverse-ecs-mismatch,1,0,0,1,1,0
a0251deb-e333-47e2-9fb6-35cbf1ea88c4,20260815,aggregate,adverse-conflict,1,0,0,1,1,0
af042166-014c-4916-9054-7a38665f6159,20260815,aggregate,adverse-conflict,1,0,0,2,1,1
860ce974-9b63-4649-b317-777bc3c7a932,20260815,aggregate,adverse-ecs-mismatch,1,0,0,1,1,0
868deed2-cba8-415f-9bb2-f4d21620a34a,20260815,aggregate,adverse-conflict,1,0,0,2,1,1
511d42dd-c383-46b5-a050-f952934b0a57,20260815,aggregate,adverse-conflict,1,0,0,2,1,1
172df3b9-123b-477b-a595-6e967d91ab50,20260815,aggregate,adverse-conflict,1,0,0,1,1,0
7dc572ba-9283-4c17-a53e-8254d528d995,20260815,aggregate,adverse-conflict,1,0,0,1,1,0
64f02bac-5d9f-4ca1-abae-d5ebfaf9ce6c,20260815,aggregate,adverse-conflict,1,0,0,2,1,1
8cbbfbe9-3fed-474e-9e60-ac892238f773,20260815,aggregate,adverse-ecs-mismatch,1,0,0,1,1,0
163bf070-c02b-403a-84e6-140ce4404340,20260815,aggregate,adverse-conflict,1,0,0,2,1,1
6a3c9fca-b03a-430f-816d-f579d5e46326,20260815,aggregate,adverse-ecs-mismatch,1,0,0,1,1,0
836dd8d1-864d-465f-a59f-8de8a702a547,20260815,aggregate,adverse-conflict,1,0,0,2,1,1
2c2526ee-415e-4a44-80a5-6b106b593b09,20260815,aggregate,adverse-ecs-mismatch,1,0,0,1,1,0
4c4a578e-b566-4906-9003-359cb7abddc4,20260815,aggregate,adverse-conflict,1,0,0,2,1,1
6c953bd4-443f-4ef5-ab57-e25e3f7e2df0,20260815,aggregate,adverse-conflict,1,0,0,1,1,0
d63d5715-a839-4e0b-a28a-fdeee4e2c73d,20260815,aggregate,adverse-conflict,1,0,0,2,1,1
5e723f74-0714-4486-8726-ec3cd15959d9,20260815,aggregate,adverse-conflict,1,0,0,2,1,1
f5003cea-5bfc-4fb3-8235-09fb6308d2be,20260815,aggregate,adverse-conflict,1,0,0,2,1,1
2ed8e669-5cbd-4aa8-bc47-1088c1c5c6aa,20260815,aggregate,adverse-conflict,1,0,0,2,1,1
945a1b84-3c1d-40c7-a199-6bb3dea3acc0,20260815,aggregate,adverse-conflict,1,0,0,2,1,1
2e1f687f-e5e2-4a9b-845a-3105104fcd20,20260815,aggregate,adverse-conflict,1,0,0,2,1,1
7cd89236-8ec0-475d-95e7-cef63069afce,20260815,aggregate,adverse-conflict,1,0,0,2,1,1
f3c81d5a-3a9d-47c4-99f0-cb9b75b51099,20260815,aggregate,adverse-conflict,1,0,0,1,1,0
c3050741-ffe0-45dc-954e-0200b675b5d9,20260815,aggregate,adverse-conflict,1,0,0,2,1,1
60d978a8-abe7-4d5d-a52f-cc6e6d1ad1d2,20260815,aggregate,adverse-conflict,1,0,0,1,1,0
b7848ef7-268d-4972-b1ee-89f0b61e756a,20260815,aggregate,adverse-conflict,1,0,0,2,1,1
3e9608c7-7d67-42ff-b526-8ece23645032,20260815,aggregate,adverse-conflict,1,0,0,2,1,1
2b140d84-c904-453b-b62b-1794337090c7,20260815,aggregate,adverse-conflict,1,0,0,2,1,1
e076c61a-e5b1-408e-975a-05e3b0fe22e9,20260815,aggregate,adverse-conflict,1,0,0,2,1,1
ad3f6de2-d0c9-4d20-b4e2-aabdbb3487bc,20260815,aggregate,adverse-conflict,1,0,0,2,1,1
58581640-a4c0-43a8-89c0-6864aaada8f9,20260815,aggregate,adverse-conflict,1,0,0,2,1,1
8d0ccb6f-e746-4b9a-97d1-5d5a27bc721d,20260815,aggregate,adverse-conflict,1,0,0,2,1,1
e9ffeefc-b70b-4aad-818b-c11bd3794f65,20260815,aggregate,adverse-conflict,1,0,0,1,1,0
1c394594-5abd-4e1b-a8ca-885e01588f20,20260815,aggregate,adverse-conflict,1,0,0,2,1,1
ec445142-7c46-4651-bb56-3628ae9bab99,20260815,aggregate,adverse-conflict,1,0,0,2,1,1
af8f566d-4f1c-43dd-829a-510acdf0ac94,20260815,aggregate,adverse-conflict,1,0,0,2,1,1
a066f9e5-0ce2-4eb9-9b65-b2153bb4c30e,20260815,aggregate,adverse-conflict,1,0,0,2,1,1
abce9b57-5d2b-4177-9af8-a0207ab0e684,20260815,aggregate,adverse-conflict,1,0,0,2,1,1
6881f56a-8221-47e3-8331-2b8c5c561cea,20260815,aggregate,adverse-conflict,1,0,0,2,1,1
c27fb9c9-bd63-468c-874f-25925e4c180f,20260815,aggregate,adverse-conflict,1,0,0,2,1,1
35b4f10c-b744-485c-ae1d-786c70d3e828,20260815,aggregate,adverse-conflict,1,0,0,2,1,1
a78cc1f7-47bc-441b-b3f4-c49d00e88a2e,20260815,aggregate,adverse-conflict,1,0,0,2,1,1
c0d06c0d-33ba-4aad-b7a0-50f22b11ede0,20260815,aggregate,adverse-conflict,1,0,0,2,1,1
a23364b8-4d57-4daf-8d20-29c5c2b7f048,20260815,aggregate,adverse-conflict,1,0,0,2,1,1
cbc2d032-7df8-4631-becb-9491fb112e6d,20260815,aggregate,adverse-conflict,1,0,0,2,1,1
b86c0ac9-2806-47b0-a312-ed0079397522,20260815,aggregate,adverse-conflict,1,0,0,1,1,0
ad83203c-6236-4ab1-bc36-4d61d183f867,20260815,aggregate,adverse-conflict,1,0,0,2,1,1
7149048c-ac23-4013-a176-2c5a37e915c4,20260815,aggregate,adverse-conflict,1,0,0,2,1,1
bed8bf6b-764b-4237-84f7-3ded83088eb4,20260815,aggregate,adverse-conflict,1,0,0,2,1,1
96e9fe40-e080-4c51-a504-2e7b70b94515,20260815,aggregate,adverse-conflict,1,0,0,1,1,0
7f341fd7-1cb2-41fb-8e0d-a55188e3e687,20260815,aggregate,adverse-conflict,1,0,0,2,1,1
797ddce2-5eeb-4da1-add4-569b1e68370f,20260815,aggregate,adverse-conflict,1,0,0,2,1,1
66a16402-a513-4f72-9eb1-70b8e3f1342c,20260815,aggregate,adverse-conflict,1,0,0,2,1,1
bb178054-d2e4-41ee-89f2-e76f90953d29,20260815,aggregate,adverse-conflict,1,0,0,1,1,0
f9e65fd9-1def-44aa-addd-c6ee815d6582,20260815,aggregate,adverse-conflict,1,0,0,2,1,1
87355a3a-ae48-4dfd-ad26-3d40f92ad21c,20260815,aggregate,adverse-conflict,1,0,0,1,1,0
237507f2-9695-42cb-a08a-c6a21b19310a,20260815,aggregate,adverse-conflict,1,0,0,2,1,1
0b64165f-97e8-47e8-a466-92e82127d349,20260815,aggregate,adverse-conflict,1,0,0,1,1,0
ad9dd9a2-58af-444c-ba80-9e29066f6782,20260815,aggregate,adverse-conflict,1,0,0,2,1,1
8938fb79-af6a-4404-bd65-1b3c64080761,20260815,aggregate,adverse-conflict,1,0,0,2,1,1
a8e0df56-96e8-48a0-9ace-bb8129adef30,20260815,aggregate,adverse-conflict,1,0,0,2,1,1
ade4b24e-adee-4be5-982e-37afc7fc16d7,20260815,aggregate,adverse-conflict,1,0,0,2,1,1
c1c1e6db-e7bb-4e5c-ba0a-ffa6bfdd9e90,20260815,aggregate,adverse-conflict,1,0,0,2,1,1
e2b02258-9a16-4c50-81ca-3df036599d46,20260815,aggregate,adverse-conflict,1,0,0,2,1,1
f78bc3ea-1883-4039-899f-3c94f5a537e4,20260815,aggregate,adverse-conflict,1,0,0,2,1,1
74ee18d2-99ec-4dc7-af68-f803173301d1,20260815,aggregate,adverse-conflict,1,0,0,1,1,0
d72d6f25-821a-4ebb-9131-f57569ad67c6,20260815,aggregate,adverse-conflict,1,0,0,2,1,1
943ac6d1-ff3c-41a6-ab14-9df29e023e1c,20260815,aggregate,adverse-conflict,1,0,0,2,1,1
60f3341c-b6c3-4774-a1ff-62fa5bc56d1e,20260815,aggregate,adverse-conflict,1,0,0,2,1,1
fed0b615-8fb8-4059-9ed4-6b4452f3e4b7,20260815,aggregate,adverse-conflict,1,0,0,2,1,1
83827a98-19af-4984-b469-139309a33fcb,20260815,aggregate,adverse-conflict,1,0,0,1,1,0
990e7722-d739-425b-87b3-02ed530e2a87,20260815,aggregate,adverse-conflict,1,0,0,1,1,0
a411becb-4b69-4e48-ba49-f718402dab95,20260815,aggregate,adverse-conflict,1,0,0,2,1,1
f9db20e9-cc60-49dc-a252-6ecda1fccc28,20260815,aggregate,adverse-conflict,1,0,0,2,1,1
38b020f4-1b81-41ab-bc4e-b7c01ba02bed,20260815,aggregate,adverse-conflict,1,0,0,2,1,1
68dbd2af-b64e-401e-adac-e4a26d487346,20260815,aggregate,adverse-conflict,1,0,0,1,1,0
beec671e-e75b-4afc-a3d9-57bd4b3f9f21,20260815,aggregate,adverse-conflict,1,0,0,2,1,1
62a0e184-be6a-4837-b2f7-a50017aed53b,20260815,aggregate,adverse-conflict,1,0,0,1,1,0
468a0a34-75c3-4f0e-ab27-24ae1fadc854,20260815,aggregate,adverse-ecs-fanout,1,0,0,2,1,1
a7932aa3-9bbf-429d-a308-ca8f2c4acb89,20260815,aggregate,adverse-ecs-fanout,1,0,0,1,1,0
41fafefa-b0bd-441c-8436-42368f062ef4,20260815,aggregate,adverse-conflict,1,0,0,2,1,1
1bf31df2-93f4-4fc2-ac70-24f17390a445,20260815,aggregate,adverse-conflict,1,0,0,2,1,1
59ba1bf2-7765-4482-805a-85d53be5b701,20260815,aggregate,adverse-ecs-fanout,1,0,0,1,1,0
99ad894f-785b-4e15-99f7-632ea39ae9f1,20260815,aggregate,adverse-ecs-fanout,1,0,0,2,1,1
869e3c41-76a0-4a69-800d-243354e049bf,20260815,aggregate,adverse-ecs-fanout,1,0,0,2,1,1
6424567b-4de9-4a6a-b2ab-a206aac94a1d,20260815,aggregate,adverse-ecs-fanout,1,0,0,2,1,1
191c7a47-fc1d-4f8e-ada7-12d8b843f9f5,20260815,aggregate,adverse-ecs-fanout,1,0,0,1,1,0
909407cc-333f-4383-bbfb-c4ec3153b5ca,20260815,aggregate,adverse-ecs-fanout,1,0,0,2,1,1
b92f6bfc-2cce-4de0-b63a-ce4e45bdb2c6,20260815,aggregate,adverse-conflict,1,0,0,2,1,1
8dbb8cd6-98e0-4c06-9097-20811b5e8fae,20260815,aggregate,adverse-conflict,1,0,0,2,1,1
6299e0e8-bfc4-4f7b-862b-897ffff01587,20260815,aggregate,adverse-ecs-fanout,1,0,0,2,1,1
3f42d923-2f6f-4efd-b5f9-c3f1f0f97ca4,20260815,aggregate,adverse-ecs-mismatch,1,0,0,1,1,0
0fd2c733-bec0-4975-b2b4-40a45aa06612,20260815,aggregate,adverse-conflict,1,0,0,2,1,1
e483a85c-4712-4467-82cf-da5db8bec94f,20260815,aggregate,adverse-ecs-fanout,1,0,0,2,1,1
9ef333db-4473-4539-b845-db48d9ea2e78,20260815,aggregate,adverse-ecs-fanout,1,0,0,2,1,1
670b6d95-9f2c-4e7e-9e4b-5a7ed6bdfa55,20260815,aggregate,adverse-ecs-fanout,1,0,0,2,1,1
3b81a73b-82e7-432e-8e7c-9d236f5904d0,20260815,aggregate,adverse-ecs-fanout,1,0,0,2,1,1
99b6d0a7-9022-4740-a2ed-f7d9e1af52a1,20260815,aggregate,adverse-ecs-fanout,1,0,0,1,1,0
d9c37c8d-17b3-47ef-8469-23878448319d,20260815,aggregate,adverse-ecs-fanout,1,0,0,2,1,1
75451de0-1c9b-4aa6-b392-29620751b339,20260815,aggregate,adverse-ecs-fanout,1,0,0,2,1,1
2ec0862d-f4e3-4258-818b-d60579819162,20260815,aggregate,adverse-ecs-fanout,1,0,0,2,1,1
24a3827f-2bbe-44a8-bbb0-43411cd85fc5,20260815,aggregate,adverse-ecs-fanout,1,0,0,1,1,0
b9e411ac-e9e3-404b-9de4-32a4d58c806b,20260815,aggregate,adverse-ecs-fanout,1,0,0,2,1,1
f73534c6-9cfc-4efe-8a9c-7c9d6f9618f0,20260815,aggregate,adverse-ecs-fanout,1,0,0,2,1,1
ad6926f5-ec28-4cbf-b9dc-ee8d50a7c917,20260815,aggregate,adverse-conflict,1,0,0,2,1,1
cdfcd18d-f808-49e0-8087-c1e04e990158,20260815,aggregate,adverse-ecs-fanout,1,0,0,2,1,1
e4171eb5-b355-4589-b920-34e60b713273,20260815,aggregate,adverse-ecs-fanout,1,0,0,2,1,1
5a08b8ea-b7e9-48a5-a5b3-5471d67c8df7,20260815,aggregate,adverse-ecs-fanout,1,0,0,1,1,0
a7f6bf40-aa54-4f78-80b1-66a49018c0ee,20260815,aggregate,adverse-ecs-fanout,1,0,0,1,1,0
851273da-ae15-46cf-a6e4-ebb2a9fe82d8,20260815,aggregate,adverse-ecs-fanout,1,0,0,1,1,0
7c6ad2a1-4829-48cd-b2cb-44e546701601,20260815,aggregate,adverse-ecs-fanout,1,0,0,2,1,1
69153844-a2ea-42cb-99fb-45ebdb1cc062,20260815,aggregate,adverse-ecs-fanout,1,0,0,2,1,1
90b11d2f-03f5-4fb5-b059-002993014e05,20260815,aggregate,adverse-ecs-fanout,1,0,0,2,1,1
fe3e6e4c-0dcb-40b6-a68b-9ca02a27feba,20260815,aggregate,adverse-ecs-fanout,1,0,0,2,1,1
7e31bb53-bce2-4b92-9a51-2fa62a0212ef,20260815,aggregate,adverse-ecs-fanout,1,0,0,1,1,0
17ad7dd6-cae6-47e6-b0c2-f1eecc0a3aa8,20260815,aggregate,adverse-ecs-fanout,1,0,0,2,1,1
5ca49c2c-4b9c-4f9c-8036-cf8c71d6e56a,20260815,aggregate,adverse-ecs-fanout,1,0,0,2,1,1
b382d337-14ee-40e2-835e-8ab20119db39,20260815,aggregate,adverse-ecs-fanout,1,0,0,1,1,0
c85db6a1-d703-4169-8f22-1eb213c8f067,20260815,aggregate,adverse-ecs-fanout,1,0,0,2,1,1
ca6acef2-e4ce-4ed2-ad74-ec06467f4113,20260815,aggregate,adverse-ecs-fanout,1,0,0,2,1,1
a7acd87d-2b56-4315-96ba-990cf4af8226,20260815,aggregate,adverse-ecs-fanout,1,0,0,1,1,0
2d347450-5685-4118-92b8-391a5e51f720,20260815,aggregate,adverse-ecs-fanout,1,0,0,1,1,0
16c721cd-3e7b-4535-8be8-63e9a0ca546c,20260815,aggregate,adverse-ecs-fanout,1,0,0,2,1,1
4acd05e5-3f46-4c2a-b824-e6a2830c260d,20260815,aggregate,adverse-ecs-fanout,1,0,0,2,1,1
1e949159-9195-4acd-9d9c-c4368b34d443,20260815,aggregate,adverse-ecs-fanout,1,0,0,1,1,0
94d43c37-adb3-4bd3-95f1-5ea6c6f24f71,20260815,aggregate,adverse-ecs-fanout,1,0,0,2,1,1
105ab36a-87a3-4d64-98df-4490403118af,20260815,aggregate,adverse-ecs-fanout,1,0,0,2,1,1
2825f44d-92c7-4d2d-ad66-506e54dded42,20260815,aggregate,adverse-ecs-fanout,1,0,0,2,1,1
723aaadc-c31d-4f23-b843-82e5910e68ba,20260815,aggregate,adverse-ecs-fanout,1,0,0,1,1,0
2184e1c2-1355-45ee-8e47-50cce1b079d2,20260815,aggregate,adverse-ecs-fanout,1,0,0,2,1,1
77558b28-17a6-455a-8a7b-94cf5017f6b4,20260815,aggregate,adverse-ecs-fanout,1,0,0,2,1,1
ddcaee83-93e2-4495-ad56-e2d5b14062b4,20260815,aggregate,adverse-ecs-fanout,1,0,0,2,1,1
8ad46794-562a-4818-bc44-74d00dcfe3ae,20260815,aggregate,adverse-ecs-fanout,1,0,0,2,1,1
85c028ca-6f8a-4d67-bec4-e339cf101c4a,20260815,aggregate,adverse-ecs-fanout,1,0,0,2,1,1
90c6c568-af97-4cd9-a8a1-70f4e2096d5c,20260815,aggregate,adverse-ecs-fanout,1,0,0,1,1,0
2a780207-9eb6-42f7-90e5-43c632aee33e,20260815,aggregate,adverse-ecs-fanout,1,0,0,1,1,0
7cb9ef1e-7898-47ff-aa98-ed34b8c0688e,20260815,aggregate,adverse-ecs-fanout,1,0,0,1,1,0
ae7d50c9-1ecc-432f-9887-4216631169cf,20260815,aggregate,adverse-ecs-fanout,1,0,0,2,1,1
1f13d573-a98e-4b98-b53d-6faa4084f870,20260815,aggregate,adverse-ecs-fanout,1,0,0,2,1,1
5202619f-57e7-4e3d-a9f3-db74d343f412,20260815,aggregate,adverse-ecs-fanout,1,0,0,2,1,1
8a7ace9d-f864-4499-a3f5-8204dcf2ca94,20260815,aggregate,adverse-ecs-fanout,1,0,0,2,1,1
7ad3a558-0371-4617-b00c-38c2ae2eff70,20260815,aggregate,adverse-ecs-fanout,1,0,0,2,1,1
026a9a6e-b6c3-465b-a4ab-53273d795e08,20260815,aggregate,adverse-ecs-fanout,1,0,0,1,1,0
e18a0db1-8fce-4a0f-b96f-b23b4c4f7b05,20260815,aggregate,adverse-ecs-fanout,1,0,0,2,1,1
5972fd68-1a12-4565-b70e-736ac60dc001,20260815,aggregate,adverse-ecs-fanout,1,0,0,2,1,1
bcd3107b-25e1-41f8-b209-688a5789a5de,20260815,aggregate,adverse-ecs-fanout,1,0,0,2,1,1
af3d821c-8622-41e9-adea-cce46a4eb971,20260815,aggregate,adverse-ecs-fanout,1,0,0,1,1,0
b67de7e1-a61f-487d-b684-e8bdce5e5c11,20260815,aggregate,adverse-ecs-fanout,1,0,0,1,1,0
1c19dc4b-014b-421e-a709-ba772d926ed2,20260815,aggregate,adverse-ecs-fanout,1,0,0,2,1,1
a49ea4d4-053c-4886-8d8d-b7a8282b53d8,20260815,aggregate,adverse-ecs-fanout,1,0,0,2,1,1
8ad56a61-089c-4d91-a5fe-48d24d324ca1,20260815,aggregate,adverse-ecs-fanout,1,0,0,2,1,1
8b65bb7b-bd80-41fa-9629-812b7d5ed707,20260815,aggregate,adverse-ecs-fanout,1,0,0,2,1,1
2428e780-5962-40b9-ae1c-c85727fab00b,20260815,aggregate,adverse-ecs-fanout,1,0,0,2,1,1
e143b022-045c-4e49-9ba0-2ec027382a4b,20260815,aggregate,adverse-ecs-fanout,1,0,0,1,1,0
37b32361-a434-4b5f-8b24-36fb39acc7b2,20260815,aggregate,adverse-ecs-fanout,1,0,0,2,1,1
f281c2a5-13ec-4496-861e-8fa28592d137,20260815,aggregate,adverse-ecs-fanout,1,0,0,2,1,1
4ffc8e59-7690-4997-a468-9257c5eca67b,20260815,aggregate,adverse-ecs-fanout,1,0,0,1,1,0
2182296a-2a42-4447-8160-182ab746d723,20260815,aggregate,adverse-ecs-fanout,1,0,0,1,1,0
e94ac3fd-7dfc-45c5-9d77-b3d9169ae919,20260815,aggregate,adverse-ecs-fanout,1,0,0,2,1,1
1468ef8a-fd0b-4df3-b847-116a38ae09f1,20260815,aggregate,adverse-ecs-fanout,1,0,0,2,1,1
6b5eb990-a0f4-45be-8a86-f79a69dc28c3,20260815,aggregate,adverse-ecs-fanout,1,0,0,2,1,1
4b0a2b66-8410-4e21-b0d9-49d07baf7502,20260815,aggregate,adverse-ecs-fanout,1,0,0,2,1,1
8bd3934f-4e02-47ba-af4a-a22ff828de53,20260815,aggregate,adverse-ecs-fanout,1,0,0,1,1,0
5da284f6-a28d-4faf-95a4-aaa4a460b820,20260815,ecs-keyed,benign-plain,0,0,0,1,1,0
1a121039-2dbb-4a0d-b4b5-b48c294009b6,20260815,aggregate,adverse-ecs-fanout,1,0,0,2,1,1
81fc464e-8f07-4700-99d4-bcd008602c8b,20260815,ecs-keyed,benign-plain,0,0,0,1,1,0
4937f90b-dfa0-4eac-b526-9ffa5ff966ed,20260815,ecs-keyed,benign-plain,0,0,0,1,1,0
39706e61-fd4a-4a91-98ab-7d385dd51dae,20260815,ecs-keyed,benign-plain,0,0,0,1,1,0
dd1ca82c-369a-4ecf-a762-86e60e83ab2b,20260815,ecs-keyed,benign-plain,0,0,0,1,1,0
7c6ffcb9-89fd-48bc-bdf5-f4b380676e01,20260815,aggregate,adverse-ecs-fanout,1,0,0,2,1,1
84552ea0-cf99-4855-8ce6-05b066583357,20260815,ecs-keyed,benign-plain,0,0,0,1,1,0
0aac3b3d-3db0-44f9-9c15-8854dba46d92,20260815,ecs-keyed,benign-plain,0,0,0,1,1,0
ed6fe7b7-9ea3-4915-a886-e272ca128e50,20260815,ecs-keyed,benign-plain,0,0,0,1,1,0
7b2465b5-d14c-4080-9227-7b533fb48b3c,20260815,ecs-keyed,benign-plain,0,0,0,1,1,0
f2cecb45-764a-4a47-bac1-e159c821a488,20260815,ecs-keyed,benign-plain,0,0,0,1,1,0
acc19b46-128b-4a35-9014-b6ca97972f21,20260815,ecs-keyed,benign-plain,0,0,0,1,1,0
2c82f5ef-1af5-4d0c-96c1-cfbb1aad40cf,20260815,ecs-keyed,benign-plain,0,0,0,1,1,0
d2eb5bfa-5759-4549-8063-feb49dd001d5,20260815,aggregate,adverse-ecs-fanout,1,0,0,2,1,1
d7ca4533-59c4-4210-9df8-30559e707279,20260815,ecs-keyed,benign-plain,0,0,0,1,1,0
8ee8e786-a56f-4d65-a6c9-95d775daa7d4,20260815,ecs-keyed,benign-plain,0,0,0,1,1,0
f54a0670-992f-4126-a85a-83e051d878d3,20260815,aggregate,adverse-ecs-fanout,1,0,0,2,1,1
f7185dc5-ddf6-4031-a4b0-23c78028d989,20260815,ecs-keyed,benign-plain,0,0,0,1,1,0
ac50234e-2791-43d8-91f9-217a533d0fae,20260815,ecs-keyed,benign-plain,0,0,0,1,1,0
f4e046d4-ada8-4f43-81a3-0dcf75ede44f,20260815,aggregate,adverse-ecs-fanout,1,0,0,1,1,0
4664d695-adb7-4bd0-99f9-3d4e493aeadb,20260815,ecs-keyed,benign-plain,0,0,0,1,1,0
6b239789-bc63-4a0e-99a7-e7174d4847bf,20260815,ecs-keyed,benign-plain,0,0,0,1,1,0
88f7885e-d21a-4cea-a210-e80746a4e698,20260815,ecs-keyed,benign-plain,0,0,0,1,1,0
2daa84db-8646-4fbc-96ad-61248d6e93aa,20260815,ecs-keyed,benign-plain,0,0,0,1,1,0
952520a6-d33b-4ffb-ad86-4093179f5c04,20260815,aggregate,adverse-ecs-fanout,1,0,0,2,1,1
18081d9a-db0b-46de-8299-bc4a00f110de,20260815,ecs-keyed,benign-plain,0,0,0,1,1,0
a84197fe-9c2e-47e3-a860-5bc944352f70,20260815,ecs-keyed,benign-plain,0,0,0,1,1,0
5790fcfc-0f1e-4d4b-be74-821d48923c0b,20260815,ecs-keyed,benign-plain,0,0,0,1,1,0
d591b6b9-cbe2-431d-aed8-a1573fc09369,20260815,ecs-keyed,benign-plain,0,0,0,1,1,0
b44cff08-399a-42cc-ab79-bca5304c2f07,20260815,aggregate,adverse-ecs-fanout,1,0,0,2,1,1
0fe27373-f924-4839-be56-22d30c61516c,20260815,ecs-keyed,benign-plain,0,0,0,1,1,0
80a8003d-eeef-47f0-8356-f4b083bf509c,20260815,ecs-keyed,benign-plain,0,0,0,1,1,0
e830bc01-2122-4581-adbd-160b2a8b3e3d,20260815,ecs-keyed,benign-plain,0,0,0,1,1,0
a6f3fc9e-c0e8-4ebd-aefa-18573355b030,20260815,ecs-keyed,benign-plain,0,0,0,1,1,0
f57b56c5-d878-4211-a62c-403018bd7ec9,20260815,ecs-keyed,benign-plain,0,0,0,1,1,0
7cc16374-8ea9-4d97-adca-212ca490c6cb,20260815,ecs-keyed,benign-plain,0,0,0,1,1,0
71f2e61a-2204-4aed-9348-db7f9dfbe7ed,20260815,aggregate,adverse-ecs-fanout,1,0,0,2,1,1
518b813f-0321-4c44-93ee-0844f2c765de,20260815,ecs-keyed,benign-plain,0,0,0,1,1,0
a6a32f8c-c24e-4fa7-9813-2d4cfb9f59f7,20260815,ecs-keyed,benign-plain,0,0,0,1,1,0
7a9b26c8-7fc1-4a71-a38e-038e3d4ed4bd,20260815,ecs-keyed,benign-plain,0,0,0,1,1,0
719e39e0-c5f4-46ce-9255-cd19fd155af4,20260815,ecs-keyed,benign-plain,0,0,0,1,1,0
1358ef3c-0c0e-4593-97d9-1c72d5436d22,20260815,aggregate,adverse-ecs-fanout,1,0,0,2,1,1
8e83b13c-8c3d-45e3-8716-38d8ed0ca0cd,20260815,ecs-keyed,benign-plain,0,0,0,1,1,0
30673b30-b85e-47bc-9da7-6a06338afa5a,20260815,ecs-keyed,benign-plain,0,0,0,1,1,0
5b6b2682-98c8-4dc7-89e5-5ea438abe035,20260815,ecs-keyed,benign-plain,0,0,0,1,1,0
0e42fcae-8cc3-44b3-9285-78b8422acaae,20260815,aggregate,adverse-ecs-fanout,1,0,0,2,1,1
76da8583-3415-4ad2-ad45-0592df2b8489,20260815,ecs-keyed,benign-plain,0,0,0,1,1,0
ea87707f-2878-420c-986e-90f45713ea91,20260815,aggregate,adverse-ecs-fanout,1,0,0,2,1,1
caf088e1-818f-43c9-897e-cb82699f8b7a,20260815,ecs-keyed,benign-plain,0,0,0,1,1,0
8e0db5d6-e3e0-40b6-83af-479c3c9675ce,20260815,ecs-keyed,benign-plain,0,0,0,1,1,0
dcde5fc4-e016-441f-a388-8489dd5710c5,20260815,aggregate,adverse-ecs-fanout,1,0,0,2,1,1
dc2e8a68-db18-42f5-9c7f-de078a8a3550,20260815,ecs-keyed,benign-plain,0,0,0,1,1,0
0a3a0e62-d046-4067-b2a5-10f44c7a7b84,20260815,ecs-keyed,benign-plain,0,0,0,1,1,0
aa9c27e6-89c8-4887-985b-6f3547ce0ec5,20260815,ecs-keyed,benign-plain,0,0,0,1,1,0
7eb1d8cb-9052-43bf-beb6-1f1b660086e5,20260815,ecs-keyed,benign-plain,0,0,0,1,1,0
307a250d-d484-41e4-9d98-b75b7859280b,20260815,ecs-keyed,benign-plain,0,0,0,1,1,0
8405b5e6-85d4-4933-88c3-e218b712abe5,20260815,ecs-keyed,benign-plain,0,0,0,1,1,0
77aa4c05-eaac-4743-a848-cc9c03a5603a,20260815,ecs-keyed,benign-plain,0,0,0,1,1,0
fd0c56da-0838-4cd8-bac5-894d986c5b54,20260815,ecs-keyed,benign-plain,0,0,0,1,1,0
9242a4d7-43a2-43b7-b661-40604c512b3f,20260815,ecs-keyed,benign-plain,0,0,0,1,1,0
6e487ace-5960-4645-ac59-fa349dfb8d8a,20260815,ecs-keyed,benign-plain,0,0,0,1,1,0
c2323c4c-374a-4663-b420-ceb91e80d500,20260815,ecs-keyed,benign-plain,0,0,0,1,1,0
adf5a19a-63e8-4cac-918f-ee092db8e0dd,20260815,ecs-keyed,benign-plain,0,0,0,1,1,0
66058586-fc0d-476f-9ac4-3641cc814a6c,20260815,ecs-keyed,benign-plain,0,0,0,1,1,0
e26e5791-151a-44ec-918c-f5c4ebf91a8e,20260815,ecs-keyed,benign-plain,0,0,0,1,1,0
73f6fe89-8985-4679-abb3-d31cafe6ec2b,20260815,ecs-keyed,benign-plain,0,0,0,1,1,0
eb927daa-7722-43a6-987a-7978b91fba4f,20260815,ecs-keyed,benign-plain,0,0,0,1,1,0
d9bc4c97-a177-4cce-b366-e8ee100d6409,20260815,ecs-keyed,benign-plain,0,0,0,1,1,0
9ba3795b-bf6f-46e2-aab8-1f174548e113,20260815,ecs-keyed,benign-plain,0,0,0,1,1,0
60ee1af5-bf97-4275-8fb3-b46d602c0796,20260815,ecs-keyed,benign-plain,0,0,0,1,1,0
5a1d93d4-fd35-497f-9417-410dc92f0013,20260815,ecs-keyed,benign-plain,0,0,0,1,1,0
f889293b-4b8c-40bd-9650-ba1e1e03009a,20260815,ecs-keyed,benign-plain,0,0,0,1,1,0
e63ce108-125c-473c-8f4c-6a64bb73558d,20260815,ecs-keyed,benign-plain,0,0,0,1,1,0
c7977000-775d-407e-a790-196b26d4b46a,20260815,ecs-keyed,benign-plain,0,0,0,1,1,0
434054b4-51fc-4d7e-b9c9-0eee1df8722f,20260815,ecs-keyed,benign-plain,0,0,0,1,1,0
067d382f-9e77-413c-854d-4209156c3efc,20260815,ecs-keyed,benign-plain,0,0,0,1,1,0
02f7f1e5-68a4-4cb2-9099-fe155b30bae3,20260815,ecs-keyed,benign-plain,0,0,0,1,1,0
99c9ad2a-ce08-4acc-a273-8b237ef318a4,20260815,ecs-keyed,benign-plain,0,0,0,1,1,0
62d6d0db-269a-42e2-b09f-0e4fe9d11866,20260815,ecs-keyed,benign-plain,0,0,0,1,1,0
3be9b88d-f0ca-4461-9c9c-fc4a84b8223b,20260815,ecs-keyed,benign-plain,0,0,0,1,1,0
20ab8f0a-0550-431e-9616-647b0c4b33de,20260815,ecs-keyed,benign-plain,0,0,0,1,1,0
6b73fc5d-512b-4dc6-9933-8d61dd7db5e6,20260815,ecs-keyed,benign-plain,0,0,0,1,1,0
896985e8-99a2-4505-b8e2-46e30ac6fc59,20260815,ecs-keyed,benign-plain,0,0,0,1,1,0
96fc0e19-751b-418a-af5c-9aa5fc75cdd9,20260815,ecs-keyed,benign-plain,0,0,0,1,1,0
df300d94-32d9-4f74-9ce6-ffb23237139a,20260815,ecs-keyed,benign-plain,0,0,0,1,1,0
e355a98d-01ce-4de7-bb09-8fd759a99ebc,20260815,ecs-keyed,benign-plain,0,0,0,1,1,0
a7de3300-922c-4ede-b247-cb8b256036d4,20260815,ecs-keyed,benign-plain,0,0,0,1,1,0
ae9549f9-99ea-441d-9dd1-c65d9304697c,20260815,ecs-keyed,benign-plain,0,0,0,1,1,0
85e9f6f2-a8a1-4766-8418-26d3a06efeb5,20260815,ecs-keyed,benign-plain,0,0,0,1,1,0
5afc073d-e54b-4ceb-8c3d-511f44080342,20260815,ecs-keyed,benign-plain,0,0,0,1,1,0
763be03c-9772-4d94-a5d2-24a471ced7f4,20260815,ecs-keyed,benign-plain,0,0,0,1,1,0
592641df-060a-4e31-b376-9589db0fbb5f,20260815,ecs-keyed,benign-plain,0,0,0,1,1,0
97f3580c-2843-4a13-8e06-2f802c97b745,20260815,ecs-keyed,benign-plain,0,0,0,1,1,0
a4b230d2-db75-4c0e-aca4-ab99b884a04f,20260815,ecs-keyed,benign-ecs-stable,0,0,0,1,1,0
6a929ef2-f10a-421b-8599-9b8d8c6cef48,20260815,ecs-keyed,benign-ecs-stable,0,0,0,1,1,0
bd29460a-b326-402b-854c-dd75a6036518,20260815,ecs-keyed,benign-ecs-stable,0,0,0,1,1,0
820181d0-ccc6-402c-831c-31320f834f70,20260815,ecs-keyed,benign-ecs-stable,0,0,0,1,1,0
a0a07f9c-589a-4613-98c3-644d4129603d,20260815,ecs-keyed,benign-plain,0,0,0,1,1,0
2de3e26a-e245-4702-b8ef-ecd6bff3c269,20260815,ecs-keyed,benign-plain,0,0,0,1,1,0
6ef6b802-f3e1-4a0b-ab97-831f7623490e,20260815,ecs-keyed,benign-ecs-stable,0,0,0,1,1,0
bfe7329c-b962-46fd-8bb7-7a50d2baeee2,20260815,ecs-keyed,benign-plain,0,0,0,1,1,0
782dd94e-82c0-41a5-98ae-1ae7ae287857,20260815,ecs-keyed,benign-ecs-stable,0,0,0,1,1,0
f2efe689-008d-42fe-bb4c-b5e15b5abd96,20260815,ecs-keyed,benign-ecs-stable,0,0,0,1,1,0
9e53127a-0079-479f-8267-c93e19b0d2b5,20260815,ecs-keyed,benign-ecs-stable,0,0,0,1,1,0
008c6f46-a29c-4d53-bf40-61c1b9febfb4,20260815,ecs-keyed,benign-ecs-stable,0,0,0,1,1,0
e10adacf-e1ea-425c-a8db-8fa42f94e249,20260815,ecs-keyed,benign-ecs-stable,0,0,0,1,1,0
5fc0d517-4b7b-4329-886a-695b4850476d,20260815,ecs-keyed,benign-ecs-stable,0,0,0,1,1,0
35752e98-1a6c-4e03-b44b-ead6f64d9c29,20260815,ecs-keyed,benign-ecs-stable,0,0,0,1,1,0
8a249bf2-8ea3-4dff-8568-a424ffe6f67b,20260815,ecs-keyed,benign-ecs-stable,0,0,0,1,1,0
4c34c75e-b987-4d3c-9cb7-98a2ff5cdf3d,20260815,ecs-keyed,benign-ecs-stable,0,0,0,1,1,0
f59f97c8-dc46-4ecc-ad9d-14a8bf4ba960,20260815,ecs-keyed,benign-plain,0,0,0,1,1,0
ccb8c7bf-e593-4da4-a6b2-ffc020371068,20260815,ecs-keyed,benign-ecs-stable,0,0,0,1,1,0
53d61709-54d7-4fd7-be4f-555ca9276a0b,20260815,ecs-keyed,benign-ecs-stable,0,0,0,1,1,0
1ec62e63-4a74-45e6-b5c9-a50c9c0e0738,20260815,ecs-keyed,benign-ecs-stable,0,0,0,1,1,0
5bc4d6dd-d391-4400-b594-857410c52057,20260815,ecs-keyed,benign-ecs-stable,0,0,0,1,1,0
ac14a4e8-6fbc-48ed-b82f-66a2befa57a8,20260815,ecs-keyed,benign-ecs-stable,0,0,0,1,1,0
809918b8-2664-4b8f-a777-b9b570f5e264,20260815,ecs-keyed,benign-ecs-stable,0,0,0,1,1,0
cfaf2a61-2aad-44e1-9711-1d9596d69f5d,20260815,ecs-keyed,benign-ecs-stable,0,0,0,1,1,0
99263e66-3cfd-4173-a1dc-52178a9706f3,20260815,ecs-keyed,benign-ecs-stable,0,0,0,1,1,0
fb3b0b5f-fdde-4521-9d90-76f746da5889,20260815,ecs-keyed,benign-ecs-stable,0,0,0,1,1,0
b1d26db3-4d4d-47bb-8ac5-93f8db92f5b3,20260815,ecs-keyed,benign-ecs-stable,0,0,0,1,1,0
26271d30-ae5f-4d08-a86e-29d41607fa08,20260815,ecs-keyed,benign-ecs-stable,0,0,0,1,1,0
58f6e0c1-47ee-4904-92a3-2f362b0d9c46,20260815,ecs-keyed,benign-ecs-stable,0,0,0,1,1,0
39ba9a3b-2634-49b8-9481-31ad11ae2bc3,20260815,ecs-keyed,benign-ecs-stable,0,0,0,1,1,0
b051eab6-5972-4f12-8a86-3755adf3bac2,20260815,ecs-keyed,benign-ecs-stable,0,0,0,1,1,0
65b569c3-ca24-4ba4-9561-546519e96679,20260815,ecs-keyed,benign-ecs-stable,0,0,0,1,1,0
ff8609da-bff9-41c0-ba3a-c8943bfc966b,20260815,ecs-keyed,benign-ecs-stable,0,0,0,1,1,0
883305b8-47e9-4324-991c-ba3e378344fb,20260815,ecs-keyed,benign-ecs-stable,0,0,0,1,1,0
88882ff9-ce7e-404c-8f26-d8a847b255cf,20260815,ecs-keyed,benign-ecs-stable,0,0,0,1,1,0
e2f80e25-8010-46d6-bf33-c7d56066d4fd,20260815,ecs-keyed,benign-ecs-stable,0,0,0,1,1,0
fd4b3cbc-156a-439d-9fbb-67da34fa8fa9,20260815,ecs-keyed,benign-ecs-stable,0,0,0,1,1,0
046adc78-1e56-4593-81cf-66f73ada0406,20260815,ecs-keyed,benign-ecs-stable,0,0,0,1,1,0
0f008645-181f-47c0-82e1-e19c156df462,20260815,ecs-keyed,benign-ecs-stable,0,0,0,1,1,0
1ef824f2-ae0d-4c68-86f4-2b8d4057cc85,20260815,ecs-keyed,benign-ecs-stable,0,0,0,1,1,0
f04be685-401c-4bfc-9763-38b7154fd1d0,20260815,ecs-keyed,benign-ecs-stable,0,0,0,1,1,0
9b86ad53-dfa8-4969-bd7b-f4f113087d59,20260815,ecs-keyed,benign-ecs-stable,0,0,0,1,1,0
0bd7d55a-5fa6-4728-ac73-39cd29366b13,20260815,ecs-keyed,benign-ecs-stable,0,0,0,1,1,0
430581a7-e976-4361-8183-214f8e4c3c18,20260815,ecs-keyed,benign-ecs-stable,0,0,0,1,1,0
c52e9f22-fee8-4fe3-af95-b17b889b341c,20260815,ecs-keyed,benign-ecs-stable,0,0,0,1,1,0
8c283ff7-f96f-4ae4-b341-d8a071c98245,20260815,ecs-keyed,benign-ecs-stable,0,0,0,1,1,0
5085affc-27ac-4385-8cc8-00e793b0e933,20260815,ecs-keyed,benign-ecs-stable,0,0,0,1,1,0
02f71c31-788e-49cb-ac79-07cd63d1de5b,20260815,ecs-keyed,benign-ecs-stable,0,0,0,1,1,0
bf718648-2cb5-413c-b692-64237a9c24ee,20260815,ecs-keyed,benign-ecs-stable,0,0,0,1,1,0
2218b9d3-8f01-4f46-b064-3b0d8ba382f5,20260815,ecs-keyed,benign-ecs-stable,0,0,0,1,1,0
87698983-37f3-45ec-95e2-1f5f6ce92d0f,20260815,ecs-keyed,benign-ecs-stable,0,0,0,1,1,0
f6dc86fb-2fc6-49f0-b523-3bbac7491ef6,20260815,ecs-keyed,benign-ecs-stable,0,0,0,1,1,0
39881299-25ce-4bf8-bd36-e848b98d7380,20260815,ecs-keyed,benign-ecs-stable,0,0,0,1,1,0
5e4b9867-c80a-4c25-b03e-75a977699314,20260815,ecs-keyed,benign-ecs-stable,0,0,0,1,1,0
28946875-1b73-4810-8eb0-26db3bc8b6de,20260815,ecs-keyed,benign-ecs-stable,0,0,0,1,1,0
805f1950-311f-4c65-8323-4597c60899f2,20260815,ecs-keyed,benign-ecs-stable,0,0,0,1,1,0
d2bdf62d-4639-401f-aba4-74b500947009,20260815,ecs-keyed,benign-ecs-stable,0,0,0,1,1,0
a75cb516-3f34-45c6-8832-9eff2d024c27,20260815,ecs-keyed,benign-ecs-stable,0,0,0,1,1,0
11428247-cf31-429a-abb8-411c659603d4,20260815,ecs-keyed,benign-ecs-stable,0,0,0,1,1,0
72f1668c-bc5b-4a61-b8ac-88066b0acaa2,20260815,ecs-keyed,benign-ecs-stable,0,0,0,1,1,0
8213e544-c5e3-44e9-aa0d-4b0fb790ec0c,20260815,ecs-keyed,benign-plain,0,0,0,1,1,0
640e063f-981d-4218-a0ff-19919c961a5f,20260815,ecs-keyed,benign-ecs-stable,0,0,0,1,1,0
56c67e6f-4170-422f-b1a3-65656b10a866,20260815,ecs-keyed,benign-ecs-stable,0,0,0,1,1,0
c0167b5a-7f23-44cb-954a-c012eee29be5,20260815,ecs-keyed,benign-ecs-stable,0,0,0,1,1,0
745aa335-0c9f-426b-b535-45448de33c01,20260815,ecs-keyed,benign-ecs-stable,0,0,0,1,1,0
df08f455-cc61-46a6-a73a-4cc6d4f0d0d7,20260815,ecs-keyed,benign-ecs-stable,0,0,0,1,1,0
749a0d38-d9ee-4600-8ec7-8716090f1bfd,20260815,ecs-keyed,benign-ecs-stable,0,0,0,1,1,0
0b3e130b-41b6-41d3-bfa6-8efdfad47dbb,20260815,ecs-keyed,benign-ecs-stable,0,0,0,1,1,0
b7ba3135-500d-4c22-91b6-9cbf06c20cca,20260815,ecs-keyed,benign-ecs-stable,0,0,0,1,1,0
960e66b0-896b-44da-a9a4-e2cb51db76ce,20260815,ecs-keyed,benign-ecs-stable,0,0,0,1,1,0
5901f2d0-eea5-4133-9dd3-2ed605dbcd61,20260815,ecs-keyed,benign-ecs-stable,0,0,0,1,1,0
d872adb7-5ef4-4ccd-9e1c-c20ec28d2969,20260815,ecs-keyed,benign-plain,0,0,0,1,1,0
02ed0fa5-b780-43ec-a86b-ef1b60f63e3b,20260815,ecs-keyed,benign-ecs-stable,0,0,0,1,1,0
ac85e3d9-2166-4a92-8191-1b96dfb78784,20260815,ecs-keyed,benign-ecs-stable,0,0,0,1,1,0
5220f702-c93b-42d4-b0ba-b344e7ef1363,20260815,ecs-keyed,benign-ecs-stable,0,0,0,1,1,0
a9f13b9c-923c-4141-b33b-7bac2a664927,20260815,ecs-keyed,benign-ecs-stable,0,0,0,1,1,0
74642f5e-6b02-47cc-9cab-f0568d30cea5,20260815,ecs-keyed,benign-ecs-stable,0,0,0,1,1,0
e7e0883f-9b9b-4a58-bff4-b3f3de3cbec2,20260815,ecs-keyed,benign-ecs-stable,0,0,0,1,1,0
2c1e6213-f706-4aa5-be45-e47888b90b29,20260815,ecs-keyed,benign-ecs-stable,0,0,0,1,1,0
bacfadf3-d89e-439d-82ab-de36f341ef78,20260815,ecs-keyed,benign-ecs-stable,0,0,0,1,1,0
4e160e72-cd1d-4828-833c-ad60b554890e,20260815,ecs-keyed,benign-ecs-stable,0,0,0,1,1,0
a1626e56-0064-4d07-af2a-b8565271e522,20260815,ecs-keyed,benign-ecs-stable,0,0,0,1,1,0
05a16935-a65a-4607-8d25-b776790f53fd,20260815,ecs-keyed,benign-ecs-stable,0,0,0,1,1,0
0be4e9aa-4746-4fc1-b5cc-1257f8b37672,20260815,ecs-keyed,benign-ecs-stable,0,0,0,1,1,0
5fa43c5f-1f83-4222-b8e0-7afe4bf05ff3,20260815,ecs-keyed,benign-ecs-stable,0,0,0,1,1,0
049c1416-13d2-497b-91f0-a21c0b031f10,20260815,ecs-keyed,benign-ecs-stable,0,0,0,1,1,0
a09f99b4-b4e2-4766-a448-0aaa6f6dd63f,20260815,ecs-keyed,benign-ecs-stable,0,0,0,1,1,0
0a88a916-f9fa-4f77-a9df-af63967c874c,20260815,ecs-keyed,benign-ecs-stable,0,0,0,1,1,0
f1d8f941-fd41-4d21-9858-d0efa3510faf,20260815,ecs-keyed,benign-ecs-stable,0,0,0,1,1,0
53efcaef-0d06-41cc-a5af-59dd761cd4b4,20260815,ecs-keyed,benign-ecs-geo,0,0,0,1,1,0
b9d7b3f9-452e-49f9-aa06-eb229b5baa54,20260815,ecs-keyed,benign-ecs-stable,0,0,0,1,1,0
ada98368-11f6-4ef4-aade-48b3b6660ef2,20260815,ecs-keyed,benign-ecs-stable,0,0,0,1,1,0
a26cf0ce-0341-41c4-8c90-032f16bd995e,20260815,ecs-keyed,benign-ecs-geo,0,0,0,1,1,0
5180acd3-d917-46d7-9421-1862add1bea6,20260815,ecs-keyed,benign-plain,0,0,0,1,1,0
4412a65b-6be8-4e37-9069-0a05309eb3f4,20260815,ecs-keyed,benign-ecs-stable,0,0,0,1,1,0
db667301-322a-4c27-b070-b4f0ee1b794d,20260815,ecs-keyed,benign-ecs-geo,0,0,0,1,1,0
47e99c22-df09-4c51-84ff-1fe8195349ce,20260815,ecs-keyed,benign-ecs-geo,0,0,0,1,1,0
d9401607-41c8-483c-a663-6b32a9bbf796,20260815,ecs-keyed,benign-ecs-geo,0,0,0,1,1,0
40532336-d5b9-4644-8409-775989934f51,20260815,ecs-keyed,benign-ecs-stable,0,0,0,1,1,0
1b76a9e3-52b2-4f0f-972d-35d567d1a2a1,20260815,ecs-keyed,benign-ecs-geo,0,0,0,1,1,0
eab87531-eedc-4cdb-a930-b26fb2f0d7b7,20260815,ecs-keyed,benign-ecs-geo,0,0,0,1,1,0
8874c0bb-930d-4279-a0b7-803fadd4b114,20260815,ecs-keyed,benign-plain,0,0,0,1,1,0
b383f98b-e674-44b0-a649-41501cc2631e,20260815,ecs-keyed,benign-ecs-stable,0,0,0,1,1,0
862b3db8-edda-4c60-b607-0230a1e1af44,20260815,ecs-keyed,benign-ecs-geo,0,0,0,1,1,0
2eed1359-40a1-4c76-be4e-71eba00b5af8,20260815,ecs-keyed,benign-ecs-geo,0,0,0,1,1,0
25d0bab1-4961-43bb-88e2-68a4ad6272da,20260815,ecs-keyed,benign-ecs-geo,0,0,0,1,1,0
f43bbc2c-6cb9-4f8e-9a6f-a6ecd95715ea,20260815,ecs-keyed,benign-ecs-stable,0,0,0,1,1,0
d1fd7d77-55f7-4be8-b614-31f65b944c8e,20260815,ecs-keyed,benign-ecs-geo,0,0,0,1,1,0
a537d096-6980-4428-a0fc-8ad7cba7fc91,20260815,ecs-keyed,benign-ecs-geo,0,0,0,1,1,0
b6afe0c0-eb77-4c16-9f0a-a1aab5568841,20260815,ecs-keyed,benign-ecs-geo,0,0,0,1,1,0
46c9e8ba-79fc-451a-971c-ffad0c50b182,20260815,ecs-keyed,benign-ecs-geo,0,0,0,1,1,0
e789dff6-8d8f-4856-a06c-287cff7dc9a4,20260815,ecs-keyed,benign-ecs-geo,0,0,0,1,1,0
8ba5b6ac-efc7-474e-98f3-f59e6367069a,20260815,ecs-keyed,benign-ecs-geo,0,0,0,1,1,0
d98142ee-a7ed-4b8b-9149-a21deb2f0d41,20260815,ecs-keyed,benign-ecs-geo,0,0,0,1,1,0
fa0ed4a7-9c13-427c-af40-9335ef9d07ae,20260815,ecs-keyed,benign-ecs-geo,0,0,0,1,1,0
4b04bd10-bcd7-4087-8792-8beaf8509dfb,20260815,ecs-keyed,benign-ecs-geo,0,0,0,1,1,0
32440b46-c602-46c2-b50b-57dd596ba918,20260815,ecs-keyed,benign-ecs-geo,0,0,0,1,1,0
5705eff6-407b-4768-aa1e-010576df69b8,20260815,ecs-keyed,benign-ecs-geo,0,0,0,1,1,0
0732cce4-cc1c-42f5-8106-69518ac5c5e0,20260815,ecs-keyed,benign-ecs-geo,0,0,0,1,1,0
bbd41ce0-00c4-4b59-bd28-b9530246d104,20260815,ecs-keyed,benign-ecs-geo,0,0,0,1,1,0
8b79d853-f22b-4530-942c-18d7b4003329,20260815,ecs-keyed,benign-ecs-geo,0,0,0,1,1,0
2f557da6-54a9-4b18-ab49-898a992b53f5,20260815,ecs-keyed,benign-ecs-geo,0,0,0,1,1,0
9b516730-d575-4c1d-9114-b13b94ef3c8c,20260815,ecs-keyed,benign-ecs-geo,0,0,0,1,1,0
7b409039-3f0a-4854-a878-a0db69f7b730,20260815,ecs-keyed,benign-ecs-geo,0,0,0,1,1,0
39217da2-5afa-4198-8f08-7adfec94cee8,20260815,ecs-keyed,benign-ecs-geo,0,0,0,1,1,0
74410fb9-3794-4f0f-92ad-ace173dbf597,20260815,ecs-keyed,benign-ecs-geo,0,0,0,1,1,0
40beff2f-b2fb-4781-a72c-c3da4e7768eb,20260815,ecs-keyed,benign-ecs-geo,0,0,0,1,1,0
11817b23-c1b3-4c83-ada1-c7e979a89f33,20260815,ecs-keyed,benign-ecs-geo,0,0,0,1,1,0
25a5d210-1aa2-4cb1-8aa1-2cdd5c51f9d3,20260815,ecs-keyed,benign-ecs-geo,0,0,0,1,1,0
ffcc0749-ebb5-4f29-a552-6faf7028424a,20260815,ecs-keyed,benign-ecs-geo,0,0,0,1,1,0
c6b86cba-2238-465c-831d-6bd07bc1ed2e,20260815,ecs-keyed,benign-ecs-geo,0,0,0,1,1,0
b0c00a89-aba0-47df-8b56-1fe71b83afbc,20260815,ecs-keyed,benign-ecs-geo,0,0,0,1,1,0
8c689289-e068-4cbb-b054-86dd1dfc4a97,20260815,ecs-keyed,benign-ecs-geo,0,0,0,1,1,0
15f83a78-871d-4c6d-97be-861d15a4ab97,20260815,ecs-keyed,benign-ecs-geo,0,0,0,1,1,0
953400b9-b65d-432d-ae36-58af3fe2ee26,20260815,ecs-keyed,benign-ecs-geo,0,0,0,1,1,0
18b0a8ac-3cb1-4f29-9388-55697135f660,20260815,ecs-keyed,benign-ecs-geo,0,0,0,1,1,0
3e34a018-9cd4-40ae-ac56-d07c411fa243,20260815,ecs-keyed,benign-ecs-geo,0,0,0,1,1,0
6cd3959a-b7ab-4b32-8cb0-4b717b2866cf,20260815,ecs-keyed,benign-ecs-geo,0,0,0,1,1,0
710f0406-9eeb-4574-8a44-968934c0fba2,20260815,ecs-keyed,benign-ecs-geo,0,0,0,1,1,0
f97a7222-7ab2-4685-b068-a6f54fd8c44f,20260815,ecs-keyed,benign-ecs-geo,0,0,0,1,1,0
38d811a3-a73e-4eb3-9edc-22c4754b9c7b,20260815,ecs-keyed,benign-ecs-geo,0,0,0,1,1,0
26f01c50-ab35-4043-ba19-91a930f256ca,20260815,ecs-keyed,benign-ecs-geo,0,0,0,1,1,0
4f0ae583-a26e-4c01-8925-9b34bd7e092f,20260815,ecs-keyed,benign-ecs-geo,0,0,0,1,1,0
da3b031b-f00c-4ef8-b80c-34db8b3d4701,20260815,ecs-keyed,benign-ecs-geo,0,0,0,1,1,0
30426f6a-d493-44f7-ae38-ccb5f3d30ead,20260815,ecs-keyed,benign-ecs-geo,0,0,0,1,1,0
681570ee-59f7-408f-ade2-cbf6e27b1a73,20260815,ecs-keyed,benign-ecs-geo,0,0,0,1,1,0
42d11c4d-2387-4596-8eb4-55e8e4315884,20260815,ecs-keyed,benign-ecs-geo,0,0,0,1,1,0
6f971cac-e47e-49d8-a6bf-5492cf0c9642,20260815,ecs-keyed,benign-ecs-geo,0,0,0,1,1,0
9f20a12d-eabe-4eb0-a522-563dc73e3be5,20260815,ecs-keyed,benign-ecs-geo,0,0,0,1,1,0
0eb3012f-465e-41fd-bb57-32de8f1836b3,20260815,ecs-keyed,benign-ecs-geo,0,0,0,1,1,0
e6186a32-fe82-4090-8b1b-ae45feef911f,20260815,ecs-keyed,benign-ecs-geo,0,0,0,1,1,0
3ed6f6f8-87ad-4503-a9a2-cb513e4ca1b0,20260815,ecs-keyed,benign-ecs-geo,0,0,0,1,1,0
f4a6cb68-7b26-418a-89e2-5880da0e18dd,20260815,ecs-keyed,benign-ecs-geo,0,0,0,1,1,0
d3df046c-5f01-4946-bd0b-3866a3fba09c,20260815,ecs-keyed,benign-ecs-geo,0,0,0,1,1,0
61bba217-cf52-465d-b041-4fb01f41abae,20260815,ecs-keyed,benign-ecs-geo,0,0,0,1,1,0
4b109c7f-c9d4-4148-b6a1-1eb9d604e52c,20260815,ecs-keyed,benign-ecs-geo,0,0,0,1,1,0
4fcd79b5-7006-4f30-ab76-b73751b78469,20260815,ecs-keyed,benign-ecs-geo,0,0,0,1,1,0
a88a8c88-78ad-4889-b7c8-4fcf3083109f,20260815,ecs-keyed,benign-ecs-geo,0,0,0,1,1,0
aef83f9c-051b-4e50-b1d6-cd43f5a79ffb,20260815,ecs-keyed,benign-ecs-geo,0,0,0,1,1,0
722f257c-3e16-4a3b-8567-f85709cf28a9,20260815,ecs-keyed,benign-ecs-geo,0,0,0,1,1,0
d31b250a-0680-4b67-9561-d6efbb83aafd,20260815,ecs-keyed,benign-ecs-geo,0,0,0,1,1,0
6e209ee3-daf3-479b-9ea3-0e3a4e09593f,20260815,ecs-keyed,benign-ecs-geo,0,0,0,1,1,0
bd6630a7-d9a0-4a14-b6d7-62d6bbe2a242,20260815,ecs-keyed,benign-ecs-geo,0,0,0,1,1,0
d4e50839-5b4b-4952-98b6-02ac980b887b,20260815,ecs-keyed,benign-ecs-geo,0,0,0,1,1,0
64b5baee-9ba3-49d4-876f-46d6164a6aaa,20260815,ecs-keyed,benign-ecs-geo,0,0,0,1,1,0
41ac7f17-9c3f-468d-81ff-8f82578b0ec3,20260815,ecs-keyed,benign-ecs-geo,0,0,0,1,1,0
5df96463-cdc9-48a2-a357-1f88be10f1c5,20260815,ecs-keyed,benign-ecs-geo,0,0,0,1,1,0
f8ff325e-d466-4e19-9cd2-296f2658436f,20260815,ecs-keyed,benign-ecs-geo,0,0,0,1,1,0
92836027-23fa-4ac7-95e5-70a017460a07,20260815,ecs-keyed,benign-ecs-geo,0,0,0,1,1,0
2a7402a9-cbe2-46d6-9081-2cf64a907936,20260815,ecs-keyed,benign-ecs-geo,0,0,0,1,1,0
cb07a13c-cb3a-44c2-886a-f27470079133,20260815,ecs-keyed,benign-ecs-geo,0,0,0,1,1,0
b4670c53-773f-4238-aefc-779635af9157,20260815,ecs-keyed,benign-ecs-geo,0,0,0,1,1,0
81fb2538-fa75-4679-94d3-766ba01c2ba5,20260815,ecs-keyed,benign-ecs-geo,0,0,0,1,1,0
4b6f96ca-2ee4-4abd-9d34-fdcd7da8c317,20260815,ecs-keyed,benign-ecs-geo,0,0,0,1,1,0
9c228865-b72c-41d0-93f0-7334f2942e8c,20260815,ecs-keyed,benign-ecs-geo,0,0,0,1,1,0
b1724dd9-503b-41d1-84fb-9a5f727d54ab,20260815,ecs-keyed,benign-ecs-geo,0,0,0,1,1,0
69d0f914-a2b0-4ffc-a6e2-180ee96ca12d,20260815,ecs-keyed,benign-burst,0,0,0,1,1,0
e80daf53-130d-421d-9e42-cf58367e36fd,20260815,ecs-keyed,benign-burst,0,0,0,1,1,0
e31c16f9-32a2-4e7c-94f5-10ac26f77f9a,20260815,ecs-keyed,benign-ecs-geo,0,0,0,1,1,0
f8ef29b2-8ab8-4c26-82d6-f2809dc05a69,20260815,ecs-keyed,benign-ecs-geo,0,0,0,1,1,0
e8716e87-2c50-45f3-ad9c-45b4bbabac58,20260815,ecs-keyed,benign-ecs-geo,0,0,0,1,1,0
18838461-24b5-447d-b9e7-ce42dcd7df5e,20260815,ecs-keyed,benign-ecs-geo,0,0,0,1,1,0
c01ccaba-5abb-4252-af61-bdb6432c2351,20260815,ecs-keyed,benign-ecs-geo,0,0,0,1,1,0
fcb9fd15-8857-43ac-b0f8-9a048cf17189,20260815,ecs-keyed,benign-ecs-geo,0,0,0,1,1,0
3f4d6b7d-3f4a-468b-b512-e5d50145bfc8,20260815,ecs-keyed,benign-ecs-geo,0,0,0,1,1,0
07d86732-12c6-44f8-a0ef-90cd9d85703a,20260815,ecs-keyed,benign-burst,0,0,0,1,1,0
f60ded1e-169a-4efa-8aae-1408e26c5ee8,20260815,ecs-keyed,benign-burst,0,0,0,1,1,0
232fd2b0-47fb-4cec-aeb7-ec35ca8e3117,20260815,ecs-keyed,benign-burst,0,0,0,1,1,0
b524d7df-4bf1-4e88-92bd-a42521cd5e55,20260815,ecs-keyed,benign-burst,0,0,0,1,1,0
0525095a-dd2b-4541-b8a0-fa6959bb56f0,20260815,ecs-keyed,benign-burst,0,0,0,1,1,0
0b721a21-5300-461d-a5ae-0a2fa56535d7,20260815,ecs-keyed,benign-burst,0,0,0,1,1,0
0b269d43-4d6d-456b-a5d5-283fd38c3593,20260815,ecs-keyed,benign-ecs-geo,0,0,0,1,1,0
b321d8bf-0dfb-445d-af3a-e673b7afbee5,20260815,ecs-keyed,benign-burst,0,0,0,1,1,0
286655d1-a954-4ef4-9190-e8bd6f96a179,20260815,ecs-keyed,benign-ecs-geo,0,0,0,1,1,0
7b35bb5c-c41a-460e-b854-d5a03f282274,20260815,ecs-keyed,benign-ecs-geo,0,0,0,1,1,0
125ee640-0f70-4614-8fc1-d7d53ef71abe,20260815,ecs-keyed,benign-burst,0,0,0,1,1,0
34732898-f382-458f-9afc-5ecb41eccdda,20260815,ecs-keyed,benign-burst,0,0,0,1,1,0
fa96f763-a689-4ea5-b90e-84e9156e311a,20260815,ecs-keyed,benign-burst,0,0,0,1,1,0
6592d416-f179-49b9-94f4-59b60be0f976,20260815,ecs-keyed,benign-burst,0,0,0,1,1,0
b8dec8aa-c287-45e5-b10d-81389fbfc06f,20260815,ecs-keyed,benign-burst,0,0,0,1,1,0
9eee5893-6a77-4636-900c-dae021e8280a,20260815,ecs-keyed,benign-burst,0,0,0,1,1,0
0958ab8e-34bf-4678-926a-f0d68a8cf2fc,20260815,ecs-keyed,benign-burst,0,0,0,1,1,0
ab00b420-232f-49b2-ad74-d9cd5b32268d,20260815,ecs-keyed,benign-ecs-geo,0,0,0,1,1,0
adde850f-e141-424d-8a76-245f971a3bb6,20260815,ecs-keyed,benign-burst,0,0,0,1,1,0
b35f6674-d3a8-4dc3-be18-59081a00e02e,20260815,ecs-keyed,benign-burst,0,0,0,1,1,0
07cef42d-5580-42f6-8086-ce9b2cdef7f1,20260815,ecs-keyed,benign-burst,0,0,0,1,1,0
056701c2-5f45-4c6e-b2a2-af669dba194b,20260815,ecs-keyed,benign-burst,0,0,0,1,1,0
31817d1c-43aa-4b13-8fac-fb454f93e95e,20260815,ecs-keyed,benign-burst,0,0,0,1,1,0
03572b9e-042a-4b5b-9c0a-adaf6384cd2c,20260815,ecs-keyed,benign-burst,0,0,0,1,1,0
dffbc1ca-0a24-42d1-bbd2-d53a4e50bcce,20260815,ecs-keyed,benign-burst,0,0,0,1,1,0
2198bfea-2d29-43c0-a717-4fa83086c194,20260815,ecs-keyed,benign-burst,0,0,0,1,1,0
66a00abd-0753-4fdc-803d-202b28607c02,20260815,ecs-keyed,benign-burst,0,0,0,1,1,0
d8c2ac0f-fa40-47a3-bc87-468f878750bd,20260815,ecs-keyed,benign-burst,0,0,0,1,1,0
5862dcdf-adf1-4d42-a7d1-e6c054fc4a25,20260815,ecs-keyed,benign-burst,0,0,0,1,1,0
9a4e4c0f-eef8-49ad-9596-4f4dfca236f9,20260815,ecs-keyed,benign-burst,0,0,0,1,1,0
f391230a-2786-4ca8-8117-cefefe69d7a4,20260815,ecs-keyed,benign-burst,0,0,0,1,1,0
59b4441f-1fb7-48fa-8bbd-45dd8ae1a240,20260815,ecs-keyed,benign-burst,0,0,0,1,1,0
b020cc09-c3f2-4342-be8b-d0a6d652a861,20260815,ecs-keyed,benign-burst,0,0,0,1,1,0
4497474c-0e53-4135-9505-adceef913bd6,20260815,ecs-keyed,benign-burst,0,0,0,1,1,0
3c160ac6-417e-488c-b275-d60bce52595c,20260815,ecs-keyed,benign-burst,0,0,0,1,1,0
0252c2bc-ad8f-47bd-ac7a-6d94ee6825c0,20260815,ecs-keyed,benign-burst,0,0,0,1,1,0
2a71fe2a-9469-49a3-99fe-888e5ae4c023,20260815,ecs-keyed,benign-burst,0,0,0,1,1,0
9c7296c4-68e8-4346-928f-7edc637141e1,20260815,ecs-keyed,benign-burst,0,0,0,1,1,0
d2c46761-1669-446d-be85-f21f90b37662,20260815,ecs-keyed,benign-burst,0,0,0,1,1,0
21ddc681-ce32-4033-9daf-a2c5efb1eef1,20260815,ecs-keyed,benign-burst,0,0,0,1,1,0
569f9635-bc1e-4388-9149-123f5728cddf,20260815,ecs-keyed,benign-burst,0,0,0,1,1,0
99bf0ecf-cacc-4825-970d-776d85cf4245,20260815,ecs-keyed,benign-burst,0,0,0,1,1,0
a808ee9a-f04b-48aa-a68f-52b328a2841a,20260815,ecs-keyed,benign-burst,0,0,0,1,1,0
7f194a4e-9553-45d5-acb2-fe345bf91eef,20260815,ecs-keyed,benign-burst,0,0,0,1,1,0
67308154-2fb6-4ace-ba02-e0bcb0861b5f,20260815,ecs-keyed,benign-burst,0,0,0,1,1,0
7ac5b675-387f-4c97-a6c1-a10ed7e24a43,20260815,ecs-keyed,benign-burst,0,0,0,1,1,0
ed64502c-3ca6-4eeb-9b6a-c45e8a0effca,20260815,ecs-keyed,benign-burst,0,0,0,1,1,0
6763ce92-7504-48a7-bb1e-9ee07c206834,20260815,ecs-keyed,benign-burst,0,0,0,1,1,0
1661615c-0e3a-410a-988c-c897707d63c9,20260815,ecs-keyed,benign-burst,0,0,0,1,1,0
8e4b29c9-6d5a-4dee-a562-999313a34a54,20260815,ecs-keyed,benign-burst,0,0,0,1,1,0
02a20279-c716-401f-828c-9a54b4596fb3,20260815,ecs-keyed,benign-burst,0,0,0,1,1,0
8cfc1ab6-fdc1-46cf-9838-2694c0a567ac,20260815,ecs-keyed,benign-burst,0,0,0,1,1,0
78f1435e-5017-4159-8214-ce84957559e6,20260815,ecs-keyed,benign-burst,0,0,0,1,1,0
067261cc-0521-4623-afde-50a630246cdd,20260815,ecs-keyed,benign-burst,0,0,0,1,1,0
0a7b0a1a-861a-41a4-9867-156d76aea3e9,20260815,ecs-keyed,benign-burst,0,0,0,1,1,0
9a0e3684-2bf1-46d1-8851-fcf3853f581f,20260815,ecs-keyed,benign-burst,0,0,0,1,1,0
da1c9bf3-ad5c-4ced-baf6-400ff90b4c08,20260815,ecs-keyed,benign-burst,0,0,0,1,1,0
2f547cc3-c99b-42b0-adbf-e8671146a6e8,20260815,ecs-keyed,benign-burst,0,0,0,1,1,0
a1e23e49-7f38-4723-a130-cb49e1d47903,20260815,ecs-keyed,benign-burst,0,0,0,1,1,0
2769850b-0b99-491f-8b3c-48b5c57424ff,20260815,ecs-keyed,benign-burst,0,0,0,1,1,0
855afa1f-1b11-41c1-8ed0-73ba1eb420f7,20260815,ecs-keyed,benign-burst,0,0,0,1,1,0
f07d64ab-14f3-4019-88bc-50279d85cc6c,20260815,ecs-keyed,benign-burst,0,0,0,1,1,0
1565e476-fcfd-4dd6-a1c9-349a23624149,20260815,ecs-keyed,benign-burst,0,0,0,1,1,0
88b39dc7-7e09-43d5-a242-60618efd4c40,20260815,ecs-keyed,benign-burst,0,0,0,1,1,0
c81dfb34-770e-4bf2-b249-0f8de3765658,20260815,ecs-keyed,benign-burst,0,0,0,1,1,0
7afe18f6-9ff8-4f81-80b4-008899219967,20260815,ecs-keyed,benign-burst,0,0,0,1,1,0
c999bc7d-d671-43e9-834c-d92ea150ddf5,20260815,ecs-keyed,benign-burst,0,0,0,1,1,0
e15590ff-a8b7-47c7-aea8-1536ee3819fc,20260815,ecs-keyed,benign-burst,0,0,0,1,1,0
5b37fd22-be4e-4a60-be0b-3492a6d19f6f,20260815,ecs-keyed,benign-burst,0,0,0,1,1,0
a652bc56-1e8b-4350-814f-dd233a413987,20260815,ecs-keyed,benign-burst,0,0,0,1,1,0
4fc3adff-9fb2-430f-a5b7-8cca9e3b2635,20260815,ecs-keyed,benign-burst,0,0,0,1,1,0
c52a678a-74db-4243-bc65-d4abca28bbcf,20260815,ecs-keyed,benign-burst,0,0,0,1,1,0
3a844ce6-1e01-41d3-948e-6b743937b8b1,20260815,ecs-keyed,benign-burst,0,0,0,1,1,0
328589c8-d679-4441-a4d8-9d4ffc8e0dd2,20260815,ecs-keyed,benign-burst,0,0,0,1,1,0
69ad0f2f-c347-42a2-a7c9-06275b857a9b,20260815,ecs-keyed,benign-burst,0,0,0,1,1,0
19a6e6aa-859d-4854-a8b1-0688cd274c11,20260815,ecs-keyed,benign-burst,0,0,0,1,1,0
8ad6a7a1-19c7-400d-99ff-9874a35fc020,20260815,ecs-keyed,benign-burst,0,0,0,1,1,0
42f55bd8-308b-459d-a394-4085c794f33e,20260815,ecs-keyed,benign-burst,0,0,0,1,1,0
e8d37101-abdd-4330-8c19-7582f1afaec6,20260815,ecs-keyed,benign-burst,0,0,0,1,1,0
9d13c481-7f7e-407b-b8c2-06ecb67c73c4,20260815,ecs-keyed,benign-burst,0,0,0,1,1,0
4d016623-a1a1-487e-99ae-2f46a53e2d6e,20260815,ecs-keyed,benign-burst,0,0,0,1,1,0
11d97b0c-74e2-4037-b6d5-89a6c596203d,20260815,ecs-keyed,adverse-ecs-omit,1,0,0,1,1,0
edcbb9ef-f0de-439b-b534-fa9dd4a20afb,20260815,ecs-keyed,adverse-ecs-omit,1,0,0,1,1,0
0534eca6-f0ea-4df9-801d-e2575fec54eb,20260815,ecs-keyed,benign-burst,0,0,0,1,1,0
f5b27a13-f643-4c16-a929-ea1ec11d6c69,20260815,ecs-keyed,adverse-ecs-omit,1,0,0,1,1,0
37d98a2e-e5b9-4da9-a43a-f5c9e94b70be,20260815,ecs-keyed,adverse-ecs-omit,1,0,0,1,1,0
d63a9f8d-9da6-4d74-87f2-9731839cdbc9,20260815,ecs-keyed,adverse-ecs-omit,1,0,0,1,1,0
45314e6e-8205-4270-9eac-135d84b8d7e8,20260815,ecs-keyed,adverse-ecs-omit,1,0,0,1,1,0
1c7de74f-501f-41d5-b420-41784cc69f23,20260815,ecs-keyed,adverse-ecs-omit,1,0,0,1,1,0
d0b2eaf8-5bad-4157-9b33-73126d3c344a,20260815,ecs-keyed,adverse-ecs-omit,1,0,0,1,1,0
4bf082ec-901e-4ddc-b2ba-d2c5f501d6ab,20260815,ecs-keyed,adverse-ecs-omit,1,0,0,1,1,0
72bc5457-7d32-4f1c-b372-fab9023f0b60,20260815,ecs-keyed,adverse-ecs-omit,1,0,0,1,1,0
ecddcdc8-dce4-452f-80a6-8cc2911392bb,20260815,ecs-keyed,adverse-ecs-omit,1,0,0,1,1,0
8e086d5b-c566-469c-9ec4-d221e5b1d60e,20260815,ecs-keyed,adverse-ecs-omit,1,0,0,1,1,0
0673ea32-6807-4e15-9e91-2075dc474b35,20260815,ecs-keyed,adverse-ecs-omit,1,0,0,1,1,0
7766df98-44de-4d8a-beab-01107f95ce2d,20260815,ecs-keyed,adverse-ecs-omit,1,0,0,1,1,0
a200e5df-d6bf-4f56-b127-908eb8b7710d,20260815,ecs-keyed,adverse-ecs-omit,1,0,0,1,1,0
0821c2e8-5ac3-4bd2-b2aa-3af07e9a24e7,20260815,ecs-keyed,adverse-ecs-omit,1,0,0,1,1,0
53ddb8b0-5b31-4bfb-b786-1a1b95638940,20260815,ecs-keyed,adverse-ecs-omit,1,0,0,1,1,0
f3c7bb93-f529-40aa-bedf-55c6be294a4f,20260815,ecs-keyed,adverse-ecs-omit,1,0,0,1,1,0
1319bafe-aa47-450e-9433-b47dc73239e6,20260815,ecs-keyed,adverse-ecs-omit,1,0,0,1,1,0
36bdd41e-cff0-4164-9cb1-78f650c055d2,20260815,ecs-keyed,adverse-ecs-omit,1,0,0,1,1,0
980e5db6-370f-4a07-b8b5-20498536d17d,20260815,ecs-keyed,adverse-ecs-omit,1,0,0,1,1,0
e8823dbc-9977-458f-9c55-f5726cfe1d7b,20260815,ecs-keyed,adverse-ecs-omit,1,0,0,1,1,0
a5d0ec2d-85d9-45a8-892e-1f40bca3c3d5,20260815,ecs-keyed,adverse-ecs-omit,1,0,0,1,1,0
977d2cd0-100f-49a5-9028-5662a1ce5e9a,20260815,ecs-keyed,adverse-ecs-omit,1,0,0,1,1,0
68038b62-88c8-4082-abbe-d5eec45c96b7,20260815,ecs-keyed,adverse-ecs-omit,1,0,0,1,1,0
415f28d6-0120-453b-916e-89b87c1ad2ea,20260815,ecs-keyed,adverse-ecs-omit,1,0,0,1,1,0
11b9b1a1-cd8e-456e-be7a-7ab0deb9f856,20260815,ecs-keyed,adverse-ecs-omit,1,0,0,1,1,0
2a847af4-e18b-41f1-ad2e-57fabb85c4a3,20260815,ecs-keyed,adverse-ecs-omit,1,0,0,1,1,0
5d2f6e0c-e2ed-4867-bd43-6ca1b8485f00,20260815,ecs-keyed,adverse-ecs-omit,1,0,0,1,1,0
91b23863-3fd6-454d-b4bb-6c6de4cc3264,20260815,ecs-keyed,adverse-ecs-omit,1,0,0,1,1,0
711375fd-8991-40c3-8415-4248237b18ae,20260815,ecs-keyed,adverse-ecs-omit,1,0,0,1,1,0
843d27e2-2495-4c51-99e2-d20e05407fa3,20260815,ecs-keyed,adverse-ecs-omit,1,0,0,1,1,0
ecad4008-2be8-4db8-b947-9b24773d8e88,20260815,ecs-keyed,adverse-ecs-omit,1,0,0,1,1,0
9b84534b-9f26-4e76-9eb7-de0b756bdb29,20260815,ecs-keyed,adverse-ecs-omit,1,0,0,1,1,0
b8a1ad77-f31d-46aa-9fdc-a8848a92525d,20260815,ecs-keyed,adverse-ecs-omit,1,0,0,1,1,0
ec7c841b-0523-4de8-bef8-355cfe470a98,20260815,ecs-keyed,adverse-ecs-omit,1,0,0,1,1,0
e0cbab8d-4c24-403a-9157-c8abda1c5b5e,20260815,ecs-keyed,adverse-ecs-omit,1,0,0,1,1,0
83bdfd85-4566-4fea-83e7-eb9ac145f899,20260815,ecs-keyed,adverse-ecs-omit,1,0,0,1,1,0
f20e47c0-3c4e-4513-a226-099d821b1c9c,20260815,ecs-keyed,adverse-ecs-omit,1,0,0,1,1,0
b25cf12e-7d89-425e-b0ef-f1a2ff0d1367,20260815,ecs-keyed,adverse-ecs-omit,1,0,0,1,1,0
5f7f3162-fc69-4d73-bd77-7d60786e57f0,20260815,ecs-keyed,adverse-ecs-omit,1,0,0,1,1,0
4a18477a-205a-44a3-9382-cee0a079546c,20260815,ecs-keyed,adverse-ecs-omit,1,0,0,1,1,0
86eca06d-e49b-497a-9cca-1bb2ba56b80a,20260815,ecs-keyed,adverse-ecs-omit,1,0,0,1,1,0
d3860dd2-447b-47dd-aa0b-cd55f2df2d86,20260815,ecs-keyed,adverse-ecs-omit,1,0,0,1,1,0
d431a88e-22b4-4dd7-bd9b-7aafae354f4d,20260815,ecs-keyed,adverse-ecs-omit,1,0,0,1,1,0
2f27b670-a0e8-4885-9ac1-fc7aa9f423b9,20260815,ecs-keyed,adverse-ecs-omit,1,0,0,1,1,0
132aaf62-9690-411f-8388-529b5fdf2bdb,20260815,ecs-keyed,adverse-ecs-omit,1,0,0,1,1,0
5b041903-4a31-44f9-bcfd-be43d1b90dfd,20260815,ecs-keyed,adverse-ecs-omit,1,0,0,1,1,0
77f46d91-f471-488d-87a8-55f7b4c81540,20260815,ecs-keyed,adverse-ecs-omit,1,0,0,1,1,0
be85b231-908f-4d78-ab61-bdd71dc2cb2f,20260815,ecs-keyed,adverse-ecs-omit,1,0,0,1,1,0
b2a5f69b-9080-47ef-9b41-0b724f49566f,20260815,ecs-keyed,adverse-ecs-omit,1,0,0,1,1,0
e4938d47-4ac0-49e0-ad04-870a77f0d735,20260815,ecs-keyed,adverse-ecs-omit,1,0,0,1,1,0
ee2bc20b-44ad-48e0-b132-ba8f49183894,20260815,ecs-keyed,adverse-ecs-omit,1,0,0,1,1,0
f6602eea-0122-45f9-951e-a40ac24868af,20260815,ecs-keyed,adverse-ecs-omit,1,0,0,1,1,0
d63030d3-e4ee-4c11-949b-144359548a17,20260815,ecs-keyed,adverse-ecs-omit,1,0,0,1,1,0
8a509b18-9b05-4fd7-9da0-22d2ce63a495,20260815,ecs-keyed,adverse-ecs-omit,1,0,0,1,1,0
baab17d9-2b1d-4695-b8f4-3cfb2190eb13,20260815,ecs-keyed,adverse-ecs-omit,1,0,0,1,1,0
58f13259-a90f-4367-b8f5-d1062f78bd93,20260815,ecs-keyed,adverse-ecs-omit,1,0,0,1,1,0
bae93627-5836-45ae-94f2-cb2e6d028191,20260815,ecs-keyed,adverse-ecs-omit,1,0,0,1,1,0
13bcba96-a9e8-47fc-8ecb-c95764d36436,20260815,ecs-keyed,adverse-ecs-omit,1,0,0,1,1,0
914a2f3a-ec77-4e70-b960-99a77961bd18,20260815,ecs-keyed,adverse-ecs-omit,1,0,0,1,1,0
418e5144-4988-4343-9ead-d4a0f41c1b1c,20260815,ecs-keyed,adverse-ecs-omit,1,0,0,1,1,0
85a7b495-6d74-4ce9-bd45-5782b042f6c3,20260815,ecs-keyed,adverse-ecs-omit,1,0,0,1,1,0
119a67e8-f072-4de8-8645-672767ec8a90,20260815,ecs-keyed,adverse-ecs-omit,1,0,0,1,1,0
ebaf81ea-6e16-4de0-8cd8-2797b0ac4e88,20260815,ecs-keyed,adverse-ecs-omit,1,0,0,1,1,0
5e5295e4-f1bf-4563-8619-13886da320ad,20260815,ecs-keyed,adverse-ecs-omit,1,0,0,1,1,0
3d84ca50-de25-4c18-8097-df3f0d5bd3d0,20260815,ecs-keyed,adverse-ecs-omit,1,0,0,1,1,0
73b99698-53e7-46a5-865c-5798ee4ad75b,20260815,ecs-keyed,adverse-ecs-omit,1,0,0,1,1,0
1c7a8cdc-bf41-4e6f-970b-8d541d891561,20260815,ecs-keyed,adverse-ecs-omit,1,0,0,1,1,0
1e24c25e-b0dd-48af-96c3-9de5efb562ea,20260815,ecs-keyed,adverse-ecs-omit,1,0,0,1,1,0
693165eb-626e-4086-828d-db6863ece060,20260815,ecs-keyed,adverse-ecs-omit,1,0,0,1,1,0
9a8a4b5f-f3a4-4341-bd09-5c2e1184c185,20260815,ecs-keyed,adverse-ecs-omit,1,0,0,1,1,0
f47fb1fc-9cff-4b04-9d16-471d55b351b4,20260815,ecs-keyed,adverse-ecs-omit,1,0,0,1,1,0
d39e896b-3901-479a-8636-9587356cb490,20260815,ecs-keyed,adverse-ecs-omit,1,0,0,1,1,0
8b67ed6c-2fcd-4dab-b787-4a62ff7cabe4,20260815,ecs-keyed,adverse-ecs-omit,1,0,0,1,1,0
f6a6095a-e8f5-440a-803d-ae8ef3515efb,20260815,ecs-keyed,adverse-ecs-omit,1,0,0,1,1,0
b1a417c8-d68a-49cc-b3bd-f7338c8e9a0b,20260815,ecs-keyed,adverse-ecs-omit,1,0,0,1,1,0
6594115b-f319-476a-a13f-bb0b01290e77,20260815,ecs-keyed,adverse-ecs-omit,1,0,0,1,1,0
5745d6d5-29f8-4422-8759-03e4621ee78e,20260815,ecs-keyed,adverse-ecs-omit,1,0,0,1,1,0
1439bc40-94a0-47c9-b7a6-4c4457e70d14,20260815,ecs-keyed,adverse-ecs-omit,1,0,0,1,1,0
29ee4ed3-43ae-4d19-b3af-85c279998763,20260815,ecs-keyed,adverse-ecs-omit,1,0,0,1,1,0
ec625b31-0b03-430c-a463-b4d260652cd5,20260815,ecs-keyed,adverse-ecs-omit,1,0,0,1,1,0
e9dbcb6e-0eed-4bd6-aff4-b88fcdd9d9e2,20260815,ecs-keyed,adverse-ecs-omit,1,0,0,1,1,0
fd8c4ac1-eaf9-42a3-a478-74e17774bb7d,20260815,ecs-keyed,adverse-ecs-omit,1,0,0,1,1,0
9c1f21f7-a074-4a30-8968-d7cd195a8b5e,20260815,ecs-keyed,adverse-ecs-omit,1,0,0,1,1,0
d5336950-e6b3-43e0-af1b-aed2da07c749,20260815,ecs-keyed,adverse-ecs-omit,1,0,0,1,1,0
1f96080a-38ca-4df6-a2ec-5d257c73493a,20260815,ecs-keyed,adverse-ecs-omit,1,0,0,1,1,0
3242f72f-87bc-4610-b591-8ffebfa144b5,20260815,ecs-keyed,adverse-ecs-omit,1,0,0,1,1,0
6c5d553c-f089-4eea-802d-930080a174a6,20260815,ecs-keyed,adverse-ecs-mismatch,1,0,0,1,1,0
379275e0-d541-4dbf-9bd9-5a2441d4aeb4,20260815,ecs-keyed,adverse-ecs-mismatch,1,0,0,1,1,0
129e95e8-8d52-4b8b-9afe-4336bffa1115,20260815,ecs-keyed,adverse-ecs-mismatch,1,0,0,1,1,0
68a9161c-9932-4ff2-b483-37800a9ceb4e,20260815,ecs-keyed,adverse-ecs-mismatch,1,0,0,1,1,0
d10629fa-8d68-42cb-b017-acd9145735c5,20260815,ecs-keyed,adverse-ecs-omit,1,0,0,1,1,0
1502e640-9f8c-44eb-8c57-19b872eee77f,20260815,ecs-keyed,adverse-ecs-mismatch,1,0,0,1,1,0
672b9f78-eb1c-473a-b9dd-470af4998825,20260815,ecs-keyed,adverse-ecs-mismatch,1,0,0,1,1,0
4c92a5b5-705a-4368-b800-9b66de9f9dde,20260815,ecs-keyed,adverse-ecs-mismatch,1,0,0,1,1,0
602db1e8-223c-4e73-b1a7-2dd6ee0a84cf,20260815,ecs-keyed,adverse-ecs-mismatch,1,0,0,1,1,0
03d979f6-6e06-4f41-b585-a4f2504710f1,20260815,ecs-keyed,adverse-ecs-mismatch,1,0,0,1,1,0
1a99e633-2592-4cc1-9df9-9596f2729760,20260815,ecs-keyed,adverse-ecs-omit,1,0,0,1,1,0
a9768b6c-a4e1-4800-9385-9082db6fae2c,20260815,ecs-keyed,adverse-ecs-mismatch,1,0,0,1,1,0
677fdcaa-0b1c-49ba-8b1c-84dc8f13c7e6,20260815,ecs-keyed,adverse-ecs-mismatch,1,0,0,1,1,0
58f487a5-b7c4-46e4-9c7a-a533e9503ff3,20260815,ecs-keyed,adverse-ecs-mismatch,1,0,0,1,1,0
4c143bfc-cda6-4ad5-8399-80a2f463a0e8,20260815,ecs-keyed,adverse-ecs-mismatch,1,0,0,1,1,0
6cd64789-a9da-4aac-bb7f-8787f72dfdce,20260815,ecs-keyed,adverse-ecs-mismatch,1,0,0,1,1,0
425c7b94-1404-46fb-9f6c-ac394d298696,20260815,ecs-keyed,adverse-ecs-mismatch,1,0,0,1,1,0
204c6709-23cf-4a93-b6c0-b17c13ae69d9,20260815,ecs-keyed,benign-burst,0,0,0,1,1,0
6e4ab364-d588-488a-b981-5ebb4d9ab579,20260815,ecs-keyed,adverse-ecs-mismatch,1,0,0,1,1,0
b839c3ab-8fa4-447e-91a3-df5c4a44df7e,20260815,ecs-keyed,adverse-ecs-mismatch,1,0,0,1,1,0
efe6b7b1-1bac-4e62-8ac0-1add157644be,20260815,ecs-keyed,adverse-ecs-mismatch,1,0,0,1,1,0
762619f9-1ebc-4d1f-b8f0-0cd72d43fe96,20260815,ecs-keyed,benign-burst,0,0,0,1,1,0
5a1a0386-2336-4881-a343-dbf808cf5f23,20260815,ecs-keyed,adverse-ecs-mismatch,1,0,0,1,1,0
75ca34fc-f684-4ec3-b462-c20c5bde495e,20260815,ecs-keyed,adverse-ecs-mismatch,1,0,0,1,1,0
e5d0470e-9fd6-4ced-98b2-c5e67fc3963b,20260815,ecs-keyed,adverse-ecs-mismatch,1,0,0,1,1,0
f1f6f8d7-e651-47ce-ac65-3c7642ad25dc,20260815,ecs-keyed,adverse-ecs-mismatch,1,0,0,1,1,0
3cd7930b-51bd-4d5f-a45c-56d640bc05c0,20260815,ecs-keyed,adverse-ecs-mismatch,1,0,0,1,1,0
b6325522-5a3a-45b0-8a8d-6c639944e99d,20260815,ecs-keyed,benign-burst,0,0,0,1,1,0
ea5dc4d5-4fb3-4c3e-8c34-9ecc9e3a3fae,20260815,ecs-keyed,adverse-ecs-mismatch,1,0,0,1,1,0
bc6d4732-07f2-46aa-9a84-2cf90350d2e6,20260815,ecs-keyed,adverse-ecs-mismatch,1,0,0,1,1,0
17e40b4b-2336-4fa4-b3a0-92b891a680c2,20260815,ecs-keyed,adverse-ecs-mismatch,1,0,0,1,1,0
b563a3ac-a383-4ddf-8681-f5dd735bf06b,20260815,ecs-keyed,adverse-ecs-mismatch,1,0,0,1,1,0
ce3f54f9-21af-4365-8653-cdb51a34de9e,20260815,ecs-keyed,adverse-ecs-mismatch,1,0,0,1,1,0
c43fc250-c997-450f-82a8-1bf2848c7a96,20260815,ecs-keyed,adverse-ecs-mismatch,1,0,0,1,1,0
f8a6e8e0-0358-445a-b116-777ad719a066,20260815,ecs-keyed,adverse-ecs-mismatch,1,0,0,1,1,0
c745a383-d1e7-4eff-95a0-18021b090eb0,20260815,ecs-keyed,adverse-ecs-mismatch,1,0,0,1,1,0
9de0f48c-3e46-43b4-b232-966bebf09d64,20260815,ecs-keyed,adverse-ecs-mismatch,1,0,0,1,1,0
67dc3114-326d-4209-a1b7-a3959ba5ce4f,20260815,ecs-keyed,adverse-ecs-mismatch,1,0,0,1,1,0
a7e66027-b6e4-4941-bbd4-2287052e3e2b,20260815,ecs-keyed,adverse-ecs-mismatch,1,0,0,1,1,0
30f03a31-920a-4b40-b24d-bec85791c934,20260815,ecs-keyed,adverse-ecs-mismatch,1,0,0,1,1,0
274c67d0-d3da-422f-9a55-4898cab803bb,20260815,ecs-keyed,adverse-ecs-mismatch,1,0,0,1,1,0
61b8cc76-416b-40b4-a29f-503bbe85ed4b,20260815,ecs-keyed,adverse-ecs-mismatch,1,0,0,1,1,0
742a4b27-b48f-4200-8e4a-5a94fd76ee9f,20260815,ecs-keyed,adverse-ecs-mismatch,1,0,0,1,1,0
0ad9c605-9843-4eb9-8aee-a408fdaad940,20260815,ecs-keyed,adverse-ecs-mismatch,1,0,0,1,1,0
31b235b6-f934-4c19-b5e0-44ea0fc42478,20260815,ecs-keyed,adverse-ecs-mismatch,1,0,0,1,1,0
b129ee48-8c77-49d5-a7a4-5f348848c169,20260815,ecs-keyed,adverse-ecs-mismatch,1,0,0,1,1,0
9ff2876d-f313-49e3-b9c0-48fd5da70a8b,20260815,ecs-keyed,adverse-ecs-mismatch,1,0,0,1,1,0
4b9bbee3-4ef3-4c1d-8573-642dfb663f2f,20260815,ecs-keyed,adverse-ecs-mismatch,1,0,0,1,1,0
d0524934-3094-4b10-a9ee-00ebae1b9d3a,20260815,ecs-keyed,adverse-ecs-mismatch,1,0,0,1,1,0
e5801858-63f6-486a-9580-a549ecf63784,20260815,ecs-keyed,adverse-ecs-mismatch,1,0,0,1,1,0
c3d44a50-b987-4347-843b-e60e36f52f7f,20260815,ecs-keyed,adverse-ecs-mismatch,1,0,0,1,1,0
aea86f68-3cda-40b8-a45e-e8850e21829b,20260815,ecs-keyed,adverse-ecs-mismatch,1,0,0,1,1,0
0f3e7e7b-a8cb-4a06-8351-ed07a929dff4,20260815,ecs-keyed,adverse-ecs-mismatch,1,0,0,1,1,0
1c837eda-cca5-4da1-aa28-339d3a73e895,20260815,ecs-keyed,adverse-ecs-mismatch,1,0,0,1,1,0
74b27459-76f4-4bdf-8863-e085b565ec40,20260815,ecs-keyed,adverse-ecs-mismatch,1,0,0,1,1,0
24199e6b-1bbb-496f-ad03-4ab3f658c1d3,20260815,ecs-keyed,adverse-ecs-mismatch,1,0,0,1,1,0
4ecbc4a1-7813-4b54-af7f-26f679be2883,20260815,ecs-keyed,adverse-ecs-mismatch,1,0,0,1,1,0
cf80ceb6-dae8-42b5-8210-12ccda8fc11c,20260815,ecs-keyed,adverse-ecs-mismatch,1,0,0,1,1,0
00171da1-d004-4a7e-8ca9-cb25965ba009,20260815,ecs-keyed,adverse-ecs-mismatch,1,0,0,1,1,0
8832c245-be87-4a33-8e62-c289c6bdd206,20260815,ecs-keyed,adverse-ecs-mismatch,1,0,0,1,1,0
efe25260-e695-4920-8f67-f7bd5f7cbc09,20260815,ecs-keyed,adverse-ecs-mismatch,1,0,0,1,1,0
5444e3a9-0f96-44b7-a535-528313518c4b,20260815,ecs-keyed,adverse-ecs-mismatch,1,0,0,1,1,0
ce03fcb8-9279-40ea-9b1f-3bef616ce89d,20260815,ecs-keyed,adverse-ecs-mismatch,1,0,0,1,1,0
c15f4ca8-534a-4ff0-a334-952eca2288d5,20260815,ecs-keyed,adverse-ecs-mismatch,1,0,0,1,1,0
e2c7b836-3c3e-4098-847a-abc9b0ae2b13,20260815,ecs-keyed,adverse-ecs-mismatch,1,0,0,1,1,0
413efd44-4178-42a0-a756-1b7052addf9a,20260815,ecs-keyed,adverse-ecs-mismatch,1,0,0,1,1,0
80d470f1-b247-4c6e-abcb-b4d1df6aae04,20260815,ecs-keyed,adverse-ecs-mismatch,1,0,0,1,1,0
1f8f393d-c661-408f-8c7b-281fb5917d16,20260815,ecs-keyed,adverse-ecs-mismatch,1,0,0,1,1,0
3ccd50f1-eabe-48b4-9c68-ab500d635f37,20260815,ecs-keyed,adverse-ecs-mismatch,1,0,0,1,1,0
30c1d612-03e2-45cb-bcdd-37f2a58c380f,20260815,ecs-keyed,adverse-ecs-mismatch,1,0,0,1,1,0
8dc85562-4186-4b2e-870c-24e65fc18791,20260815,ecs-keyed,adverse-ecs-mismatch,1,0,0,1,1,0
997fd8cd-386b-4398-aa39-e6fdccb0dec8,20260815,ecs-keyed,adverse-ecs-mismatch,1,0,0,1,1,0
5b1f2730-f6c1-44cb-8d72-7f44a6214dfc,20260815,ecs-keyed,adverse-ecs-mismatch,1,0,0,1,1,0
74c5f4b6-1fba-49a9-9005-677ef0233757,20260815,ecs-keyed,adverse-ecs-mismatch,1,0,0,1,1,0
6fb3a9eb-5eb8-4b58-9289-3b7ef6ce26cf,20260815,ecs-keyed,adverse-ecs-mismatch,1,0,0,1,1,0
80893459-4511-4203-aaaa-cadbe633a4f9,20260815,ecs-keyed,adverse-ecs-mismatch,1,0,0,1,1,0
5af5bfda-9dea-403d-a74c-dd82f5cc5afc,20260815,ecs-keyed,adverse-ecs-mismatch,1,0,0,1,1,0
3632d109-5ba4-4c66-99ac-fc5d0e840291,20260815,ecs-keyed,adverse-ecs-mismatch,1,0,0,1,1,0
f655bbb2-314f-4702-88f5-ddee7c38eb80,20260815,ecs-keyed,adverse-ecs-mismatch,1,0,0,1,1,0
c8ec253a-af02-418b-a8ae-c1d4ff0c8e2a,20260815,ecs-keyed,adverse-ecs-mismatch,1,0,0,1,1,0
8dc8c5a9-e298-44a2-8d90-62dd5b701085,20260815,ecs-keyed,adverse-ecs-mismatch,1,0,0,1,1,0
24139264-c8a6-47d6-8717-fa8d23fe84a5,20260815,ecs-keyed,adverse-ecs-mismatch,1,0,0,1,1,0
4af4d176-808d-4331-99d5-7bbf5282978e,20260815,ecs-keyed,adverse-ecs-mismatch,1,0,0,1,1,0
7cdb48fa-1eb6-4812-9154-e284b2d5fd9a,20260815,ecs-keyed,adverse-ecs-mismatch,1,0,0,1,1,0
890f58ab-6ef6-4cc2-8031-e6a5100e416f,20260815,ecs-keyed,adverse-ecs-mismatch,1,0,0,1,1,0
0c3498f9-ffd6-4108-b993-fbc3d8819c0a,20260815,ecs-keyed,adverse-ecs-mismatch,1,0,0,1,1,0
94481b59-427e-4eaf-942e-efeb0412e096,20260815,ecs-keyed,adverse-ecs-mismatch,1,0,0,1,1,0
d4e6667e-fc66-43df-b9a8-15048ef5af06,20260815,ecs-keyed,adverse-ecs-mismatch,1,0,0,1,1,0
18037ff2-f58b-4bff-8ce8-cd504e06fe38,20260815,ecs-keyed,adverse-ecs-mismatch,1,0,0,1,1,0
b6326add-e5d6-43ff-8a9b-68093164418b,20260815,ecs-keyed,adverse-ecs-mismatch,1,0,0,1,1,0
cd915822-3788-4c77-96cc-95c593d11b44,20260815,ecs-keyed,adverse-ecs-mismatch,1,0,0,1,1,0
3c7ef845-8f50-4bb8-9721-c8bf74be8125,20260815,ecs-keyed,adverse-ecs-mismatch,1,0,0,1,1,0
47bc953b-bcd4-4250-a779-9dda540fa37a,20260815,ecs-keyed,adverse-ecs-mismatch,1,0,0,1,1,0
573f4413-7c1e-4f43-a2ac-bec1e0c4de0c,20260815,ecs-keyed,adverse-conflict,1,0,0,2,1,1
d8b09453-29ee-45ee-8eca-f5d25a0394d7,20260815,ecs-keyed,adverse-conflict,1,0,0,2,1,1
cc6b9503-aaa2-452f-8230-f2e748e1f000,20260815,ecs-keyed,adverse-conflict,1,0,0,2,1,1
3b7a0df4-899e-4036-abf8-1afaf716c3af,20260815,ecs-keyed,adverse-ecs-mismatch,1,0,0,1,1,0
92933ac0-2a03-443b-8c46-25fa2560a7c5,20260815,ecs-keyed,adverse-conflict,1,0,0,2,1,1
fdee3865-8165-45b5-8ea9-9121ee91200a,20260815,ecs-keyed,adverse-conflict,1,0,0,2,1,1
8492655d-aceb-4de3-92ee-321f2990fddf,20260815,ecs-keyed,adverse-conflict,1,0,0,2,1,1
4939e87d-040b-4a9d-97f2-a500c0ce0afc,20260815,ecs-keyed,adverse-conflict,1,0,0,2,1,1
448ea05a-5c9b-4b3e-bdbf-de3981b57419,20260815,ecs-keyed,adverse-conflict,1,0,0,2,1,1
7b8823f4-cd82-489e-bd85-c988000914ea,20260815,ecs-keyed,adverse-ecs-mismatch,1,0,0,1,1,0
e1394b1e-3c43-4236-a8f7-46ac6d9f61fd,20260815,ecs-keyed,adverse-conflict,1,0,0,2,1,1
302d8614-aafd-4c58-b5a8-6d3db7c9ce99,20260815,ecs-keyed,adverse-conflict,1,0,0,2,1,1
8ef27d38-8092-45dd-9359-74d4825c265e,20260815,ecs-keyed,adverse-conflict,1,0,0,2,1,1
c3831578-75e8-488a-af25-ccd8f0b59619,20260815,ecs-keyed,adverse-conflict,1,0,0,2,1,1
bd7de0df-a658-4165-9270-fd7aad35be78,20260815,ecs-keyed,adverse-conflict,1,0,0,2,1,1
12dc0688-b12c-4a72-8442-326cf45a4565,20260815,ecs-keyed,adverse-conflict,1,0,0,2,1,1
058b8835-4372-43f7-837e-f28633023584,20260815,ecs-keyed,adverse-conflict,1,0,0,2,1,1
ee867c2c-f320-4a79-9751-dd3c293d5878,20260815,ecs-keyed,adverse-conflict,1,0,0,2,1,1
98890f82-4823-460d-ac85-674874d648b0,20260815,ecs-keyed,adverse-conflict,1,0,0,2,1,1
8f1b87cd-481c-4231-86df-aa381173eb27,20260815,ecs-keyed,adverse-conflict,1,0,0,2,1,1
2f79b3b8-62f7-46e7-ac3e-9c47f11125c6,20260815,ecs-keyed,adverse-conflict,1,0,0,2,1,1
23f16a40-8fdf-4dab-9adb-35c094676772,20260815,ecs-keyed,adverse-conflict,1,0,0,2,1,1
e3f74c65-c12d-47aa-9505-22024856a5fa,20260815,ecs-keyed,adverse-conflict,1,0,0,2,1,1
30cfc069-d856-459e-99df-1458791d726f,20260815,ecs-keyed,adverse-conflict,1,0,0,2,1,1
fce37f62-98b5-47ad-a1ff-af9c7aca32b3,20260815,ecs-keyed,adverse-conflict,1,0,0,2,1,1
cf4599b6-5a8a-4327-b5c2-d1f8fe30c78a,20260815,ecs-keyed,adverse-conflict,1,0,0,2,1,1
cfd3efb5-815a-4327-999d-39dcf182030a,20260815,ecs-keyed,adverse-conflict,1,0,0,2,1,1
1e164b90-34f8-40d9-9ec1-a56e626a604d,20260815,ecs-keyed,adverse-conflict,1,0,0,2,1,1
ca7dea6e-c7a5-4a1c-97d8-1896455bf9e0,20260815,ecs-keyed,benign-burst,0,0,0,1,1,0
a4ac8865-6798-41f0-aba7-88411599b0fe,20260815,ecs-keyed,benign-burst,0,0,0,1,1,0
4945b159-0d6b-47e0-8323-2555069a108a,20260815,ecs-keyed,benign-burst,0,0,0,1,1,0
ea26b119-ed95-4dda-9596-a86b640148e3,20260815,ecs-keyed,adverse-conflict,1,0,0,2,1,1
eb5fc946-ce3d-4151-97e9-8c452893cc88,20260815,ecs-keyed,benign-burst,0,0,0,1,1,0
3a2a52f5-bfef-4b52-b263-e4bd1b83d68f,20260815,ecs-keyed,benign-burst,0,0,0,1,1,0
c18b82fe-aaf0-4339-bd1c-77fc6808a95f,20260815,ecs-keyed,adverse-conflict,1,0,0,2,1,1
483c5cc2-b70d-4067-baaa-5b3b1d8ad237,20260815,ecs-keyed,benign-burst,0,0,0,1,1,0
b4cfcebc-793a-4586-bf7a-922f9db41e4d,20260815,ecs-keyed,benign-burst,0,0,0,1,1,0
1fbefe20-d18a-4e51-8c18-b04b7805de03,20260815,ecs-keyed,adverse-conflict,1,0,0,2,1,1
f06897db-f8be-4050-b1a2-dfab62bda756,20260815,ecs-keyed,adverse-conflict,1,0,0,2,1,1
f39ed6e1-f8e5-459e-97a0-e1df70894cc4,20260815,ecs-keyed,adverse-conflict,1,0,0,2,1,1
4255bb6f-6366-4ccd-b9f9-9cd34ad520d1,20260815,ecs-keyed,adverse-conflict,1,0,0,2,1,1
a9b60b0c-0e92-4d0e-b75f-f2dfe2c1c665,20260815,ecs-keyed,adverse-conflict,1,0,0,2,1,1
d61cc9dd-2509-433b-bb28-7f07c9495b90,20260815,ecs-keyed,adverse-conflict,1,0,0,2,1,1
7907e7ae-af02-408a-a923-e30a8c771627,20260815,ecs-keyed,adverse-conflict,1,0,0,2,1,1
eb82f054-b35d-4820-954d-5853889c91fd,20260815,ecs-keyed,adverse-conflict,1,0,0,2,1,1
ec53945b-4043-4629-8011-b87bd490a27e,20260815,ecs-keyed,adverse-conflict,1,0,0,2,1,1
c51158dd-1dbf-4985-a476-b0cc1191cad9,20260815,ecs-keyed,adverse-conflict,1,0,0,2,1,1
d797b94c-8102-421e-8ee3-69682deef72a,20260815,ecs-keyed,adverse-conflict,1,0,0,2,1,1
1439ca7e-f236-4e52-bb53-409f074f91dc,20260815,ecs-keyed,adverse-conflict,1,0,0,2,1,1
73a88f05-627d-4a0e-8ae1-d98402fc73ab,20260815,ecs-keyed,adverse-conflict,1,0,0,2,1,1
9d092d91-f930-4d6d-9bc0-910a1f2ce83c,20260815,ecs-keyed,adverse-conflict,1,0,0,2,1,1
3d114e0b-d962-4076-824f-f9a78def190a,20260815,ecs-keyed,adverse-conflict,1,0,0,2,1,1
9f32aa2f-bc94-41b3-9133-d13dc1e8bf95,20260815,ecs-keyed,adverse-conflict,1,0,0,2,1,1
6a082208-8566-499f-9027-a3ff04f66008,20260815,ecs-keyed,adverse-conflict,1,0,0,2,1,1
40f3e929-aa32-4ac0-9eff-f8d22fab9459,20260815,ecs-keyed,adverse-conflict,1,0,0,2,1,1
ec2f57de-2915-42da-aadb-4de14497fb71,20260815,ecs-keyed,adverse-conflict,1,0,0,2,1,1
f0b4e9ca-ecdd-4e90-8423-3258ed3d3b4f,20260815,ecs-keyed,adverse-conflict,1,0,0,2,1,1
70f70f6b-f038-40f2-bda3-a10a517467e0,20260815,ecs-keyed,adverse-conflict,1,0,0,2,1,1
6b32e9e2-e633-4b66-b9a7-f68936608524,20260815,ecs-keyed,adverse-conflict,1,0,0,2,1,1
6d745893-df21-4fcd-8542-b924c5646a71,20260815,ecs-keyed,adverse-conflict,1,0,0,2,1,1
7e0b1621-f75c-46e8-ad4a-1da904adff84,20260815,ecs-keyed,adverse-conflict,1,0,0,2,1,1
7664f900-3d67-48b0-b50b-501ff0ac8be0,20260815,ecs-keyed,adverse-conflict,1,0,0,2,1,1
42752d0d-c4b5-4ff9-b9b6-cf3c95562576,20260815,ecs-keyed,adverse-conflict,1,0,0,2,1,1
4f0f1272-0dc0-4406-88b9-4a51171e4a3d,20260815,ecs-keyed,adverse-conflict,1,0,0,2,1,1
99837af0-bba1-4df8-98cf-00a90fea5bc8,20260815,ecs-keyed,adverse-conflict,1,0,0,2,1,1
d7961ec0-3400-4908-a24e-d170dd74eabd,20260815,ecs-keyed,adverse-conflict,1,0,0,2,1,1
8572d6b8-9be2-46e7-b44c-6464cdfbd706,20260815,ecs-keyed,adverse-conflict,1,0,0,2,1,1
41d57b62-a12a-40c5-89c7-60b303261f0c,20260815,ecs-keyed,adverse-conflict,1,0,0,2,1,1
682f38bf-9dab-4bff-a4da-e3f4b779e2c2,20260815,ecs-keyed,adverse-conflict,1,0,0,2,1,1
4627d999-1c6b-4188-9f64-0d7fa247b2d3,20260815,ecs-keyed,adverse-conflict,1,0,0,2,1,1
5cc08488-27f6-477a-9706-581905afb916,20260815,ecs-keyed,adverse-conflict,1,0,0,2,1,1
50f83b33-4285-4248-b5b5-3573d21cf55f,20260815,ecs-keyed,adverse-conflict,1,0,0,2,1,1
af6c1104-c428-46d8-9492-11c15c835fc0,20260815,ecs-keyed,adverse-conflict,1,0,0,2,1,1
a8971b73-a7d7-4553-a263-57b5e3b68627,20260815,ecs-keyed,adverse-conflict,1,0,0,2,1,1
8bb60ed6-892d-45f8-b8f2-a5a3893fed7a,20260815,ecs-keyed,adverse-conflict,1,0,0,2,1,1
2828e7e7-a834-45c2-8ce5-a92c519a8066,20260815,ecs-keyed,adverse-conflict,1,0,0,2,1,1
829fd06f-82b5-4cdf-a358-2e9504b5b8cb,20260815,ecs-keyed,adverse-conflict,1,0,0,2,1,1
883bce37-d25f-4364-90cf-eccafe294d82,20260815,ecs-keyed,adverse-conflict,1,0,0,2,1,1
1c83251e-b111-48cd-b9fc-3b3876efb8da,20260815,ecs-keyed,adverse-conflict,1,0,0,2,1,1
81c3d2c2-46f9-4332-91c2-9c5e930fd7e2,20260815,ecs-keyed,adverse-conflict,1,0,0,2,1,1
5a302d66-4657-4472-9a05-6ac5f94a7cc7,20260815,ecs-keyed,adverse-conflict,1,0,0,2,1,1
5ae3f072-62f4-451c-a7d2-5d9553245006,20260815,ecs-keyed,adverse-conflict,1,0,0,2,1,1
37338cc4-7348-425e-bd08-aad18e8d44e4,20260815,ecs-keyed,adverse-conflict,1,0,0,2,1,1
dfe3ee12-fcc9-44d2-8a1a-64fc56714a9f,20260815,ecs-keyed,adverse-conflict,1,0,0,2,1,1
add44acf-c665-48f8-b211-8bd6b92eeed4,20260815,ecs-keyed,adverse-conflict,1,0,0,2,1,1
79dcd28f-d427-47b3-bda7-a9ae1a46a4a0,20260815,ecs-keyed,adverse-conflict,1,0,0,2,1,1
c4f4efe4-fd22-47b0-905a-97daa3cb6f82,20260815,ecs-keyed,adverse-conflict,1,0,0,2,1,1
e1570e75-a9e2-4e6c-8a03-5d1ecb4c8e71,20260815,ecs-keyed,adverse-ecs-fanout,1,0,0,2,1,1
ee14a486-7d38-4a51-bf79-b9057d3fcd36,20260815,ecs-keyed,adverse-conflict,1,0,0,2,1,1
4dce555a-a8c4-4aa2-a65e-9c629e292b98,20260815,ecs-keyed,adverse-ecs-fanout,1,0,0,2,1,1
3b33eba4-fb71-4989-bae1-579fe4e03f9e,20260815,ecs-keyed,adverse-ecs-fanout,1,0,0,2,1,1
7033be49-0530-4fc7-99b6-a769d5113973,20260815,ecs-keyed,adverse-ecs-fanout,1,0,0,2,1,1
830ba363-ddb9-4517-b26b-48e37801513c,20260815,ecs-keyed,adverse-ecs-fanout,1,0,0,2,1,1
de05a8e3-8bbe-4427-b347-acb09156ba84,20260815,ecs-keyed,adverse-ecs-fanout,1,0,0,2,1,1
069f25a2-6afb-48b1-8859-263b5789450b,20260815,ecs-keyed,adverse-ecs-fanout,1,0,0,2,1,1
77d42ff7-c976-4a18-9d36-4c51f50db24d,20260815,ecs-keyed,adverse-conflict,1,0,0,2,1,1
c5f3815c-3c03-44a2-a78c-554b126f3d1f,20260815,ecs-keyed,adverse-ecs-fanout,1,0,0,2,1,1
78e07b02-92ab-4ff7-8e67-f3e765687489,20260815,ecs-keyed,adverse-ecs-fanout,1,0,0,2,1,1
9d759763-64dc-4a42-b829-13f2dc7d3054,20260815,ecs-keyed,adverse-ecs-fanout,1,0,0,2,1,1
018fd654-db37-445d-bf51-af74e82353c0,20260815,ecs-keyed,adverse-ecs-fanout,1,0,0,2,1,1
e5ce0399-3ebd-4526-a05e-9929950115a4,20260815,ecs-keyed,adverse-ecs-fanout,1,0,0,2,1,1
7a63d68f-884d-4805-96bf-b0ec7d82bc36,20260815,ecs-keyed,adverse-ecs-fanout,1,0,0,2,1,1
c9a7a38e-e95b-4ae9-8d3c-dce6c9e1a651,20260815,ecs-keyed,adverse-ecs-fanout,1,0,0,2,1,1
11cfb5e9-dab9-49ec-a11b-1cc157216b32,20260815,ecs-keyed,adverse-ecs-fanout,1,0,0,2,1,1
d429a096-972d-44cf-9cad-031deef4e564,20260815,ecs-keyed,adverse-ecs-fanout,1,0,0,2,1,1
1b963f43-667f-4a8f-a090-80b96ec79de4,20260815,ecs-keyed,adverse-ecs-fanout,1,0,0,2,1,1
65b5442c-716d-4ff4-82d4-9b0d4e73ba24,20260815,ecs-keyed,adverse-ecs-fanout,1,0,0,2,1,1
f8ccff23-f7fa-4bf9-8ca5-1fda759db4ea,20260815,ecs-keyed,adverse-ecs-fanout,1,0,0,2,1,1
4dd82315-3b34-4bde-913b-731fccb1b597,20260815,ecs-keyed,adverse-ecs-fanout,1,0,0,2,1,1
7952937a-933a-4ba8-8653-d070dc19bdba,20260815,ecs-keyed,adverse-ecs-fanout,1,0,0,2,1,1
23babfee-05e9-4005-b72c-5e4b7f65f86d,20260815,ecs-keyed,adverse-ecs-fanout,1,0,0,2,1,1
08db4c68-1715-4d57-9e00-698ce6405c34,20260815,ecs-keyed,adverse-ecs-fanout,1,0,0,2,1,1
19914d78-2f79-498c-8bc7-27524681c1ee,20260815,ecs-keyed,adverse-ecs-fanout,1,0,0,2,1,1
ccdbe3e6-b9e9-4c47-ad98-7402d57b94e8,20260815,ecs-keyed,adverse-ecs-fanout,1,0,0,2,1,1
eb6257d8-d696-4f73-ac0a-59ddb6a8c1be,20260815,ecs-keyed,adverse-ecs-fanout,1,0,0,2,1,1
6f8c80ae-21c2-4cf4-b8ec-6e69ed472725,20260815,ecs-keyed,adverse-ecs-fanout,1,0,0,2,1,1
0309697b-1b1a-48a6-8658-cea6a969ba2a,20260815,ecs-keyed,adverse-ecs-fanout,1,0,0,2,1,1
daca1db1-9e04-41a3-9861-30d61bd866d8,20260815,ecs-keyed,adverse-ecs-fanout,1,0,0,2,1,1
9d1fb519-243e-4361-9d9c-3515d51aba81,20260815,ecs-keyed,adverse-ecs-fanout,1,0,0,2,1,1
2811db9f-33d5-412f-8520-2ffc30905155,20260815,ecs-keyed,adverse-ecs-fanout,1,0,0,2,1,1
50d683a5-5648-465f-bd75-b8aeca2933a6,20260815,ecs-keyed,adverse-ecs-fanout,1,0,0,2,1,1
b99d7514-b377-457e-b931-d7c904497bdf,20260815,ecs-keyed,adverse-ecs-fanout,1,0,0,2,1,1
e10963e1-bbf5-4047-aaa5-d706052a5bcd,20260815,ecs-keyed,adverse-ecs-fanout,1,0,0,2,1,1
70e604fd-c2fa-4bfd-91c1-3df12e76438e,20260815,ecs-keyed,adverse-ecs-fanout,1,0,0,2,1,1
d402227a-ba25-46ce-bfd9-67d2fae63ec0,20260815,ecs-keyed,adverse-ecs-fanout,1,0,0,2,1,1
e6c0a315-7668-4bb9-b04a-e3e2973430f6,20260815,ecs-keyed,adverse-ecs-fanout,1,0,0,2,1,1
cc60fb01-dc04-4a21-a730-718b1d058ab5,20260815,ecs-keyed,adverse-ecs-fanout,1,0,0,2,1,1
ed624b1e-f78e-43f2-8545-1f6f5cc28b3f,20260815,ecs-keyed,adverse-ecs-fanout,1,0,0,2,1,1
bc884051-6549-415d-b108-c74c078524d3,20260815,ecs-keyed,adverse-ecs-fanout,1,0,0,2,1,1
67011555-78a9-44ed-b6f9-c9c57dc2c60c,20260815,ecs-keyed,adverse-ecs-fanout,1,0,0,2,1,1
0a975b8e-c15e-4393-84f0-8cbe554aaecf,20260815,ecs-keyed,adverse-ecs-fanout,1,0,0,2,1,1
fb3eb515-3737-4f11-bf4c-42c2ff928ba0,20260815,ecs-keyed,adverse-ecs-fanout,1,0,0,2,1,1
2848d2da-606d-4939-8eb1-f91bdcad5d04,20260815,ecs-keyed,adverse-ecs-fanout,1,0,0,2,1,1
7df54f5d-39bb-467a-81d3-bce1e50b0d02,20260815,ecs-keyed,adverse-ecs-fanout,1,0,0,2,1,1
a6c92e64-6c7e-4622-9bb2-daeda7bb9844,20260815,ecs-keyed,adverse-ecs-fanout,1,0,0,2,1,1
43c2c649-08a5-47d5-b629-e233934f60ba,20260815,ecs-keyed,adverse-ecs-fanout,1,0,0,2,1,1
7169c4f6-c1cc-4ade-8c28-72e5b3ea33c9,20260815,ecs-keyed,adverse-ecs-fanout,1,0,0,2,1,1
c59c170e-bd37-46be-8edf-b51dd23e3518,20260815,ecs-keyed,adverse-ecs-fanout,1,0,0,2,1,1
31695ab4-3134-4186-bdcd-fd21a32e45e5,20260815,ecs-keyed,adverse-ecs-fanout,1,0,0,2,1,1
b251d82f-5be8-4401-9b27-9a8c056fa95a,20260815,ecs-keyed,adverse-ecs-fanout,1,0,0,2,1,1
3a34afce-3f8f-446e-9360-f0e5f48927a3,20260815,ecs-keyed,adverse-conflict,1,0,0,2,1,1
6c7c4722-5320-4130-8087-67d9b9089ae9,20260815,ecs-keyed,adverse-conflict,1,0,0,2,1,1
9cd498ac-bb7a-4b64-b3a5-42c07c26ac2b,20260815,ecs-keyed,adverse-conflict,1,0,0,2,1,1
33a11c1a-6cf6-4679-a0f0-00901993d71b,20260815,ecs-keyed,adverse-conflict,1,0,0,2,1,1
8194390a-793a-4b71-aaec-b5283e645422,20260815,ecs-keyed,adverse-conflict,1,0,0,2,1,1
ef39220e-63a7-453b-bce2-9dba25500d41,20260815,ecs-keyed,adverse-conflict,1,0,0,2,1,1
f79c5520-152e-4045-a8f2-429a0de30572,20260815,ecs-keyed,adverse-ecs-fanout,1,0,0,2,1,1
019f6485-2b73-41ae-a976-8dae9f9d3113,20260815,ecs-keyed,adverse-ecs-fanout,1,0,0,2,1,1
aa3f6973-5347-4d6d-b56e-f41c1e80ac32,20260815,ecs-keyed,adverse-conflict,1,0,0,2,1,1
41450e67-b17d-43d8-b118-150107b77c76,20260815,ecs-keyed,adverse-conflict,1,0,0,2,1,1
57214fc1-4ffd-42dd-bfd9-efa2db5da132,20260815,ecs-keyed,adverse-conflict,1,0,0,2,1,1
b8851427-1932-42d7-95c9-8bb83bb552b9,20260815,ecs-keyed,adverse-ecs-fanout,1,0,0,2,1,1
3bb10bc0-2ef5-400c-a565-76996aeb9309,20260815,ecs-keyed,adverse-ecs-fanout,1,0,0,2,1,1
b8506acd-f4ec-4fc8-960e-fc5f3500e484,20260815,ecs-keyed,adverse-ecs-fanout,1,0,0,2,1,1
0265b966-5c74-4f3e-94f8-5058bdd80f17,20260815,ecs-keyed,adverse-conflict,1,0,0,2,1,1
aebf219a-c5e5-4ca2-8e2a-373d3a80373b,20260815,ecs-keyed,adverse-ecs-fanout,1,0,0,2,1,1
955bd04a-8d25-4956-9327-2691839a6147,20260815,ecs-keyed,adverse-ecs-fanout,1,0,0,2,1,1
fa691b9b-ce21-4c5e-a494-b9589765fd60,20260815,ecs-keyed,adverse-ecs-fanout,1,0,0,2,1,1
09fe43fa-7006-404a-b15b-6da28eb121df,20260815,ecs-keyed,adverse-ecs-fanout,1,0,0,2,1,1
8b6500ec-73ac-44f8-a588-1521f97767dc,20260815,ecs-keyed,adverse-ecs-fanout,1,0,0,2,1,1
961e8c5c-557d-4bb8-8b28-f49a49c6ab2c,20260815,ecs-keyed,adverse-ecs-fanout,1,0,0,2,1,1
6c4aff0c-0ee5-441f-ba8f-8194f88047b8,20260815,ecs-keyed,adverse-ecs-fanout,1,0,0,2,1,1
df7294b5-30e6-4861-845b-90ba54a9a3c5,20260815,ecs-keyed,adverse-ecs-fanout,1,0,0,2,1,1
2a9f8a09-0071-41b4-a2c2-68ffbee0917b,20260815,ecs-keyed,adverse-ecs-fanout,1,0,0,2,1,1
b8784444-c77f-460c-af1e-26312dd18de4,20260815,ecs-keyed,adverse-ecs-fanout,1,0,0,2,1,1
a7314cd0-c48b-444d-8927-523961f10b76,20260815,ecs-keyed,adverse-ecs-fanout,1,0,0,2,1,1
9a85870e-3bda-4b03-858b-1c05e578e9bc,20260815,ecs-keyed,adverse-ecs-fanout,1,0,0,2,1,1
fe817142-a0b6-4ad8-a421-af9e90c97dd9,20260815,ecs-keyed,adverse-ecs-fanout,1,0,0,2,1,1
94a1bbf4-a04b-4289-ad97-a7f1e51efa89,20260815,ecs-keyed,adverse-ecs-fanout,1,0,0,2,1,1
cfd26fb8-ccc9-44cd-8035-32bf7c6ccb2e,20260815,ecs-keyed,adverse-ecs-fanout,1,0,0,2,1,1
1dccf16c-fa34-42ba-8d1e-85f245cfa7fb,20260815,ecs-keyed,adverse-ecs-fanout,1,0,0,2,1,1
d04aae37-27a5-4138-b920-4e39549fe4b8,20260815,ecs-keyed,adverse-ecs-fanout,1,0,0,2,1,1
7c0f056a-6a29-416b-8933-b446f64bd831,20260815,ecs-keyed,adverse-ecs-fanout,1,0,0,2,1,1
9c808c0d-9ebd-4b8a-a6ff-af7041163075,20260815,ecs-keyed,adverse-ecs-fanout,1,0,0,2,1,1
296de3ea-37b2-44dc-8ac1-6719108b32d3,20260815,ecs-keyed,adverse-ecs-fanout,1,0,0,2,1,1
15239f92-3293-4607-8f25-f4f3f26a7e41,20260815,ecs-keyed,adverse-ecs-fanout,1,0,0,2,1,1
5f754cc8-7aea-4db9-aa86-d536a9617595,20260815,ecs-keyed,adverse-ecs-fanout,1,0,0,2,1,1
ea852463-2944-4ebf-9f0c-90f7a568a832,20260815,ecs-strict,benign-plain,0,0,0,1,1,0
acedae3d-602b-4c13-9962-697d3b26e3b3,20260815,ecs-keyed,adverse-ecs-fanout,1,0,0,2,1,1
db8f30da-a155-4be5-bcaf-7dd0db482d60,20260815,ecs-keyed,adverse-ecs-fanout,1,0,0,2,1,1
5517cfbd-6f5d-4b93-919d-893682664061,20260815,ecs-strict,benign-plain,0,0,0,1,1,0
a3f14202-bddb-4524-b42d-1f78c0f6d6ed,20260815,ecs-strict,benign-plain,0,0,0,1,1,0
733500a4-a838-484d-bcdf-85d9365ebe6c,20260815,ecs-strict,benign-plain,0,0,0,1,1,0
3c53a773-a717-4212-ac78-f82bd51bdf39,20260815,ecs-strict,benign-plain,0,0,0,1,1,0
2e105c1f-ddd3-4f6f-b016-c3ea3d1204e8,20260815,ecs-strict,benign-plain,0,0,0,1,1,0
41d78c7a-19a5-4e5e-a006-ce70ced8bfbe,20260815,ecs-strict,benign-plain,0,0,0,1,1,0
35ba168a-cbcf-44b8-af01-1f8ac0e4becb,20260815,ecs-strict,benign-plain,0,0,0,1,1,0
a4aa4888-9d0f-40ba-967e-64236b6a1adc,20260815,ecs-strict,benign-plain,0,0,0,1,1,0
bb2680f6-25c1-430b-8d87-106f96f71971,20260815,ecs-strict,benign-plain,0,0,0,1,1,0
c2778e1c-8deb-4099-b0f8-923680d64782,20260815,ecs-strict,benign-plain,0,0,0,1,1,0
46481613-0b1a-435e-9122-e1930b846140,20260815,ecs-keyed,adverse-ecs-fanout,1,0,0,2,1,1
d125c232-4bc7-44b2-967c-62ccd0418b82,20260815,ecs-strict,benign-plain,0,0,0,1,1,0
da4cbb3e-4b4c-4e44-8dfb-bf0af460c33e,20260815,ecs-strict,benign-plain,0,0,0,1,1,0
bf88e4e5-25ac-40fc-bf97-6a3a83d6419c,20260815,ecs-keyed,adverse-ecs-fanout,1,0,0,2,1,1
b0954beb-7698-410a-85c2-aaaa5a685636,20260815,ecs-strict,benign-plain,0,0,0,1,1,0
77477ba1-6e2d-4c0b-b588-fb5c242a2d11,20260815,ecs-keyed,adverse-ecs-fanout,1,0,0,2,1,1
7c331d6b-bcac-44f4-b9e5-8c9726a8e798,20260815,ecs-strict,benign-plain,0,0,0,1,1,0
01c3b9d2-726b-46b7-b82d-50ca84493934,20260815,ecs-strict,benign-plain,0,0,0,1,1,0
3f76a13b-5f5b-4a4e-b407-9bd307c2b5d0,20260815,ecs-strict,benign-plain,0,0,0,1,1,0
97eaf52b-c554-4a4d-8ffb-74090a476abe,20260815,ecs-strict,benign-plain,0,0,0,1,1,0
0fb90e5c-b2fb-426b-82ec-7e6decf0dd5d,20260815,ecs-strict,benign-plain,0,0,0,1,1,0
a3394dff-8a3e-4f58-80f1-f78d3fa738b1,20260815,ecs-keyed,adverse-ecs-fanout,1,0,0,2,1,1
dd104bb9-5c8d-420e-b5b0-92b05b7f5922,20260815,ecs-strict,benign-plain,0,0,0,1,1,0
adbf0e83-9a17-48cb-a80d-4e3843c529eb,20260815,ecs-strict,benign-plain,0,0,0,1,1,0
580f4323-1cad-4e48-8a14-9c686c5864c8,20260815,ecs-keyed,adverse-ecs-fanout,1,0,0,2,1,1
b7bf7df7-d642-4143-9c9c-c53153b36bcf,20260815,ecs-strict,benign-plain,0,0,0,1,1,0
f052d937-1671-4f02-9540-44e7c5a6d3bc,20260815,ecs-strict,benign-plain,0,0,0,1,1,0
0744b478-f8ae-401f-a06f-4048d8ed9463,20260815,ecs-strict,benign-plain,0,0,0,1,1,0
d7343847-fa6a-4ee0-be56-57fbc575be36,20260815,ecs-strict,benign-plain,0,0,0,1,1,0
0c365b8d-f8b7-430c-a691-50b090931b49,20260815,ecs-strict,benign-plain,0,0,0,1,1,0
c398867f-faa8-4680-b7ac-45702da7a25e,20260815,ecs-strict,benign-plain,0,0,0,1,1,0
5f10893f-bb93-4d94-9d3e-d765b4d211a9,20260815,ecs-strict,benign-plain,0,0,0,1,1,0
e95b91bd-6156-4f7c-b634-886779ebbf55,20260815,ecs-strict,benign-plain,0,0,0,1,1,0
f3cd8425-62f7-4b78-94f5-b5af75dbb139,20260815,ecs-strict,benign-plain,0,0,0,1,1,0
f5d34ec5-bf2a-415a-8cef-462640be8cf7,20260815,ecs-keyed,adverse-ecs-fanout,1,0,0,2,1,1
2366c7be-43a7-4235-9aeb-2b1af1144305,20260815,ecs-keyed,adverse-ecs-fanout,1,0,0,2,1,1
38f60a07-a6bc-4f99-b661-555ff4bca1cb,20260815,ecs-strict,benign-plain,0,0,0,1,1,0
73c40a6a-d219-43ff-83c5-23dbc3e86401,20260815,ecs-strict,benign-plain,0,0,0,1,1,0
e4fc7d90-4a46-4cb1-8d14-b2a43d3b87e3,20260815,ecs-strict,benign-plain,0,0,0,1,1,0
ca1dbaa9-0aa4-4d18-becd-e787f3e1981a,20260815,ecs-strict,benign-plain,0,0,0,1,1,0
6120858b-0998-4c22-9d4d-d4b447775208,20260815,ecs-strict,benign-plain,0,0,0,1,1,0
59fcef6e-f330-46d3-b02b-2740a6c01e5b,20260815,ecs-keyed,adverse-ecs-fanout,1,0,0,2,1,1
ee81983a-923d-4bdb-a383-c85d7a3c1474,20260815,ecs-strict,benign-plain,0,0,0,1,1,0
167e357d-475b-42c6-890b-3be14ce16627,20260815,ecs-strict,benign-plain,0,0,0,1,1,0
c732bc31-8220-40d0-95e0-f65e4d9e53e6,20260815,ecs-strict,benign-plain,0,0,0,1,1,0
ce49b6ae-2868-48df-b6e7-731f6b56720f,20260815,ecs-strict,benign-plain,0,0,0,1,1,0
dba81ee9-7fe0-436a-a422-5e9dac44aef6,20260815,ecs-strict,benign-plain,0,0,0,1,1,0
a164adb3-b0a8-42d9-9448-5cae9ab0013f,20260815,ecs-strict,benign-plain,0,0,0,1,1,0
99a97922-028b-452c-a9d9-3caf846bd08d,20260815,ecs-strict,benign-plain,0,0,0,1,1,0
f8fbd306-9351-42a7-bf9d-3b7f074fe2db,20260815,ecs-strict,benign-plain,0,0,0,1,1,0
ebbd3123-9874-4840-89cd-aea709fd80cb,20260815,ecs-strict,benign-plain,0,0,0,1,1,0
2cec0fa1-e9a2-40c6-8271-b177baa91cb4,20260815,ecs-strict,benign-plain,0,0,0,1,1,0
3177bf41-fade-4694-8396-5e6de835683e,20260815,ecs-strict,benign-plain,0,0,0,1,1,0
3d36a777-2921-4d97-9ad2-d5fab61b8ef3,20260815,ecs-strict,benign-plain,0,0,0,1,1,0
5d1a9056-bc24-4c69-8e5c-159e6df42e02,20260815,ecs-strict,benign-plain,0,0,0,1,1,0
3a898681-a1b2-452c-8305-3af1d355ac30,20260815,ecs-strict,benign-plain,0,0,0,1,1,0
291403a8-2b32-4f94-afe2-f2f2885095ac,20260815,ecs-strict,benign-plain,0,0,0,1,1,0
1ed6a01f-bea4-43be-971c-701558e169a0,20260815,ecs-strict,benign-plain,0,0,0,1,1,0
cff4ffd5-a701-4385-846e-c9e7aaa602b2,20260815,ecs-strict,benign-plain,0,0,0,1,1,0
b3ffaa4d-290f-4e09-abde-109f72a67029,20260815,ecs-strict,benign-plain,0,0,0,1,1,0
209b8a1c-38df-4c1b-9b40-2aa56a921d73,20260815,ecs-strict,benign-plain,0,0,0,1,1,0
da9cc2c7-4d5e-4ecd-a9f4-bbe8e69e8893,20260815,ecs-strict,benign-plain,0,0,0,1,1,0
3ed603f4-ffbe-44bf-9ec4-ace7ac3922e1,20260815,ecs-strict,benign-plain,0,0,0,1,1,0
58ca7a69-e899-49b2-8f45-4b2cf152d54e,20260815,ecs-strict,benign-plain,0,0,0,1,1,0
03c96eae-9200-4305-900f-c7a34ea58c75,20260815,ecs-strict,benign-plain,0,0,0,1,1,0
b78cc7cd-d7b3-44cb-bf47-33c3866600ec,20260815,ecs-strict,benign-plain,0,0,0,1,1,0
ff048bc6-4224-4755-b0a5-6f45674d91d5,20260815,ecs-strict,benign-plain,0,0,0,1,1,0
45f8ecdf-21bd-43a5-b55d-13f52e639ae1,20260815,ecs-strict,benign-plain,0,0,0,1,1,0
c682af07-881e-4f19-86d0-8eaf78564710,20260815,ecs-strict,benign-plain,0,0,0,1,1,0
aacb121b-cc56-4c9c-bfe8-968cf83a255c,20260815,ecs-strict,benign-plain,0,0,0,1,1,0
e79ac17e-ff73-4d76-935b-2a101624eb4c,20260815,ecs-strict,benign-plain,0,0,0,1,1,0
894390cc-14df-4b0d-a4d5-baf802e03e11,20260815,ecs-strict,benign-plain,0,0,0,1,1,0
bce27be1-7724-4ad3-9570-4e10cea970f3,20260815,ecs-strict,benign-plain,0,0,0,1,1,0
5c922faa-8bdb-471f-8c74-4bcaaa25abf3,20260815,ecs-strict,benign-plain,0,0,0,1,1,0
f0e492da-3514-4863-b73d-aa8b6bfb9dd5,20260815,ecs-strict,benign-plain,0,0,0,1,1,0
92563c00-eed7-41e1-84a5-59df3af4d626,20260815,ecs-strict,benign-plain,0,0,0,1,1,0
e4bb9941-76c8-4df6-9d1e-7273dc7ced0b,20260815,ecs-keyed,adverse-ecs-fanout,1,0,0,2,1,1
2da0a815-d1b3-4da2-8079-c72aa5088664,20260815,ecs-strict,benign-plain,0,0,0,1,1,0
e28393e1-dca9-4c47-99c2-377932b378cb,20260815,ecs-strict,benign-plain,0,0,0,1,1,0
0b9a5805-12b6-4a90-bc29-e5fcc1f36406,20260815,ecs-strict,benign-plain,0,0,0,1,1,0
29f306dd-0951-4a22-9db2-80240fa8ffcf,20260815,ecs-strict,benign-plain,0,0,0,1,1,0
97c90d2a-d69f-402f-8e69-2fd9f4174497,20260815,ecs-strict,benign-plain,0,0,0,1,1,0
cd9ffbcd-b706-416e-a31b-27a5326912a4,20260815,ecs-strict,benign-plain,0,0,0,1,1,0
33250179-ff1c-40e0-ba1b-5d311aaf1bcb,20260815,ecs-strict,benign-plain,0,0,0,1,1,0
eb6ab3e9-2bf7-4d35-86ab-0bdb4cf615eb,20260815,ecs-strict,benign-plain,0,0,0,1,1,0
4ceab6c3-933e-4d4c-850a-9af9677ea109,20260815,ecs-strict,benign-plain,0,0,0,1,1,0
8e0a3f03-9829-4def-abc2-bdaccfac214f,20260815,ecs-strict,benign-plain,0,0,0,1,1,0
bc3ec785-071b-41b4-a910-6e72486aacea,20260815,ecs-strict,benign-plain,0,0,0,1,1,0
31df9e4f-8c04-4c1a-8933-f6e68c508a2c,20260815,ecs-strict,benign-plain,0,0,0,1,1,0
80f2a00d-c0f6-4aa8-896e-8df75e781870,20260815,ecs-strict,benign-ecs-stable,0,0,0,1,1,0
b37c2a9d-d387-4bf9-bb50-4e361f8c139b,20260815,ecs-strict,benign-ecs-stable,0,0,0,1,1,0
12d39000-b172-47dc-b714-b20d3c5b96ca,20260815,ecs-strict,benign-ecs-stable,0,0,0,1,1,0
889a75c5-ff1a-41bf-82df-98299f6eee8f,20260815,ecs-strict,benign-plain,0,0,0,1,1,0
951ba161-0e4e-412c-8a80-142b43c9489d,20260815,ecs-strict,benign-ecs-stable,0,0,0,1,1,0
4164d627-0052-41b8-bdca-c0dada90ceb3,20260815,ecs-strict,benign-ecs-stable,0,0,0,1,1,0
8fc57bbb-3b5a-424c-aebf-990082454c6b,20260815,ecs-strict,benign-ecs-stable,0,0,0,1,1,0
ea1b3372-aed1-415d-a64f-be612e4f3b38,20260815,ecs-strict,benign-ecs-stable,0,0,0,1,1,0
2936a6b3-d6f5-4ced-ac12-04d40ecb2403,20260815,ecs-strict,benign-plain,0,0,0,1,1,0
6531f6a0-178f-4590-b41c-9f5971475a47,20260815,ecs-strict,benign-ecs-stable,0,0,0,1,1,0
fb5ce1ac-46ea-4f91-a8a6-ba3f011e36e2,20260815,ecs-strict,benign-ecs-stable,0,0,0,1,1,0
74e53750-7063-445c-b54d-f92a19c9c307,20260815,ecs-strict,benign-ecs-stable,0,0,0,1,1,0
eceb93fe-7984-41f8-bf2a-ee2ff1db6f76,20260815,ecs-strict,benign-ecs-stable,0,0,0,1,1,0
d721d4c5-c8be-422a-8b47-27fd0787cf9c,20260815,ecs-keyed,adverse-ecs-fanout,1,0,0,2,1,1
e5136f7f-d5b7-4696-9231-41a84d663d0c,20260815,ecs-strict,benign-ecs-stable,0,0,0,1,1,0
cbfa3cfb-b6b7-4d2e-adf7-3631214a7924,20260815,ecs-strict,benign-ecs-stable,0,0,0,1,1,0
4728e37b-b583-46bb-96a0-276be059b0b1,20260815,ecs-strict,benign-ecs-stable,0,0,0,1,1,0
868c54a6-2a26-44d6-996b-2e2069fae8ea,20260815,ecs-strict,benign-plain,0,0,0,1,1,0
0e0f8dcd-22f5-4be1-9559-aa275f4c5f95,20260815,ecs-strict,benign-ecs-stable,0,0,0,1,1,0
3e495796-b1a7-48c4-a52b-0bb785caf7a2,20260815,ecs-strict,benign-ecs-stable,0,0,0,1,1,0
7188f4b3-0c1b-47ea-9e1c-cf240301534e,20260815,ecs-strict,benign-ecs-stable,0,0,0,1,1,0
ea41b3ef-a9cd-4c77-898e-e0a00f424e7c,20260815,ecs-strict,benign-ecs-stable,0,0,0,1,1,0
51370baa-ff12-4daf-8cec-96eaa82014d7,20260815,ecs-strict,benign-ecs-stable,0,0,0,1,1,0
1e1b965f-5c52-47f2-b29a-a74c98a20b6a,20260815,ecs-strict,benign-ecs-stable,0,0,0,1,1,0
9c4354a3-c6f4-416a-b134-9004ba497ae3,20260815,ecs-strict,benign-ecs-stable,0,0,0,1,1,0
a4fccafa-9c6d-4e06-af71-17722fada83e,20260815,ecs-strict,benign-ecs-stable,0,0,0,1,1,0
8e080c11-2632-4fdd-82d7-95247c007767,20260815,ecs-strict,benign-plain,0,0,0,1,1,0
563c026c-03fd-4262-b9a0-cf7a4d9e61cc,20260815,ecs-strict,benign-ecs-stable,0,0,0,1,1,0
d5862467-604a-4214-8bb6-8f5d4acf7ea8,20260815,ecs-strict,benign-ecs-stable,0,0,0,1,1,0
40184318-30c2-43ed-a6c2-a1e766879a32,20260815,ecs-strict,benign-ecs-stable,0,0,0,1,1,0
b3d3a756-bd86-4f56-8765-2f73503f3f76,20260815,ecs-strict,benign-plain,0,0,0,1,1,0
6723345f-de48-4a0e-9145-88ed5113ceea,20260815,ecs-strict,benign-ecs-stable,0,0,0,1,1,0
f37f5394-c3d6-40c3-86b2-a85e51763970,20260815,ecs-strict,benign-ecs-stable,0,0,0,1,1,0
2eb93aea-d2cc-4656-9f7f-7343d6c8a44b,20260815,ecs-strict,benign-ecs-stable,0,0,0,1,1,0
6ce5b301-b953-49e3-825b-dcbe4eda13b6,20260815,ecs-strict,benign-plain,0,0,0,1,1,0
9f72cca7-de8d-49c7-a3ab-64a6758468e8,20260815,ecs-strict,benign-ecs-stable,0,0,0,1,1,0
b91966aa-d712-475b-8c0e-2525d3936360,20260815,ecs-strict,benign-ecs-stable,0,0,0,1,1,0
b5733abc-0359-4fef-b65d-f6a262a49fc2,20260815,ecs-strict,benign-ecs-stable,0,0,0,1,1,0
4dcec4cb-a6a5-43ab-89fc-d284ba2c5de0,20260815,ecs-strict,benign-ecs-stable,0,0,0,1,1,0
402c8f2f-0dff-45d8-80d2-37a94fd77abb,20260815,ecs-strict,benign-ecs-stable,0,0,0,1,1,0
0653b541-ed37-4962-8017-ff97eb48c3f4,20260815,ecs-strict,benign-ecs-stable,0,0,0,1,1,0
6cec1737-b9d7-4b95-81be-b8ee7a968573,20260815,ecs-strict,benign-plain,0,0,0,1,1,0
20a42448-3ddb-4148-8b1c-d6d4a1196721,20260815,ecs-strict,benign-ecs-stable,0,0,0,1,1,0
fd132276-d087-4dc4-af31-53ffe9033bb5,20260815,ecs-strict,benign-ecs-stable,0,0,0,1,1,0
bdee7b65-f5df-4d41-b61b-655d5176208c,20260815,ecs-strict,benign-ecs-stable,0,0,0,1,1,0
187feb1b-18a2-47b1-9b92-207246d62b56,20260815,ecs-strict,benign-ecs-stable,0,0,0,1,1,0
be06c859-5f83-4c7a-bff6-6492f6bedaa1,20260815,ecs-strict,benign-ecs-stable,0,0,0,1,1,0
34252e84-9134-427d-8066-82ff4155b27b,20260815,ecs-strict,benign-ecs-stable,0,0,0,1,1,0
1a5fb608-ac2f-4dbb-a481-875fa3052474,20260815,ecs-strict,benign-ecs-stable,0,0,0,1,1,0
d577d5d3-57f8-4ae0-b16f-5e4a8d7730a9,20260815,ecs-strict,benign-ecs-stable,0,0,0,1,1,0
db3c3556-d3a8-46e4-a3d2-be194c5034e3,20260815,ecs-strict,benign-plain,0,0,0,1,1,0
4bc9d353-160e-4799-8a9e-1d9222e79ef4,20260815,ecs-strict,benign-ecs-stable,0,0,0,1,1,0
463b1f90-df04-44e3-8ec9-a119525316f1,20260815,ecs-strict,benign-ecs-stable,0,0,0,1,1,0
382bae75-e04f-4187-bc9e-e4f3defeffd3,20260815,ecs-strict,benign-ecs-stable,0,0,0,1,1,0
1e92df92-729f-4140-8ed6-324bd483a0d9,20260815,ecs-strict,benign-plain,0,0,0,1,1,0
c4920e52-e31f-46cc-b6ee-00595aa75883,20260815,ecs-strict,benign-ecs-stable,0,0,0,1,1,0
3b41d1e5-4d27-4abf-9732-15e10dd95620,20260815,ecs-strict,benign-ecs-stable,0,0,0,1,1,0
f3cc3b54-e8b1-47b5-a056-aa2f6d0ecd0b,20260815,ecs-strict,benign-ecs-stable,0,0,0,1,1,0
507ecc36-3252-4032-a859-ec75517d1f3c,20260815,ecs-strict,benign-ecs-stable,0,0,0,1,1,0
edc3a009-9693-402f-b700-8e9a24f97063,20260815,ecs-strict,benign-ecs-stable,0,0,0,1,1,0
f185aace-2e1c-4c51-acb0-a5497ada657d,20260815,ecs-strict,benign-ecs-stable,0,0,0,1,1,0
39139762-7c9d-46a9-bc58-60a002e65b39,20260815,ecs-strict,benign-ecs-stable,0,0,0,1,1,0
abacd2c0-11cb-4ddf-85b3-b9a925fbb537,20260815,ecs-strict,benign-ecs-stable,0,0,0,1,1,0
d5285b73-37ff-4f46-aa11-437e830913fe,20260815,ecs-strict,benign-ecs-stable,0,0,0,1,1,0
bae6f2b0-56f0-40d1-8741-84d36b4e9ef9,20260815,ecs-strict,benign-ecs-stable,0,0,0,1,1,0
93894168-4848-4acb-9034-7ee360ef9b43,20260815,ecs-strict,benign-ecs-stable,0,0,0,1,1,0
a39e4222-3228-4fc6-b58f-ee0101e9b251,20260815,ecs-strict,benign-ecs-stable,0,0,0,1,1,0
aa5f39aa-fb24-44b9-a151-a250f5c8793a,20260815,ecs-strict,benign-ecs-stable,0,0,0,1,1,0
840faf9b-f49f-439a-8ef2-8f75747d7f02,20260815,ecs-strict,benign-ecs-stable,0,0,0,1,1,0
1f6706c5-09ee-407c-8360-40e106cff615,20260815,ecs-strict,benign-ecs-stable,0,0,0,1,1,0
6af1d5fb-d870-47e0-8b18-8ca910a6e61a,20260815,ecs-strict,benign-ecs-stable,0,0,0,1,1,0
95e2fe7f-c8ef-4cb4-916a-83a37b18615f,20260815,ecs-strict,benign-ecs-stable,0,0,0,1,1,0
7a5004ec-6fee-452c-94b9-51c838a5b2d1,20260815,ecs-strict,benign-ecs-stable,0,0,0,1,1,0
cb62354c-159c-4be5-b4fa-4ea4ac0d327f,20260815,ecs-strict,benign-ecs-stable,0,0,0,1,1,0
d9c74b87-f638-4bc9-90fa-f5d48f9cdb67,20260815,ecs-strict,benign-ecs-stable,0,0,0,1,1,0
e192a5c2-3f37-4a32-a924-7eb1f4b66668,20260815,ecs-strict,benign-ecs-stable,0,0,0,1,1,0
a1f6940d-6ce0-49e3-b4c1-35e034e5b9db,20260815,ecs-strict,benign-ecs-stable,0,0,0,1,1,0
7cf40a7b-2d6b-45c2-9ca3-b9cd6b26f654,20260815,ecs-strict,benign-ecs-stable,0,0,0,1,1,0
c465069b-a0f1-4323-a144-1c005a3ef104,20260815,ecs-strict,benign-ecs-stable,0,0,0,1,1,0
ff182610-22f2-4ffa-8490-30ad8d993c55,20260815,ecs-strict,benign-ecs-stable,0,0,0,1,1,0
72038c29-7718-4d3c-bb0f-e25215e7340b,20260815,ecs-strict,benign-ecs-stable,0,0,0,1,1,0
2158f037-f6d1-4ff9-9f68-5f7dc72e4874,20260815,ecs-strict,benign-ecs-stable,0,0,0,1,1,0
4228d123-0ee9-41ec-b5d6-c0872b4472ee,20260815,ecs-strict,benign-ecs-stable,0,0,0,1,1,0
e856d37d-4d7e-4d5a-8095-2b7594005df8,20260815,ecs-strict,benign-ecs-stable,0,0,0,1,1,0
8b60c16a-d798-407f-8f50-3ad11555068e,20260815,ecs-strict,benign-ecs-stable,0,0,0,1,1,0
202027f3-3961-43b1-9f3c-ec5f17e8370f,20260815,ecs-strict,benign-ecs-stable,0,0,0,1,1,0
cf30d502-aef2-46a6-ab72-2c7a2e33a52c,20260815,ecs-strict,benign-ecs-stable,0,0,0,1,1,0
25a4eeb2-0e8b-4946-9c1d-6ac841217717,20260815,ecs-strict,benign-ecs-stable,0,0,0,1,1,0
77bd3899-55f3-4a15-992b-b4eaab679581,20260815,ecs-strict,benign-ecs-stable,0,0,0,1,1,0
9d3e605c-11cd-4482-b9b9-9302eed14d86,20260815,ecs-strict,benign-ecs-geo,0,0,0,1,1,0
8610b59e-31de-44e4-bfb2-f1c1040fd92d,20260815,ecs-strict,benign-ecs-geo,0,0,0,1,1,0
4b2e8bed-d20f-4af0-8089-c3065c133e30,20260815,ecs-strict,benign-ecs-geo,0,0,0,1,1,0
6acf8422-f7ab-4682-a531-1b89912cd5be,20260815,ecs-strict,benign-ecs-stable,0,0,0,1,1,0
540fe657-c6bf-4167-8061-4cf0f478797f,20260815,ecs-strict,benign-ecs-stable,0,0,0,1,1,0
057bbcdb-9a93-42e9-aa71-6c13be7a6997,20260815,ecs-strict,benign-ecs-stable,0,0,0,1,1,0
e2a9c486-21ed-4756-9b25-71b824d9f8e3,20260815,ecs-strict,benign-ecs-stable,0,0,0,1,1,0
2e3bc23b-8a97-4de0-8169-caa23c4964d5,20260815,ecs-strict,benign-ecs-geo,0,0,0,1,1,0
5c8d60ec-4aaf-414e-8d30-9d404d8cd9ce,20260815,ecs-strict,benign-ecs-geo,0,0,0,1,1,0
9f184543-1f8a-4b86-9f00-07910ac01a4c,20260815,ecs-strict,benign-ecs-geo,0,0,0,1,1,0
c8b12aa4-2538-4c57-9c64-6dbd379ab7b1,20260815,ecs-strict,benign-ecs-stable,0,0,0,1,1,0
e03287ad-20f5-403d-9146-8d3799ba077b,20260815,ecs-strict,benign-ecs-geo,0,0,0,1,1,0
30c37256-64bc-4c5d-a410-bd2d57342393,20260815,ecs-strict,benign-ecs-geo,0,0,0,1,1,0
ed4869c5-39ac-4d01-acf8-9fc6e4b72bb6,20260815,ecs-strict,benign-ecs-geo,0,0,0,1,1,0
a15d664e-0fb5-4472-8893-729944603740,20260815,ecs-strict,benign-ecs-geo,0,0,0,1,1,0
9708b396-46f2-40dc-87dc-3b1735c5dd0a,20260815,ecs-strict,benign-ecs-geo,0,0,0,1,1,0
29c14199-ca2b-451f-8b18-4df6c5e139f5,20260815,ecs-strict,benign-ecs-geo,0,0,0,1,1,0
93da96f4-cd81-4b4f-b413-648f80bb29d3,20260815,ecs-strict,benign-ecs-geo,0,0,0,1,1,0
970b636e-de70-4854-b20b-c9338f05c8ff,20260815,ecs-strict,benign-ecs-geo,0,0,0,1,1,0
006d8151-f077-450a-ad00-85411f5d829f,20260815,ecs-strict,benign-ecs-geo,0,0,0,1,1,0
d1092779-0648-403b-9f3d-987aaa71a8f2,20260815,ecs-strict,benign-ecs-stable,0,0,0,1,1,0
5fda57df-005b-4935-90d9-1708af7f5713,20260815,ecs-strict,benign-ecs-geo,0,0,0,1,1,0
cd436414-29a6-46a1-8cc1-2e6e3f3a0801,20260815,ecs-strict,benign-ecs-stable,0,0,0,1,1,0
351bfbeb-2ce5-4eae-a8c1-264881fe7ba3,20260815,ecs-strict,benign-ecs-geo,0,0,0,1,1,0
0625be8d-3070-43a9-957c-49fa8a2fa28b,20260815,ecs-strict,benign-ecs-stable,0,0,0,1,1,0
dbd09994-5e45-49d6-8315-e1b549dcb3a6,20260815,ecs-strict,benign-ecs-geo,0,0,0,1,1,0
536e0349-8f16-40ac-963a-cdeb98f9ddab,20260815,ecs-strict,benign-ecs-stable,0,0,0,1,1,0
3b680240-7810-4926-b1fc-9088aaab28a5,20260815,ecs-strict,benign-ecs-geo,0,0,0,1,1,0
e2dbcab8-e878-43aa-be81-18e1bbc06090,20260815,ecs-strict,benign-ecs-stable,0,0,0,1,1,0
8f6886ca-cc7c-45eb-942d-af774684c4fb,20260815,ecs-strict,benign-ecs-stable,0,0,0,1,1,0
2d6be0dc-b90d-4e15-b8f1-a192be968064,20260815,ecs-strict,benign-ecs-geo,0,0,0,1,1,0
0fa2757a-edaf-472a-9916-2c78a4e283cc,20260815,ecs-strict,benign-ecs-geo,0,0,0,1,1,0
c7b91393-429f-4224-b85e-8a8f67c0d4e6,20260815,ecs-strict,benign-ecs-geo,0,0,0,1,1,0
209c96ff-4fb9-4c40-9abd-9f9fdd5e3d58,20260815,ecs-strict,benign-ecs-geo,0,0,0,1,1,0
030ebd3f-c8c3-49cf-b823-00eec696343a,20260815,ecs-strict,benign-ecs-geo,0,0,0,1,1,0
4141f438-764b-4f93-bcfd-0908cddac0fe,20260815,ecs-strict,benign-ecs-geo,0,0,0,1,1,0
c594bb0f-07ca-484f-a03c-42fe63f63e86,20260815,ecs-strict,benign-ecs-geo,0,0,0,1,1,0
706ec545-fde9-4ec4-bd4f-57fff689e996,20260815,ecs-strict,benign-ecs-geo,0,0,0,1,1,0
6e806913-7231-42ed-a9e5-80c1495931b0,20260815,ecs-strict,benign-ecs-geo,0,0,0,1,1,0
1e15e321-2a91-47f8-b6c7-ae9f983d339f,20260815,ecs-strict,benign-ecs-geo,0,0,0,1,1,0
bd120b38-ec28-469d-9bef-31ee37f0dba4,20260815,ecs-strict,benign-ecs-geo,0,0,0,1,1,0
03f85b75-0979-49cc-b19b-af3c55fdb445,20260815,ecs-strict,benign-ecs-geo,0,0,0,1,1,0
cf7ad87c-7ce1-42a6-b8e7-65e69b0be847,20260815,ecs-strict,benign-ecs-geo,0,0,0,1,1,0
a77358b1-6d37-4c74-8f3c-9f33b40a88c4,20260815,ecs-strict,benign-ecs-geo,0,0,0,1,1,0
aa04db2c-6e6f-47b2-9b71-c3713bc5ced5,20260815,ecs-strict,benign-ecs-geo,0,0,0,1,1,0
3d92a399-72fb-4b28-9389-a6f3005762f9,20260815,ecs-strict,benign-ecs-geo,0,0,0,1,1,0
e7c8af44-309f-4605-a863-0e7d692dde64,20260815,ecs-strict,benign-ecs-geo,0,0,0,1,1,0
4bef344b-def3-4ee8-8ed3-a2952a012031,20260815,ecs-strict,benign-ecs-geo,0,0,0,1,1,0
77a34f42-8f5d-4817-ad41-f6cd584c4b91,20260815,ecs-strict,benign-ecs-geo,0,0,0,1,1,0
a71827e3-24c1-40d2-8444-af695ef266f5,20260815,ecs-strict,benign-ecs-geo,0,0,0,1,1,0
4210b956-8074-439f-8c14-cd85a44f4b05,20260815,ecs-strict,benign-ecs-geo,0,0,0,1,1,0
2833677d-8547-430b-8770-202f3c79a9de,20260815,ecs-strict,benign-ecs-geo,0,0,0,1,1,0
f18e84f8-90dd-4e9f-933d-89fcd7c84b0f,20260815,ecs-strict,benign-ecs-geo,0,0,0,1,1,0
53e0ca99-3683-456b-afc1-e05a78b159cc,20260815,ecs-strict,benign-ecs-geo,0,0,0,1,1,0
88e11d1a-6b09-4f53-97ab-7d0ef72ac199,20260815,ecs-strict,benign-ecs-geo,0,0,0,1,1,0
02282bf9-4521-4c9d-8a8c-8bcff4cc8f17,20260815,ecs-strict,benign-ecs-geo,0,0,0,1,1,0
2c4fe624-d7ed-48e4-b2f6-e5bfa5b15ebe,20260815,ecs-strict,benign-ecs-geo,0,0,0,1,1,0
9747489b-0f0b-4902-a6f4-34ef43b76f50,20260815,ecs-strict,benign-ecs-geo,0,0,0,1,1,0
47e8d7bd-ec5f-4953-9523-b8275343b909,20260815,ecs-strict,benign-ecs-geo,0,0,0,1,1,0
022a0f76-6b76-4810-be89-a9f394734acf,20260815,ecs-strict,benign-ecs-geo,0,0,0,1,1,0
db8e8db5-8fb0-4bc2-9c65-427ab0644374,20260815,ecs-strict,benign-ecs-geo,0,0,0,1,1,0
ad125925-a290-4a5c-bd66-b08475b8af47,20260815,ecs-strict,benign-ecs-geo,0,0,0,1,1,0
d90b5121-8568-4eae-9a75-56d66a0f9b1c,20260815,ecs-strict,benign-ecs-geo,0,0,0,1,1,0
dbc1be61-a1d5-4a0f-94d4-b3c559a89444,20260815,ecs-strict,benign-ecs-geo,0,0,0,1,1,0
7c78bbc1-c897-4ece-9e2a-8660a7554961,20260815,ecs-strict,benign-ecs-geo,0,0,0,1,1,0
8fb39361-2a4d-433c-8c21-051c91979fe8,20260815,ecs-strict,benign-ecs-geo,0,0,0,1,1,0
608bd948-8e8e-466f-a4ad-18faa6d513cc,20260815,ecs-strict,benign-ecs-geo,0,0,0,1,1,0
4999dcb9-6f37-4390-a89b-3e5de20ef04b,20260815,ecs-strict,benign-ecs-geo,0,0,0,1,1,0
1a205d0c-30e3-4685-8ecc-7275db2cb814,20260815,ecs-strict,benign-ecs-geo,0,0,0,1,1,0
4a453473-37fc-40a1-8c77-34492cf59d2e,20260815,ecs-strict,benign-ecs-geo,0,0,0,1,1,0
508a6878-0448-4402-86a0-1acd93ebca6b,20260815,ecs-strict,benign-ecs-geo,0,0,0,1,1,0
7fc299d7-dc95-4470-a67e-4737abcbec90,20260815,ecs-strict,benign-ecs-geo,0,0,0,1,1,0
46909c8f-af9d-421c-8ff4-bcad7889e03a,20260815,ecs-strict,benign-ecs-geo,0,0,0,1,1,0
bec2f622-527a-4ec6-89b8-380c789bafb1,20260815,ecs-strict,benign-ecs-geo,0,0,0,1,1,0
991336bd-37fe-4332-a8d1-dd74e2d9c8bd,20260815,ecs-strict,benign-ecs-geo,0,0,0,1,1,0
d97e0e5e-526e-4853-9ed7-95a5900cc05a,20260815,ecs-strict,benign-ecs-geo,0,0,0,1,1,0
8c974909-f1f7-4e49-a059-29c5db9a1da7,20260815,ecs-strict,benign-ecs-geo,0,0,0,1,1,0
1592ac9e-de40-4090-8840-93080f3bb223,20260815,ecs-strict,benign-ecs-geo,0,0,0,1,1,0
ceebda5a-2e31-426b-93a6-6eb6f96507de,20260815,ecs-strict,benign-ecs-geo,0,0,0,1,1,0
c5bd42e6-aea0-44a2-b487-3ec81c34c541,20260815,ecs-strict,benign-ecs-geo,0,0,0,1,1,0
b36d68f5-2b3b-4686-918e-10d16db497eb,20260815,ecs-strict,benign-ecs-geo,0,0,0,1,1,0
03b7e187-9ce4-42c5-93cc-52dec8006b8a,20260815,ecs-strict,benign-ecs-geo,0,0,0,1,1,0
10ba775f-e188-453c-b33f-0bfad7825fd6,20260815,ecs-strict,benign-ecs-geo,0,0,0,1,1,0
3c109868-74a9-4068-b86d-1f23e7fac6b8,20260815,ecs-strict,benign-ecs-geo,0,0,0,1,1,0
31d15561-50bb-4484-b126-a97df1ae1394,20260815,ecs-strict,benign-ecs-geo,0,0,0,1,1,0
679272b2-d93a-4f92-ada8-54a486f9889f,20260815,ecs-strict,benign-ecs-geo,0,0,0,1,1,0
bd52b34a-3c5d-499b-82ff-e404a387eca5,20260815,ecs-strict,benign-ecs-geo,0,0,0,1,1,0
fc3a5451-fd14-45c4-b767-5df74e735fb5,20260815,ecs-strict,benign-ecs-geo,0,0,0,1,1,0
90cdfc30-c340-4bfb-9e40-9ecaca775039,20260815,ecs-strict,benign-burst,0,0,0,1,1,0
eb0681b1-caa9-4ad1-9f37-15e6c6743717,20260815,ecs-strict,benign-ecs-geo,0,0,0,1,1,0
887b4730-b68b-4148-921c-eb7135acbe35,20260815,ecs-strict,benign-ecs-geo,0,0,0,1,1,0
6bd86079-2ae3-4075-8ed1-e449d8fc96b1,20260815,ecs-strict,benign-burst,0,0,0,1,1,0
7c0065ea-20be-400e-8a1f-ba82c0714bda,20260815,ecs-strict,benign-ecs-geo,0,0,0,1,1,0
1c118710-4d44-4c85-9df4-694b8f5a66e6,20260815,ecs-strict,benign-ecs-geo,0,0,0,1,1,0
1219ae3e-bae9-45b0-a65a-14347dabdeed,20260815,ecs-strict,benign-ecs-geo,0,0,0,1,1,0
2697ca48-128d-4212-b1ba-6ecbc859fb88,20260815,ecs-strict,benign-ecs-geo,0,0,0,1,1,0
a01c31c1-bf46-4124-b157-9e5aaef8494f,20260815,ecs-strict,benign-ecs-geo,0,0,0,1,1,0
d1a40083-e109-4849-b210-cd4efdff19a7,20260815,ecs-strict,benign-burst,0,0,0,1,1,0
4bc032a4-4e28-4466-874a-621f00dc9cf8,20260815,ecs-strict,benign-burst,0,0,0,1,1,0
1082c643-20bb-4405-9039-4bd3a793eb03,20260815,ecs-strict,benign-ecs-geo,0,0,0,1,1,0
b2308b39-f1c7-4ec9-a8b1-db1a1d975084,20260815,ecs-strict,benign-ecs-geo,0,0,0,1,1,0
2d0ad12e-4461-4875-b0aa-5d57a7d33a9e,20260815,ecs-strict,benign-ecs-geo,0,0,0,1,1,0
0dd9627f-32b6-4413-ac41-9cf4105518ce,20260815,ecs-strict,benign-burst,0,0,0,1,1,0
44263f10-54b7-4bbe-9651-78422ae9d76e,20260815,ecs-strict,benign-burst,0,0,0,1,1,0
8d622646-64d5-48ed-9c80-e54b2b05d03f,20260815,ecs-strict,benign-burst,0,0,0,1,1,0
0d3ad588-13f0-4ed2-abf2-45c6edd49d36,20260815,ecs-strict,benign-ecs-geo,0,0,0,1,1,0
ebb7f975-da72-4730-9ec3-61a90bb1ab64,20260815,ecs-strict,benign-burst,0,0,0,1,1,0
7a2368d1-b60e-49ed-bb44-4a508d62ddea,20260815,ecs-strict,benign-burst,0,0,0,1,1,0
56462a18-26a4-456b-b5f6-c6d5a0914b53,20260815,ecs-strict,benign-burst,0,0,0,1,1,0
9bceab23-800d-4505-956e-7affcef9eb71,20260815,ecs-strict,benign-burst,0,0,0,1,1,0
1a129f28-39ae-4341-89bc-8a950b1948e6,20260815,ecs-strict,benign-ecs-geo,0,0,0,1,1,0
ef3c554e-8553-42c2-9334-d2a76afba065,20260815,ecs-strict,benign-burst,0,0,0,1,1,0
943884ae-3dc0-4c4b-8d8f-4632c7b2daae,20260815,ecs-strict,benign-burst,0,0,0,1,1,0
587c4631-c704-4c65-a329-3f5cce7db729,20260815,ecs-strict,benign-burst,0,0,0,1,1,0
a448fbad-5795-4331-9445-f9c3c373cc8c,20260815,ecs-strict,benign-burst,0,0,0,1,1,0
e5217a11-e021-4f4c-a0fb-6e807971580d,20260815,ecs-strict,benign-burst,0,0,0,1,1,0
fb0bb9f0-3d9e-4e60-b197-2768e088ae54,20260815,ecs-strict,benign-burst,0,0,0,1,1,0
239a9113-a53a-45d2-8dbe-8e20a921ef3e,20260815,ecs-strict,benign-burst,0,0,0,1,1,0
6b31556c-fa1e-4fe7-96c2-5c5b3e1a99c0,20260815,ecs-strict,benign-burst,0,0,0,1,1,0
793379be-43d2-4c41-b547-0a46f21a7ef8,20260815,ecs-strict,benign-ecs-geo,0,0,0,1,1,0
5bbad583-ffdd-4fa8-bd6e-b85fcb67fd0d,20260815,ecs-strict,benign-burst,0,0,0,1,1,0
7dfa91ce-7e2e-4e3b-9314-f10d87178f30,20260815,ecs-strict,benign-burst,0,0,0,1,1,0
6f21d640-a421-4e6a-b9ad-b71f69b786ec,20260815,ecs-strict,benign-burst,0,0,0,1,1,0
960cbcdd-b8d6-42cd-8458-837792bbd887,20260815,ecs-strict,benign-burst,0,0,0,1,1,0
edc4f652-ea72-49a3-89bc-05a8ade4643b,20260815,ecs-strict,benign-burst,0,0,0,1,1,0
67eb46ba-926d-4821-8879-d29c4e14dbc2,20260815,ecs-strict,benign-burst,0,0,0,1,1,0
5797caeb-9a90-4d30-9ce2-1801f054988a,20260815,ecs-strict,benign-burst,0,0,0,1,1,0
43a60620-1210-4a1b-9e8f-6910f3d9c0bd,20260815,ecs-strict,benign-burst,0,0,0,1,1,0
87079e20-6667-4619-add8-99ffbf9792ce,20260815,ecs-strict,benign-burst,0,0,0,1,1,0
ccf0898e-2c0a-4e87-8fb1-86d5882f9973,20260815,ecs-strict,benign-burst,0,0,0,1,1,0
3c372e42-ebb5-4d6f-aa5c-2ce3b015dc86,20260815,ecs-strict,benign-burst,0,0,0,1,1,0
7deef060-0b2a-4f7f-a129-e147090a7b54,20260815,ecs-strict,benign-burst,0,0,0,1,1,0
20dd9afd-9367-4476-b075-2de9033b8e1e,20260815,ecs-strict,benign-burst,0,0,0,1,1,0
f53e98de-24aa-42f1-9b61-913da1a1524a,20260815,ecs-strict,benign-burst,0,0,0,1,1,0
60e70d68-4f0b-443b-a1c7-ae5a5e6b9a47,20260815,ecs-strict,benign-burst,0,0,0,1,1,0
4aec39c7-d2d7-476c-b14a-7b546dda48f5,20260815,ecs-strict,benign-burst,0,0,0,1,1,0
0ed2c810-e43f-439c-ace3-3bba8f73f724,20260815,ecs-strict,benign-burst,0,0,0,1,1,0
b5f7d35f-5737-4c00-9dfb-ceb55567c161,20260815,ecs-strict,benign-burst,0,0,0,1,1,0
61053bd4-b763-4ffb-906e-90875b0e007f,20260815,ecs-strict,benign-burst,0,0,0,1,1,0
25744e0c-41fc-4afe-a26d-5de9d2a7a71f,20260815,ecs-strict,benign-burst,0,0,0,1,1,0
8e58c3d3-9226-466d-bee1-3ff22f30ca9e,20260815,ecs-strict,benign-burst,0,0,0,1,1,0
2df61d87-a051-4be4-afe7-2fdc17e521d5,20260815,ecs-strict,benign-burst,0,0,0,1,1,0
4e936588-fe66-4112-a490-b77be35db3ee,20260815,ecs-strict,benign-burst,0,0,0,1,1,0
b76bf12f-42b1-4e51-9272-3a68ad3c3dff,20260815,ecs-strict,benign-burst,0,0,0,1,1,0
9ad6aef1-4057-44db-8ed0-b10c4698f5f3,20260815,ecs-strict,benign-burst,0,0,0,1,1,0
7d16325f-1692-4b35-8fa8-9f07cd639fdd,20260815,ecs-strict,benign-burst,0,0,0,1,1,0
f1f3c458-5c03-4925-99e7-3b67d64d330e,20260815,ecs-strict,benign-burst,0,0,0,1,1,0
9afcf3cc-1b36-422e-b0f1-47331b2002b6,20260815,ecs-strict,benign-burst,0,0,0,1,1,0
0edc678c-5dc8-4431-8c4c-5308b1b5d1aa,20260815,ecs-strict,benign-burst,0,0,0,1,1,0
3de6e683-d0c2-4272-a068-ade8b71b6af5,20260815,ecs-strict,benign-burst,0,0,0,1,1,0
6aacfb53-d959-4435-a47c-7810bdb4914d,20260815,ecs-strict,benign-burst,0,0,0,1,1,0
de667846-3931-4a71-b309-c519e93b6b7e,20260815,ecs-strict,benign-burst,0,0,0,1,1,0
05c0b960-3a22-4c85-89cc-ad561396c4f9,20260815,ecs-strict,benign-burst,0,0,0,1,1,0
8a483441-c782-4561-b04a-e639f517b8d8,20260815,ecs-strict,benign-burst,0,0,0,1,1,0
0b80a691-9d9f-45b9-94a2-f6655bfee40a,20260815,ecs-strict,benign-burst,0,0,0,1,1,0
250543c3-b1ea-4f75-b72f-27323a49a8a4,20260815,ecs-strict,benign-burst,0,0,0,1,1,0
d44f6913-5cc5-46d2-8151-f955425674bc,20260815,ecs-strict,benign-burst,0,0,0,1,1,0
14d27d48-e5fd-4e64-ae83-271ffa8174d2,20260815,ecs-strict,benign-burst,0,0,0,1,1,0
489c8574-6676-4876-871e-8475a0436220,20260815,ecs-strict,benign-burst,0,0,0,1,1,0
1fa8b6b0-0be6-44ca-86e7-b13f23ba0770,20260815,ecs-strict,benign-burst,0,0,0,1,1,0
1d5c69cb-7374-4acc-80a5-363180853f15,20260815,ecs-strict,benign-burst,0,0,0,1,1,0
101620ee-2e99-409d-83f2-de320422c921,20260815,ecs-strict,benign-burst,0,0,0,1,1,0
a6adf689-6539-43d2-8d1c-a95acc812d3f,20260815,ecs-strict,benign-burst,0,0,0,1,1,0
37d97c93-7b92-44ea-b031-1b5736ed30a3,20260815,ecs-strict,benign-burst,0,0,0,1,1,0
fe49c38e-b38e-4dd9-a5ee-3b240b91fdcc,20260815,ecs-strict,benign-burst,0,0,0,1,1,0
5e422075-76c7-487b-b4f6-e1b278bf90f4,20260815,ecs-strict,benign-burst,0,0,0,1,1,0
5370b903-cc90-4f16-9869-a89ec4117e9f,20260815,ecs-strict,benign-burst,0,0,0,1,1,0
27aa8a0c-e5df-4648-b8a1-2cd163f858ad,20260815,ecs-strict,benign-burst,0,0,0,1,1,0
0cd2a48a-ff49-475f-b62d-df8353d97693,20260815,ecs-strict,benign-burst,0,0,0,1,1,0
0efd4e36-8433-4900-b1f9-65bd0aae9bd6,20260815,ecs-strict,benign-burst,0,0,0,1,1,0
e3f1cfcc-4a18-46bb-9c04-877632c59c23,20260815,ecs-strict,benign-burst,0,0,0,1,1,0
681fe522-ea03-4f59-af60-db36f4cffa92,20260815,ecs-strict,benign-burst,0,0,0,1,1,0
2f382e8f-66aa-4d7e-9e50-cf49b63e8fbe,20260815,ecs-strict,benign-burst,0,0,0,1,1,0
c82f3d8c-2973-4bca-9a22-81cc085f2391,20260815,ecs-strict,benign-burst,0,0,0,1,1,0
a1e7545b-468d-415d-aeab-3be58c189285,20260815,ecs-strict,benign-burst,0,0,0,1,1,0
cc924058-fa1c-4419-9ef3-f085dc00ab76,20260815,ecs-strict,benign-burst,0,0,0,1,1,0
4311e3f8-ef9e-446f-8588-2c84cdbc5c3c,20260815,ecs-strict,benign-burst,0,0,0,1,1,0
c2707e54-e191-4fe8-81a8-d1ea81b45666,20260815,ecs-strict,benign-burst,0,0,0,1,1,0
fad210b5-aa96-4222-becd-e4fc3188aa2c,20260815,ecs-strict,benign-burst,0,0,0,1,1,0
a6474176-804b-4939-aacf-6cc3ae121ae0,20260815,ecs-strict,adverse-ecs-omit,1,0,0,1,1,0
d6625033-b3de-47a5-8495-f2976364e5f4,20260815,ecs-strict,benign-burst,0,0,0,1,1,0
235ea552-b324-4fd1-9592-1b0b045c3e02,20260815,ecs-strict,adverse-ecs-omit,1,0,0,1,1,0
5e8aacf2-ef67-4330-9135-181783d0bb97,20260815,ecs-strict,adverse-ecs-omit,1,0,0,1,1,0
f31d1399-1d99-4de6-9afc-dc0481b04088,20260815,ecs-strict,benign-burst,0,0,0,1,1,0
9c4aa677-18c7-4843-9237-5719b27e06a9,20260815,ecs-strict,benign-burst,0,0,0,1,1,0
f744ca9f-67db-4a7f-b73b-d8672fa6ea47,20260815,ecs-strict,adverse-ecs-omit,1,0,0,1,1,0
0003eb6d-2aad-460d-bd52-5cc78a366756,20260815,ecs-strict,adverse-ecs-omit,1,0,0,1,1,0
08497e2e-7408-4308-9db8-2b798d530875,20260815,ecs-strict,benign-burst,0,0,0,1,1,0
d787cd29-aa30-4566-b3d7-61c297c4fe13,20260815,ecs-strict,adverse-ecs-omit,1,0,0,1,1,0
0241f6ad-9891-4b31-83fa-a1a59fa989d4,20260815,ecs-strict,adverse-ecs-omit,1,0,0,1,1,0
b18f03b7-240e-4832-8593-8d793125258e,20260815,ecs-strict,adverse-ecs-omit,1,0,0,1,1,0
7a2bdd5b-91cb-48d9-b0e2-a9540650a827,20260815,ecs-strict,benign-burst,0,0,0,1,1,0
cd06abbb-da20-44b8-a6c9-bcf2b6729260,20260815,ecs-strict,adverse-ecs-omit,1,0,0,1,1,0
04f28c65-614f-4b53-a950-64253c23bd96,20260815,ecs-strict,adverse-ecs-omit,1,0,0,1,1,0
50d87440-3a0e-441c-8da7-7fe9c589fd02,20260815,ecs-strict,adverse-ecs-omit,1,0,0,1,1,0
31a09e4d-1beb-48a4-a797-968e45eda69f,20260815,ecs-strict,adverse-ecs-omit,1,0,0,1,1,0
d0bcfb5b-bb0b-4a5b-bfa2-77a4fa2c1139,20260815,ecs-strict,adverse-ecs-omit,1,0,0,1,1,0
7ad2f2e5-47f4-4d1f-8214-7ccd08099ab8,20260815,ecs-strict,adverse-ecs-omit,1,0,0,1,1,0
8106053b-d863-40d3-97cf-c41383b0aa7d,20260815,ecs-strict,benign-burst,0,0,0,1,1,0
dbaf4904-aa2b-42a8-bb0a-2aa97468a179,20260815,ecs-strict,adverse-ecs-omit,1,0,0,1,1,0
69c0a240-6749-4ea6-84ee-03110024d684,20260815,ecs-strict,adverse-ecs-omit,1,0,0,1,1,0
d3fcf19b-9faf-426b-bca5-2c56570906ce,20260815,ecs-strict,adverse-ecs-omit,1,0,0,1,1,0
7fe7e194-3cff-45d7-b962-9d47fa811713,20260815,ecs-strict,adverse-ecs-omit,1,0,0,1,1,0
d116814b-5387-4c36-afe4-a044f36af1c7,20260815,ecs-strict,adverse-ecs-omit,1,0,0,1,1,0
a4b81421-de79-4a18-9cbc-c73dbc8869df,20260815,ecs-strict,adverse-ecs-omit,1,0,0,1,1,0
f3b690ea-a17e-45a4-b86f-d7032b7cb558,20260815,ecs-strict,adverse-ecs-omit,1,0,0,1,1,0
b7cce5de-f4fd-469c-b31c-3f3ec6197b00,20260815,ecs-strict,adverse-ecs-omit,1,0,0,1,1,0
907c0eb7-1b11-45b2-b069-b8f52b93eb9f,20260815,ecs-strict,adverse-ecs-omit,1,0,0,1,1,0
8323bb5a-9bcf-459f-ae03-e3be5c1e843c,20260815,ecs-strict,adverse-ecs-omit,1,0,0,1,1,0
350c339d-f24c-45a8-bb99-ee841595b8a0,20260815,ecs-strict,adverse-ecs-omit,1,0,0,1,1,0
b23ae60e-ad69-4af0-a69f-b8936de55292,20260815,ecs-strict,adverse-ecs-omit,1,0,0,1,1,0
8af28220-e867-4be4-b70f-513b719bd034,20260815,ecs-strict,adverse-ecs-omit,1,0,0,1,1,0
bd8d5681-c989-4a10-b83e-1e44a66aba95,20260815,ecs-strict,adverse-ecs-omit,1,0,0,1,1,0
32516c04-1fc9-4a4a-b22d-40865042181e,20260815,ecs-strict,adverse-ecs-omit,1,0,0,1,1,0
c9bacde0-1d9a-4bb8-92d9-7c4196328b44,20260815,ecs-strict,adverse-ecs-omit,1,0,0,1,1,0
4b88c003-c51a-41d7-bc1c-58cca807a343,20260815,ecs-strict,adverse-ecs-omit,1,0,0,1,1,0
4caf7129-ac91-4929-9664-6879eb3e19c0,20260815,ecs-strict,adverse-ecs-omit,1,0,0,1,1,0
6a2b7a03-4731-444d-b029-da7543b11fa5,20260815,ecs-strict,adverse-ecs-omit,1,0,0,1,1,0
02116657-6915-49e3-b553-f5f67b27548a,20260815,ecs-strict,adverse-ecs-omit,1,0,0,1,1,0
7c26e49b-57f4-443e-85e0-4f3246e04dd9,20260815,ecs-strict,adverse-ecs-omit,1,0,0,1,1,0
b1bd2297-485b-440f-af2a-03d365c18cba,20260815,ecs-strict,adverse-ecs-omit,1,0,0,1,1,0
9d224e9a-825d-4537-a248-e22f07afbea7,20260815,ecs-strict,adverse-ecs-omit,1,0,0,1,1,0
6c618484-cecf-4aba-8693-6e564f9e6afd,20260815,ecs-strict,adverse-ecs-omit,1,0,0,1,1,0
7965367e-a9da-4fe6-b063-d2ae2f31e66f,20260815,ecs-strict,adverse-ecs-omit,1,0,0,1,1,0
8dcd75f6-2703-4505-a4d9-e43971fd2c7c,20260815,ecs-strict,adverse-ecs-omit,1,0,0,1,1,0
5ebece09-2b15-4032-94c4-0b9645c8fb5b,20260815,ecs-strict,adverse-ecs-omit,1,0,0,1,1,0
d390057b-c097-4e7c-b867-dd11438ac3b0,20260815,ecs-strict,adverse-ecs-omit,1,0,0,1,1,0
10744dbf-d6b3-4da3-9ae2-a966512c7c83,20260815,ecs-strict,adverse-ecs-omit,1,0,0,1,1,0
13d38331-e0d8-42d5-8cb8-de7df137d259,20260815,ecs-strict,adverse-ecs-omit,1,0,0,1,1,0
cc7a1215-8213-4943-97af-0b54345ca342,20260815,ecs-strict,adverse-ecs-omit,1,0,0,1,1,0
89b9396f-7d59-47f3-93f6-a4737637daf0,20260815,ecs-strict,adverse-ecs-omit,1,0,0,1,1,0
86bf9ea5-f3e7-4827-80bc-fa642e0090c2,20260815,ecs-strict,adverse-ecs-omit,1,0,0,1,1,0
ce92add3-1cba-4dba-92dd-71b47347c72d,20260815,ecs-strict,adverse-ecs-omit,1,0,0,1,1,0
bd502a69-9504-4b59-9bb7-0ea4e48edb5c,20260815,ecs-strict,adverse-ecs-omit,1,0,0,1,1,0
471c94fc-6226-49c0-ac13-6d2e5c331f7a,20260815,ecs-strict,adverse-ecs-omit,1,0,0,1,1,0
1eeecba3-00be-44cd-af26-9279e9f8d9a3,20260815,ecs-strict,adverse-ecs-omit,1,0,0,1,1,0
abaa4224-d059-4cce-bb7f-b29707d1dc10,20260815,ecs-strict,adverse-ecs-omit,1,0,0,1,1,0
28f91b63-af21-4bb7-b743-0d1773bf2ed7,20260815,ecs-strict,adverse-ecs-omit,1,0,0,1,1,0
7bacfb39-8d25-4250-b3ad-a96b2c36b417,20260815,ecs-strict,adverse-ecs-omit,1,0,0,1,1,0
dc19a455-b652-4696-9ffe-b7595142a790,20260815,ecs-strict,adverse-ecs-omit,1,0,0,1,1,0
70647447-058c-4d58-8566-41e9fd1d2a95,20260815,ecs-strict,adverse-ecs-omit,1,0,0,1,1,0
cc731359-c526-45b6-bc91-6f19ec9eeb92,20260815,ecs-strict,adverse-ecs-omit,1,0,0,1,1,0
a895e6c4-e3a7-43e2-aa4b-3b49d8514799,20260815,ecs-strict,adverse-ecs-omit,1,0,0,1,1,0
8e512a41-2cf7-4a5f-8487-06fc68794775,20260815,ecs-strict,adverse-ecs-omit,1,0,0,1,1,0
c06c4306-a20a-41a3-8c60-41a58684aed8,20260815,ecs-strict,adverse-ecs-omit,1,0,0,1,1,0
74f263ce-97df-441e-95c8-9bf1d3d06839,20260815,ecs-strict,adverse-ecs-omit,1,0,0,1,1,0
81c0f0e3-0a46-4862-ab27-4196eaadb281,20260815,ecs-strict,adverse-ecs-omit,1,0,0,1,1,0
04633d3f-015c-40b4-a72a-860c9a44f754,20260815,ecs-strict,adverse-ecs-omit,1,0,0,1,1,0
ae1b14a7-a0c7-4f1e-bf57-40c04fedf390,20260815,ecs-strict,adverse-ecs-omit,1,0,0,1,1,0
283274ad-4c86-440e-ad6c-19c83b79b825,20260815,ecs-strict,adverse-ecs-omit,1,0,0,1,1,0
5ad9eed5-3fb9-4ebb-b944-be5da3c3ca0c,20260815,ecs-strict,adverse-ecs-omit,1,0,0,1,1,0
146e5e47-e8c5-404d-a2f5-12316cc8f75c,20260815,ecs-strict,adverse-ecs-omit,1,0,0,1,1,0
52c8ee0f-01f1-4064-ab9a-425ea2862b45,20260815,ecs-strict,adverse-ecs-omit,1,0,0,1,1,0
1156a8df-f09a-4472-aa54-ba675dc4d620,20260815,ecs-strict,adverse-ecs-omit,1,0,0,1,1,0
ed72e493-45eb-48a0-b7ad-8b959530cc4a,20260815,ecs-strict,adverse-ecs-omit,1,0,0,1,1,0
0038d191-5cf3-4e2f-8f2e-265c67ee311b,20260815,ecs-strict,adverse-ecs-omit,1,0,0,1,1,0
346e1b3b-a0b0-4539-9410-51c821e4b2eb,20260815,ecs-strict,adverse-ecs-omit,1,0,0,1,1,0
62c69dd1-9835-4784-a17a-91950f0c5627,20260815,ecs-strict,adverse-ecs-omit,1,0,0,1,1,0
f7ae1b45-a421-4f54-ba0a-35c4dff3db30,20260815,ecs-strict,adverse-ecs-omit,1,0,0,1,1,0
8d11e0e8-d940-4621-a1f9-2b5d755fc213,20260815,ecs-strict,adverse-ecs-omit,1,0,0,1,1,0
28318a2d-f2a4-437c-a79b-3799d4596141,20260815,ecs-strict,adverse-ecs-omit,1,0,0,1,1,0
059e0531-df44-4d9e-b669-0b1aacd17160,20260815,ecs-strict,adverse-ecs-omit,1,0,0,1,1,0
788b26a9-1e26-47f2-9c75-014858c26f3f,20260815,ecs-strict,adverse-ecs-omit,1,0,0,1,1,0
02f578f1-4aeb-499d-b8ca-32aafd3cd0e0,20260815,ecs-strict,adverse-ecs-omit,1,0,0,1,1,0
24e16679-f431-40ae-adc1-a63668408f3f,20260815,ecs-strict,adverse-ecs-omit,1,0,0,1,1,0
f7254334-74ff-447e-bbcd-30a87b08c3eb,20260815,ecs-strict,adverse-ecs-omit,1,0,0,1,1,0
2f99d74a-d542-4517-a98b-3778cc74d137,20260815,ecs-strict,adverse-ecs-omit,1,0,0,1,1,0
71bc0776-e2f9-4368-a058-e050fbbbb9e8,20260815,ecs-strict,adverse-ecs-omit,1,0,0,1,1,0
dc697509-65c9-4c1f-b706-dd8489084aa7,20260815,ecs-strict,adverse-ecs-omit,1,0,0,1,1,0
60f2b3d3-bbd8-40bf-9db9-18dbb9168078,20260815,ecs-strict,adverse-ecs-omit,1,0,0,1,1,0
b2e6df09-004f-4fc9-9406-1783c0b350d8,20260815,ecs-strict,adverse-ecs-mismatch,1,0,0,1,1,0
79922fc5-0a89-4a95-bf03-0a4e6a35e8ed,20260815,ecs-strict,adverse-ecs-mismatch,1,0,0,1,1,0
4ecb5c2e-69de-4ef6-be1f-9d4cc92db534,20260815,ecs-strict,adverse-ecs-mismatch,1,0,0,1,1,0
687cfc5b-cbbd-4c4a-b5df-bdbfbb10b67a,20260815,ecs-strict,adverse-ecs-omit,1,0,0,1,1,0
f5fd2b8f-6169-4a23-a68c-a372eb9d173f,20260815,ecs-strict,adverse-ecs-mismatch,1,0,0,1,1,0
02b203f0-b7d9-40b6-8059-790eaf4cd5fc,20260815,ecs-strict,adverse-ecs-mismatch,1,0,0,1,1,0
85f9791d-bfa0-4c9d-b7c1-915d79bedac4,20260815,ecs-strict,adverse-ecs-mismatch,1,0,0,1,1,0
4cb01ae1-b5a0-477f-9d05-7c1bfd068f3a,20260815,ecs-strict,adverse-ecs-mismatch,1,0,0,1,1,0
7a8740bb-0d56-49fc-b621-b7b7f54e2e55,20260815,ecs-strict,adverse-ecs-mismatch,1,0,0,1,1,0
5b643643-2a5c-4949-a12f-9a433a08adab,20260815,ecs-strict,adverse-ecs-mismatch,1,0,0,1,1,0
a709c8e7-abbf-4563-9f07-125281ed93ed,20260815,ecs-strict,adverse-ecs-mismatch,1,0,0,1,1,0
e4d64819-ea6d-4ec9-9922-138665d284ab,20260815,ecs-strict,adverse-ecs-mismatch,1,0,0,1,1,0
32586bef-680b-44e1-85fc-05b6782f8a7b,20260815,ecs-strict,adverse-ecs-mismatch,1,0,0,1,1,0
9f31856f-58b4-4d13-b660-42fa5569ae8a,20260815,ecs-strict,adverse-ecs-mismatch,1,0,0,1,1,0
e2baa379-f62c-4cc3-95b8-64658c9c0e15,20260815,ecs-strict,adverse-ecs-mismatch,1,0,0,1,1,0
a5a6b642-e1e2-4ea8-9041-4b05ffedec1c,20260815,ecs-strict,adverse-ecs-mismatch,1,0,0,1,1,0
6da264ab-eb68-4bb8-a4c6-7bf537d247f9,20260815,ecs-strict,adverse-ecs-omit,1,0,0,1,1,0
f3c767ed-4010-44f1-86b7-14f5f16c944f,20260815,ecs-strict,adverse-ecs-mismatch,1,0,0,1,1,0
fddc584e-9717-4a5c-9ae2-db1f0ccde1bb,20260815,ecs-strict,adverse-ecs-mismatch,1,0,0,1,1,0
88c400c3-019b-4521-a464-1d4760e9171c,20260815,ecs-strict,adverse-ecs-mismatch,1,0,0,1,1,0
64801cbc-59be-4ec2-b625-fddf4887870b,20260815,ecs-strict,adverse-ecs-omit,1,0,0,1,1,0
698173c0-70d7-486c-bea3-c106cda64edf,20260815,ecs-strict,adverse-ecs-mismatch,1,0,0,1,1,0
e9b53719-fd49-4344-802d-87c2fe738f18,20260815,ecs-strict,adverse-ecs-mismatch,1,0,0,1,1,0
cb94f8ad-f51c-43b2-8115-1e88e0cf222f,20260815,ecs-strict,adverse-ecs-mismatch,1,0,0,1,1,0
da71c3d4-8abb-42b1-afca-dd059b0bbd20,20260815,ecs-strict,adverse-ecs-mismatch,1,0,0,1,1,0
899bf19f-2499-4875-a337-38490ac410a3,20260815,ecs-strict,adverse-ecs-mismatch,1,0,0,1,1,0
c1696caa-e1df-46be-8a42-6303bd1849c7,20260815,ecs-strict,adverse-ecs-mismatch,1,0,0,1,1,0
b260011c-feea-4cbd-bce7-1363eba6e6e9,20260815,ecs-strict,adverse-ecs-mismatch,1,0,0,1,1,0
4f01137d-a964-406b-89a7-3e0ea29763d9,20260815,ecs-strict,adverse-ecs-mismatch,1,0,0,1,1,0
03123916-dbfa-44d1-be53-d70c30b195ea,20260815,ecs-strict,adverse-ecs-omit,1,0,0,1,1,0
431e5488-ca51-4b97-9f07-8b510cbf95a4,20260815,ecs-strict,adverse-ecs-omit,1,0,0,1,1,0
552743bd-6bb7-4eba-bdce-66cb9468b013,20260815,ecs-strict,adverse-ecs-mismatch,1,0,0,1,1,0
72578ec7-4e28-48d3-97aa-618ff5f08466,20260815,ecs-strict,adverse-ecs-mismatch,1,0,0,1,1,0
2f342a07-fb49-4bd6-b103-feed4c1756ff,20260815,ecs-strict,adverse-ecs-mismatch,1,0,0,1,1,0
0bab5afe-739a-474c-8f03-39e79e921bd0,20260815,ecs-strict,adverse-ecs-mismatch,1,0,0,1,1,0
bd8731f4-9b81-4c81-90ba-9ddad2ff1966,20260815,ecs-strict,adverse-ecs-mismatch,1,0,0,1,1,0
73694247-8ca0-4b44-9c2f-436f4ec0ef8f,20260815,ecs-strict,adverse-ecs-mismatch,1,0,0,1,1,0
54555664-ae47-401a-9f5a-324869dc82f4,20260815,ecs-strict,adverse-ecs-mismatch,1,0,0,1,1,0
d5580a6e-8336-4d14-ac80-cdb56a6aa0ab,20260815,ecs-strict,adverse-ecs-mismatch,1,0,0,1,1,0
8c79c723-2257-4ad8-8545-dd5e2d5fb11c,20260815,ecs-strict,adverse-ecs-mismatch,1,0,0,1,1,0
651c69dc-0ffc-4d59-ab21-8559ecb085aa,20260815,ecs-strict,benign-burst,0,0,0,1,1,0
891ee23b-7e08-412c-bec2-b71a9b83718a,20260815,ecs-strict,adverse-ecs-mismatch,1,0,0,1,1,0
da807948-8842-4ae6-a7d1-6baa19bcaaf5,20260815,ecs-strict,benign-burst,0,0,0,1,1,0
6dea0817-80c7-4ddb-a858-91b127483223,20260815,ecs-strict,adverse-ecs-mismatch,1,0,0,1,1,0
f6c3d9f9-2d3c-41f8-b172-4f461492a895,20260815,ecs-strict,adverse-ecs-mismatch,1,0,0,1,1,0
149770c7-faf2-493d-bc9c-bf5d44189cb2,20260815,ecs-strict,adverse-ecs-mismatch,1,0,0,1,1,0
f238df31-d10b-4bca-8e9d-4e30d47fa800,20260815,ecs-strict,adverse-ecs-mismatch,1,0,0,1,1,0
07b7f9ed-d3a7-46f0-a18f-ba347e7f85b8,20260815,ecs-strict,adverse-ecs-mismatch,1,0,0,1,1,0
5f31e7bf-7295-4d97-bc8b-b371a42e8c1a,20260815,ecs-strict,adverse-ecs-mismatch,1,0,0,1,1,0
85c9b78a-fb00-406d-bb47-4eed9ef86937,20260815,ecs-strict,adverse-ecs-mismatch,1,0,0,1,1,0
89eca542-2919-41a3-abdb-b0459454fa9b,20260815,ecs-strict,adverse-ecs-mismatch,1,0,0,1,1,0
e2a444b3-c528-4f6d-b2a9-80c6d0b2f078,20260815,ecs-strict,adverse-ecs-mismatch,1,0,0,1,1,0
947df6c8-f12b-428b-9c8a-cc1a9e12bd1e,20260815,ecs-strict,adverse-ecs-mismatch,1,0,0,1,1,0
2bba69b4-19c9-48c3-94e7-b68c0e382cce,20260815,ecs-strict,adverse-ecs-mismatch,1,0,0,1,1,0
0ce69376-d92d-44f2-8df5-6c5881e17ef7,20260815,ecs-strict,adverse-ecs-mismatch,1,0,0,1,1,0
9a65f98c-dfe3-4cef-a08c-c2deeb319abe,20260815,ecs-strict,adverse-ecs-mismatch,1,0,0,1,1,0
b781a103-c924-46c0-99ec-7da5dcce3825,20260815,ecs-strict,adverse-ecs-mismatch,1,0,0,1,1,0
38b70f2a-c938-45ce-a3fc-bb02e1aca17a,20260815,ecs-strict,adverse-ecs-mismatch,1,0,0,1,1,0
8264efd9-98e0-43d4-b7c8-794ff1e3f8b0,20260815,ecs-strict,adverse-ecs-mismatch,1,0,0,1,1,0
803ec1ee-6d05-4ac1-aba0-8ebe61a7f65b,20260815,ecs-strict,adverse-ecs-mismatch,1,0,0,1,1,0
45a011bb-99be-46de-9e49-81b4bc473974,20260815,ecs-strict,adverse-ecs-mismatch,1,0,0,1,1,0
92637f11-3aef-4908-bc85-28357a597923,20260815,ecs-strict,adverse-ecs-mismatch,1,0,0,1,1,0
854890cb-ccdd-4f30-813c-3220f647309f,20260815,ecs-strict,adverse-ecs-mismatch,1,0,0,1,1,0
c97ca514-9aa8-48d1-90ff-bbb6d32e1703,20260815,ecs-strict,adverse-ecs-mismatch,1,0,0,1,1,0
a7c6f0df-64d5-4278-bec8-b45c9b0bf36e,20260815,ecs-strict,adverse-ecs-mismatch,1,0,0,1,1,0
085fbdaa-6f39-4fbe-920a-e9145884adad,20260815,ecs-strict,adverse-ecs-mismatch,1,0,0,1,1,0
70582d37-e694-47e0-b559-9a321f79a029,20260815,ecs-strict,adverse-ecs-mismatch,1,0,0,1,1,0
28f916ed-3ce7-4a6f-a486-84d3a01587ec,20260815,ecs-strict,adverse-ecs-mismatch,1,0,0,1,1,0
ed6ea95d-4243-4c35-9fa7-264a5dbe53e3,20260815,ecs-strict,adverse-ecs-mismatch,1,0,0,1,1,0
6974aa34-d342-4cfe-b531-44713805a483,20260815,ecs-strict,adverse-ecs-mismatch,1,0,0,1,1,0
d8511fc8-0b7c-4afd-95fc-cc563065a6f5,20260815,ecs-strict,adverse-ecs-mismatch,1,0,0,1,1,0
5ee85463-b0b3-4a00-aac0-c88e8e25d251,20260815,ecs-strict,adverse-ecs-mismatch,1,0,0,1,1,0
1bba136e-0b33-412a-b79e-c43d63de0c08,20260815,ecs-strict,adverse-ecs-mismatch,1,0,0,1,1,0
c578bb92-3e3f-46cd-a1d3-b1f563868cb7,20260815,ecs-strict,adverse-ecs-mismatch,1,0,0,1,1,0
09c98a0a-34e3-48fc-9ebc-6a7e70fab0c0,20260815,ecs-strict,adverse-ecs-mismatch,1,0,0,1,1,0
1f303f34-8374-4a36-82df-e065aa1c1455,20260815,ecs-strict,adverse-ecs-mismatch,1,0,0,1,1,0
03a2225b-8de6-4e94-bdca-00b7d84eb25e,20260815,ecs-strict,adverse-ecs-mismatch,1,0,0,1,1,0
6b6bba56-3c0d-4fe7-a866-6685e0659bc6,20260815,ecs-strict,adverse-ecs-mismatch,1,0,0,1,1,0
cff75fd9-d8f2-4124-8998-deb68ccf7e2f,20260815,ecs-strict,adverse-ecs-mismatch,1,0,0,1,1,0
54afaa60-c4d7-49c3-b8b6-ebbe9f76d180,20260815,ecs-strict,adverse-ecs-mismatch,1,0,0,1,1,0
392a2412-3477-4442-a289-3a10352fb9f1,20260815,ecs-strict,adverse-ecs-mismatch,1,0,0,1,1,0
ff4c481b-8f1f-4362-af7c-a9c5e1c7fb65,20260815,ecs-strict,adverse-ecs-mismatch,1,0,0,1,1,0
4a30fb0b-116a-4839-a7c3-8ceddad57f28,20260815,ecs-strict,adverse-ecs-mismatch,1,0,0,1,1,0
39d47442-5e3a-42a0-8f15-8104fab5baf5,20260815,ecs-strict,adverse-ecs-mismatch,1,0,0,1,1,0
df0e8f0a-dea0-48ad-a8b2-7ab7384a6882,20260815,ecs-strict,adverse-ecs-mismatch,1,0,0,1,1,0
2d27b040-0511-4245-a64e-e8b4eda5b962,20260815,ecs-strict,adverse-ecs-mismatch,1,0,0,1,1,0
aef14112-ccf0-4faf-92ca-6b6da76224e1,20260815,ecs-strict,adverse-ecs-mismatch,1,0,0,1,1,0
6e396b9b-18cd-45ec-bd13-d119209c0509,20260815,ecs-strict,adverse-ecs-mismatch,1,0,0,1,1,0
cbf7da7d-550a-4b9d-8881-0fb9c3767fae,20260815,ecs-strict,adverse-ecs-mismatch,1,0,0,1,1,0
cf545f33-0227-4d33-a076-de87246fac9d,20260815,ecs-strict,adverse-ecs-mismatch,1,0,0,1,1,0
d4b3c6b3-d0b4-4515-98ae-4dd00596bb80,20260815,ecs-strict,adverse-ecs-mismatch,1,0,0,1,1,0
de0a4f80-edbc-44f3-9b43-5f0b53c776c8,20260815,ecs-strict,adverse-ecs-mismatch,1,0,0,1,1,0
94785762-602b-4a95-b973-a48bd116c225,20260815,ecs-strict,adverse-conflict,1,0,0,2,1,1
ae8e33c2-3fd3-466f-94ea-ca4bcb39cb92,20260815,ecs-strict,adverse-conflict,1,0,0,2,1,1
0c9eced5-d264-402f-a0e0-ea6de10d2d6a,20260815,ecs-strict,adverse-conflict,1,0,0,2,1,1
83552eef-57e4-429d-8026-58d576f3e482,20260815,ecs-strict,adverse-conflict,1,0,0,2,1,1
7e84b4da-6e1d-40b0-be7e-2f06ae0439f4,20260815,ecs-strict,adverse-ecs-mismatch,1,0,0,1,1,0
0c571a4e-d62c-423f-b044-6c2c13c2e3e3,20260815,ecs-strict,adverse-conflict,1,0,0,2,1,1
1a8a30ee-4084-4d0a-a9c4-5eda35a8a65e,20260815,ecs-strict,adverse-ecs-mismatch,1,0,0,1,1,0
73f02abf-eb75-41a7-84ed-2738e5fa9194,20260815,ecs-strict,adverse-conflict,1,0,0,2,1,1
49731011-b9a4-4bee-8cc5-196aa5671d6f,20260815,ecs-strict,adverse-ecs-mismatch,1,0,0,1,1,0
088b220c-e802-4ae6-99bb-fc8fa4985dff,20260815,ecs-strict,adverse-ecs-mismatch,1,0,0,1,1,0
fb554d5d-8ad6-4830-b31d-ac28a3186be6,20260815,ecs-strict,adverse-ecs-mismatch,1,0,0,1,1,0
185b71ae-90c1-4e40-835c-6a711fe92d5e,20260815,ecs-strict,adverse-conflict,1,0,0,2,1,1
7b492ff3-7b15-4bfc-a0fa-fc6614f7ac2e,20260815,ecs-strict,adverse-conflict,1,0,0,2,1,1
e6019c60-5b61-435b-b348-b83d9e7813b7,20260815,ecs-strict,adverse-conflict,1,0,0,2,1,1
6d27649a-29ae-4a8b-a37e-0f2bfacb79d8,20260815,ecs-strict,adverse-conflict,1,0,0,2,1,1
c753d919-27b2-4cda-8670-4179b60c50cd,20260815,ecs-strict,adverse-conflict,1,0,0,2,1,1
09cddadf-8cda-4f21-8f5d-a7d6c7f02b78,20260815,ecs-strict,adverse-conflict,1,0,0,2,1,1
21e01c53-92c8-4570-b0ec-c14369c52e4e,20260815,ecs-strict,adverse-conflict,1,0,0,2,1,1
5ad24518-d253-4a7d-bffe-b5ef35a651f3,20260815,ecs-strict,adverse-conflict,1,0,0,2,1,1
346d1d81-1eb5-45e8-80e3-3ae16770a896,20260815,ecs-strict,adverse-conflict,1,0,0,2,1,1
089f4c52-540b-486a-9872-caaab0568e21,20260815,ecs-strict,adverse-conflict,1,0,0,2,1,1
5de81fae-7c7a-47e1-b9ab-5e0465e12a04,20260815,ecs-strict,adverse-conflict,1,0,0,2,1,1
c57cc776-c7b6-40fa-86d1-b0f2b0d0dae3,20260815,ecs-strict,adverse-conflict,1,0,0,2,1,1
4aa6acb9-458b-4c7e-b05f-0ef1fe415fde,20260815,ecs-strict,adverse-conflict,1,0,0,2,1,1
90f6782a-44e3-4c64-bf33-3d0336d5b615,20260815,ecs-strict,adverse-conflict,1,0,0,2,1,1
4a5ac526-7ac8-438d-95bb-96d46aaea909,20260815,ecs-strict,adverse-conflict,1,0,0,2,1,1
68e56bf7-4117-4886-aa21-b801e774f5f6,20260815,ecs-strict,adverse-conflict,1,0,0,2,1,1
77209798-91e3-43d2-b91f-063d51e6e3e7,20260815,ecs-strict,adverse-conflict,1,0,0,2,1,1
5bc4ca1f-cfc8-4a6b-9007-f2dd018ff79b,20260815,ecs-strict,adverse-conflict,1,0,0,2,1,1
6b7253a6-0510-4ed6-a4bc-1c6c5f3ee178,20260815,ecs-strict,adverse-conflict,1,0,0,2,1,1
54d49833-a53c-4cd9-9bbc-44fca6d5537b,20260815,ecs-strict,adverse-conflict,1,0,0,2,1,1
3492cbc1-6860-4a14-b629-92b4fde0179c,20260815,ecs-strict,adverse-conflict,1,0,0,2,1,1
3c30b70d-5f34-49ed-8ce5-15740ae99ebc,20260815,ecs-strict,adverse-conflict,1,0,0,2,1,1
013dcdcb-97b5-46bb-8f21-590b8dfe1bd1,20260815,ecs-strict,adverse-conflict,1,0,0,2,1,1
0f126624-30e4-4c0d-b5ce-e62ebe0747ac,20260815,ecs-strict,adverse-conflict,1,0,0,2,1,1
b664b410-a3ae-4844-b1cc-eac47a518b93,20260815,ecs-strict,adverse-conflict,1,0,0,2,1,1
dc7e4940-5f31-4651-84df-a78e7a637995,20260815,ecs-strict,adverse-conflict,1,0,0,2,1,1
9b28ec7e-59af-4728-86d5-d2b2abb6bad3,20260815,ecs-strict,adverse-conflict,1,0,0,2,1,1
217697e3-2647-47a0-89a1-46929fa3e73f,20260815,ecs-strict,adverse-conflict,1,0,0,2,1,1
6230d0d9-a17c-4f15-8d6a-9c1802932ea5,20260815,ecs-strict,adverse-conflict,1,0,0,2,1,1
80b2cb66-d478-4481-bff6-86cc8eccc5ea,20260815,ecs-strict,adverse-conflict,1,0,0,2,1,1
f28547ff-f994-4f4e-be58-82935cfaf7c3,20260815,ecs-strict,adverse-conflict,1,0,0,2,1,1
449becb8-eb57-4004-8b28-675af35a1de1,20260815,ecs-strict,adverse-conflict,1,0,0,2,1,1
eee984a9-c82f-484a-820f-773eb826ced3,20260815,ecs-strict,adverse-conflict,1,0,0,2,1,1
99b437df-eaa7-4c6d-b336-46837779d690,20260815,ecs-strict,adverse-conflict,1,0,0,2,1,1
860bcc44-5312-4e3d-85c0-f5b365cc1b53,20260815,ecs-strict,adverse-conflict,1,0,0,2,1,1
95517670-4edc-49d8-802e-b845f5fa496f,20260815,ecs-strict,adverse-conflict,1,0,0,2,1,1
85e5e7f5-eac6-4415-b59f-b29c46514396,20260815,ecs-strict,adverse-conflict,1,0,0,2,1,1
e808f59a-9f0d-4bf1-a36a-0eaa16fa2804,20260815,ecs-strict,adverse-conflict,1,0,0,2,1,1
df61bef0-bc33-4319-b4b1-0d51223fceb4,20260815,ecs-strict,adverse-conflict,1,0,0,2,1,1
b2692d87-3053-44c1-bbe0-b33666f93582,20260815,ecs-strict,adverse-conflict,1,0,0,2,1,1
95c79cd0-b8d9-48af-99fa-95055fc26d08,20260815,ecs-strict,adverse-conflict,1,0,0,2,1,1
c74d0da4-689e-44a8-a97a-a51117809db1,20260815,ecs-strict,adverse-conflict,1,0,0,2,1,1
16368693-335a-4da6-a209-bbcb45767c92,20260815,ecs-strict,adverse-conflict,1,0,0,2,1,1
77c5b6dd-fab0-4e87-88a4-b19bca07f194,20260815,ecs-strict,adverse-conflict,1,0,0,2,1,1
a411fb4a-3ed4-4d6f-b682-0cc6688e842c,20260815,ecs-strict,adverse-conflict,1,0,0,2,1,1
e58d98bd-5c83-4f5a-9705-5d20efd4f477,20260815,ecs-strict,adverse-conflict,1,0,0,2,1,1
b2603c79-da76-497e-8bfa-83fef32687e5,20260815,ecs-strict,benign-burst,0,0,0,1,1,0
9c06aedc-e404-4b33-9410-8728dbc76e98,20260815,ecs-strict,benign-burst,0,0,0,1,1,0
15a94cc3-c55c-44d2-8b99-38ca20a6a6a1,20260815,ecs-strict,benign-burst,0,0,0,1,1,0
d3880428-f916-46ca-bf50-8a62ae19f224,20260815,ecs-strict,adverse-conflict,1,0,0,2,1,1
978f5a46-eeaa-456f-bb1e-3af28ffbb5c5,20260815,ecs-strict,adverse-conflict,1,0,0,2,1,1
bd48ae5f-10f3-4ac7-ba0f-5b0d20b3b679,20260815,ecs-strict,adverse-conflict,1,0,0,2,1,1
7c21eda0-1932-43cd-9565-b8f0f4a8192e,20260815,ecs-strict,adverse-conflict,1,0,0,2,1,1
512f51d2-62d0-47eb-8641-f4a15c188be6,20260815,ecs-strict,adverse-conflict,1,0,0,2,1,1
c6a2685a-4e93-4ce0-aefe-7b2872eabeb8,20260815,ecs-strict,adverse-conflict,1,0,0,2,1,1
e0aa2f7c-af33-4c57-a5b4-4a95d967b4a4,20260815,ecs-strict,adverse-conflict,1,0,0,2,1,1
beee03f5-db21-4d68-9e35-18dc4825297b,20260815,ecs-strict,adverse-conflict,1,0,0,2,1,1
bdf73444-77c3-49bf-9658-1635787837f1,20260815,ecs-strict,adverse-conflict,1,0,0,2,1,1
5bce7b35-51af-4a26-b7d0-a591a6c88a95,20260815,ecs-strict,adverse-conflict,1,0,0,2,1,1
54e54071-c3bc-4ab0-ae26-87e4f36e545f,20260815,ecs-strict,adverse-conflict,1,0,0,2,1,1
fd79d098-7539-41f8-b83f-a64f829d3503,20260815,ecs-strict,adverse-conflict,1,0,0,2,1,1
75893b9c-824f-4255-85ca-4af02bbe0812,20260815,ecs-strict,adverse-conflict,1,0,0,2,1,1
48c4c514-e3f1-4b0c-bc29-4494fdd770d6,20260815,ecs-strict,adverse-conflict,1,0,0,2,1,1
98e15cd1-af7e-4866-8398-897af66366f2,20260815,ecs-strict,adverse-conflict,1,0,0,2,1,1
952f01d7-00bb-406d-8d60-e4063b41e996,20260815,ecs-strict,adverse-conflict,1,0,0,2,1,1
fbf4dfa4-3349-4004-b4da-c1a22cf7c220,20260815,ecs-strict,adverse-conflict,1,0,0,2,1,1
3fc3efdb-ae60-4d84-9b9b-8dfafa6fd3f2,20260815,ecs-strict,benign-burst,0,0,0,1,1,0
b47d2803-c0a9-4bc4-8d6b-89bc1ef1a6d9,20260815,ecs-strict,adverse-conflict,1,0,0,2,1,1
1d2abe9b-2ac3-4572-9e7e-6f29aa32725b,20260815,ecs-strict,adverse-conflict,1,0,0,2,1,1
f964f7a9-8112-4228-b059-741ff25c122c,20260815,ecs-strict,adverse-conflict,1,0,0,2,1,1
e406f4c3-cefa-42fb-8f76-c2795ffd0676,20260815,ecs-strict,adverse-conflict,1,0,0,2,1,1
d8839b6b-d6da-463d-b95b-63565fe6036d,20260815,ecs-strict,adverse-conflict,1,0,0,2,1,1
525555e6-7fb1-4b2b-ab79-f462a395d694,20260815,ecs-strict,adverse-conflict,1,0,0,2,1,1
ae4b54df-4552-4b95-a56f-409ee35a0c83,20260815,ecs-strict,adverse-conflict,1,0,0,2,1,1
73818a27-c62e-4b7c-9168-4269e3565ad0,20260815,ecs-strict,adverse-conflict,1,0,0,2,1,1
9fdd1f64-c00f-4e06-9207-2427875bd829,20260815,ecs-strict,adverse-conflict,1,0,0,2,1,1
42cf3f9a-0816-4cc5-927d-b04e4161541c,20260815,ecs-strict,adverse-conflict,1,0,0,2,1,1
a8f958d0-2dbd-4d24-8548-274cd92c748d,20260815,ecs-strict,adverse-conflict,1,0,0,2,1,1
ab1eaab8-be83-43d6-b560-03c940e9209b,20260815,ecs-strict,adverse-ecs-fanout,1,0,0,2,1,1
c6f2085a-faaa-41fa-934b-a90c156e8198,20260815,ecs-strict,adverse-ecs-fanout,1,0,0,2,1,1
8de00593-e336-49ab-a2c9-13b65d700ba1,20260815,ecs-strict,adverse-ecs-fanout,1,0,0,2,1,1
f81a10fb-66d6-4383-b975-d75d2835bc24,20260815,ecs-strict,adverse-ecs-fanout,1,0,0,2,1,1
450d3462-e8e0-42d5-83d5-287e5be7e007,20260815,ecs-strict,adverse-ecs-fanout,1,0,0,2,1,1
05d74988-f844-4310-9a83-5973224da040,20260815,ecs-strict,adverse-ecs-fanout,1,0,0,2,1,1
a5bd4ba7-7fd5-49b2-a5d5-86553c9f60d6,20260815,ecs-strict,adverse-ecs-fanout,1,0,0,2,1,1
f54ad150-4268-4f37-8d19-77e3ea3f89b4,20260815,ecs-strict,adverse-ecs-fanout,1,0,0,2,1,1
dc2a799d-bb63-42c2-9fb0-b98e5dbda0fe,20260815,ecs-strict,adverse-ecs-fanout,1,0,0,2,1,1
17ce7f5f-7cbb-4027-b846-f3f41a5b5595,20260815,ecs-strict,adverse-ecs-fanout,1,0,0,2,1,1
e56ff7b0-09cc-4c31-99dc-7f54c53ee0c3,20260815,ecs-strict,adverse-ecs-fanout,1,0,0,2,1,1
62012ef2-7a65-43c3-8a69-1e5fa43c7666,20260815,ecs-strict,adverse-ecs-fanout,1,0,0,2,1,1
cab2a104-a3f3-4410-a143-1258656ab8e0,20260815,ecs-strict,adverse-ecs-fanout,1,0,0,2,1,1
c868ffc5-350e-4893-a0ba-ab8a7659e4e9,20260815,ecs-strict,adverse-ecs-fanout,1,0,0,2,1,1
02e91ba9-a3b2-4cc6-8017-a01c79511b73,20260815,ecs-strict,adverse-ecs-fanout,1,0,0,2,1,1
719757e9-41c2-4e37-9c7b-f0800f4c3f68,20260815,ecs-strict,adverse-ecs-fanout,1,0,0,2,1,1
0658045c-ccf8-4863-9ada-966466e848b8,20260815,ecs-strict,adverse-ecs-fanout,1,0,0,2,1,1
acc7e471-b2bb-4da2-b26f-c953efeb629b,20260815,ecs-strict,adverse-ecs-fanout,1,0,0,2,1,1
a70dcfba-fd4c-455c-92fa-990ce1a085ae,20260815,ecs-strict,adverse-ecs-fanout,1,0,0,2,1,1
d4c5b7c3-ae7f-4f7b-9f34-17877cbac91d,20260815,ecs-strict,adverse-ecs-fanout,1,0,0,2,1,1
280454bf-d570-40e1-bd3d-a992a2d4f61d,20260815,ecs-strict,adverse-ecs-fanout,1,0,0,2,1,1
1d6d1f68-105d-425c-8558-bfad1c462335,20260815,ecs-strict,adverse-ecs-fanout,1,0,0,2,1,1
b0556a6e-f93a-4229-b094-aa87488f3bef,20260815,ecs-strict,adverse-ecs-fanout,1,0,0,2,1,1
73141b83-3d3e-4ea8-bd65-d50eeb0a99ba,20260815,ecs-strict,adverse-ecs-fanout,1,0,0,2,1,1
2281774e-08bc-4eeb-be3d-683b8d816cbc,20260815,ecs-strict,adverse-ecs-fanout,1,0,0,2,1,1
e81baec2-629e-418b-936c-615d31b74518,20260815,ecs-strict,adverse-ecs-fanout,1,0,0,2,1,1
6fba7a05-6402-46d8-8c37-0fab9d179d09,20260815,ecs-strict,adverse-ecs-fanout,1,0,0,2,1,1
c2d6696b-f787-4c18-b6c8-6e348b55725f,20260815,ecs-strict,adverse-ecs-fanout,1,0,0,2,1,1
3b8807ad-e2e7-4f0d-91c6-a97224cad806,20260815,ecs-strict,adverse-ecs-fanout,1,0,0,2,1,1
630a30f6-3714-4502-ac74-0351f554ea41,20260815,ecs-strict,adverse-ecs-fanout,1,0,0,2,1,1
f1f48934-0d3b-42cd-8b08-f2dbb25e93e0,20260815,ecs-strict,adverse-ecs-fanout,1,0,0,2,1,1
73e6fb6d-5f46-4745-a344-ca6c9c2c5dd5,20260815,ecs-strict,adverse-ecs-fanout,1,0,0,2,1,1
775ee592-ee0c-4cf1-9162-ce436bb7d26a,20260815,ecs-strict,adverse-ecs-fanout,1,0,0,2,1,1
a0a43ae8-a5c8-44f3-91bd-4472ae1b8077,20260815,ecs-strict,adverse-ecs-fanout,1,0,0,2,1,1
74b30dfd-1f5c-4b39-b823-b7af70495e10,20260815,ecs-strict,adverse-ecs-fanout,1,0,0,2,1,1
0c912efa-caa5-4e8c-9da7-d933ef036181,20260815,ecs-strict,adverse-ecs-fanout,1,0,0,2,1,1
9c0b3048-7cf0-4176-8e36-cbec2f162f84,20260815,ecs-strict,adverse-ecs-fanout,1,0,0,2,1,1
7b18861d-82b9-40e4-8efe-5b4537b2e2b8,20260815,ecs-strict,adverse-ecs-fanout,1,0,0,2,1,1
63ddeb05-6deb-4295-93cd-3e4bc6f15c97,20260815,ecs-strict,adverse-ecs-fanout,1,0,0,2,1,1
f4bb522a-7b52-4009-adb5-811d76a9fd3b,20260815,ecs-strict,adverse-ecs-fanout,1,0,0,2,1,1
034a44e4-ad08-4c64-96cf-c0311dfc2854,20260815,ecs-strict,adverse-ecs-fanout,1,0,0,2,1,1
ed829e3a-b0cc-4aa2-87fa-9632e806a80a,20260815,ecs-strict,adverse-ecs-fanout,1,0,0,2,1,1
351c3076-e1ef-4484-8844-8cfe27cc8a17,20260815,ecs-strict,adverse-ecs-fanout,1,0,0,2,1,1
8ad017df-c7f6-4276-bb49-64fe1d9f3cbc,20260815,ecs-strict,adverse-ecs-fanout,1,0,0,2,1,1
c10a1e23-e09f-4a78-8ba9-21b7f02544a0,20260815,ecs-strict,adverse-ecs-fanout,1,0,0,2,1,1
800507d5-8c35-4470-ad76-3a648f8bf649,20260815,ecs-strict,adverse-ecs-fanout,1,0,0,2,1,1
ca6d8a5b-d511-40b6-9675-b232878b63f1,20260815,ecs-strict,adverse-ecs-fanout,1,0,0,2,1,1
4a134cdf-ff1e-4650-a18b-82059daabdb2,20260815,ecs-strict,adverse-ecs-fanout,1,0,0,2,1,1
6425b4d2-11a6-4a5b-8f2f-9c2c8ab67ede,20260815,ecs-strict,adverse-ecs-fanout,1,0,0,2,1,1
515ffe0f-59b4-4149-8a6b-f9eb81600d81,20260815,ecs-strict,adverse-ecs-fanout,1,0,0,2,1,1
21fd8f74-4399-4596-bbae-5744f8e127d5,20260815,ecs-strict,adverse-conflict,1,0,0,2,1,1
1246e2a0-51c3-40f7-af1b-fd447c687340,20260815,ecs-strict,adverse-conflict,1,0,0,2,1,1
3faa4a82-74d6-4070-9ead-a1552ec2964b,20260815,ecs-strict,adverse-conflict,1,0,0,2,1,1
6cad4d0e-ff7d-4ae2-aae7-d31e154d18ec,20260815,ecs-strict,adverse-conflict,1,0,0,2,1,1
858da24c-9cc6-41fb-aee9-7ca8bef2a84e,20260815,ecs-strict,adverse-conflict,1,0,0,2,1,1
fb32d47c-00ea-4da5-8bff-027c6e0eca77,20260815,ecs-strict,adverse-ecs-fanout,1,0,0,2,1,1
3222e354-fc56-4938-a4dc-3f96c84b37cf,20260815,ecs-strict,adverse-ecs-fanout,1,0,0,2,1,1
69993987-d0f6-4b1b-9081-d4bd18de2742,20260815,ecs-strict,adverse-ecs-fanout,1,0,0,2,1,1
0ebdbbef-374f-45fa-bd04-a00b7c3d756e,20260815,ecs-strict,adverse-conflict,1,0,0,2,1,1
c352ab14-0097-44c2-b1eb-946d0ef32b1d,20260815,ecs-strict,adverse-conflict,1,0,0,2,1,1
b549036b-57bc-4842-8d34-6c69540a519c,20260815,ecs-strict,adverse-ecs-fanout,1,0,0,2,1,1
f23d306e-e25f-4607-a2c9-fa82b7f85eb8,20260815,ecs-strict,adverse-conflict,1,0,0,2,1,1
b200d5f1-d0ab-4e08-9cb4-753a216f0920,20260815,ecs-strict,adverse-ecs-fanout,1,0,0,2,1,1
79501690-644d-429f-959c-9f7d2ee190b2,20260815,ecs-strict,adverse-conflict,1,0,0,2,1,1
587ba6aa-d312-4a7d-a3e6-f2000471b86f,20260815,ecs-strict,adverse-ecs-fanout,1,0,0,2,1,1
a8360137-a676-4d3b-888e-7bf0d5cc9e9f,20260815,ecs-strict,adverse-ecs-fanout,1,0,0,2,1,1
75767b92-2a0f-48dd-b966-7faacf8b60ec,20260815,ecs-strict,adverse-ecs-fanout,1,0,0,2,1,1
a93e3523-ceb9-4043-82be-0d09fb33c02c,20260815,ecs-strict,adverse-ecs-fanout,1,0,0,2,1,1
93dc48d4-c303-4f1d-817b-1bb0edc4caa8,20260815,ecs-strict,adverse-conflict,1,0,0,2,1,1
eb5dce70-7805-4755-8764-0f0132ca34c5,20260815,ecs-strict,adverse-ecs-fanout,1,0,0,2,1,1
135e8f24-42f3-477e-8f3b-d2f63c296b26,20260815,ecs-strict,adverse-ecs-fanout,1,0,0,2,1,1
06c7106e-abf7-4281-a725-dc18ea9bb2b9,20260815,ecs-strict,adverse-ecs-fanout,1,0,0,2,1,1
025f7665-9e52-4369-bba5-15e4474e9ad8,20260815,ecs-strict,adverse-ecs-fanout,1,0,0,2,1,1
72ed7957-8231-4fa1-9893-d272aa91d114,20260815,ecs-strict,adverse-ecs-fanout,1,0,0,2,1,1
8340605b-3a86-467e-a2bb-8427049da281,20260815,ecs-strict,adverse-ecs-fanout,1,0,0,2,1,1
d43c9460-fc25-428f-bb3e-122723e451e6,20260815,ecs-strict,adverse-ecs-fanout,1,0,0,2,1,1
386d3a68-2356-4e3a-91c8-b56ce4ef2c8a,20260815,ecs-strict,adverse-ecs-fanout,1,0,0,2,1,1
dff64790-92cf-4ed4-a986-e5cd4365de5a,20260815,ecs-strict,adverse-ecs-fanout,1,0,0,2,1,1
f2c95606-61d1-4198-8aa4-f5269ec7daf5,20260815,ecs-strict,adverse-ecs-fanout,1,0,0,2,1,1
b270cdf5-3859-433e-ba02-c3c25ffc9b3c,20260815,ecs-strict,adverse-ecs-fanout,1,0,0,2,1,1
af063b31-0e78-467a-bdca-4fce6c7356cb,20260815,ecs-strict,adverse-ecs-fanout,1,0,0,2,1,1
ad3cf14e-bfa1-4299-b188-b4f788622510,20260815,ecs-strict,adverse-ecs-fanout,1,0,0,2,1,1
9710ee0e-e661-469d-b426-3e3c3a24322e,20260815,ecs-strict,adverse-ecs-fanout,1,0,0,2,1,1
7f720c40-44d2-43d4-9c96-5553f2266a08,20260815,ecs-strict,adverse-ecs-fanout,1,0,0,2,1,1
48127673-0e04-4690-8110-42434f3ef86e,20260815,ecs-strict,adverse-ecs-fanout,1,0,0,2,1,1
4942f074-ee60-480f-ae35-3d374a42d87f,20260815,ecs-strict,adverse-ecs-fanout,1,0,0,2,1,1
618d67b4-ee1a-4e77-9aed-de94985e210e,20260815,ecs-strict,adverse-ecs-fanout,1,0,0,2,1,1
b97103da-fad2-49fd-aa20-61543b6ff07c,20260815,ecs-strict,adverse-ecs-fanout,1,0,0,2,1,1
76c3ccfa-6d0c-4e22-92fb-699914621dac,20260815,ecs-strict,adverse-ecs-fanout,1,0,0,2,1,1
5038fbb0-d6bc-43cd-8529-9d200d86d047,20260815,ecs-strict,adverse-ecs-fanout,1,0,0,2,1,1
4cc1197a-d9cf-4cde-a5ad-de57324eb5f5,20260815,ecs-strict,adverse-ecs-fanout,1,0,0,2,1,1
3e84910a-5166-4d96-a298-483014939afd,20260815,ecs-strict,adverse-ecs-fanout,1,0,0,2,1,1
b0136344-1c56-44b4-a82b-434adf5818de,20260815,ecs-strict,adverse-ecs-fanout,1,0,0,2,1,1
1214f4c4-34d8-4dfe-8205-227e5184f151,20260815,ecs-strict,adverse-ecs-fanout,1,0,0,2,1,1
b5f9e781-8a22-4b40-8e0e-fdcfa9b1aab0,20260815,ecs-strict,adverse-ecs-fanout,1,0,0,2,1,1
4ca77e96-32e6-4510-b9ce-98b8ff41d67d,20260815,ecs-strict,adverse-ecs-fanout,1,0,0,2,1,1
9baea6a0-8e78-4567-9286-f7be7de75609,20260815,ecs-strict,adverse-ecs-fanout,1,0,0,2,1,1
b466960b-1bee-448a-9457-48b7175d9f42,20260815,ecs-strict,adverse-ecs-fanout,1,0,0,2,1,1
ae808672-bf1b-46be-9722-1f61e669b080,20260815,ecs-strict,adverse-ecs-fanout,1,0,0,2,1,1
d4bfcb74-de02-4434-8138-c9aa0f751042,20260815,ecs-strict,adverse-ecs-fanout,1,0,0,2,1,1
1c2911e2-18aa-4158-a547-8f62756c79a4,20260816,aggregate,benign-plain,0,0,0,1,1,0
d43dc504-2baf-41ab-a9c9-4b4ce4cfa5a4,20260816,aggregate,benign-plain,0,0,0,1,1,0
2e67c77a-7566-489a-aaca-d646c5d80eac,20260816,aggregate,benign-plain,0,0,0,1,1,0
c34c728f-af79-483b-b870-215c16690269,20260816,aggregate,benign-plain,0,0,0,1,1,0
8245ce6d-9403-448a-a3ef-5305e2144bca,20260816,aggregate,benign-plain,0,0,0,1,1,0
837727ac-c919-4b0d-9425-24f048c7b419,20260816,aggregate,benign-plain,0,0,0,1,1,0
83242754-598d-4fcf-9abe-fc4b51b3fa54,20260816,aggregate,benign-plain,0,0,0,1,1,0
82d72a16-4eba-4ca9-9ebd-7e298c17aff3,20260816,aggregate,benign-plain,0,0,0,1,1,0
1dbb6724-52d6-4d3a-83a1-de0357922ca5,20260816,aggregate,benign-plain,0,0,0,1,1,0
0c4b9bc8-c027-4c1b-b037-818bcdf8d9ba,20260816,aggregate,benign-plain,0,0,0,1,1,0
b183758f-00ca-46b7-827d-58249adff4e2,20260816,aggregate,benign-plain,0,0,0,1,1,0
22b0d11f-5e0c-4248-8c32-57d109ec8860,20260816,aggregate,benign-plain,0,0,0,1,1,0
ea9d69e8-faaa-403e-b039-1ebb5bb25f5e,20260816,aggregate,benign-plain,0,0,0,1,1,0
e51a3793-a902-4642-9d64-b7c2f3e4c54e,20260816,aggregate,benign-plain,0,0,0,1,1,0
8ed5a700-ddb2-4758-9b75-9f7119bed857,20260816,aggregate,benign-plain,0,0,0,1,1,0
292b2f1a-6d47-4cb8-aa0e-6a1771e07c26,20260816,aggregate,benign-plain,0,0,0,1,1,0
37c109b1-07b9-4299-9133-f984698288a6,20260816,aggregate,benign-plain,0,0,0,1,1,0
71d3c9ee-0c8f-4e21-9cb7-367bad564d70,20260816,aggregate,benign-plain,0,0,0,1,1,0
47d6d94c-98cf-4f3b-8caf-ed7e72929e11,20260816,aggregate,benign-plain,0,0,0,1,1,0
add5fa5b-fe5d-42a8-8e1b-c29fea4fbd86,20260816,aggregate,benign-plain,0,0,0,1,1,0
96f49d76-c830-4e89-be13-6b4830c82a9a,20260816,aggregate,benign-plain,0,0,0,1,1,0
73612f81-218e-47e1-9e6c-2112839adbfa,20260816,aggregate,benign-plain,0,0,0,1,1,0
f2da9588-0bf5-4a5a-8223-057a54c735ab,20260816,aggregate,benign-plain,0,0,0,1,1,0
ee68ef61-4e90-4894-94a5-eb181bb35624,20260816,aggregate,benign-plain,0,0,0,1,1,0
770aec0e-d467-480b-abe6-4afa59d29046,20260816,aggregate,benign-plain,0,0,0,1,1,0
07986750-3f0a-4f74-b4e3-5a4f071affea,20260816,aggregate,benign-plain,0,0,0,1,1,0
9a2ce76a-b902-4b10-ad2a-2a53bd956551,20260816,aggregate,benign-plain,0,0,0,1,1,0
f647239d-c90b-4340-aeed-652133975ee3,20260816,aggregate,benign-plain,0,0,0,1,1,0
fd323936-8837-423a-90ac-233244560b4e,20260816,aggregate,benign-plain,0,0,0,1,1,0
09eb9671-17a2-47bc-895f-a635bae445f5,20260816,aggregate,benign-plain,0,0,0,1,1,0
d0b3f83c-1ece-4604-9cd2-8950281fc071,20260816,aggregate,benign-plain,0,0,0,1,1,0
389c8bee-29fa-4dcf-af70-f0696f0af100,20260816,aggregate,benign-plain,0,0,0,1,1,0
7170c6b0-2244-451d-905c-e37812d23923,20260816,aggregate,benign-plain,0,0,0,1,1,0
b92503f7-82f9-4f8f-b473-7d49d6a90ece,20260816,aggregate,benign-plain,0,0,0,1,1,0
9f1f8cb1-7291-43ba-8b2a-da779695ad0e,20260816,aggregate,benign-plain,0,0,0,1,1,0
b35be8d9-6329-4210-91e7-58487386b38d,20260816,aggregate,benign-plain,0,0,0,1,1,0
da6f6e27-7464-4333-b2a0-d0a4c6b23dfc,20260816,aggregate,benign-plain,0,0,0,1,1,0
66284359-6159-4bbe-afbf-c588a1bf1fca,20260816,aggregate,benign-plain,0,0,0,1,1,0
8220767b-cc32-4578-8d48-a6209b07d2f9,20260816,aggregate,benign-plain,0,0,0,1,1,0
4c8eef88-bc95-49f3-bae5-ca61bd0451bb,20260816,aggregate,benign-plain,0,0,0,1,1,0
609f604c-4105-4fe2-b8e3-5ef19c847dba,20260816,aggregate,benign-plain,0,0,0,1,1,0
8fa2fc41-1130-4af6-bdbf-41ef717326f8,20260816,aggregate,benign-plain,0,0,0,1,1,0
90ec026c-9c8b-44db-b7f5-6548706f5f17,20260816,aggregate,benign-plain,0,0,0,1,1,0
474a20fe-af2e-4a75-b433-90c371ac6681,20260816,aggregate,benign-plain,0,0,0,1,1,0
74d8500f-5563-49a0-9160-3c0a25908ae7,20260816,aggregate,benign-plain,0,0,0,1,1,0
e840a316-11e5-40b6-9ac5-088c32e9e8d5,20260816,aggregate,benign-plain,0,0,0,1,1,0
51825313-ae2a-418f-8e63-2f17728c2537,20260816,aggregate,benign-plain,0,0,0,1,1,0
175f107a-e723-4a39-94df-c7a4c5841c38,20260816,aggregate,benign-plain,0,0,0,1,1,0
a6b49f96-469c-4553-b7aa-bb24bbb252d0,20260816,aggregate,benign-plain,0,0,0,1,1,0
c8d0108f-9792-483b-b03f-e651e034908e,20260816,aggregate,benign-plain,0,0,0,1,1,0
55f3fe72-ba53-4b0d-a984-1decacd2e45f,20260816,aggregate,benign-plain,0,0,0,1,1,0
496a63c4-8e3e-4f31-a2e3-3d668250e335,20260816,aggregate,benign-plain,0,0,0,1,1,0
238c9c25-5665-400e-9053-efd6e1dd35df,20260816,aggregate,benign-plain,0,0,0,1,1,0
69833bfa-a66e-4fc7-89ce-bf94207776af,20260816,aggregate,benign-plain,0,0,0,1,1,0
ffaf46ce-5eac-4518-91f5-f8f1d4caa6a2,20260816,aggregate,benign-plain,0,0,0,1,1,0
471f1ef3-2859-401f-9c02-cc2010aa9682,20260816,aggregate,benign-plain,0,0,0,1,1,0
076bd6a0-5546-40d6-a9ae-241f5841f4dd,20260816,aggregate,benign-plain,0,0,0,1,1,0
7a5f15e2-3189-4f7c-b553-c616260bffe6,20260816,aggregate,benign-plain,0,0,0,1,1,0
cd6e88e9-35f3-4d20-9253-ae090c7e41bd,20260816,aggregate,benign-plain,0,0,0,1,1,0
3aec7da1-f95c-4975-95eb-2ca49370d94d,20260816,aggregate,benign-plain,0,0,0,1,1,0
15254e87-b1ee-4e9c-b67c-9073c0718799,20260816,aggregate,benign-plain,0,0,0,1,1,0
dc61fef1-624f-499f-a48f-e7b453355033,20260816,aggregate,benign-plain,0,0,0,1,1,0
cf8ee5e3-89fb-4a69-8201-1cf651d97222,20260816,aggregate,benign-plain,0,0,0,1,1,0
59468016-5a27-4d98-bfda-b71dff3a3553,20260816,aggregate,benign-plain,0,0,0,1,1,0
d2031386-8f3b-4ac4-8bb4-d6fff77fe131,20260816,aggregate,benign-plain,0,0,0,1,1,0
5f124594-2915-4942-b818-8bd5a0c27dd8,20260816,aggregate,benign-plain,0,0,0,1,1,0
929b689f-857a-468c-b761-3c837a1f7ba3,20260816,aggregate,benign-plain,0,0,0,1,1,0
5d0f66ab-fadd-4f00-9969-f82af2259b23,20260816,aggregate,benign-plain,0,0,0,1,1,0
e27222ad-1006-4f53-a040-cd3c22101bdc,20260816,aggregate,benign-plain,0,0,0,1,1,0
1ff2cb53-13d1-4dd2-ac53-d76771cc0749,20260816,aggregate,benign-plain,0,0,0,1,1,0
1f54162f-decb-4749-a4b3-2f50f4c59cf7,20260816,aggregate,benign-plain,0,0,0,1,1,0
97ac7d7b-ba7f-4022-b057-2e89a3c12fe2,20260816,aggregate,benign-plain,0,0,0,1,1,0
4b4ab92f-f9a7-4723-9c6e-b22ec610ea9c,20260816,aggregate,benign-plain,0,0,0,1,1,0
9f08eed9-438f-4489-847c-38c1f1dd497e,20260816,aggregate,benign-plain,0,0,0,1,1,0
db29273b-f910-4a7a-847f-dc89b085f62f,20260816,aggregate,benign-plain,0,0,0,1,1,0
d71eb62e-77ae-481c-9f3e-d3e16529b2c7,20260816,aggregate,benign-plain,0,0,0,1,1,0
7e3fadc6-e856-49d7-b87f-297ce54d0615,20260816,aggregate,benign-plain,0,0,0,1,1,0
728f7e88-2e64-4417-b4cd-37bae7a703e8,20260816,aggregate,benign-plain,0,0,0,1,1,0
d53559e7-5de3-4be7-9050-4a87bb5a91d0,20260816,aggregate,benign-plain,0,0,0,1,1,0
d9a6e38c-c2c9-4fac-a355-ed40a65b7d47,20260816,aggregate,benign-plain,0,0,0,1,1,0
0e959d5c-4c15-418b-a498-59fb5cfe5c0c,20260816,aggregate,benign-plain,0,0,0,1,1,0
834993d0-8621-45e1-b289-9c61af8caa65,20260816,aggregate,benign-plain,0,0,0,1,1,0
a01a0227-f2d2-4f3b-9dbf-5e11417bb4fa,20260816,aggregate,benign-plain,0,0,0,1,1,0
60b3ec75-0735-421f-913d-3c38a38a3c7a,20260816,aggregate,benign-plain,0,0,0,1,1,0
84323289-bbd7-443f-a437-8a21ed25734d,20260816,aggregate,benign-plain,0,0,0,1,1,0
dead2e0c-83c6-48f3-840a-40f8dc01ff3e,20260816,aggregate,benign-ecs-stable,0,0,0,1,1,0
4ae343fd-2dc6-47f1-ba15-85b9b1140001,20260816,aggregate,benign-ecs-stable,0,0,0,1,1,0
e2bb0cf2-037d-4f1b-ae99-f63c375ab1f1,20260816,aggregate,benign-ecs-stable,0,0,0,1,1,0
02ac779b-5d49-402c-9d41-504612ccdc36,20260816,aggregate,benign-ecs-stable,0,0,0,1,1,0
c4ace4eb-4c35-4a0e-b8b5-33589f0ab37a,20260816,aggregate,benign-ecs-stable,0,0,0,1,1,0
93044943-b482-4549-bc3c-7a790837e19f,20260816,aggregate,benign-ecs-stable,0,0,0,1,1,0
077f7257-f86f-4fbb-8233-803f16a3f984,20260816,aggregate,benign-plain,0,0,0,1,1,0
cbba899d-860c-4811-bc56-f16ca586e2b5,20260816,aggregate,benign-ecs-stable,0,0,0,1,1,0
e3553ddb-88bd-482b-b39c-8f9284862cba,20260816,aggregate,benign-plain,0,0,0,1,1,0
a8f5c044-69d1-494a-a860-c6bbaf38bbbc,20260816,aggregate,benign-ecs-stable,0,0,0,1,1,0
9ce4eba3-3cb9-4d70-8183-ab8502973fb6,20260816,aggregate,benign-ecs-stable,0,0,0,1,1,0
a3c87ecf-17fd-4f43-a8fc-ed66aa8a1c0c,20260816,aggregate,benign-plain,0,0,0,1,1,0
94ba43ed-9c57-430a-a59f-7736afb66caa,20260816,aggregate,benign-ecs-stable,0,0,0,1,1,0
aaab5aca-f14c-422e-9d06-87b14781f79d,20260816,aggregate,benign-ecs-stable,0,0,0,1,1,0
8af576fe-38ea-407c-a6d5-2624c0574e6b,20260816,aggregate,benign-ecs-stable,0,0,0,1,1,0
73588487-bdc7-4d66-acf9-c4850e050b47,20260816,aggregate,benign-ecs-stable,0,0,0,1,1,0
730b97db-9c51-457f-8431-554aa16abaa3,20260816,aggregate,benign-ecs-stable,0,0,0,1,1,0
b0c2c335-b3fe-416d-a128-78cab79bd506,20260816,aggregate,benign-ecs-stable,0,0,0,1,1,0
8071b77c-b966-4e59-84cd-95343ab0d7f8,20260816,aggregate,benign-ecs-stable,0,0,0,1,1,0
81435adc-f6a2-4392-9fc3-bae9f6c1ef78,20260816,aggregate,benign-ecs-stable,0,0,0,1,1,0
4a79548e-33f1-4896-9e4c-d50acc805fba,20260816,aggregate,benign-ecs-stable,0,0,0,1,1,0
03060745-cdb0-4c0a-ba85-6761ed52b7bb,20260816,aggregate,benign-ecs-stable,0,0,0,1,1,0
ade30e92-ebcb-4333-927d-b06e9774353f,20260816,aggregate,benign-plain,0,0,0,1,1,0
99db6db1-9348-4b3e-954e-a06ae5ffd6d0,20260816,aggregate,benign-ecs-stable,0,0,0,1,1,0
d08c9909-32e4-44c2-b163-9818a1bd5704,20260816,aggregate,benign-ecs-stable,0,0,0,1,1,0
f6a5dc2e-54a2-48bf-b703-a703ab6b1008,20260816,aggregate,benign-ecs-stable,0,0,0,1,1,0
76bd360c-4b7e-45d8-947f-377fef4258e9,20260816,aggregate,benign-ecs-stable,0,0,0,1,1,0
d0a31ccd-3dad-4d78-8fb3-4c1f51c64eed,20260816,aggregate,benign-ecs-stable,0,0,0,1,1,0
7ad037f5-ac52-4007-96b3-47ce0e213906,20260816,aggregate,benign-ecs-stable,0,0,0,1,1,0
91d57dbc-8462-478a-af52-782db1cfa55d,20260816,aggregate,benign-ecs-stable,0,0,0,1,1,0
f488b885-e41f-4a78-8d04-655b0c38b3ea,20260816,aggregate,benign-ecs-stable,0,0,0,1,1,0
c6464045-4bf5-4d93-b8f8-ff695d3d47bb,20260816,aggregate,benign-ecs-stable,0,0,0,1,1,0
4c95658a-162d-4e2c-9cc4-2ab5e9e6d2e9,20260816,aggregate,benign-ecs-stable,0,0,0,1,1,0
a5636816-cb69-4d39-84ea-df424979cfa2,20260816,aggregate,benign-ecs-stable,0,0,0,1,1,0
333d736f-4fee-4ecb-a4de-e8e3ee605459,20260816,aggregate,benign-ecs-stable,0,0,0,1,1,0
bdecd9cd-b998-4708-bc24-47d61331e000,20260816,aggregate,benign-ecs-stable,0,0,0,1,1,0
032e9d2a-8678-4050-920c-da2a6fb77906,20260816,aggregate,benign-ecs-stable,0,0,0,1,1,0
140497ca-a34f-427f-9d13-1b86726c9d1d,20260816,aggregate,benign-ecs-stable,0,0,0,1,1,0
c156f663-0365-4d2f-bdab-1b84afdf1e82,20260816,aggregate,benign-ecs-stable,0,0,0,1,1,0
a47d9bc5-c1da-441f-906b-a6d3371d9898,20260816,aggregate,benign-ecs-stable,0,0,0,1,1,0
fdd8b493-73fb-4c2c-8859-90cf013c2a6c,20260816,aggregate,benign-ecs-stable,0,0,0,1,1,0
aa3f26c2-334f-4609-abf7-d20536e2474c,20260816,aggregate,benign-ecs-stable,0,0,0,1,1,0
5cf00ec6-9335-44d4-bbc5-7572fa594b0d,20260816,aggregate,benign-ecs-stable,0,0,0,1,1,0
63536b5e-6ea0-4875-990d-9b01be87171b,20260816,aggregate,benign-ecs-stable,0,0,0,1,1,0
bf0d789b-1c23-466d-bde3-413bffd6fbc1,20260816,aggregate,benign-ecs-stable,0,0,0,1,1,0
e1f094d2-ffa1-4e7c-b71d-1a42927a8826,20260816,aggregate,benign-ecs-stable,0,0,0,1,1,0
58e882ae-f603-4f88-9097-71db68491fe8,20260816,aggregate,benign-ecs-stable,0,0,0,1,1,0
c2c207a3-4d13-45f6-a12b-24ea82fd723f,20260816,aggregate,benign-ecs-stable,0,0,0,1,1,0
abe179e5-ff1a-4e57-bc7e-a7e2fb67499e,20260816,aggregate,benign-ecs-stable,0,0,0,1,1,0
01c52490-d8b4-4a33-aecd-882d7df7a2ab,20260816,aggregate,benign-ecs-stable,0,0,0,1,1,0
092a2047-f2f8-4f0e-aeff-ccec7dfd39b5,20260816,aggregate,benign-ecs-stable,0,0,0,1,1,0
9a95ac1c-270b-4cc9-96fe-6ae2a27a7f39,20260816,aggregate,benign-ecs-stable,0,0,0,1,1,0
e3bb1e5e-4976-4029-b911-cf966c14ae9c,20260816,aggregate,benign-plain,0,0,0,1,1,0
bcb84c95-abbc-4775-bacf-f8b64a219efc,20260816,aggregate,benign-ecs-stable,0,0,0,1,1,0
b29877ed-3ba3-450e-b1e9-0e306debc062,20260816,aggregate,benign-ecs-stable,0,0,0,1,1,0
5ec953c8-447b-4906-8269-bfcd9e08e408,20260816,aggregate,benign-ecs-stable,0,0,0,1,1,0
ca5d6957-051c-450a-9873-a22bbc9f6861,20260816,aggregate,benign-ecs-stable,0,0,0,1,1,0
b7bbcf05-5283-4771-bc5c-f72ebc4b4a01,20260816,aggregate,benign-ecs-stable,0,0,0,1,1,0
f9149f2a-39fb-418f-a06f-800cb83e2864,20260816,aggregate,benign-ecs-stable,0,0,0,1,1,0
88d0c4aa-fdfa-4be0-96ba-9f240480592c,20260816,aggregate,benign-ecs-stable,0,0,0,1,1,0
67a9a09d-000c-49f3-a1fc-fd516e7f41d6,20260816,aggregate,benign-ecs-stable,0,0,0,1,1,0
066c5bda-9481-417e-9eab-ee0283294f37,20260816,aggregate,benign-ecs-stable,0,0,0,1,1,0
4c1e6b3d-36d9-4379-a4c5-94cc35f6970c,20260816,aggregate,benign-ecs-stable,0,0,0,1,1,0
eae40a60-2051-4b92-b69c-172d7d9e46da,20260816,aggregate,benign-ecs-stable,0,0,0,1,1,0
3be2fd2e-1ced-4ac5-94ed-86649a9479c3,20260816,aggregate,benign-ecs-stable,0,0,0,1,1,0
cdc6ab7c-cb5d-4070-a495-e3a88b8e627e,20260816,aggregate,benign-ecs-stable,0,0,0,1,1,0
ef314fe7-b78a-4946-b33b-f13de398a2d3,20260816,aggregate,benign-ecs-stable,0,0,0,1,1,0
7e3a0c70-c0bc-4b04-ba12-e396443470dd,20260816,aggregate,benign-ecs-stable,0,0,0,1,1,0
e59cb905-cf28-4753-8b63-88df38738002,20260816,aggregate,benign-ecs-stable,0,0,0,1,1,0
5b67a239-5a59-4e67-85d5-d2bee2cb2e8d,20260816,aggregate,benign-ecs-stable,0,0,0,1,1,0
4a27eeb8-2227-4597-b4d1-dd308cbedb51,20260816,aggregate,benign-ecs-stable,0,0,0,1,1,0
e5aaa716-7bf6-454e-93de-cf4cde17fda7,20260816,aggregate,benign-ecs-stable,0,0,0,1,1,0
37d88f66-4b05-4dee-8eb9-109883ca4b01,20260816,aggregate,benign-ecs-stable,0,0,0,1,1,0
f94f3d07-ee30-455d-9dd2-18969a27cafa,20260816,aggregate,benign-ecs-stable,0,0,0,1,1,0
8f09390b-dc91-4f82-911d-4bff05a3e84c,20260816,aggregate,benign-ecs-stable,0,0,0,1,1,0
c7fb6ce5-5c37-4443-8eb2-7c808838a19d,20260816,aggregate,benign-ecs-stable,0,0,0,1,1,0
4190fc9c-339a-4e4d-ac74-e06b83373f62,20260816,aggregate,benign-ecs-stable,0,0,0,1,1,0
67db6a6f-8267-4cba-b6f6-04711f3c6242,20260816,aggregate,benign-ecs-stable,0,0,0,1,1,0
1a6105ca-ff62-40c4-8c6c-167b4ca4f462,20260816,aggregate,benign-ecs-stable,0,0,0,1,1,0
e5e2df31-bed8-40ac-a433-ef025c29c390,20260816,aggregate,benign-ecs-stable,0,0,0,1,1,0
84c79e03-34b5-4992-bd45-515fd2e876eb,20260816,aggregate,benign-ecs-stable,0,0,0,1,1,0
33946c37-610f-4160-a5ed-51fb52567d1a,20260816,aggregate,benign-ecs-stable,0,0,0,1,1,0
a433f30e-d77d-4247-ae06-f1aeba45aa57,20260816,aggregate,benign-ecs-stable,0,0,0,1,1,0
c181ff49-9ddc-43bc-8190-09334c8acdb9,20260816,aggregate,benign-ecs-stable,0,0,0,1,1,0
f99525ed-086b-4b18-abcf-b3156f2ba6df,20260816,aggregate,benign-ecs-stable,0,0,0,1,1,0
696f09e9-6d0c-4914-bae4-22ae8dcb24bd,20260816,aggregate,benign-ecs-stable,0,0,0,1,1,0
e3165390-b85a-4c13-b451-0b854a50a0ad,20260816,aggregate,benign-ecs-stable,0,0,0,1,1,0
b3357769-c78b-4455-9279-bec2b8e4e039,20260816,aggregate,benign-ecs-stable,0,0,0,1,1,0
e4267607-ce34-4150-a10d-14e6f969cc4e,20260816,aggregate,benign-ecs-stable,0,0,0,1,1,0
1fef6832-6a51-4c0e-b3fa-100375be2541,20260816,aggregate,benign-ecs-geo,0,0,0,1,1,0
dc0726c4-585a-4075-8abe-320d6d9a6de6,20260816,aggregate,benign-ecs-geo,0,0,0,1,1,0
08b2fe5e-8ce3-4917-a647-a5cd281e5627,20260816,aggregate,benign-ecs-geo,0,0,0,1,1,0
2a3cd5d9-c505-49bb-a0cf-633152daf94b,20260816,aggregate,benign-ecs-geo,0,0,0,1,1,0
fc1defff-e16f-44a0-898e-359ef662b14f,20260816,aggregate,benign-ecs-stable,0,0,0,1,1,0
abf54367-e8e4-4e7d-9e3c-056b48dabd43,20260816,aggregate,benign-ecs-stable,0,0,0,1,1,0
524106ac-1895-40bc-8b4b-0147f20db44e,20260816,aggregate,benign-ecs-geo,0,0,0,1,1,0
898e8918-916d-4e44-b0ec-5c9c4104e511,20260816,aggregate,benign-ecs-geo,0,0,0,1,1,0
f072ae34-4309-4592-a3b2-366aee21aa7d,20260816,aggregate,benign-ecs-geo,0,0,0,1,1,0
d2f346bf-ae64-4303-b9dc-19ed96b3bc5f,20260816,aggregate,benign-ecs-geo,0,0,0,1,1,0
4ff81bfc-69aa-46cf-b691-435c3d8a9570,20260816,aggregate,benign-ecs-stable,0,0,0,1,1,0
2a922600-2562-4a7a-aab3-22bb5561f3fa,20260816,aggregate,benign-ecs-stable,0,0,0,1,1,0
bd464164-2ff1-41ce-93b8-54fd68fb53ee,20260816,aggregate,benign-ecs-geo,0,0,0,1,1,0
64dbf1a4-0386-403f-b929-68627e8e3129,20260816,aggregate,benign-ecs-geo,0,0,0,1,1,0
92b22987-552b-460c-8730-368b91da5cbb,20260816,aggregate,benign-ecs-geo,0,0,0,1,1,0
3a63e68d-58f5-422c-94f7-eaa5085ea82a,20260816,aggregate,benign-ecs-geo,0,0,0,1,1,0
a36e9aa5-c5ba-492b-ba73-815dcd286d78,20260816,aggregate,benign-ecs-geo,0,0,0,1,1,0
4a1ad7b9-3e2b-436a-aeed-ce2d0b4a2d78,20260816,aggregate,benign-ecs-geo,0,0,0,1,1,0
2626c314-b7af-457c-8b98-636b7724c94e,20260816,aggregate,benign-ecs-geo,0,0,0,1,1,0
dfb168fb-2c4a-46c7-bd2f-fc057c6bb9b0,20260816,aggregate,benign-ecs-stable,0,0,0,1,1,0
5f9c50b8-52a5-4e06-8fdf-1ca0bfc4a07c,20260816,aggregate,benign-ecs-geo,0,0,0,1,1,0
a3d0b6e6-2447-4a23-beaf-985b74d0dba5,20260816,aggregate,benign-ecs-geo,0,0,0,1,1,0
cea603f8-be4a-4d7c-9583-48a53ef5c8b2,20260816,aggregate,benign-ecs-geo,0,0,0,1,1,0
e0a6b5b5-97e7-4116-bbda-b17fc17906c9,20260816,aggregate,benign-ecs-stable,0,0,0,1,1,0
353f1a79-6597-40eb-a671-ecb0ac5f7a0b,20260816,aggregate,benign-ecs-geo,0,0,0,1,1,0
ace71b1d-f82f-4042-a9ac-05d537459ffc,20260816,aggregate,benign-ecs-geo,0,0,0,1,1,0
a61a82b8-7ec9-4247-bed4-c65e5c886232,20260816,aggregate,benign-ecs-geo,0,0,0,1,1,0
12e2e8c1-464c-4afe-8225-6cede36336c8,20260816,aggregate,benign-ecs-geo,0,0,0,1,1,0
7e12894c-5897-4414-866b-752088170136,20260816,aggregate,benign-ecs-geo,0,0,0,1,1,0
066b1324-1fac-412f-8337-3d8ded27a291,20260816,aggregate,benign-ecs-geo,0,0,0,1,1,0
92ffcc9b-b375-4730-9de8-baf855aa0eb6,20260816,aggregate,benign-ecs-geo,0,0,0,1,1,0
941b197e-de92-4e87-ab91-dc5b1d7fcbb7,20260816,aggregate,benign-ecs-geo,0,0,0,1,1,0
50794920-69b3-45e6-87e5-9341e83cc7a7,20260816,aggregate,benign-ecs-geo,0,0,0,1,1,0
00adc295-c762-4aea-b93f-3603468de89f,20260816,aggregate,benign-ecs-geo,0,0,0,1,1,0
31b943ab-0762-4105-a038-0946d1bd0ce4,20260816,aggregate,benign-ecs-geo,0,0,0,1,1,0
f855a42a-0069-4f3c-be80-731fd44e7fda,20260816,aggregate,benign-ecs-geo,0,0,0,1,1,0
01032103-710e-4fff-a673-4d4768b84244,20260816,aggregate,benign-ecs-geo,0,0,0,1,1,0
d0d3cabd-3925-4a68-98b1-39ccc9068cc2,20260816,aggregate,benign-ecs-geo,0,0,0,1,1,0
8f91f696-43b8-4e65-947b-8e121cb467dd,20260816,aggregate,benign-ecs-geo,0,0,0,1,1,0
8792de9f-9a32-4d5c-acfb-34eee6596458,20260816,aggregate,benign-ecs-geo,0,0,0,1,1,0
b8a57484-2c82-4d60-83ea-65941f85b0b5,20260816,aggregate,benign-ecs-geo,0,0,0,1,1,0
ebed6a69-07c9-4b6f-b6bd-e220ede5f370,20260816,aggregate,benign-ecs-geo,0,0,0,1,1,0
8ca30799-0203-4d5e-9e08-9f22e0e18b78,20260816,aggregate,benign-ecs-geo,0,0,0,1,1,0
5a271142-b55e-4717-91db-203c765b7d38,20260816,aggregate,benign-ecs-geo,0,0,0,1,1,0
48671bb9-45e8-4c42-8793-be5ef49deefd,20260816,aggregate,benign-ecs-geo,0,0,0,1,1,0
4c6291f2-3447-4146-8311-1a5e28c79d80,20260816,aggregate,benign-ecs-geo,0,0,0,1,1,0
636551f6-1c62-48e3-9afe-378b7ac29b6e,20260816,aggregate,benign-ecs-geo,0,0,0,1,1,0
d631d02a-3d29-4789-aee6-f7a5d40e6c63,20260816,aggregate,benign-ecs-geo,0,0,0,1,1,0
d8e2094a-8725-4d20-ad18-47d30b8e84c9,20260816,aggregate,benign-ecs-geo,0,0,0,1,1,0
45002fb9-ce6a-4a95-856c-6f100364d9cc,20260816,aggregate,benign-ecs-geo,0,0,0,1,1,0
c31e412d-5e15-4412-82d6-2f6145e5a4ab,20260816,aggregate,benign-ecs-geo,0,0,0,1,1,0
34e69710-9f46-4fce-b936-cc1fdeb6128b,20260816,aggregate,benign-ecs-geo,0,0,0,1,1,0
e1c5b2b2-fd9d-4ba7-849b-f80cec09b1d6,20260816,aggregate,benign-ecs-geo,0,0,0,1,1,0
adb0ff91-9ced-477c-9f1a-dc0329154ecf,20260816,aggregate,benign-ecs-geo,0,0,0,1,1,0
de2fdce1-dba2-47b9-85f0-ded2c5ee29f3,20260816,aggregate,benign-ecs-geo,0,0,0,1,1,0
1830d946-fe5f-4406-9700-79609a946caf,20260816,aggregate,benign-ecs-geo,0,0,0,1,1,0
4c4cfde4-cfde-473a-8d83-e4e7bb2997d0,20260816,aggregate,benign-ecs-geo,0,0,0,1,1,0
536c1808-0d48-4d9f-aafc-91b5bb47517d,20260816,aggregate,benign-ecs-geo,0,0,0,1,1,0
8a0e2727-54f4-4861-be6b-e612fc9266d0,20260816,aggregate,benign-ecs-geo,0,0,0,1,1,0
41717c0d-2f1f-4975-b031-f22f7ace5736,20260816,aggregate,benign-ecs-geo,0,0,0,1,1,0
a823e692-7a9d-4b42-ac75-11a67e2222df,20260816,aggregate,benign-ecs-geo,0,0,0,1,1,0
5873ded7-6427-4ab3-b415-a9e8f518a2a0,20260816,aggregate,benign-ecs-geo,0,0,0,1,1,0
3eeeb243-46e8-4faf-b54b-d13d912f6407,20260816,aggregate,benign-ecs-geo,0,0,0,1,1,0
aaa647f6-59bd-4ec5-a6e6-152885c5eb76,20260816,aggregate,benign-ecs-geo,0,0,0,1,1,0
b4bac4d8-e099-4f5d-be14-eb1e18b4fe46,20260816,aggregate,benign-ecs-geo,0,0,0,1,1,0
a51db558-b17e-4d12-802c-e4cae206b75c,20260816,aggregate,benign-ecs-geo,0,0,0,1,1,0
a2a5ac59-56b6-4b6c-bb3c-3fac9a6daa52,20260816,aggregate,benign-ecs-geo,0,0,0,1,1,0
3834605a-c842-4cfa-bd68-4f6cf7ebe188,20260816,aggregate,benign-ecs-geo,0,0,0,1,1,0
2c0bfb17-5e0b-4870-a970-a94ffea9c8d2,20260816,aggregate,benign-ecs-geo,0,0,0,1,1,0
98758989-5134-46fb-99e0-7751e6c1fb84,20260816,aggregate,benign-ecs-geo,0,0,0,1,1,0
34e4b84c-7b83-4ff8-a2dd-e59a267ea00c,20260816,aggregate,benign-ecs-geo,0,0,0,1,1,0
ff1df104-2723-47ee-8e0b-bae032a49370,20260816,aggregate,benign-ecs-geo,0,0,0,1,1,0
a9b7fa1c-e54a-458e-8104-e4fe48207718,20260816,aggregate,benign-ecs-geo,0,0,0,1,1,0
fd98f647-b0db-46f2-8ff1-5f1faa557a40,20260816,aggregate,benign-ecs-geo,0,0,0,1,1,0
ec9e37e5-b157-4442-a970-58d98f0b8b34,20260816,aggregate,benign-ecs-geo,0,0,0,1,1,0
7640ce0c-ce89-42e4-9b56-0b5d4cc50fbf,20260816,aggregate,benign-ecs-geo,0,0,0,1,1,0
0b9ef913-401a-4757-9159-0b86569c78df,20260816,aggregate,benign-ecs-geo,0,0,0,1,1,0
77ddfd27-f43f-43c6-817f-561ecf46620b,20260816,aggregate,benign-ecs-geo,0,0,0,1,1,0
be6e3914-18ab-4ad3-80e8-cc9280bbcfc8,20260816,aggregate,benign-ecs-geo,0,0,0,1,1,0
e4f70b63-1864-447c-9bf3-af2f1b01b9e9,20260816,aggregate,benign-ecs-geo,0,0,0,1,1,0
1527b6a3-6eda-440b-88eb-068f70cfaf0a,20260816,aggregate,benign-ecs-geo,0,0,0,1,1,0
e94397fe-120b-4899-b2df-f4cd7a4f377e,20260816,aggregate,benign-ecs-geo,0,0,0,1,1,0
4feb6b9f-1f0c-414a-846d-38a5d9cbfcac,20260816,aggregate,benign-ecs-geo,0,0,0,1,1,0
773f576f-67f0-4556-9f80-d21292734793,20260816,aggregate,benign-ecs-geo,0,0,0,1,1,0
28e515a0-e21f-4f45-afe4-025c6d727bda,20260816,aggregate,benign-ecs-geo,0,0,0,1,1,0
6a5b6744-416b-4fd4-8ff7-5d7a6ee9a2a7,20260816,aggregate,benign-ecs-geo,0,0,0,1,1,0
78cef43f-0663-4b9d-8d17-36050b7beb74,20260816,aggregate,benign-ecs-geo,0,0,0,1,1,0
97a3adab-d79a-433a-8ca2-dfce584cb93f,20260816,aggregate,benign-ecs-geo,0,0,0,1,1,0
da324037-7e99-445a-91de-64dba3972abe,20260816,aggregate,benign-ecs-geo,0,0,0,1,1,0
a22c08f1-8fdc-40d8-b083-7e2a8d834083,20260816,aggregate,benign-ecs-geo,0,0,0,1,1,0
18bd739b-9ffc-4611-8efc-07de190668d4,20260816,aggregate,benign-ecs-geo,0,0,0,1,1,0
2b9512bf-cb1c-4f0f-8903-e156bc3b0442,20260816,aggregate,benign-ecs-geo,0,0,0,1,1,0
8cfb2b50-8877-4708-b706-680184196983,20260816,aggregate,benign-ecs-geo,0,0,0,1,1,0
e3cea1b6-f167-4cf6-a537-b0432334540e,20260816,aggregate,benign-burst,0,0,0,1,1,0
18f23429-1a6d-4f81-a2e8-7a776a76be87,20260816,aggregate,benign-ecs-geo,0,0,0,1,1,0
e29b93d5-2a11-4381-a510-8e9f0d758a62,20260816,aggregate,benign-burst,0,0,0,1,1,0
b2c074ba-a18f-40c5-b987-294acc555b13,20260816,aggregate,benign-ecs-geo,0,0,0,1,1,0
8ff7577d-60e2-4e5c-8f52-d9c2de7d9264,20260816,aggregate,benign-burst,0,0,0,1,1,0
3ebc41c2-dbfa-4542-8fad-91d4d104d5a5,20260816,aggregate,benign-burst,0,0,0,1,1,0
b10f25ce-cf92-47f5-8fc9-89de6e11cc0d,20260816,aggregate,benign-ecs-geo,0,0,0,1,1,0
792685a8-07d7-4a7f-a169-31e2a25fe95d,20260816,aggregate,benign-burst,0,0,0,1,1,0
7e32e5b2-157b-4422-9dd1-ae8bdabc60b3,20260816,aggregate,benign-burst,0,0,0,1,1,0
140328f8-dc32-48a8-8a5d-6a0879ec4535,20260816,aggregate,benign-burst,0,0,0,1,1,0
b5caad6b-52ff-4d8d-bc45-b354939aa8d6,20260816,aggregate,benign-burst,0,0,0,1,1,0
6148eb12-d0ef-4907-b9de-944aad9cf2fb,20260816,aggregate,benign-burst,0,0,0,1,1,0
5b5e7d59-0730-4219-8c1a-59de67394b0d,20260816,aggregate,benign-burst,0,0,0,1,1,0
c2c3fffe-f434-4fdc-b1ee-44801bf3ca2d,20260816,aggregate,benign-burst,0,0,0,1,1,0
984cc5e3-1e0e-4f06-8f62-c3ea6533a753,20260816,aggregate,benign-burst,0,0,0,1,1,0
af2fbcd2-2f6c-457a-a037-1ee0739bc738,20260816,aggregate,benign-burst,0,0,0,1,1,0
e667685f-e127-4484-be72-a1959bcce156,20260816,aggregate,benign-burst,0,0,0,1,1,0
58447734-b173-445a-9c0a-ecbd84386898,20260816,aggregate,benign-burst,0,0,0,1,1,0
165f9e7c-8584-47b4-8854-1b55e6619b09,20260816,aggregate,benign-burst,0,0,0,1,1,0
ed66f28c-f595-4247-94b8-af04971890d3,20260816,aggregate,benign-burst,0,0,0,1,1,0
90405d0f-e08f-4502-a822-243c72648a8b,20260816,aggregate,benign-burst,0,0,0,1,1,0
6395071b-ddaa-4251-95e6-0208795cfd39,20260816,aggregate,benign-burst,0,0,0,1,1,0
a88d3012-be73-4fc5-8958-2787b5aac57f,20260816,aggregate,benign-burst,0,0,0,1,1,0
83194bb1-6899-43b2-9bf7-1b5f9287024d,20260816,aggregate,benign-burst,0,0,0,1,1,0
abed0cb1-4a14-4cf0-baa1-0dfa5c4adea2,20260816,aggregate,benign-burst,0,0,0,1,1,0
1d207753-2827-4c9b-b9d4-a9382877d401,20260816,aggregate,benign-burst,0,0,0,1,1,0
c0aa2db7-6d07-49c7-9fd9-4313f3a20a5b,20260816,aggregate,benign-burst,0,0,0,1,1,0
a004d2a9-b49a-41bd-883e-3068d5748614,20260816,aggregate,benign-burst,0,0,0,1,1,0
4fd6bd3a-819e-4e44-a46c-4e0498436e9e,20260816,aggregate,benign-burst,0,0,0,1,1,0
a5dd1d67-1d1a-4de0-817c-4de41c2f8c4a,20260816,aggregate,benign-burst,0,0,0,1,1,0
3ed06291-6b64-469c-829b-3c5870971395,20260816,aggregate,benign-burst,0,0,0,1,1,0
a6a28121-680c-47b2-85c0-e2746aaa5309,20260816,aggregate,benign-burst,0,0,0,1,1,0
e10b86c8-ad3b-4438-a96b-14a523e93c4f,20260816,aggregate,benign-burst,0,0,0,1,1,0
7196e0da-921a-4739-bd1c-1f696f72eb59,20260816,aggregate,benign-burst,0,0,0,1,1,0
3fdae576-3cd3-4806-b93f-128a58b97c79,20260816,aggregate,benign-burst,0,0,0,1,1,0
e1b60c0f-01a4-4306-abbf-e65fd306ef2e,20260816,aggregate,benign-burst,0,0,0,1,1,0
5ff793c0-30c5-4401-be6f-3d2c6a4553e0,20260816,aggregate,benign-burst,0,0,0,1,1,0
41d80cf9-0d10-456f-aa09-6f909b9c4d31,20260816,aggregate,benign-burst,0,0,0,1,1,0
079377b8-bc71-4dbf-8bfc-ae8803c5d54b,20260816,aggregate,benign-burst,0,0,0,1,1,0
a8a93023-69d9-4bca-bd41-4d75dc4b19e7,20260816,aggregate,benign-burst,0,0,0,1,1,0
6507e2aa-6c06-4501-91c3-c079eb5d05bd,20260816,aggregate,benign-burst,0,0,0,1,1,0
f0fd7e1a-a2d3-4720-8041-f32a63268ee6,20260816,aggregate,benign-burst,0,0,0,1,1,0
b39d5dd6-82cc-41c6-ab35-3647c97ce2f7,20260816,aggregate,benign-burst,0,0,0,1,1,0
4554da5e-2a9f-4a7c-8e49-53e3e005a861,20260816,aggregate,benign-burst,0,0,0,1,1,0
1a475f86-b6be-43d7-83e3-02e4c65d3c48,20260816,aggregate,benign-burst,0,0,0,1,1,0
faed252c-8e6c-4fcb-adb4-ae92ff626724,20260816,aggregate,benign-burst,0,0,0,1,1,0
d6289073-da0b-40a8-b62a-df0ec01259c3,20260816,aggregate,benign-burst,0,0,0,1,1,0
934c873a-ebc7-4588-9cb2-309f837dd964,20260816,aggregate,benign-burst,0,0,0,1,1,0
2125a499-7caa-43fa-a70d-2d149cbdf5d0,20260816,aggregate,benign-burst,0,0,0,1,1,0
4480c193-ccc9-43cc-8d09-328d42575fb1,20260816,aggregate,benign-burst,0,0,0,1,1,0
49badd28-9763-45ee-a2e9-6ebfaa289ca3,20260816,aggregate,benign-burst,0,0,0,1,1,0
a25f9405-57b0-42fc-b155-ecdedfb74126,20260816,aggregate,benign-burst,0,0,0,1,1,0
91cbb238-c180-4508-a627-570c4500edd3,20260816,aggregate,benign-burst,0,0,0,1,1,0
73532b9e-982f-406f-91ce-eb4834959414,20260816,aggregate,benign-burst,0,0,0,1,1,0
87ab9970-bdb1-419b-91b8-32e3c0e8e442,20260816,aggregate,benign-burst,0,0,0,1,1,0
2d250f5b-08dd-4ce4-a837-af1b464cf2b3,20260816,aggregate,benign-burst,0,0,0,1,1,0
959def67-e1ab-4148-847d-915f6dad0c74,20260816,aggregate,benign-burst,0,0,0,1,1,0
d3fb4980-3e75-433b-bf18-2474601304c2,20260816,aggregate,benign-burst,0,0,0,1,1,0
054f65d2-b0d8-4769-8302-128bc82df07c,20260816,aggregate,benign-burst,0,0,0,1,1,0
e826394c-ec79-4893-9a6e-aa7f97e95d6f,20260816,aggregate,benign-burst,0,0,0,1,1,0
e221bdef-1d2c-48e3-bae8-a1006569095c,20260816,aggregate,benign-burst,0,0,0,1,1,0
bfe9b895-7f86-475d-b2e8-e15ab5acdef4,20260816,aggregate,benign-burst,0,0,0,1,1,0
fa61642e-bf23-4a3a-9bba-de5c0b012a97,20260816,aggregate,benign-burst,0,0,0,1,1,0
5abab6bb-4be9-45b1-9b23-c1f3511dde0d,20260816,aggregate,benign-burst,0,0,0,1,1,0
9aeb991e-cf34-4a9e-ba7e-9365b40b1818,20260816,aggregate,benign-burst,0,0,0,1,1,0
32fc4f2f-1585-42ee-930b-042b1bfcc18a,20260816,aggregate,benign-burst,0,0,0,1,1,0
261cb4f6-ac1d-44da-9540-3c58833a2ad5,20260816,aggregate,benign-burst,0,0,0,1,1,0
a6e06241-7618-4f1f-a4c4-8a3a52434b83,20260816,aggregate,benign-burst,0,0,0,1,1,0
b3bf9545-8a8c-40be-9554-0eb3a2e57e5f,20260816,aggregate,benign-burst,0,0,0,1,1,0
46f1ee34-ab00-4d8c-b120-f49ba5bec8cb,20260816,aggregate,benign-burst,0,0,0,1,1,0
17df6de9-a351-4f5b-bccc-922c9dedc76b,20260816,aggregate,benign-burst,0,0,0,1,1,0
fd7b410d-9477-45f5-a42a-8466bd01862a,20260816,aggregate,benign-burst,0,0,0,1,1,0
0f042767-76d0-4971-b270-d8d28c481de0,20260816,aggregate,benign-burst,0,0,0,1,1,0
c417ddbf-b616-4648-b003-e65fdecca815,20260816,aggregate,benign-burst,0,0,0,1,1,0
08f28765-ebbe-4981-b96c-f902edbe0be8,20260816,aggregate,benign-burst,0,0,0,1,1,0
7d9cb034-f416-4b32-99d8-2fb09de0dbb8,20260816,aggregate,benign-burst,0,0,0,1,1,0
7386b6a2-cb89-4eba-b821-15c871919b73,20260816,aggregate,benign-burst,0,0,0,1,1,0
b90cb656-57ed-409b-86a6-8f31433cec68,20260816,aggregate,benign-burst,0,0,0,1,1,0
3c040c3d-1bb3-4853-b778-0a8366efb6d1,20260816,aggregate,benign-burst,0,0,0,1,1,0
0283615f-1bc3-4b8b-bf09-7889f0107949,20260816,aggregate,benign-burst,0,0,0,1,1,0
d0060bbf-d16a-48e9-8ab5-68fb08c201e6,20260816,aggregate,benign-burst,0,0,0,1,1,0
c04c0ac2-46b8-4a99-9bf6-1a14520baa34,20260816,aggregate,benign-burst,0,0,0,1,1,0
813f19d9-67e8-450a-b14d-3fc7749702fb,20260816,aggregate,benign-burst,0,0,0,1,1,0
f47c7877-7f57-4765-8f49-bd7e354d7a29,20260816,aggregate,adverse-ecs-omit,1,0,0,1,1,0
edf1aba4-edf6-4e83-b85b-73415c93e357,20260816,aggregate,adverse-ecs-omit,1,0,0,1,1,0
0b210a7b-abcd-4045-b748-4eef7258748a,20260816,aggregate,adverse-ecs-omit,1,0,0,1,1,0
8994add3-05de-4160-8e26-0b9627c1354f,20260816,aggregate,benign-burst,0,0,0,1,1,0
20901cc6-ef78-4fce-8f44-65f8b2118442,20260816,aggregate,adverse-ecs-omit,1,0,0,1,1,0
e028f009-3ab8-4da0-aacc-e9988309dd4d,20260816,aggregate,benign-burst,0,0,0,1,1,0
82736c62-3cbb-41c4-b3e3-77fdc618da1c,20260816,aggregate,adverse-ecs-omit,1,0,0,1,1,0
c5d07275-17b7-4ad5-9846-5f43498ac46e,20260816,aggregate,adverse-ecs-omit,1,0,0,1,1,0
0b239b85-2e84-43a7-b594-a5d614944b46,20260816,aggregate,benign-burst,0,0,0,1,1,0
58a0fb11-f57e-42cb-bd6c-a37695cef11f,20260816,aggregate,adverse-ecs-omit,1,0,0,1,1,0
2cd3d822-f554-4ef8-92e2-e665561795d2,20260816,aggregate,adverse-ecs-omit,1,0,0,1,1,0
006f04e5-67f4-4ec8-a8b4-03dca9139d03,20260816,aggregate,benign-burst,0,0,0,1,1,0
e7778256-158f-489c-a63b-da70fb46eca8,20260816,aggregate,adverse-ecs-omit,1,0,0,1,1,0
04142b94-f36d-4b78-9740-99598565d069,20260816,aggregate,adverse-ecs-omit,1,0,0,1,1,0
3a231be5-8921-44de-b3b7-f66cf4edeef0,20260816,aggregate,adverse-ecs-omit,1,0,0,1,1,0
b0710193-2fe0-4c2c-bc2f-c8ae84b044a9,20260816,aggregate,adverse-ecs-omit,1,0,0,1,1,0
d750f403-0ba2-43a8-b828-37fe12bdb185,20260816,aggregate,adverse-ecs-omit,1,0,0,1,1,0
407d9484-bdfc-4bb7-adc2-bc6413dafd1e,20260816,aggregate,adverse-ecs-omit,1,0,0,1,1,0
563628bf-74b7-4e04-a599-6f4367bcfcfb,20260816,aggregate,adverse-ecs-omit,1,0,0,1,1,0
de258d30-69c5-47a5-bd14-81136c1ab7a5,20260816,aggregate,benign-burst,0,0,0,1,1,0
fcf3a504-e70f-47fa-a399-ab5d81e7a96a,20260816,aggregate,adverse-ecs-omit,1,0,0,1,1,0
aa34cdda-4863-402f-8cf4-b2b51d0d1368,20260816,aggregate,adverse-ecs-omit,1,0,0,1,1,0
796d33ee-5a88-40c6-9077-cc1fc0f999c9,20260816,aggregate,adverse-ecs-omit,1,0,0,1,1,0
b67e2e99-4eed-4a05-861c-cfaaa47e0cd1,20260816,aggregate,adverse-ecs-omit,1,0,0,1,1,0
f741e457-b60a-417b-9aac-739e5b9a79de,20260816,aggregate,adverse-ecs-omit,1,0,0,1,1,0
ad61d4e5-03aa-4634-8e99-ca7289e8adaf,20260816,aggregate,adverse-ecs-omit,1,0,0,1,1,0
e131bbc3-e5a5-433a-9452-b46d5c272b07,20260816,aggregate,adverse-ecs-omit,1,0,0,1,1,0
ab1e7051-1978-41c6-86a0-e634c623a745,20260816,aggregate,adverse-ecs-omit,1,0,0,1,1,0
e51498a5-b0c5-48d8-8caf-5ac4d30635d4,20260816,aggregate,adverse-ecs-omit,1,0,0,1,1,0
f89c44a1-dd37-4dcf-b8ce-cffeac629dd4,20260816,aggregate,adverse-ecs-omit,1,0,0,1,1,0
bf977c15-a17a-456a-9b9d-19ccdd62f2d7,20260816,aggregate,adverse-ecs-omit,1,0,0,1,1,0
3da94cad-c23e-4d5c-93a2-7ea743e6dabb,20260816,aggregate,benign-burst,0,0,0,1,1,0
734430e1-2ee9-46af-b6c7-f6fff78775c1,20260816,aggregate,adverse-ecs-omit,1,0,0,1,1,0
6345875f-ca24-4043-8460-76cb9ae507bf,20260816,aggregate,adverse-ecs-omit,1,0,0,1,1,0
958326cb-3f88-4096-afdf-e60e22d561c9,20260816,aggregate,adverse-ecs-omit,1,0,0,1,1,0
1e50bd4b-67b2-46c3-8fcd-d8302e6d9884,20260816,aggregate,adverse-ecs-omit,1,0,0,1,1,0
58252fe7-622a-4867-8e91-303da0d89720,20260816,aggregate,adverse-ecs-omit,1,0,0,1,1,0
9aa9514a-9289-4201-8e14-9350b4f0d509,20260816,aggregate,adverse-ecs-omit,1,0,0,1,1,0
c6c6d03a-1ef4-4517-abf8-073370af8aa3,20260816,aggregate,adverse-ecs-omit,1,0,0,1,1,0
1ed3f195-bc40-41d3-baa3-c883b71f6838,20260816,aggregate,adverse-ecs-omit,1,0,0,1,1,0
ad9e82c8-6feb-4103-a8d5-8bb30ade694e,20260816,aggregate,adverse-ecs-omit,1,0,0,1,1,0
112f42fa-5ba2-4d0b-8528-fcbf7b696a96,20260816,aggregate,adverse-ecs-omit,1,0,0,1,1,0
195fc4f8-581b-48f6-87ad-c3be5de1becb,20260816,aggregate,adverse-ecs-omit,1,0,0,1,1,0
ea49e073-7250-4b86-abc3-c227b86e38e9,20260816,aggregate,adverse-ecs-omit,1,0,0,1,1,0
dca26a6b-ca36-422f-a03a-1519e8a42edb,20260816,aggregate,adverse-ecs-omit,1,0,0,1,1,0
43e43c4c-bedf-41d4-9de8-2a97f9bed982,20260816,aggregate,adverse-ecs-omit,1,0,0,1,1,0
3ce32b04-edd8-477f-b4e3-d7fe7c5f8f04,20260816,aggregate,adverse-ecs-omit,1,0,0,1,1,0
c5ebca05-caa2-49f5-89f8-b2d76c63d26d,20260816,aggregate,adverse-ecs-omit,1,0,0,1,1,0
e421bf58-7b01-4140-ba77-272db8748565,20260816,aggregate,adverse-ecs-omit,1,0,0,1,1,0
991ec573-cca3-4667-80c5-75b2019bcdee,20260816,aggregate,adverse-ecs-omit,1,0,0,1,1,0
7a83d28c-be24-490e-8de6-54395a29113c,20260816,aggregate,adverse-ecs-omit,1,0,0,1,1,0
658d8bf1-f279-4b14-b7f4-9ffe6b0d2d9a,20260816,aggregate,adverse-ecs-omit,1,0,0,1,1,0
1beb697c-813b-4322-9653-ae6bd7c13dfe,20260816,aggregate,adverse-ecs-omit,1,0,0,1,1,0
8ff74ff4-6996-437a-96b9-d477373fec89,20260816,aggregate,adverse-ecs-omit,1,0,0,1,1,0
7c3f775a-6d65-405f-bf94-8d66b292ff32,20260816,aggregate,adverse-ecs-omit,1,0,0,1,1,0
0c425c67-5899-403f-97a2-2430d2e4d1a3,20260816,aggregate,adverse-ecs-omit,1,0,0,1,1,0
f16ce3c4-816f-42ba-b44d-493e9349d5bd,20260816,aggregate,adverse-ecs-omit,1,0,0,1,1,0
f2962b0f-4fce-47c3-b733-0be604f93f20,20260816,aggregate,adverse-ecs-omit,1,0,0,1,1,0
7a6fc015-3eeb-45e8-994b-2f33693da75d,20260816,aggregate,adverse-ecs-omit,1,0,0,1,1,0
180a0b85-da9e-41d1-a094-09a36bb8dc90,20260816,aggregate,adverse-ecs-omit,1,0,0,1,1,0
86f585b1-52cf-49e9-9999-7af16810f077,20260816,aggregate,adverse-ecs-omit,1,0,0,1,1,0
53fa6ec2-6b89-412e-883e-79d8db93d5f8,20260816,aggregate,adverse-ecs-omit,1,0,0,1,1,0
68cf78e0-c6e3-4ba2-990b-d4a82824a297,20260816,aggregate,adverse-ecs-omit,1,0,0,1,1,0
99797aa9-7804-4e22-aa7d-26711400ea73,20260816,aggregate,adverse-ecs-omit,1,0,0,1,1,0
bebc3623-ebfd-4532-a036-2140d4d99bff,20260816,aggregate,adverse-ecs-omit,1,0,0,1,1,0
62f47bff-2993-492b-8284-1070f4ab3e89,20260816,aggregate,adverse-ecs-omit,1,0,0,1,1,0
8185b588-1cc4-49db-a8cf-be93fa518df1,20260816,aggregate,adverse-ecs-omit,1,0,0,1,1,0
ba6c4f77-c0c3-471f-83d9-5b2064e599f3,20260816,aggregate,adverse-ecs-omit,1,0,0,1,1,0
da24459e-e9f4-4cdd-a498-fce67d52b937,20260816,aggregate,adverse-ecs-omit,1,0,0,1,1,0
021c4e44-7596-4dce-a115-951fdcba16de,20260816,aggregate,adverse-ecs-omit,1,0,0,1,1,0
7ad3ef7c-e81b-4158-a750-411155774d48,20260816,aggregate,adverse-ecs-omit,1,0,0,1,1,0
47693eb7-1f46-489c-bcab-ed0209932835,20260816,aggregate,adverse-ecs-omit,1,0,0,1,1,0
ad307822-69c8-4cf4-8f7b-b069fd7a4112,20260816,aggregate,adverse-ecs-omit,1,0,0,1,1,0
d43d403c-70fc-4993-8e46-1e2fa416b02c,20260816,aggregate,adverse-ecs-omit,1,0,0,1,1,0
03beab89-192a-4f9f-b19f-ef7a90333ad4,20260816,aggregate,adverse-ecs-omit,1,0,0,1,1,0
4516a452-698b-43ff-9c91-83732b4c4b9f,20260816,aggregate,adverse-ecs-omit,1,0,0,1,1,0
8955fbbc-6003-4588-8a4d-dd8dc2ad43af,20260816,aggregate,adverse-ecs-omit,1,0,0,1,1,0
3db37b8d-fd1f-4102-bcab-63bf2564d1f9,20260816,aggregate,adverse-ecs-omit,1,0,0,1,1,0
0ed974d3-c617-4cbf-9d81-62a534271a40,20260816,aggregate,adverse-ecs-omit,1,0,0,1,1,0
cc91cccc-9915-40f4-b6c3-b7a1ffcf2f51,20260816,aggregate,adverse-ecs-omit,1,0,0,1,1,0
864538fd-c9f2-49c4-919f-e2fc03cf3784,20260816,aggregate,adverse-ecs-omit,1,0,0,1,1,0
d0898fc6-1747-431b-a819-c603872c4391,20260816,aggregate,adverse-ecs-omit,1,0,0,1,1,0
4691bbe3-a2b0-4396-8ff4-9849dc76f44e,20260816,aggregate,adverse-ecs-omit,1,0,0,1,1,0
d94c2e9c-253a-40b0-b089-0777d8387562,20260816,aggregate,adverse-ecs-omit,1,0,0,1,1,0
4ab11c10-bfa1-4e1f-a267-a4cf9f4ec879,20260816,aggregate,adverse-ecs-omit,1,0,0,1,1,0
33b3b7d4-13c4-4bd0-9ddb-5a737f2fb7dd,20260816,aggregate,adverse-ecs-omit,1,0,0,1,1,0
6d789721-650d-4a6e-910c-170c97aa5ef9,20260816,aggregate,adverse-ecs-omit,1,0,0,1,1,0
c72cf86f-199d-4bf6-8364-28037e8ed555,20260816,aggregate,adverse-ecs-omit,1,0,0,1,1,0
70a3c9c4-72a0-45d9-9d1f-1aeb5583a7ce,20260816,aggregate,adverse-ecs-mismatch,1,0,0,1,1,0
77e04c55-1bdf-4755-969a-272bc5218bf0,20260816,aggregate,adverse-ecs-mismatch,1,0,0,1,1,0
867b9103-9951-43f4-9995-ad952a39d01e,20260816,aggregate,adverse-ecs-omit,1,0,0,1,1,0
03a8ece0-2f18-4639-a8d8-9912c0e12b8c,20260816,aggregate,adverse-ecs-mismatch,1,0,0,1,1,0
fdfb6820-3bec-46ec-a093-e1b1c54572ac,20260816,aggregate,adverse-ecs-omit,1,0,0,1,1,0
a67cb64d-7ba6-43c9-a2b7-743be19c3bf7,20260816,aggregate,adverse-ecs-mismatch,1,0,0,1,1,0
440153f0-a6c2-45e2-a06f-34007e239e96,20260816,aggregate,adverse-ecs-mismatch,1,0,0,1,1,0
03bc7dd2-3a08-42d4-85ca-f6c533afe921,20260816,aggregate,adverse-ecs-omit,1,0,0,1,1,0
4032252f-634e-46e6-a662-308a863feeb8,20260816,aggregate,adverse-ecs-mismatch,1,0,0,1,1,0
48a5c6e7-0ef1-45b3-a208-13e27b3fc355,20260816,aggregate,adverse-ecs-omit,1,0,0,1,1,0
725c791f-f458-4d79-a199-d7556b46f8be,20260816,aggregate,adverse-ecs-omit,1,0,0,1,1,0
e9bbce78-a583-44aa-a193-b246b133ede3,20260816,aggregate,adverse-ecs-mismatch,1,0,0,1,1,0
7657c976-e3c9-4fb2-a894-a2dc43a853b3,20260816,aggregate,adverse-ecs-mismatch,1,0,0,1,1,0
c5e1b882-d1cb-4019-9ec2-e6770b168622,20260816,aggregate,adverse-ecs-mismatch,1,0,0,1,1,0
4d6cb516-f29a-48f5-96d8-4a8b063a4ac3,20260816,aggregate,adverse-ecs-mismatch,1,0,0,1,1,0
268c1709-5450-407d-be68-3f04a63e7def,20260816,aggregate,adverse-ecs-mismatch,1,0,0,1,1,0
7356dfd7-df1b-4bd8-b03d-024c673a5c1b,20260816,aggregate,adverse-ecs-omit,1,0,0,1,1,0
b59b11b7-f56c-4193-bd87-acec4fabeaf6,20260816,aggregate,adverse-ecs-mismatch,1,0,0,1,1,0
fe716fd7-c1c3-4aba-bc8f-90c3bccec17d,20260816,aggregate,adverse-ecs-mismatch,1,0,0,1,1,0
94df6f35-0d60-4c4e-8d2f-cf8112fbe7ea,20260816,aggregate,adverse-ecs-mismatch,1,0,0,1,1,0
692f59da-b0c2-4380-9664-34876762dd26,20260816,aggregate,adverse-ecs-mismatch,1,0,0,1,1,0
ef869004-2214-4993-8fd4-8697af146951,20260816,aggregate,adverse-ecs-mismatch,1,0,0,1,1,0
d1c68fc1-b42d-4b15-9228-0d8a1d13b8a6,20260816,aggregate,adverse-ecs-mismatch,1,0,0,1,1,0
ac55cd5f-f737-42e0-9da3-bcd98038639a,20260816,aggregate,adverse-ecs-mismatch,1,0,0,1,1,0
86e15a1d-3811-48b4-8bee-82cdd0720a7b,20260816,aggregate,adverse-ecs-mismatch,1,0,0,1,1,0
01afac62-51fd-4059-85ad-b5ef4426362c,20260816,aggregate,adverse-ecs-mismatch,1,0,0,1,1,0
285542ba-c168-4826-acca-e6f1eede6eed,20260816,aggregate,adverse-ecs-mismatch,1,0,0,1,1,0
d167c2e3-f8ef-43cf-af9c-6f245b65f5bd,20260816,aggregate,adverse-ecs-mismatch,1,0,0,1,1,0
f74d2642-6de9-4a90-99b5-1deee68de629,20260816,aggregate,adverse-ecs-mismatch,1,0,0,1,1,0
f5b76310-a7bb-416a-ac58-a004af741ee6,20260816,aggregate,adverse-ecs-mismatch,1,0,0,1,1,0
1c139a3c-a7c6-4940-8045-fc0589e03d14,20260816,aggregate,adverse-ecs-mismatch,1,0,0,1,1,0
e7b78252-2986-400f-a354-4d43c9312ede,20260816,aggregate,adverse-ecs-mismatch,1,0,0,1,1,0
4d117800-9957-4e33-9e8c-f5bafa43f28d,20260816,aggregate,adverse-ecs-mismatch,1,0,0,1,1,0
b91e6299-52b3-444d-9452-90ccb387e23e,20260816,aggregate,adverse-ecs-mismatch,1,0,0,1,1,0
484926b1-b890-418c-a638-c6755cdb8faf,20260816,aggregate,adverse-ecs-mismatch,1,0,0,1,1,0
2217b74f-e811-4557-90fb-25a392f35717,20260816,aggregate,adverse-ecs-mismatch,1,0,0,1,1,0
130fc2f6-e0a6-49cd-a44c-f77d24029ebf,20260816,aggregate,adverse-ecs-mismatch,1,0,0,1,1,0
fe56072a-5b75-46da-b35b-966ffe862f0a,20260816,aggregate,adverse-ecs-mismatch,1,0,0,1,1,0
222ab1fc-b402-4773-af72-7d8632ee565d,20260816,aggregate,adverse-ecs-mismatch,1,0,0,1,1,0
d56f8191-bf61-4399-945b-f6e001804845,20260816,aggregate,adverse-ecs-mismatch,1,0,0,1,1,0
fdd4881b-4f2e-4adf-9ddd-808ea1737f37,20260816,aggregate,adverse-ecs-mismatch,1,0,0,1,1,0
9312f2fd-c82d-4a62-8b97-f10a4065fb8e,20260816,aggregate,adverse-ecs-omit,1,0,0,1,1,0
5d761358-3966-42b7-a12d-e2d331555244,20260816,aggregate,adverse-ecs-mismatch,1,0,0,1,1,0
4a37a158-5b3e-4eab-8f88-3f1f14e14b5d,20260816,aggregate,adverse-ecs-mismatch,1,0,0,1,1,0
ad0df6fc-beab-4f17-98b0-9ed596881311,20260816,aggregate,adverse-ecs-mismatch,1,0,0,1,1,0
0bc3b1c4-a394-462a-a9fe-de406f4cb698,20260816,aggregate,adverse-ecs-mismatch,1,0,0,1,1,0
6070c4e4-8991-4f88-acca-397cc9d7f9ea,20260816,aggregate,adverse-ecs-mismatch,1,0,0,1,1,0
4ac1d6d1-04c7-4559-ae29-e5d2fb237d43,20260816,aggregate,adverse-ecs-mismatch,1,0,0,1,1,0
766161c6-36d9-4b62-a938-724e539ac6a4,20260816,aggregate,adverse-ecs-mismatch,1,0,0,1,1,0
4aac8a97-aeec-407f-a643-ffba9edd4ce2,20260816,aggregate,adverse-ecs-mismatch,1,0,0,1,1,0
2ea65cc9-0819-4187-8b0e-611b3d197d29,20260816,aggregate,adverse-ecs-mismatch,1,0,0,1,1,0
2da7786f-1f78-4cfb-b08b-d58a29d2f3d1,20260816,aggregate,adverse-ecs-mismatch,1,0,0,1,1,0
04b0451a-c194-4ff0-a6f3-3550400a36b4,20260816,aggregate,adverse-ecs-mismatch,1,0,0,1,1,0
e2aa599c-beba-4f7a-80d0-e30339e04983,20260816,aggregate,adverse-ecs-mismatch,1,0,0,1,1,0
a06d5d17-d18a-47bf-894b-4ee2b0e41708,20260816,aggregate,adverse-ecs-mismatch,1,0,0,1,1,0
8dc7ba6e-e677-42c7-ac83-10944029811a,20260816,aggregate,adverse-ecs-mismatch,1,0,0,1,1,0
8e328c53-6acc-4b44-b719-2e39f5d9541d,20260816,aggregate,adverse-ecs-mismatch,1,0,0,1,1,0
f8a25771-e2a0-4c93-ad59-a2956894c103,20260816,aggregate,adverse-ecs-mismatch,1,0,0,1,1,0
107a70a4-0472-4bbf-ab76-6b1048662f19,20260816,aggregate,adverse-ecs-mismatch,1,0,0,1,1,0
7146bd6e-ce3e-4298-aea4-8fb43c7ae96b,20260816,aggregate,adverse-ecs-mismatch,1,0,0,1,1,0
2c8b1831-4b1e-4f84-9426-6269becea519,20260816,aggregate,adverse-ecs-mismatch,1,0,0,1,1,0
7fa1a91d-c0e1-4b2a-ae13-2131106dc2bc,20260816,aggregate,adverse-ecs-mismatch,1,0,0,1,1,0
9f10c9e2-e985-473b-a76f-d43f47e67a8a,20260816,aggregate,adverse-ecs-mismatch,1,0,0,1,1,0
3fc669d5-8707-432a-8af7-84e63e2511ca,20260816,aggregate,adverse-ecs-mismatch,1,0,0,1,1,0
c019e8bc-7e4c-4b80-b842-a8b64c11e081,20260816,aggregate,adverse-ecs-mismatch,1,0,0,1,1,0
2e58a217-db2b-4ae3-b504-ca15e0eeaeb8,20260816,aggregate,adverse-ecs-mismatch,1,0,0,1,1,0
108187d2-47e3-4cac-a44c-6663350c5306,20260816,aggregate,adverse-ecs-omit,1,0,0,1,1,0
59080d8a-b6ce-4cec-a631-0fd586237d77,20260816,aggregate,adverse-ecs-mismatch,1,0,0,1,1,0
00a97a75-f9d0-4380-b48a-d0e977154046,20260816,aggregate,adverse-ecs-mismatch,1,0,0,1,1,0
38c403a8-2d85-480a-b8b8-7a0e5b564e62,20260816,aggregate,adverse-ecs-mismatch,1,0,0,1,1,0
40b8299b-9b5c-4343-9039-2b1f72b79006,20260816,aggregate,adverse-ecs-mismatch,1,0,0,1,1,0
ae1ef8f4-f011-4a0b-8c77-c79b8b2aa2db,20260816,aggregate,adverse-ecs-mismatch,1,0,0,1,1,0
d59ad658-cd43-4c3e-828a-0b4b8d541ef6,20260816,aggregate,adverse-ecs-mismatch,1,0,0,1,1,0
520e9ec7-12f3-42d4-b1cb-087e300badf3,20260816,aggregate,adverse-ecs-mismatch,1,0,0,1,1,0
b5877ac1-f90c-4836-96d9-18382febd235,20260816,aggregate,adverse-ecs-mismatch,1,0,0,1,1,0
fb50b63a-50f6-4db4-8ce9-69318947ad81,20260816,aggregate,benign-burst,0,0,0,1,1,0
3c776ff6-6c6f-4a78-9906-82dfd2212893,20260816,aggregate,benign-burst,0,0,0,1,1,0
d613f5f3-125c-4c02-a877-2d70b62cf51f,20260816,aggregate,adverse-ecs-mismatch,1,0,0,1,1,0
6b97a20a-d27f-4aa4-90f7-6ccd7034bbab,20260816,aggregate,adverse-ecs-mismatch,1,0,0,1,1,0
c0c470a8-36c8-49ef-a62e-9a8f840a08d4,20260816,aggregate,adverse-ecs-mismatch,1,0,0,1,1,0
30e79698-e209-4e4d-9d0a-5de8c331da00,20260816,aggregate,adverse-ecs-mismatch,1,0,0,1,1,0
0f2af4d6-b81a-4ee2-b34c-c6c69712550e,20260816,aggregate,adverse-ecs-mismatch,1,0,0,1,1,0
d96dc677-8916-4ef7-aa59-3a761b7df452,20260816,aggregate,adverse-ecs-mismatch,1,0,0,1,1,0
48a98a91-ac83-4603-8e62-ba2b06a7332e,20260816,aggregate,adverse-ecs-mismatch,1,0,0,1,1,0
b57fc678-37bd-43b0-b8ac-b2b106006012,20260816,aggregate,adverse-ecs-mismatch,1,0,0,1,1,0
bafafd52-e468-4a8b-9069-b8aabc100b27,20260816,aggregate,adverse-ecs-mismatch,1,0,0,1,1,0
9da2d676-474e-4b84-95ef-d397a30553fd,20260816,aggregate,adverse-ecs-mismatch,1,0,0,1,1,0
79cf296d-ce9a-4f62-b99e-9f0c58892af0,20260816,aggregate,adverse-ecs-mismatch,1,0,0,1,1,0
daa7b230-b1ab-4089-a698-b70b5b5cbccc,20260816,aggregate,adverse-ecs-mismatch,1,0,0,1,1,0
56fc5535-59d2-4b8b-9037-ac22a5ee4b39,20260816,aggregate,adverse-ecs-mismatch,1,0,0,1,1,0
a315b592-c901-46dd-b556-07ec0825c56d,20260816,aggregate,adverse-ecs-mismatch,1,0,0,1,1,0
be6ff903-8438-4ed5-b9c6-ee73f4ad178f,20260816,aggregate,adverse-ecs-mismatch,1,0,0,1,1,0
4b47fa9c-d5a3-44c9-a625-8afe28496ee2,20260816,aggregate,adverse-ecs-mismatch,1,0,0,1,1,0
c0c6ce0d-9d84-419c-8b32-5db2a93818f6,20260816,aggregate,adverse-ecs-mismatch,1,0,0,1,1,0
5a92ab7c-7cf3-45f5-8c1c-e525db73ad28,20260816,aggregate,adverse-conflict,1,0,0,2,1,1
0f985aa2-3010-4449-ba9f-57f7a084f098,20260816,aggregate,adverse-conflict,1,0,0,1,1,0
9bbad34d-4ef9-472b-b3a5-e61c53f57ea6,20260816,aggregate,adverse-conflict,1,0,0,2,1,1
1fab8ffc-ba9d-4c6b-a5f2-7163644970cf,20260816,aggregate,adverse-conflict,1,0,0,1,1,0
735992c0-48cd-45e3-b361-ba457071ea37,20260816,aggregate,adverse-ecs-mismatch,1,0,0,1,1,0
156a8fe8-6f89-47bd-afd6-2e81a6422a01,20260816,aggregate,adverse-conflict,1,0,0,2,1,1
190baef2-ced2-443c-8bed-8f637de7d691,20260816,aggregate,adverse-conflict,1,0,0,2,1,1
da58c8f3-ca82-4e0c-b68c-f457812bd474,20260816,aggregate,adverse-conflict,1,0,0,2,1,1
1b362513-7a02-4d82-99e6-6f43bfc4ad08,20260816,aggregate,adverse-conflict,1,0,0,2,1,1
cc31c3f1-ecfa-425e-88e4-580a5ae7e4c8,20260816,aggregate,adverse-conflict,1,0,0,1,1,0
60cf8097-8cda-4444-a2c4-21b499f23f61,20260816,aggregate,adverse-conflict,1,0,0,2,1,1
49cc82f9-51da-47b8-999a-5918b33a2787,20260816,aggregate,adverse-conflict,1,0,0,2,1,1
bb6e84b8-b5f8-4f58-9846-25d575eb09c3,20260816,aggregate,adverse-conflict,1,0,0,1,1,0
69b9c7bd-fb2f-4855-b9e8-839ee0491d40,20260816,aggregate,adverse-conflict,1,0,0,1,1,0
a92dbe0a-b40a-484f-b238-72498484348a,20260816,aggregate,adverse-conflict,1,0,0,2,1,1
eac80d98-9bfa-4441-8444-10a0028385f5,20260816,aggregate,adverse-conflict,1,0,0,2,1,1
85df6fa0-bd2c-4fcc-946d-5bff72790126,20260816,aggregate,adverse-conflict,1,0,0,2,1,1
e57e950d-8faf-4c81-bac0-3b150accde12,20260816,aggregate,adverse-conflict,1,0,0,2,1,1
e4033d0b-d010-4ad1-a92e-be036d8041a0,20260816,aggregate,adverse-conflict,1,0,0,2,1,1
8a144970-13a8-48ff-96d6-eac889d80123,20260816,aggregate,adverse-conflict,1,0,0,2,1,1
5a2c2246-35fa-4792-bf54-f2a397b0285b,20260816,aggregate,adverse-conflict,1,0,0,1,1,0
4bf7417b-c8b8-42fb-a577-916acdb22db1,20260816,aggregate,adverse-conflict,1,0,0,2,1,1
9642422e-f927-4d4c-98cb-173e9dceb372,20260816,aggregate,adverse-conflict,1,0,0,2,1,1
fb57ee5b-d2ac-47a7-b089-3338bb2803ca,20260816,aggregate,adverse-ecs-mismatch,1,0,0,1,1,0
830d0064-e58c-4d4a-8c79-295f079a47fc,20260816,aggregate,adverse-conflict,1,0,0,2,1,1
b79b240c-1d8a-4293-a8c6-0b0454743b07,20260816,aggregate,adverse-conflict,1,0,0,2,1,1
7e64ccf6-4599-491b-aaca-780c41b4a18f,20260816,aggregate,adverse-conflict,1,0,0,2,1,1
f1211c6a-d8fe-486b-a3f8-1e9eb21a62ad,20260816,aggregate,adverse-ecs-mismatch,1,0,0,1,1,0
9f886ca6-88fe-4763-9f7f-c31801c69785,20260816,aggregate,adverse-conflict,1,0,0,1,1,0
b808667e-2a04-4af3-aed8-799cf78e20cd,20260816,aggregate,adverse-ecs-mismatch,1,0,0,1,1,0
1d1ab8bd-676d-4f6b-8088-03f8071bbae7,20260816,aggregate,adverse-conflict,1,0,0,2,1,1
c3a12c30-807b-4e32-850f-7385d2d9c6d1,20260816,aggregate,adverse-conflict,1,0,0,2,1,1
2f79eaec-a858-4b28-a1ac-81935acc89a4,20260816,aggregate,adverse-conflict,1,0,0,2,1,1
a3c2d3bc-6ccf-48d2-b209-e8396c07a0c2,20260816,aggregate,adverse-conflict,1,0,0,2,1,1
8718326a-a336-4eae-a436-e70815def9be,20260816,aggregate,adverse-conflict,1,0,0,2,1,1
2bc47954-74ba-402d-913e-36e6beac4a4c,20260816,aggregate,adverse-conflict,1,0,0,2,1,1
3554eb05-4972-404b-ab13-982c8d464e76,20260816,aggregate,adverse-conflict,1,0,0,2,1,1
d3e67492-ec46-4fe8-b960-919f692a2b22,20260816,aggregate,adverse-conflict,1,0,0,2,1,1
535695ba-08f7-4f70-8e59-14f35c61c5e7,20260816,aggregate,adverse-conflict,1,0,0,1,1,0
c317ff47-e16f-4d0a-b4af-17fe78d3586c,20260816,aggregate,adverse-conflict,1,0,0,2,1,1
6fb6e2e5-2ff9-4c07-990c-740cab0fc747,20260816,aggregate,adverse-conflict,1,0,0,2,1,1
1689db5a-7dab-4054-9d55-c9e3dd010b2b,20260816,aggregate,adverse-conflict,1,0,0,1,1,0
1b936a01-2449-4d3d-8cf8-963356cd550e,20260816,aggregate,adverse-conflict,1,0,0,2,1,1
b59ef9a9-ca2e-40c7-b8b5-56be7a9614f9,20260816,aggregate,adverse-conflict,1,0,0,2,1,1
310ca698-8b80-42f3-bdc5-e7b537e771cf,20260816,aggregate,adverse-conflict,1,0,0,2,1,1
4d27b687-a227-4b05-9fa2-a55963b1fd57,20260816,aggregate,adverse-conflict,1,0,0,2,1,1
2fe75351-1865-4260-bb39-d9b94db8dd1b,20260816,aggregate,adverse-conflict,1,0,0,1,1,0
6432a5da-8e93-4110-9556-e18a3d5bafdf,20260816,aggregate,adverse-ecs-mismatch,1,0,0,1,1,0
99cd4bca-5270-4f68-baf5-8853efffcc4b,20260816,aggregate,adverse-conflict,1,0,0,1,1,0
badbb2c8-dd57-466d-86d6-966ab5ad4ef3,20260816,aggregate,adverse-conflict,1,0,0,2,1,1
6785bbf4-80d4-43c6-8b46-797690b1bd98,20260816,aggregate,adverse-conflict,1,0,0,2,1,1
953b9d69-712f-460f-ba50-16227596cd1c,20260816,aggregate,adverse-conflict,1,0,0,2,1,1
1dfd3b43-c1c7-4f31-976d-dbf9db1a4f1f,20260816,aggregate,adverse-conflict,1,0,0,2,1,1
00aa1a21-25ad-4a53-8f88-9e8031337ad2,20260816,aggregate,adverse-conflict,1,0,0,1,1,0
93436e07-542c-41da-a087-c5039c73a8fd,20260816,aggregate,adverse-conflict,1,0,0,2,1,1
9c744aba-9e10-41f4-a242-543b55feb38f,20260816,aggregate,adverse-conflict,1,0,0,1,1,0
e35d45f3-55f6-4989-be71-5c2c21c37c7f,20260816,aggregate,adverse-conflict,1,0,0,2,1,1
4c24540e-55bb-4787-9a41-8b28cb3fee0d,20260816,aggregate,adverse-conflict,1,0,0,2,1,1
146eeaf5-d8d5-487a-adfe-b14f1c08b085,20260816,aggregate,adverse-conflict,1,0,0,2,1,1
1cacb57d-2334-4f4a-a71c-d245583179be,20260816,aggregate,adverse-conflict,1,0,0,1,1,0
eea7baef-1760-4b32-be30-fc3278f276da,20260816,aggregate,adverse-conflict,1,0,0,2,1,1
2deac123-19f3-4e3e-892e-7d4350dda835,20260816,aggregate,adverse-conflict,1,0,0,2,1,1
5240555a-cbf7-4fad-9223-e617b4dd8a64,20260816,aggregate,adverse-conflict,1,0,0,2,1,1
d9ebafb2-9c7f-4efd-8bf8-d5b8fcf7f052,20260816,aggregate,adverse-ecs-mismatch,1,0,0,1,1,0
85a57e73-5e87-42c6-a5fb-db4059f38381,20260816,aggregate,adverse-conflict,1,0,0,1,1,0
b1fb9673-3aaa-4019-a9f4-11b8739b1ad5,20260816,aggregate,adverse-conflict,1,0,0,2,1,1
93ea39d5-efd7-47ca-bc91-17f87fdd5f47,20260816,aggregate,adverse-conflict,1,0,0,2,1,1
9e6041e0-ad1c-4d74-a4c2-d88904275ec5,20260816,aggregate,adverse-conflict,1,0,0,2,1,1
147e2798-dcf6-464f-b9a8-322a7045717a,20260816,aggregate,adverse-conflict,1,0,0,2,1,1
9bd08272-980a-464e-a33d-73236c2582b3,20260816,aggregate,adverse-conflict,1,0,0,1,1,0
6b7bda68-d2aa-4f0c-bab2-c390126e9fab,20260816,aggregate,adverse-conflict,1,0,0,1,1,0
4ca48fc9-5702-45aa-9d49-ee9cd308727f,20260816,aggregate,adverse-conflict,1,0,0,2,1,1
f4b5195f-feac-49d5-8734-865248f1ce1a,20260816,aggregate,adverse-conflict,1,0,0,1,1,0
938a1a59-8513-4e04-b872-47ad254798ba,20260816,aggregate,adverse-conflict,1,0,0,2,1,1
849df915-9ace-43ca-b231-b818cdd8eb2b,20260816,aggregate,adverse-conflict,1,0,0,2,1,1
79b28956-526a-4a8d-b971-245ff8e5b3e8,20260816,aggregate,adverse-conflict,1,0,0,2,1,1
a3cd48dd-b4bb-4fe0-93aa-e271e1aaa0b5,20260816,aggregate,adverse-conflict,1,0,0,2,1,1
0b15019b-ab02-484e-ad85-90c6784d9a25,20260816,aggregate,adverse-conflict,1,0,0,2,1,1
cfe62525-27a1-4d62-9188-052df3e7487d,20260816,aggregate,adverse-conflict,1,0,0,1,1,0
f394415d-1619-48b7-a8c9-4986fd7c3821,20260816,aggregate,adverse-conflict,1,0,0,2,1,1
937d3bb1-ff66-4ae1-9adc-94af1c6db9cf,20260816,aggregate,adverse-conflict,1,0,0,2,1,1
7100f926-3504-46b2-ab2c-4e721c07f22e,20260816,aggregate,adverse-conflict,1,0,0,2,1,1
37ce8364-3192-498a-b89e-9663733f47cc,20260816,aggregate,adverse-conflict,1,0,0,2,1,1
292ccf71-be35-43f1-a623-68421b53f013,20260816,aggregate,adverse-conflict,1,0,0,2,1,1
d19d8885-714a-4c87-9529-8b9346284d96,20260816,aggregate,adverse-conflict,1,0,0,1,1,0
e8bc16ac-e4c6-4f05-9a3f-b611f8ebbc8f,20260816,aggregate,adverse-conflict,1,0,0,2,1,1
719c1873-e03b-481c-ad6a-8498d274d239,20260816,aggregate,adverse-conflict,1,0,0,2,1,1
2fd62edd-a979-4303-baa3-8908625039c9,20260816,aggregate,adverse-conflict,1,0,0,2,1,1
75e6829d-1cc0-4558-98bd-09db90b858d5,20260816,aggregate,adverse-conflict,1,0,0,2,1,1
9644f1ae-6702-437e-8fa5-202a02f0a6f0,20260816,aggregate,adverse-conflict,1,0,0,1,1,0
ec0d019c-dcd2-4fcf-9635-ea52f6e82b42,20260816,aggregate,adverse-conflict,1,0,0,2,1,1
3ba641dc-17e6-4d16-b4da-cdbea0a0eb30,20260816,aggregate,adverse-conflict,1,0,0,2,1,1
f65f0823-923c-426e-92bc-d6f80cbee89a,20260816,aggregate,adverse-conflict,1,0,0,1,1,0
781d8af5-6307-4dd1-b4d6-074844c08fe3,20260816,aggregate,adverse-conflict,1,0,0,2,1,1
ae2ec6a2-806b-4b9a-95fe-cc4a8be31d13,20260816,aggregate,adverse-conflict,1,0,0,1,1,0
58c45475-e578-49d0-880f-e59d9bb013f7,20260816,aggregate,adverse-ecs-fanout,1,0,0,2,1,1
887a5c27-13b6-460c-bb57-fde7fb1f69fe,20260816,aggregate,adverse-ecs-fanout,1,0,0,2,1,1
c7725841-c6e5-4c89-992e-5c1bf3c50997,20260816,aggregate,adverse-ecs-fanout,1,0,0,1,1,0
b3c29764-d85f-4293-8de0-59c7a66294e4,20260816,aggregate,adverse-conflict,1,0,0,1,1,0
57ae1e0a-eb15-4b82-86a1-f2abbeaf4a1d,20260816,aggregate,adverse-ecs-fanout,1,0,0,2,1,1
1dfabdbb-5c88-4d6e-8f95-6ec4da1c0a65,20260816,aggregate,adverse-ecs-fanout,1,0,0,1,1,0
dd484d22-6d81-435f-8758-3a7e78415908,20260816,aggregate,adverse-ecs-fanout,1,0,0,2,1,1
31360fd5-4caa-4fdb-9dfd-784eb5130298,20260816,aggregate,adverse-ecs-fanout,1,0,0,1,1,0
3892c9e8-58f5-4500-ac86-6f4ca4f80afe,20260816,aggregate,adverse-ecs-fanout,1,0,0,2,1,1
17d80499-61c8-44a6-b736-c26250886282,20260816,aggregate,adverse-ecs-fanout,1,0,0,2,1,1
7940b699-346d-4c77-8d9c-18b5de128133,20260816,aggregate,adverse-ecs-fanout,1,0,0,1,1,0
87a057fa-f54a-4999-a232-ea93141acd1b,20260816,aggregate,adverse-ecs-fanout,1,0,0,1,1,0
4288d06a-841c-434c-8a31-a56e444d31aa,20260816,aggregate,adverse-ecs-fanout,1,0,0,2,1,1
0734072d-c102-4ecb-964e-a65c10d4c847,20260816,aggregate,adverse-ecs-fanout,1,0,0,1,1,0
ca52478a-aa4c-4812-aa14-3242a11e5a5a,20260816,aggregate,adverse-ecs-fanout,1,0,0,2,1,1
7455be51-e341-4f85-bc4f-a809474e419f,20260816,aggregate,benign-burst,0,0,0,1,1,0
c55dc155-c74c-4bc7-afd6-2fa65768e347,20260816,aggregate,adverse-ecs-fanout,1,0,0,2,1,1
fec00498-fdb4-40db-94ad-eb9cf79a4bf8,20260816,aggregate,adverse-ecs-fanout,1,0,0,2,1,1
6f4bba65-afa7-4cd1-a3b8-9f52c9bc0b4d,20260816,aggregate,benign-burst,0,0,0,1,1,0
68fcf8ad-ddcb-4eea-a7af-a0e73bd26137,20260816,aggregate,adverse-ecs-fanout,1,0,0,2,1,1
b9950a6e-cfd0-4cd8-90b7-05091a6f34a8,20260816,aggregate,adverse-ecs-fanout,1,0,0,2,1,1
51eb590e-4855-4123-90f7-84afe1ae1379,20260816,aggregate,adverse-ecs-fanout,1,0,0,2,1,1
0b9cf6a4-87f3-4016-85f2-f1ef45dd2ea7,20260816,aggregate,adverse-ecs-fanout,1,0,0,2,1,1
284c3281-22e4-4d33-92ec-51547b4f09db,20260816,aggregate,adverse-ecs-fanout,1,0,0,1,1,0
d625a0e6-67d3-4d6f-b050-a90e0eedfe88,20260816,aggregate,adverse-ecs-fanout,1,0,0,2,1,1
d4d7ecd8-4605-4e61-8bf6-42467e4ae88e,20260816,aggregate,adverse-ecs-fanout,1,0,0,1,1,0
4771aa48-24a8-490d-94a8-0531ab5dc9ca,20260816,aggregate,adverse-ecs-fanout,1,0,0,2,1,1
7a1d3b2e-44cc-4aa3-b397-707efee27582,20260816,aggregate,adverse-ecs-fanout,1,0,0,1,1,0
c90f5350-caf8-4183-af86-d989e89cb254,20260816,aggregate,adverse-ecs-fanout,1,0,0,1,1,0
328bdf13-ede3-4bbf-bbe1-a650d6cbf4b9,20260816,aggregate,adverse-ecs-fanout,1,0,0,1,1,0
c0ad472e-5446-4d13-be87-ecdb57f1a770,20260816,aggregate,adverse-ecs-fanout,1,0,0,2,1,1
48793f01-1a60-4b82-be43-8e75104df586,20260816,aggregate,adverse-ecs-fanout,1,0,0,2,1,1
1b905a69-aed0-4b06-a48f-f3a4735179fb,20260816,aggregate,adverse-ecs-fanout,1,0,0,1,1,0
d083785f-17b3-468c-9689-c7bdc0902f1d,20260816,aggregate,adverse-ecs-fanout,1,0,0,2,1,1
0bb10201-9147-4879-ba71-f12d14035a32,20260816,aggregate,adverse-ecs-fanout,1,0,0,1,1,0
d17a9e63-506e-497c-be54-797af4623bcd,20260816,aggregate,adverse-ecs-fanout,1,0,0,2,1,1
bb10f79f-70b1-4a39-bd3f-de98aacc13a6,20260816,aggregate,adverse-ecs-fanout,1,0,0,2,1,1
5b2b05f5-c81b-4af2-b390-852064ca5fe1,20260816,aggregate,adverse-ecs-fanout,1,0,0,2,1,1
17f158f3-1de8-4bf9-be4c-3158d4ecc5f0,20260816,aggregate,adverse-ecs-fanout,1,0,0,1,1,0
f7f2d06c-8b32-4981-9d19-4f62a6e9ad1b,20260816,aggregate,adverse-ecs-fanout,1,0,0,2,1,1
4aaf68d7-ce23-42e0-8406-aef5d34113ac,20260816,aggregate,adverse-ecs-fanout,1,0,0,2,1,1
fa303d97-22b8-4c7b-b1c9-95ed04ba887f,20260816,aggregate,adverse-ecs-fanout,1,0,0,1,1,0
2a982688-c519-4cbd-bc8c-2e424569d093,20260816,aggregate,adverse-ecs-fanout,1,0,0,2,1,1
21177ced-da4c-4016-9f8c-0b75a577808f,20260816,aggregate,adverse-ecs-fanout,1,0,0,1,1,0
908ce8aa-8902-4bdd-9af7-875262724c1c,20260816,aggregate,adverse-ecs-fanout,1,0,0,1,1,0
3445305f-71a9-4167-8d19-b85f9c01cfbc,20260816,aggregate,adverse-ecs-fanout,1,0,0,1,1,0
808d659d-8984-4e66-b98e-00d2112f6d29,20260816,aggregate,adverse-ecs-fanout,1,0,0,2,1,1
c9fe57f5-70a3-4bdd-935a-395a2500c3be,20260816,aggregate,adverse-ecs-fanout,1,0,0,2,1,1
22c6ba15-fc0c-40d6-93ac-4acd35e0bbff,20260816,aggregate,adverse-ecs-fanout,1,0,0,2,1,1
97401993-2e4c-4a36-8fca-58a8cdfcd97d,20260816,aggregate,adverse-ecs-fanout,1,0,0,2,1,1
4572e511-a672-41b8-a802-341dc1803ffc,20260816,aggregate,adverse-ecs-fanout,1,0,0,2,1,1
c2dcbec7-10fd-45a5-9257-dbb1e987f5db,20260816,aggregate,adverse-ecs-fanout,1,0,0,2,1,1
1bc43a4c-cdef-44dc-9883-25fd4157e7c0,20260816,aggregate,adverse-ecs-fanout,1,0,0,2,1,1
bfc8827e-1ed8-4c64-b1fd-77e166669cb4,20260816,aggregate,adverse-ecs-fanout,1,0,0,2,1,1
5597b723-cb5a-4f60-9be6-1c5c7934c93f,20260816,aggregate,adverse-ecs-fanout,1,0,0,2,1,1
18c6b3bc-4005-48c1-b627-a1a917945520,20260816,aggregate,adverse-ecs-fanout,1,0,0,2,1,1
cc8b5fd0-ba94-4c1e-9628-ac81fb0edeef,20260816,aggregate,adverse-ecs-fanout,1,0,0,2,1,1
2bb889a6-25c0-4e53-9a7e-8fdce9fd75c1,20260816,aggregate,adverse-ecs-fanout,1,0,0,2,1,1
f0d69a4d-8882-491b-8164-e2c2d82d7473,20260816,aggregate,adverse-ecs-fanout,1,0,0,2,1,1
e83772b7-be01-4bf3-be5d-2dcf8724e43d,20260816,aggregate,adverse-ecs-fanout,1,0,0,2,1,1
4366809f-956c-4f25-a166-8f8f8cb86a3e,20260816,aggregate,adverse-ecs-fanout,1,0,0,2,1,1
7a8e33d7-d24c-4676-9dde-26bc5e016309,20260816,aggregate,adverse-ecs-fanout,1,0,0,2,1,1
241fe685-4dab-44d9-8372-ef8bc744eadc,20260816,aggregate,adverse-ecs-fanout,1,0,0,2,1,1
d99e0dff-75da-4114-9f5b-d66c1163cdbe,20260816,aggregate,adverse-ecs-fanout,1,0,0,1,1,0
10adf5c3-5e64-4234-8890-15ed534365c8,20260816,aggregate,adverse-ecs-fanout,1,0,0,2,1,1
bcf302e7-2a3a-47f0-a01c-de0279dae959,20260816,aggregate,adverse-ecs-fanout,1,0,0,2,1,1
8a8d13e7-bd7b-49f5-aba7-2c31dfb3b2a4,20260816,aggregate,adverse-ecs-fanout,1,0,0,1,1,0
342c58f5-eba8-458e-ae3b-dd8ec020cef5,20260816,aggregate,adverse-ecs-fanout,1,0,0,2,1,1
0946298c-4a3d-4be9-bbe0-db58e103e4a6,20260816,aggregate,adverse-ecs-fanout,1,0,0,2,1,1
91fe9c16-a8a6-4e8a-be16-a3b950a11688,20260816,aggregate,adverse-ecs-fanout,1,0,0,2,1,1
86533e9b-7123-4353-b9b6-c62004335c8a,20260816,aggregate,adverse-ecs-fanout,1,0,0,2,1,1
9dc308c6-bc76-40b8-a6d7-f10964d07320,20260816,aggregate,adverse-ecs-fanout,1,0,0,2,1,1
cdf9e100-64f0-46b9-a0fe-604a3106840a,20260816,aggregate,adverse-ecs-fanout,1,0,0,2,1,1
d9bb26bf-e649-4dfe-bb43-0878773532ed,20260816,aggregate,adverse-ecs-fanout,1,0,0,1,1,0
1bde7cae-7b25-425a-b0fa-78fdf76a1895,20260816,aggregate,adverse-ecs-fanout,1,0,0,2,1,1
d8d25c22-185e-4e74-b283-4ff21accc0a5,20260816,aggregate,adverse-ecs-fanout,1,0,0,2,1,1
2a0c0234-c920-4a22-87ed-9aea28df91ea,20260816,aggregate,adverse-ecs-fanout,1,0,0,2,1,1
7c9ac424-a89b-4dc5-8737-9fbc4c07b006,20260816,aggregate,adverse-ecs-fanout,1,0,0,2,1,1
104789a6-23e9-4023-ac99-e40ae0dec9a8,20260816,aggregate,adverse-ecs-fanout,1,0,0,2,1,1
20399b41-c8ee-4434-a249-ad312c2e739a,20260816,aggregate,adverse-ecs-fanout,1,0,0,2,1,1
dd04a904-8f7e-4fcb-9811-2171e598552f,20260816,aggregate,adverse-ecs-fanout,1,0,0,1,1,0
26958d10-6481-4895-a52b-dbd57ceb9b5c,20260816,ecs-keyed,benign-plain,0,0,0,1,1,0
e42054f8-6d9f-49de-b2d2-7cc8a2d2b065,20260816,aggregate,adverse-ecs-fanout,1,0,0,1,1,0
cff6cce9-4a9e-4bb8-99d7-5f4f4f28a0c4,20260816,ecs-keyed,benign-plain,0,0,0,1,1,0
6c192208-3a34-4203-952b-86e6e8a75fb2,20260816,ecs-keyed,benign-plain,0,0,0,1,1,0
18239939-9ca0-4680-a3e1-c3963bfa83f5,20260816,ecs-keyed,benign-plain,0,0,0,1,1,0
66f50342-0fc8-4a02-86bc-3a093599b12f,20260816,ecs-keyed,benign-plain,0,0,0,1,1,0
b69e20e0-9a11-475e-8ffd-185b9e9fb340,20260816,ecs-keyed,benign-plain,0,0,0,1,1,0
b1b89550-fbfe-4f91-accf-b58c2a6ecbde,20260816,aggregate,adverse-ecs-fanout,1,0,0,1,1,0
a426a03d-7396-4cc7-85d6-99e452d3fa4a,20260816,aggregate,adverse-ecs-fanout,1,0,0,2,1,1
59d6a0a6-5720-4c09-8ff8-37d405bb840e,20260816,aggregate,adverse-ecs-fanout,1,0,0,1,1,0
70be4eaf-1b47-4e2b-8981-442374bdeeb1,20260816,ecs-keyed,benign-plain,0,0,0,1,1,0
d9b12a02-6d38-4813-b581-0a2cf1f4f352,20260816,ecs-keyed,benign-plain,0,0,0,1,1,0
35eb58a1-fe57-4d83-b41a-ee9004517c39,20260816,ecs-keyed,benign-plain,0,0,0,1,1,0
9d57a9df-b8ca-4d61-9416-16476ea3e26f,20260816,ecs-keyed,benign-plain,0,0,0,1,1,0
07bf6e7c-a8aa-4485-a713-fe9cdca784e5,20260816,aggregate,adverse-ecs-fanout,1,0,0,2,1,1
db49bc0f-696c-4f84-982a-6a95c06b974d,20260816,ecs-keyed,benign-plain,0,0,0,1,1,0
cee98fc7-269b-4ae5-8abe-0f4c07abb77c,20260816,aggregate,adverse-ecs-fanout,1,0,0,2,1,1
bec8ce17-7953-4f14-90ed-fa2734000199,20260816,aggregate,adverse-ecs-fanout,1,0,0,2,1,1
80f9a763-660e-42a5-a963-8decdeaaedbd,20260816,ecs-keyed,benign-plain,0,0,0,1,1,0
657f670d-3db2-4ee0-954f-1fefd1f2f1f7,20260816,ecs-keyed,benign-plain,0,0,0,1,1,0
45ed1c89-e886-4b16-8e6a-cdfb7cf37411,20260816,ecs-keyed,benign-plain,0,0,0,1,1,0
1c2543a5-dd62-4eea-b42c-3b688f38149d,20260816,ecs-keyed,benign-plain,0,0,0,1,1,0
6a02593a-05c2-4a87-aca7-263fef176a00,20260816,ecs-keyed,benign-plain,0,0,0,1,1,0
11de5057-5709-4347-844e-b7bc9f1071e4,20260816,ecs-keyed,benign-plain,0,0,0,1,1,0
51c1ee15-4d7a-41ed-af1e-ea0433f39218,20260816,ecs-keyed,benign-plain,0,0,0,1,1,0
69e94faf-0e64-4e98-896a-25fe31e398d1,20260816,ecs-keyed,benign-plain,0,0,0,1,1,0
5696cbd5-ed74-43fc-9bfd-86b5b61491a5,20260816,ecs-keyed,benign-plain,0,0,0,1,1,0
b5bdb1dd-2b9d-40be-b49c-c9a3d4dfa524,20260816,ecs-keyed,benign-plain,0,0,0,1,1,0
f2c81146-1c29-4c7a-940f-8f33a55baf99,20260816,ecs-keyed,benign-plain,0,0,0,1,1,0
ffa164ec-92a1-49e4-8fd6-5d22dc101956,20260816,ecs-keyed,benign-plain,0,0,0,1,1,0
d10a8c78-37a2-4e7a-88dd-11f66a556304,20260816,aggregate,adverse-ecs-fanout,1,0,0,1,1,0
9391af0a-24c7-4bd8-9358-5bafa53cf094,20260816,ecs-keyed,benign-plain,0,0,0,1,1,0
98836a2d-fd02-4b1d-9021-6f3a151fe663,20260816,ecs-keyed,benign-plain,0,0,0,1,1,0
be1e64ce-5a45-48bd-83ff-baf6ce04bc5d,20260816,ecs-keyed,benign-plain,0,0,0,1,1,0
ad3d00ea-e728-4158-b3ac-000fc8b3f627,20260816,aggregate,adverse-ecs-fanout,1,0,0,1,1,0
697c197a-a7ca-4d2b-9dcd-dcd34070465e,20260816,ecs-keyed,benign-plain,0,0,0,1,1,0
9aaab385-73d2-4974-b1a1-b9d62fba8186,20260816,ecs-keyed,benign-plain,0,0,0,1,1,0
74f28c87-217c-4eff-b2c2-a4d102599bf1,20260816,ecs-keyed,benign-plain,0,0,0,1,1,0
eddf2d77-5af4-41a9-bf6a-bf660cbc858a,20260816,ecs-keyed,benign-plain,0,0,0,1,1,0
0cf1781e-6070-4b74-84bb-bfb8b29742ce,20260816,ecs-keyed,benign-plain,0,0,0,1,1,0
698bbbd6-2a25-4c02-b0ff-d3f606131a3d,20260816,ecs-keyed,benign-plain,0,0,0,1,1,0
4011ba21-e678-4b17-b921-a9f96180b4b5,20260816,ecs-keyed,benign-plain,0,0,0,1,1,0
385aed7f-4876-48da-a52d-1cc2e7f04b6b,20260816,ecs-keyed,benign-plain,0,0,0,1,1,0
633d1b8b-b840-4126-a727-83c4ff653a65,20260816,ecs-keyed,benign-plain,0,0,0,1,1,0
77bf78e4-048c-4ece-8868-0526bfcaf7ca,20260816,ecs-keyed,benign-plain,0,0,0,1,1,0
3c9eb12b-10e8-4acf-81d9-0361755aa736,20260816,ecs-keyed,benign-plain,0,0,0,1,1,0
853e069e-a62e-4e8c-bec9-0391e583f9aa,20260816,aggregate,adverse-ecs-fanout,1,0,0,2,1,1
9d253187-a73c-48aa-9170-228203c19673,20260816,ecs-keyed,benign-plain,0,0,0,1,1,0
676e9dbe-6fac-411e-881c-e31adac8300e,20260816,ecs-keyed,benign-plain,0,0,0,1,1,0
ecb2c5c6-c829-4aa8-bb55-d0d5d20e0bea,20260816,aggregate,adverse-ecs-fanout,1,0,0,2,1,1
3718d9bb-1bcc-4daa-bd4b-a083e0755a8a,20260816,ecs-keyed,benign-plain,0,0,0,1,1,0
d1f6b378-9ab0-44a7-a52e-40808704d9d3,20260816,ecs-keyed,benign-plain,0,0,0,1,1,0
7a9e2ce5-9daa-4247-8c3a-4e2cddc50f59,20260816,aggregate,adverse-ecs-fanout,1,0,0,2,1,1
7ced8293-18f3-4a70-8d4c-d6651cf98cb7,20260816,ecs-keyed,benign-plain,0,0,0,1,1,0
14bdfa68-febe-4ea0-b449-f0f37a71819d,20260816,ecs-keyed,benign-plain,0,0,0,1,1,0
bb569017-8a5c-4829-a75e-d5fd2d2bd06e,20260816,ecs-keyed,benign-plain,0,0,0,1,1,0
1e477512-21ff-4f5a-858d-0fd8631ae5ac,20260816,ecs-keyed,benign-plain,0,0,0,1,1,0
19f47db8-d7b5-4873-b8fb-c62561cc10ae,20260816,ecs-keyed,benign-plain,0,0,0,1,1,0
d3a7dab0-a54c-4b34-8585-092f81477645,20260816,ecs-keyed,benign-plain,0,0,0,1,1,0
c7edd907-7873-48fc-97f1-fdf4126ffae2,20260816,ecs-keyed,benign-plain,0,0,0,1,1,0
3737d6c9-3c5f-4454-9bdd-b1d878b0f31d,20260816,ecs-keyed,benign-plain,0,0,0,1,1,0
f7f65680-f430-4a3a-9224-2b3c16eafbb9,20260816,ecs-keyed,benign-plain,0,0,0,1,1,0
7b7a8d5e-36a3-46b6-a152-c992d01adb60,20260816,ecs-keyed,benign-plain,0,0,0,1,1,0
bf44dcc7-b43f-43a7-b224-a5c95381695f,20260816,ecs-keyed,benign-plain,0,0,0,1,1,0
b51cf166-e30c-4de1-8313-a94262ebfbf6,20260816,ecs-keyed,benign-plain,0,0,0,1,1,0
a74a9e8e-8f6c-46dc-bd14-18f1897d0ac1,20260816,ecs-keyed,benign-plain,0,0,0,1,1,0
dcee797b-d2fa-478e-8082-f2994da0fbfe,20260816,ecs-keyed,benign-plain,0,0,0,1,1,0
9e966544-29eb-452a-8d25-0a922276d1b2,20260816,ecs-keyed,benign-plain,0,0,0,1,1,0
46b91539-1dc1-465a-8a82-574c06c3c6c0,20260816,ecs-keyed,benign-plain,0,0,0,1,1,0
c965ff93-ab3c-4ce1-bb31-eae70fd9800c,20260816,ecs-keyed,benign-plain,0,0,0,1,1,0
79f48667-8299-40ca-9776-594c57905284,20260816,ecs-keyed,benign-plain,0,0,0,1,1,0
91b452bd-1850-4685-9257-bd68a6b692d2,20260816,ecs-keyed,benign-plain,0,0,0,1,1,0
88db5f04-ebb7-4e6a-a9fb-bb5cda77dcf8,20260816,ecs-keyed,benign-plain,0,0,0,1,1,0
1c06dcad-8c27-4b18-8994-508be7dc46c7,20260816,ecs-keyed,benign-plain,0,0,0,1,1,0
2ac39a19-cbd3-413b-b13e-0527b61ae397,20260816,ecs-keyed,benign-plain,0,0,0,1,1,0
5c6daee4-cbb2-427c-b684-b71a27798321,20260816,ecs-keyed,benign-plain,0,0,0,1,1,0
9601032c-d3ce-4a85-bd58-7d3725e6cd30,20260816,ecs-keyed,benign-plain,0,0,0,1,1,0
d98b2183-ee39-44bc-be4e-9979aa4ad4c5,20260816,ecs-keyed,benign-plain,0,0,0,1,1,0
0fe4b2ea-5f88-4407-9f9f-6888e0edc8ce,20260816,ecs-keyed,benign-plain,0,0,0,1,1,0
f162bb62-44fa-494f-9d7b-92edf9554259,20260816,ecs-keyed,benign-plain,0,0,0,1,1,0
90adc8a4-c35c-4d11-a853-33c7e3f2df5e,20260816,ecs-keyed,benign-plain,0,0,0,1,1,0
2db777db-9157-4cb6-85b5-7fdffff3acff,20260816,ecs-keyed,benign-plain,0,0,0,1,1,0
e96f1582-8af0-4f35-a1bb-a160689d68ca,20260816,ecs-keyed,benign-plain,0,0,0,1,1,0
0b49ef54-3b27-4c10-9f23-4a8ded2d1ae3,20260816,ecs-keyed,benign-plain,0,0,0,1,1,0
f2f3b59c-0a85-454b-9ad9-bfc2e18ef810,20260816,ecs-keyed,benign-plain,0,0,0,1,1,0
0daaf199-c5df-490d-bd48-e6c91b197196,20260816,ecs-keyed,benign-plain,0,0,0,1,1,0
418d96f4-e129-442f-af13-d1d068c30331,20260816,ecs-keyed,benign-plain,0,0,0,1,1,0
5e4a8ccb-4b32-47de-96f2-9af25778d26d,20260816,ecs-keyed,benign-plain,0,0,0,1,1,0
4874954e-46fb-4270-a7bf-fba4b8c64c08,20260816,ecs-keyed,benign-plain,0,0,0,1,1,0
aa9e32d5-cf1f-4cfd-94c6-ebc5d32c747d,20260816,ecs-keyed,benign-plain,0,0,0,1,1,0
e04477f3-25d7-478d-842a-989cea182d66,20260816,ecs-keyed,benign-plain,0,0,0,1,1,0
3b29ee4f-9e59-4f95-a73a-cbc2cc5868e6,20260816,ecs-keyed,benign-plain,0,0,0,1,1,0
fb70a397-e65c-482d-9470-f34b588e533b,20260816,ecs-keyed,benign-plain,0,0,0,1,1,0
f7046c04-b3ce-4329-a4a1-77055eb87f7c,20260816,ecs-keyed,benign-plain,0,0,0,1,1,0
aad845ad-4225-4c27-aa95-27efe4c07462,20260816,ecs-keyed,benign-ecs-stable,0,0,0,1,1,0
ff976e8b-015c-4ed8-8eac-24a7ca6fbe6c,20260816,ecs-keyed,benign-plain,0,0,0,1,1,0
6a2b4e4c-ddd4-40d7-a087-03d539f50121,20260816,ecs-keyed,benign-ecs-stable,0,0,0,1,1,0
b9f0a70f-cbb7-4417-8f64-c80d50391508,20260816,ecs-keyed,benign-plain,0,0,0,1,1,0
c472ffeb-59ad-42d5-bc90-26a1a2f2a0e9,20260816,ecs-keyed,benign-ecs-stable,0,0,0,1,1,0
445e4b03-e4fd-427e-850d-ac0374c4f6fb,20260816,ecs-keyed,benign-ecs-stable,0,0,0,1,1,0
091b2c7b-ee64-4945-a0fb-5c92e448db84,20260816,ecs-keyed,benign-plain,0,0,0,1,1,0
5e73c6c7-f5cd-4853-b87a-f58aca24ec97,20260816,ecs-keyed,benign-plain,0,0,0,1,1,0
12af469c-c3ce-439e-9e1a-7a763c9c1608,20260816,ecs-keyed,benign-ecs-stable,0,0,0,1,1,0
7b49a6b8-539a-475e-a744-6eac698fbc81,20260816,ecs-keyed,benign-ecs-stable,0,0,0,1,1,0
2c535ae7-aa96-48d4-b102-6be98e2c82b7,20260816,ecs-keyed,benign-ecs-stable,0,0,0,1,1,0
42cfc84f-3a27-4edb-a712-823a11b19307,20260816,ecs-keyed,benign-ecs-stable,0,0,0,1,1,0
513b6695-bd41-43ad-b9e4-df1ff6825aab,20260816,ecs-keyed,benign-ecs-stable,0,0,0,1,1,0
e5785c3e-05ab-4088-bd2b-65773ec347c8,20260816,ecs-keyed,benign-ecs-stable,0,0,0,1,1,0
70114484-99df-44fd-9e1a-17d899d04c4a,20260816,ecs-keyed,benign-ecs-stable,0,0,0,1,1,0
fc0cde67-c23f-4f8b-a6a6-76cb76d7c319,20260816,ecs-keyed,benign-ecs-stable,0,0,0,1,1,0
9d584502-90da-4f88-b395-51d7dbfe8a4b,20260816,ecs-keyed,benign-ecs-stable,0,0,0,1,1,0
cd587818-5e84-4b16-a964-05b26f6198c5,20260816,ecs-keyed,benign-ecs-stable,0,0,0,1,1,0
31f27767-4b59-4814-a799-31631a9543da,20260816,ecs-keyed,benign-ecs-stable,0,0,0,1,1,0
4f367586-a143-48f8-82d4-bcd78eab27f9,20260816,ecs-keyed,benign-ecs-stable,0,0,0,1,1,0
aede0da3-a439-485d-8723-ea06799300e4,20260816,ecs-keyed,benign-ecs-stable,0,0,0,1,1,0
975d231a-61f3-4479-bdec-154965d06474,20260816,ecs-keyed,benign-ecs-stable,0,0,0,1,1,0
89ed7a05-7f38-4851-b8f2-00f83afd0fd8,20260816,ecs-keyed,benign-ecs-stable,0,0,0,1,1,0
87df1f4e-4102-4c65-94e6-54daf8abef92,20260816,ecs-keyed,benign-ecs-stable,0,0,0,1,1,0
2c2c7614-4e95-4faf-85b1-c66724f23814,20260816,ecs-keyed,benign-ecs-stable,0,0,0,1,1,0
589e4fe6-3e4d-48e9-aaf8-48e6952c6364,20260816,ecs-keyed,benign-ecs-stable,0,0,0,1,1,0
7210da1c-335d-40f0-9185-d024b872a11d,20260816,ecs-keyed,benign-ecs-stable,0,0,0,1,1,0
162d9a69-2aad-4370-8f02-b27d1063cb66,20260816,ecs-keyed,benign-ecs-stable,0,0,0,1,1,0
e40d3c3d-465e-4bc9-af47-c92930a84c33,20260816,ecs-keyed,benign-ecs-stable,0,0,0,1,1,0
7e4a940a-2cec-40d6-9d37-8d338267ef91,20260816,ecs-keyed,benign-ecs-stable,0,0,0,1,1,0
b0d9924b-2421-4cfc-8e6b-0b1e74a8589f,20260816,ecs-keyed,benign-ecs-stable,0,0,0,1,1,0
684b797d-ac75-46c9-b0a1-283a377cbe74,20260816,ecs-keyed,benign-ecs-stable,0,0,0,1,1,0
072c1e35-4f94-47f3-852f-c836e169d801,20260816,ecs-keyed,benign-ecs-stable,0,0,0,1,1,0
8597391b-647c-4830-bde2-2316c0157c5d,20260816,ecs-keyed,benign-ecs-stable,0,0,0,1,1,0
68c8fa4f-45f5-4756-ad9e-550fe63df731,20260816,ecs-keyed,benign-ecs-stable,0,0,0,1,1,0
4d5ee6d9-2bb0-4ff4-b5bd-37fa394b2f68,20260816,ecs-keyed,benign-ecs-stable,0,0,0,1,1,0
454656bf-8c60-4bde-bf4e-f79ef1c62762,20260816,ecs-keyed,benign-ecs-stable,0,0,0,1,1,0
a38e3caf-1737-48b4-97ba-5a3f93f50aaa,20260816,ecs-keyed,benign-ecs-stable,0,0,0,1,1,0
0035f313-a4ae-4c4c-b972-5b7e855f067b,20260816,ecs-keyed,benign-ecs-stable,0,0,0,1,1,0
ba4c65e0-67dd-42eb-b3d2-705deb588171,20260816,ecs-keyed,benign-plain,0,0,0,1,1,0
4fbdad4d-46e9-497c-ab03-a16e36a2a78f,20260816,ecs-keyed,benign-ecs-stable,0,0,0,1,1,0
639e5926-1f7c-4ec5-b33f-30e6aab3ab20,20260816,ecs-keyed,benign-ecs-stable,0,0,0,1,1,0
850dae80-48e3-4032-8e0e-1bf1f6b9d485,20260816,ecs-keyed,benign-ecs-stable,0,0,0,1,1,0
9952dd5a-232a-48de-a63b-65ea709b9a0e,20260816,ecs-keyed,benign-ecs-stable,0,0,0,1,1,0
4a51c0ac-2e0d-4fc1-820f-5e20a5dc50c7,20260816,ecs-keyed,benign-ecs-stable,0,0,0,1,1,0
00c3d1e8-7ab9-4ddf-b454-d7231d6dbb27,20260816,ecs-keyed,benign-ecs-stable,0,0,0,1,1,0
dff365af-1f8e-4b8b-994d-aac077950254,20260816,ecs-keyed,benign-ecs-stable,0,0,0,1,1,0
9fb03699-852e-437c-b0ce-f348e846b04a,20260816,ecs-keyed,benign-ecs-stable,0,0,0,1,1,0
2e6deac5-e2ad-4de4-8479-4626ee1d2239,20260816,ecs-keyed,benign-ecs-stable,0,0,0,1,1,0
11acd8e3-a6ae-4fe8-95b0-e8d61f34e518,20260816,ecs-keyed,benign-ecs-stable,0,0,0,1,1,0
6b35df0d-0690-4bab-8531-020fd1b9a9a7,20260816,ecs-keyed,benign-ecs-stable,0,0,0,1,1,0
1b0b01c8-b872-445b-8c60-257c1039b64e,20260816,ecs-keyed,benign-ecs-stable,0,0,0,1,1,0
21d663cd-39e9-4fdf-b6a1-281316c94885,20260816,ecs-keyed,benign-ecs-stable,0,0,0,1,1,0
d0a2729d-9ebc-4e4f-b705-accad5f63c8d,20260816,ecs-keyed,benign-ecs-stable,0,0,0,1,1,0
8d10939c-ec3c-4fae-81b1-a3924f2fc2ee,20260816,ecs-keyed,benign-ecs-stable,0,0,0,1,1,0
93389337-5f48-4247-bca4-3bb2f4a15daf,20260816,ecs-keyed,benign-ecs-stable,0,0,0,1,1,0
77c12333-f316-445e-a655-bce6723fb089,20260816,ecs-keyed,benign-ecs-stable,0,0,0,1,1,0
32325cc9-b61d-4d11-be53-1385cc837d15,20260816,ecs-keyed,benign-ecs-stable,0,0,0,1,1,0
ecd6bc35-ec50-4fe3-bc87-1edb2e22b780,20260816,ecs-keyed,benign-ecs-stable,0,0,0,1,1,0
2eeb4c00-fcb1-49bb-99bc-e87ab37289d0,20260816,ecs-keyed,benign-ecs-stable,0,0,0,1,1,0
bd44968e-75a4-467d-a63a-81edc0816464,20260816,ecs-keyed,benign-ecs-stable,0,0,0,1,1,0
d5012f27-5657-4511-b448-a376bf6e3a1e,20260816,ecs-keyed,benign-ecs-stable,0,0,0,1,1,0
ee95c183-681c-4eff-872e-df90fc92462f,20260816,ecs-keyed,benign-ecs-stable,0,0,0,1,1,0
08e2cadc-2034-4a03-9b86-22f6d1552941,20260816,ecs-keyed,benign-ecs-stable,0,0,0,1,1,0
3e49770d-ccdd-4994-99b3-8e8aa2b403bc,20260816,ecs-keyed,benign-ecs-stable,0,0,0,1,1,0
fe101e3f-52ac-4961-9b15-387bc9b154eb,20260816,ecs-keyed,benign-ecs-stable,0,0,0,1,1,0
284efa90-4e35-4c98-afb5-1930054027dd,20260816,ecs-keyed,benign-ecs-stable,0,0,0,1,1,0
eaa8294a-2b3f-435b-9334-d7dcc601b7b6,20260816,ecs-keyed,benign-ecs-stable,0,0,0,1,1,0
0872f3af-0656-4db1-8b7b-3c20999c0e1d,20260816,ecs-keyed,benign-ecs-stable,0,0,0,1,1,0
da2f8e79-a032-4ca1-9d93-5819ed48e109,20260816,ecs-keyed,benign-ecs-stable,0,0,0,1,1,0
70b68522-3d50-48ae-8e77-40c22ce639b5,20260816,ecs-keyed,benign-ecs-stable,0,0,0,1,1,0
92695c58-4878-4daf-95de-ef9c131c62b5,20260816,ecs-keyed,benign-ecs-stable,0,0,0,1,1,0
3a8ad5ca-7436-47d9-9e06-6eb6b84884b5,20260816,ecs-keyed,benign-ecs-stable,0,0,0,1,1,0
5a7112d2-6df1-4553-977f-86f2e6efea7e,20260816,ecs-keyed,benign-ecs-stable,0,0,0,1,1,0
cf5cb8ac-6531-4480-9e8c-bd908bf3444b,20260816,ecs-keyed,benign-ecs-stable,0,0,0,1,1,0
e447ee80-343d-46db-8a98-9ed652daf8a0,20260816,ecs-keyed,benign-ecs-stable,0,0,0,1,1,0
f1f61e44-99e2-44e4-9bac-b0881499472c,20260816,ecs-keyed,benign-ecs-stable,0,0,0,1,1,0
57b80415-5aac-4693-a6e3-134a065d491a,20260816,ecs-keyed,benign-ecs-stable,0,0,0,1,1,0
45542a05-8c19-4de8-86e4-fb498132e1e2,20260816,ecs-keyed,benign-ecs-stable,0,0,0,1,1,0
81724e5b-891d-417a-b3e1-68eac0842176,20260816,ecs-keyed,benign-ecs-stable,0,0,0,1,1,0
44f654ab-465a-44f2-a960-cd4cfff45ed8,20260816,ecs-keyed,benign-ecs-stable,0,0,0,1,1,0
5305812e-09bc-413e-8fa8-9f0cc51b6fad,20260816,ecs-keyed,benign-ecs-stable,0,0,0,1,1,0
7977b1e7-5ebf-4dda-b86c-a4c7db12094d,20260816,ecs-keyed,benign-ecs-stable,0,0,0,1,1,0
491cd9d3-22ae-4796-9867-1724bc0e47d1,20260816,ecs-keyed,benign-plain,0,0,0,1,1,0
add2b2ae-e025-4623-9938-3fbdd1dc2b4f,20260816,ecs-keyed,benign-ecs-stable,0,0,0,1,1,0
ad45ce1c-5637-44d0-983e-5d2bdb58b1cc,20260816,ecs-keyed,benign-ecs-stable,0,0,0,1,1,0
47a70257-3023-408c-96e6-ded73de37983,20260816,ecs-keyed,benign-plain,0,0,0,1,1,0
411bcf17-4973-4ed9-ba2b-062b11011ef9,20260816,ecs-keyed,benign-ecs-geo,0,0,0,1,1,0
5c88e35b-df52-4cc3-b2ed-d546680fcee4,20260816,ecs-keyed,benign-ecs-geo,0,0,0,1,1,0
196fb650-b2e4-49ef-8541-c06dcedd3cd0,20260816,ecs-keyed,benign-ecs-geo,0,0,0,1,1,0
48a11d75-b964-4493-b97d-00430bc924b7,20260816,ecs-keyed,benign-plain,0,0,0,1,1,0
a7832292-8b1b-455f-9293-3eda430a192b,20260816,ecs-keyed,benign-ecs-geo,0,0,0,1,1,0
69e7f869-740b-480c-9384-9e11e48939cd,20260816,ecs-keyed,benign-ecs-geo,0,0,0,1,1,0
ea0c8fd4-2294-4b86-a8a8-c8823a547d07,20260816,ecs-keyed,benign-ecs-geo,0,0,0,1,1,0
94ddb630-eb62-4ea8-9164-ed60a8024204,20260816,ecs-keyed,benign-ecs-geo,0,0,0,1,1,0
a1e5f573-08db-4248-8db4-ccd338ef0f0a,20260816,ecs-keyed,benign-ecs-stable,0,0,0,1,1,0
1fd820e3-e9c9-43f1-9613-72bf702a036a,20260816,ecs-keyed,benign-ecs-stable,0,0,0,1,1,0
f1e89874-502c-446f-b01c-2f523610c1dc,20260816,ecs-keyed,benign-ecs-geo,0,0,0,1,1,0
7378eac2-5836-4cf6-b17c-a3862e9245d2,20260816,ecs-keyed,benign-ecs-stable,0,0,0,1,1,0
57ff1818-67fb-4982-aba6-4483a7aea4ed,20260816,ecs-keyed,benign-ecs-geo,0,0,0,1,1,0
aec1ac52-196e-4976-89ad-61b1e3e33d3c,20260816,ecs-keyed,benign-ecs-geo,0,0,0,1,1,0
a60e4da8-d393-4373-b6ac-08ec3780c5ba,20260816,ecs-keyed,benign-ecs-geo,0,0,0,1,1,0
b4978bc6-fec1-481b-9b5e-4cb91e26202c,20260816,ecs-keyed,benign-ecs-geo,0,0,0,1,1,0
e2913fdb-80ff-45c7-9475-0e6c504bfc66,20260816,ecs-keyed,benign-ecs-geo,0,0,0,1,1,0
b08622b3-ae4a-4709-abbd-eb134523c54a,20260816,ecs-keyed,benign-ecs-geo,0,0,0,1,1,0
ea680f5f-474b-4b3f-9cf6-14a0e5e5dd6f,20260816,ecs-keyed,benign-ecs-stable,0,0,0,1,1,0
41423325-b90c-4abe-a9c4-48e065a846b4,20260816,ecs-keyed,benign-ecs-stable,0,0,0,1,1,0
d0b29793-fecd-48b4-8556-f92651c7e8be,20260816,ecs-keyed,benign-ecs-geo,0,0,0,1,1,0
2a2e972b-06a9-4c20-bb08-59ac3045a94f,20260816,ecs-keyed,benign-ecs-stable,0,0,0,1,1,0
a392a89b-5551-4761-becd-c056af6b7c29,20260816,ecs-keyed,benign-ecs-stable,0,0,0,1,1,0
b219d038-750c-402b-9025-76c7083a4bdc,20260816,ecs-keyed,benign-ecs-stable,0,0,0,1,1,0
3763498e-bec7-4fad-bd24-1fdc91953656,20260816,ecs-keyed,benign-ecs-geo,0,0,0,1,1,0
4eaa3d8b-2e47-4fce-a5a8-8aa03d5620b4,20260816,ecs-keyed,benign-ecs-stable,0,0,0,1,1,0
36f5a2f4-8eef-42e2-9b59-bea2cd3e8005,20260816,ecs-keyed,benign-ecs-geo,0,0,0,1,1,0
7d9ebf8c-98a1-4e7f-8297-1eba2921f547,20260816,ecs-keyed,benign-ecs-stable,0,0,0,1,1,0
5f82510e-76c7-4d65-bbe3-199728922305,20260816,ecs-keyed,benign-ecs-geo,0,0,0,1,1,0
0f380a56-2408-44ab-9b09-17a5adb19a03,20260816,ecs-keyed,benign-ecs-geo,0,0,0,1,1,0
ecfbf357-f198-4903-a98f-8425abb56738,20260816,ecs-keyed,benign-ecs-geo,0,0,0,1,1,0
3e94cbec-68bb-4528-939b-191e0bcc1c5f,20260816,ecs-keyed,benign-ecs-geo,0,0,0,1,1,0
f5f2a649-44cd-442c-bc63-981a953c10d0,20260816,ecs-keyed,benign-ecs-geo,0,0,0,1,1,0
9923294e-b2e1-4f80-8372-e417601a7b9a,20260816,ecs-keyed,benign-ecs-geo,0,0,0,1,1,0
7cb75ce7-9ce5-4773-8477-036e7543a4f0,20260816,ecs-keyed,benign-ecs-geo,0,0,0,1,1,0
2d2d1b85-5426-4e19-ae7c-f93c078af95a,20260816,ecs-keyed,benign-ecs-geo,0,0,0,1,1,0
7c078e85-e30e-48a4-a7ad-c988ab4b0d1e,20260816,ecs-keyed,benign-ecs-geo,0,0,0,1,1,0
3efa9595-fb79-42e6-bd31-d5d2599578c9,20260816,ecs-keyed,benign-ecs-geo,0,0,0,1,1,0
951b7d3b-176c-4214-ae3c-9ddec33b80f4,20260816,ecs-keyed,benign-ecs-geo,0,0,0,1,1,0
2a9181be-b82e-43e6-b30e-263c4e8d2706,20260816,ecs-keyed,benign-ecs-geo,0,0,0,1,1,0
9e5f5dab-1661-468f-b5f0-a56eaca807c2,20260816,ecs-keyed,benign-ecs-geo,0,0,0,1,1,0
de9a9ee7-8a9e-4e30-a429-e67e713e9bf8,20260816,ecs-keyed,benign-ecs-geo,0,0,0,1,1,0
6856142a-8358-4f40-a6ec-6d758438552e,20260816,ecs-keyed,benign-ecs-geo,0,0,0,1,1,0
0d4b7ebe-0335-4855-a66a-09eda958bca8,20260816,ecs-keyed,benign-ecs-geo,0,0,0,1,1,0
3b1d2015-b084-47e7-8a12-a79c2b742c89,20260816,ecs-keyed,benign-ecs-geo,0,0,0,1,1,0
33d6035b-d391-48d5-8f75-c01aa84959b5,20260816,ecs-keyed,benign-ecs-geo,0,0,0,1,1,0
8889e32d-ca4d-4a01-aadf-f98788e9bd07,20260816,ecs-keyed,benign-ecs-geo,0,0,0,1,1,0
e801ad5b-ea99-4649-a82e-1d363360b3b4,20260816,ecs-keyed,benign-ecs-geo,0,0,0,1,1,0
c9336254-4237-43bc-964c-a501e57906eb,20260816,ecs-keyed,benign-ecs-geo,0,0,0,1,1,0
32d804b0-e630-4d74-80b5-77f816e3e445,20260816,ecs-keyed,benign-ecs-geo,0,0,0,1,1,0
ccec1dc1-b16b-4697-b902-82e6acf64a08,20260816,ecs-keyed,benign-ecs-geo,0,0,0,1,1,0
0ed31a86-53be-4d8f-a64a-49dd27dd38f9,20260816,ecs-keyed,benign-ecs-geo,0,0,0,1,1,0
d9fe346a-d8a9-4f48-a01a-a0c04e5af21e,20260816,ecs-keyed,benign-ecs-geo,0,0,0,1,1,0
e375cc72-08c5-4680-93d6-b10ec33bf5cf,20260816,ecs-keyed,benign-ecs-geo,0,0,0,1,1,0
18771280-3c3a-4af1-b788-277d09d35e8a,20260816,ecs-keyed,benign-ecs-geo,0,0,0,1,1,0
e8c3cd18-99b1-4288-b2a0-445758f3a47b,20260816,ecs-keyed,benign-ecs-geo,0,0,0,1,1,0
dc83e86c-0b64-4ae0-97fc-3d10f0d2ec59,20260816,ecs-keyed,benign-ecs-geo,0,0,0,1,1,0
6fc1264c-c6b5-43f2-afe1-266105744576,20260816,ecs-keyed,benign-ecs-geo,0,0,0,1,1,0
b2565104-b8e8-4182-9d56-a6f7388901b0,20260816,ecs-keyed,benign-ecs-geo,0,0,0,1,1,0
d0d23a85-1ab8-4336-b39c-ea95b50ac27f,20260816,ecs-keyed,benign-ecs-geo,0,0,0,1,1,0
c45b58f9-d61c-4708-90a5-880b4d9f0b32,20260816,ecs-keyed,benign-ecs-geo,0,0,0,1,1,0
8224aa36-f0e1-4393-b555-86ffee38eb81,20260816,ecs-keyed,benign-ecs-geo,0,0,0,1,1,0
0d80b068-5f9d-456c-a788-ec62323ce9c5,20260816,ecs-keyed,benign-ecs-geo,0,0,0,1,1,0
f8f2c57d-49cc-49d4-8efb-2846cd6af0e0,20260816,ecs-keyed,benign-ecs-geo,0,0,0,1,1,0
0fac116b-31aa-41d4-b1c9-18c3b88a1c17,20260816,ecs-keyed,benign-ecs-geo,0,0,0,1,1,0
d3f9392a-9324-4432-9fa0-18375c1e53ac,20260816,ecs-keyed,benign-ecs-geo,0,0,0,1,1,0
f80d8d96-a63e-44f6-ba47-4ba1f0789ad9,20260816,ecs-keyed,benign-ecs-geo,0,0,0,1,1,0
f420f419-9f4d-4085-8871-c54945627640,20260816,ecs-keyed,benign-ecs-geo,0,0,0,1,1,0
3f2ba8b8-c4ad-4936-a5a2-d76f4d838075,20260816,ecs-keyed,benign-ecs-geo,0,0,0,1,1,0
5d6ea2d0-93a7-46e5-97b8-e478e87d3220,20260816,ecs-keyed,benign-ecs-geo,0,0,0,1,1,0
54dde1f6-de25-4b3b-ab3a-5610abe3d239,20260816,ecs-keyed,benign-ecs-geo,0,0,0,1,1,0
210636cb-ee4c-4c4c-92f9-8ca7efe915d4,20260816,ecs-keyed,benign-ecs-geo,0,0,0,1,1,0
a0f7d3bf-38ac-4282-a8e8-304a3d905ffa,20260816,ecs-keyed,benign-ecs-geo,0,0,0,1,1,0
56c49c7a-936f-4aae-b053-28e974a628e7,20260816,ecs-keyed,benign-ecs-geo,0,0,0,1,1,0
3ea1daf9-67a6-453e-ab62-cedbe82652d7,20260816,ecs-keyed,benign-ecs-geo,0,0,0,1,1,0
dac01bfa-48f2-4f98-9ec7-7acdbd3cc91a,20260816,ecs-keyed,benign-ecs-geo,0,0,0,1,1,0
72b41cc7-7a8d-4390-9071-1cc52cf40811,20260816,ecs-keyed,benign-ecs-geo,0,0,0,1,1,0
5cc8607f-e881-4b65-8144-c08919db9893,20260816,ecs-keyed,benign-ecs-geo,0,0,0,1,1,0
52516337-cd40-4b5e-a2ac-b5f97e3a1409,20260816,ecs-keyed,benign-ecs-geo,0,0,0,1,1,0
7fc2a148-447e-488e-acdd-651c0f4314d6,20260816,ecs-keyed,benign-ecs-geo,0,0,0,1,1,0
6260066c-3663-47a5-8eea-6a888fe1934d,20260816,ecs-keyed,benign-ecs-geo,0,0,0,1,1,0
d99353b7-d5a0-4d63-8d58-80fa80f79f9e,20260816,ecs-keyed,benign-ecs-geo,0,0,0,1,1,0
85c61128-2c28-4f94-b99e-b91470f5f352,20260816,ecs-keyed,benign-ecs-geo,0,0,0,1,1,0
d3f34bdb-ec29-4e19-93d2-3f9bbe68c78f,20260816,ecs-keyed,benign-ecs-geo,0,0,0,1,1,0
7ee115a3-55f1-4ef7-875d-853b01c9e89b,20260816,ecs-keyed,benign-ecs-geo,0,0,0,1,1,0
8ef5c522-8046-43b3-b8f5-0bb9b880fe39,20260816,ecs-keyed,benign-ecs-geo,0,0,0,1,1,0
113132df-f5aa-47d7-afce-af12f4a688cb,20260816,ecs-keyed,benign-ecs-geo,0,0,0,1,1,0
73836169-108d-444b-bf6a-169f1503daa2,20260816,ecs-keyed,benign-ecs-geo,0,0,0,1,1,0
e9752bb9-f739-440f-9358-74ab0c159776,20260816,ecs-keyed,benign-ecs-geo,0,0,0,1,1,0
f0db67e8-25d5-4d98-bb05-7e972e2e3661,20260816,ecs-keyed,benign-ecs-geo,0,0,0,1,1,0
8b35a1ac-aa12-4926-ad06-29890dbbe4c9,20260816,ecs-keyed,benign-ecs-geo,0,0,0,1,1,0
74704302-f03d-4b9b-ac05-55f8c02fd83b,20260816,ecs-keyed,benign-ecs-geo,0,0,0,1,1,0
4bbaef5e-2e32-4406-b1fd-1ff9bdba2ea7,20260816,ecs-keyed,benign-ecs-geo,0,0,0,1,1,0
8e17233b-d29f-4bda-88a0-f9e6a5ff56b6,20260816,ecs-keyed,benign-ecs-geo,0,0,0,1,1,0
d57d5b6e-b361-42ba-9041-6b86f18687ba,20260816,ecs-keyed,benign-ecs-geo,0,0,0,1,1,0
e28c4a06-db3e-4528-8109-886bd1feb967,20260816,ecs-keyed,benign-ecs-geo,0,0,0,1,1,0
faad1396-f3b0-4e19-85c6-553fb9f78d58,20260816,ecs-keyed,benign-ecs-geo,0,0,0,1,1,0
40fe078c-b6a1-491f-beb8-528eac98e852,20260816,ecs-keyed,benign-ecs-geo,0,0,0,1,1,0
a47500e6-5fd6-4071-84b6-3bd3d5aad4cc,20260816,ecs-keyed,benign-burst,0,0,0,1,1,0
ba9e7ba3-7f5d-4e51-986a-8bb64acda20c,20260816,ecs-keyed,benign-burst,0,0,0,1,1,0
68a6b51b-469e-4660-91c8-466644671cd5,20260816,ecs-keyed,benign-ecs-geo,0,0,0,1,1,0
65776ec3-fda0-4860-a646-516931405f21,20260816,ecs-keyed,benign-ecs-geo,0,0,0,1,1,0
f9208992-f531-46a7-93df-c77c0b59a297,20260816,ecs-keyed,benign-burst,0,0,0,1,1,0
746f6f1c-2ccd-401b-93c4-b9ed8c172af6,20260816,ecs-keyed,benign-ecs-geo,0,0,0,1,1,0
3a21f194-0200-4226-bd75-80ddf06084be,20260816,ecs-keyed,benign-burst,0,0,0,1,1,0
e8c6536e-1804-460d-ad08-b23370995b6a,20260816,ecs-keyed,benign-burst,0,0,0,1,1,0
5728d125-07c9-46b4-baf4-c2a144f4204e,20260816,ecs-keyed,benign-burst,0,0,0,1,1,0
5811c5f8-15ce-4de7-9a84-459d6dbc2919,20260816,ecs-keyed,benign-burst,0,0,0,1,1,0
646e9ca0-873d-4278-972c-0e179245c212,20260816,ecs-keyed,benign-burst,0,0,0,1,1,0
d4560dfb-e06f-4969-b826-36b078dd9395,20260816,ecs-keyed,benign-burst,0,0,0,1,1,0
e0d088eb-0eba-408e-95df-c139b5ef02a5,20260816,ecs-keyed,benign-burst,0,0,0,1,1,0
04fe3f81-9e0e-45a0-81f6-727ebc788634,20260816,ecs-keyed,benign-burst,0,0,0,1,1,0
424e77e3-5055-4513-b18c-d1e2f5b19a57,20260816,ecs-keyed,benign-burst,0,0,0,1,1,0
189b9a29-4f30-49ba-b08c-200052a72203,20260816,ecs-keyed,benign-burst,0,0,0,1,1,0
1158dd06-cea7-45a2-bb66-4f3952a606dc,20260816,ecs-keyed,benign-burst,0,0,0,1,1,0
6847b0d9-0bed-40a2-a6ad-2d5b18bd730e,20260816,ecs-keyed,benign-burst,0,0,0,1,1,0
fe90b65a-edb3-4bfb-8fb3-5bff3f145de6,20260816,ecs-keyed,benign-burst,0,0,0,1,1,0
2f1711cd-8a7e-4659-af86-488d812fce04,20260816,ecs-keyed,benign-burst,0,0,0,1,1,0
06859ca1-6a6e-42e2-8526-57b029cfb540,20260816,ecs-keyed,benign-burst,0,0,0,1,1,0
4b43e10e-68f3-431c-a095-f00784725249,20260816,ecs-keyed,benign-burst,0,0,0,1,1,0
43ae61a0-b9e1-467e-9d4b-8e0ce1bd8e34,20260816,ecs-keyed,benign-burst,0,0,0,1,1,0
0c58680b-9c45-44e2-8061-ebe6c892eda0,20260816,ecs-keyed,benign-burst,0,0,0,1,1,0
dbd667aa-ab4b-4d06-9358-c5c6ef2c4176,20260816,ecs-keyed,benign-burst,0,0,0,1,1,0
06c0dece-52e1-4f12-8718-ae76ad41ea73,20260816,ecs-keyed,benign-burst,0,0,0,1,1,0
f9912ce9-a403-4dfa-a29f-3ca513afcccc,20260816,ecs-keyed,benign-burst,0,0,0,1,1,0
e7e1f5b5-32cc-4ca6-8c66-1f16b3a23e80,20260816,ecs-keyed,benign-burst,0,0,0,1,1,0
73112e3b-f2e9-48ac-ad4c-56bb118e4e7f,20260816,ecs-keyed,benign-burst,0,0,0,1,1,0
f1f41bb0-869d-4737-b316-469ddb789b71,20260816,ecs-keyed,benign-burst,0,0,0,1,1,0
526b4cc4-ba99-4b58-ae96-4a60feddff1c,20260816,ecs-keyed,benign-burst,0,0,0,1,1,0
d79caab2-c6ab-4aae-841f-b777f7f8198a,20260816,ecs-keyed,benign-burst,0,0,0,1,1,0
4c7ffd09-6ca5-4ca0-9e77-98901f733547,20260816,ecs-keyed,benign-burst,0,0,0,1,1,0
8ed5b087-7c69-4640-802e-b7644a626137,20260816,ecs-keyed,benign-burst,0,0,0,1,1,0
627b0a37-8149-4dcd-997f-cf20dfd7ba4f,20260816,ecs-keyed,benign-burst,0,0,0,1,1,0
e7e3d4c1-b9f6-4c22-9206-8acd94043724,20260816,ecs-keyed,benign-burst,0,0,0,1,1,0
55aa39ba-1224-43b0-98c6-e378c7cb854f,20260816,ecs-keyed,benign-burst,0,0,0,1,1,0
a2d53b1c-5802-440e-bb26-74ad63fd0566,20260816,ecs-keyed,benign-burst,0,0,0,1,1,0
51d90842-2100-4ce9-abff-a4ae6667db39,20260816,ecs-keyed,benign-burst,0,0,0,1,1,0
1f9af93b-b229-424c-aa24-2727bdac32b9,20260816,ecs-keyed,benign-burst,0,0,0,1,1,0
05844e28-e8fa-4b61-b12f-dc6e3508d134,20260816,ecs-keyed,benign-burst,0,0,0,1,1,0
c7ffe89a-7e18-4b7a-8c58-7c87beb7ff93,20260816,ecs-keyed,benign-burst,0,0,0,1,1,0
b257439c-84dc-4110-b867-940deb303da6,20260816,ecs-keyed,benign-burst,0,0,0,1,1,0
d40c0c4c-d4dd-4555-bcff-1b019f7b8de4,20260816,ecs-keyed,benign-burst,0,0,0,1,1,0
a7aa41e3-c611-4bd5-91a5-048baf3f3fd4,20260816,ecs-keyed,benign-burst,0,0,0,1,1,0
24251c2c-3d1b-43dc-8e64-82fe1c4a5da0,20260816,ecs-keyed,benign-burst,0,0,0,1,1,0
2096a3e8-0a86-4aad-a207-719f14904605,20260816,ecs-keyed,benign-burst,0,0,0,1,1,0
d0a1c2ce-81f6-4b74-b3fe-80e8fbcac9a3,20260816,ecs-keyed,benign-burst,0,0,0,1,1,0
445cfe77-c498-4d8d-ad11-443c2ebb3a1e,20260816,ecs-keyed,benign-burst,0,0,0,1,1,0
083c5b20-652f-4299-93f2-6a2e20b4b03b,20260816,ecs-keyed,benign-burst,0,0,0,1,1,0
f0af9d7c-0198-42ab-b86a-7e1d09916dd2,20260816,ecs-keyed,benign-burst,0,0,0,1,1,0
1b5574bf-9487-4882-b910-36eeca3351da,20260816,ecs-keyed,benign-burst,0,0,0,1,1,0
2140f57a-72a1-495d-93fe-3468f756611d,20260816,ecs-keyed,benign-burst,0,0,0,1,1,0
ca8ea562-09f8-4b1c-a54e-c03363c8bc95,20260816,ecs-keyed,benign-burst,0,0,0,1,1,0
84c34a5d-f5c1-4ba0-a48c-c09eced2bb93,20260816,ecs-keyed,benign-burst,0,0,0,1,1,0
702e2a72-0e0f-4784-b1b6-89bd74196d99,20260816,ecs-keyed,benign-burst,0,0,0,1,1,0
e2ac81c4-c970-4916-9523-4348f1cffc9e,20260816,ecs-keyed,benign-burst,0,0,0,1,1,0
66cfaf34-ca0e-44df-8e36-cf3f88547669,20260816,ecs-keyed,benign-burst,0,0,0,1,1,0
a4fc3600-b577-40d4-b932-3862428ec7ab,20260816,ecs-keyed,benign-burst,0,0,0,1,1,0
3365a5e1-9c8a-48fb-94c6-23bc66f01ce5,20260816,ecs-keyed,benign-burst,0,0,0,1,1,0
5c60d77d-f438-46ba-8a32-f410f82ef1cb,20260816,ecs-keyed,benign-burst,0,0,0,1,1,0
a671c38e-a3dc-4a9c-82d4-e50b713d92f8,20260816,ecs-keyed,benign-burst,0,0,0,1,1,0
c987ee11-04eb-446e-8bbb-2b4d7d1932c2,20260816,ecs-keyed,benign-burst,0,0,0,1,1,0
a575471a-48e2-44a3-9027-d1c283d7bcea,20260816,ecs-keyed,benign-burst,0,0,0,1,1,0
0868bc84-73b0-477a-8655-5cb0c5e4e679,20260816,ecs-keyed,benign-burst,0,0,0,1,1,0
e613d360-3666-4561-9a38-826d1e3a2607,20260816,ecs-keyed,benign-burst,0,0,0,1,1,0
d2cc487f-8ce1-4f98-9533-a612c59c0436,20260816,ecs-keyed,benign-burst,0,0,0,1,1,0
e7d3b1d0-d61d-4cb1-82c8-ef02b4356151,20260816,ecs-keyed,benign-burst,0,0,0,1,1,0
c53864e7-0f87-40d1-8195-ca163070b51a,20260816,ecs-keyed,benign-burst,0,0,0,1,1,0
26a6e587-eff7-4c87-abb0-e649bcf437e3,20260816,ecs-keyed,benign-burst,0,0,0,1,1,0
52d55275-84e5-40d8-8e45-d3c518f697ac,20260816,ecs-keyed,benign-burst,0,0,0,1,1,0
96e9da84-55f5-491b-b4e8-ff78a61a8122,20260816,ecs-keyed,benign-burst,0,0,0,1,1,0
03591e95-c66f-4486-af0d-92c6fd814165,20260816,ecs-keyed,benign-burst,0,0,0,1,1,0
be06a0aa-4b0b-4f52-97b1-48c4bb525697,20260816,ecs-keyed,benign-burst,0,0,0,1,1,0
bece324a-7303-4ab0-8f44-93dd114ef0ae,20260816,ecs-keyed,benign-burst,0,0,0,1,1,0
9d986fed-480f-4b32-bcad-17306a5dd949,20260816,ecs-keyed,benign-burst,0,0,0,1,1,0
bed91bb0-68ff-4f4b-9c00-26cad553ed2e,20260816,ecs-keyed,benign-burst,0,0,0,1,1,0
80096ad6-58f6-4a1a-abed-f4b3dca54979,20260816,ecs-keyed,benign-burst,0,0,0,1,1,0
d9d35038-d207-49cd-a5ee-3bea13d4abcd,20260816,ecs-keyed,benign-burst,0,0,0,1,1,0
50c74168-e85a-43ae-bd44-604619d50f1b,20260816,ecs-keyed,benign-burst,0,0,0,1,1,0
6c932ac5-8d70-4af2-a7e6-be6b8ec21ab7,20260816,ecs-keyed,benign-burst,0,0,0,1,1,0
cf89e069-1a29-451f-bdbf-5015464526d5,20260816,ecs-keyed,benign-burst,0,0,0,1,1,0
779378ae-0090-4cbb-a1ea-51b56870fce6,20260816,ecs-keyed,adverse-ecs-omit,1,0,0,1,1,0
e5076538-0f34-4b82-9f0c-85f6e79500f4,20260816,ecs-keyed,adverse-ecs-omit,1,0,0,1,1,0
03407d81-f69e-4553-8c89-d6b7d3f99435,20260816,ecs-keyed,benign-burst,0,0,0,1,1,0
3ca19da7-cdf6-4afa-b60b-fbda6155f811,20260816,ecs-keyed,benign-burst,0,0,0,1,1,0
c4307f4b-59a8-43e8-bf71-af2720bd2f52,20260816,ecs-keyed,benign-burst,0,0,0,1,1,0
e971e8ff-2c78-40b7-8283-915465508612,20260816,ecs-keyed,benign-burst,0,0,0,1,1,0
208990ea-df5b-4eeb-a3bc-54b80be98994,20260816,ecs-keyed,benign-burst,0,0,0,1,1,0
40e7a733-c822-474d-b60d-0fd66afa2806,20260816,ecs-keyed,adverse-ecs-omit,1,0,0,1,1,0
fda3cb38-22f8-4ce9-a1e7-b5664dec0d5a,20260816,ecs-keyed,adverse-ecs-omit,1,0,0,1,1,0
ebd820ab-dec8-44a8-9080-7238eb7b0d18,20260816,ecs-keyed,adverse-ecs-omit,1,0,0,1,1,0
f0b9876d-a894-4075-8b34-e9bcb2671e92,20260816,ecs-keyed,benign-burst,0,0,0,1,1,0
f5206bfe-50f3-4596-8834-0bcad0b106a6,20260816,ecs-keyed,adverse-ecs-omit,1,0,0,1,1,0
75766f3d-1e84-4435-b111-914f51dda4cd,20260816,ecs-keyed,adverse-ecs-omit,1,0,0,1,1,0
4ebee93f-e956-4efc-8c77-fc2bc28c1751,20260816,ecs-keyed,adverse-ecs-omit,1,0,0,1,1,0
e5a51286-607c-495c-bda1-c83f1c4fe0f8,20260816,ecs-keyed,benign-burst,0,0,0,1,1,0
04cd5272-cff3-43c2-b318-f033f26eb98e,20260816,ecs-keyed,adverse-ecs-omit,1,0,0,1,1,0
6bb1febf-a5f2-4b6e-b67a-c4ce6064e118,20260816,ecs-keyed,adverse-ecs-omit,1,0,0,1,1,0
db4ff163-3c01-48a9-aba5-7118c8c11aea,20260816,ecs-keyed,adverse-ecs-omit,1,0,0,1,1,0
dcd676b4-cf86-4602-98ef-61e4304f99c5,20260816,ecs-keyed,adverse-ecs-omit,1,0,0,1,1,0
4cde51de-d547-4da3-ab0d-e4b954664fc7,20260816,ecs-keyed,adverse-ecs-omit,1,0,0,1,1,0
307910d5-b2d1-494f-a963-dab36de4a599,20260816,ecs-keyed,adverse-ecs-omit,1,0,0,1,1,0
c8d39d42-971f-40c1-a9a1-7a8dacfd2888,20260816,ecs-keyed,adverse-ecs-omit,1,0,0,1,1,0
622b910b-5624-4bee-b268-6cf9e7b24258,20260816,ecs-keyed,adverse-ecs-omit,1,0,0,1,1,0
68730351-88b0-473b-ac45-09d803eaa381,20260816,ecs-keyed,adverse-ecs-omit,1,0,0,1,1,0
474c3110-9fdc-435a-b5e9-2946c6ed3faa,20260816,ecs-keyed,benign-burst,0,0,0,1,1,0
11df0144-1e68-4225-92bb-fd45221069b0,20260816,ecs-keyed,adverse-ecs-omit,1,0,0,1,1,0
d9a3ce19-ec65-4c8c-8167-8d60e32704c4,20260816,ecs-keyed,adverse-ecs-omit,1,0,0,1,1,0
13ef630d-ed28-4a78-996f-bfa07ae0b871,20260816,ecs-keyed,adverse-ecs-omit,1,0,0,1,1,0
7777677e-a379-47ad-8d8c-fda70ad50674,20260816,ecs-keyed,adverse-ecs-omit,1,0,0,1,1,0
2b731d24-2041-4781-9d87-8f1daddc6613,20260816,ecs-keyed,adverse-ecs-omit,1,0,0,1,1,0
0bf58a3b-9adf-4c47-8b9b-a9fb70460dbe,20260816,ecs-keyed,adverse-ecs-omit,1,0,0,1,1,0
0870be1a-1e86-4ff0-8aa2-816a9324d7bb,20260816,ecs-keyed,adverse-ecs-omit,1,0,0,1,1,0
928014a4-a3a9-49ac-ae91-96d06fad4409,20260816,ecs-keyed,adverse-ecs-omit,1,0,0,1,1,0
17f05f01-9972-40aa-8914-abf45424e37a,20260816,ecs-keyed,adverse-ecs-omit,1,0,0,1,1,0
93ff12e3-d91f-4c5a-87d9-f11d3be245a5,20260816,ecs-keyed,adverse-ecs-omit,1,0,0,1,1,0
0de44fcc-579c-4416-9ef5-cdfe972591b9,20260816,ecs-keyed,adverse-ecs-omit,1,0,0,1,1,0
28746482-1932-44cf-be03-39aeeda1aff0,20260816,ecs-keyed,adverse-ecs-omit,1,0,0,1,1,0
0bfe47f3-1489-4385-a1bc-8ee30e055c9b,20260816,ecs-keyed,adverse-ecs-omit,1,0,0,1,1,0
cf27fbf5-4eca-4cba-b303-87bfb479eeda,20260816,ecs-keyed,adverse-ecs-omit,1,0,0,1,1,0
403184b0-5200-44b7-b1a4-e75179667448,20260816,ecs-keyed,adverse-ecs-omit,1,0,0,1,1,0
12563e44-c6b3-45a6-ac4a-760f7cb6b9be,20260816,ecs-keyed,adverse-ecs-omit,1,0,0,1,1,0
0cca0552-c63e-4742-99e3-2b47c90f6370,20260816,ecs-keyed,adverse-ecs-omit,1,0,0,1,1,0
a7c75d03-2a8d-4d8a-87c6-b92bbadc3c8b,20260816,ecs-keyed,adverse-ecs-omit,1,0,0,1,1,0
ae622476-a76d-448a-a77e-6b48567dd5fb,20260816,ecs-keyed,adverse-ecs-omit,1,0,0,1,1,0
db02cf5f-34cd-49dd-8f94-02673ffc59d4,20260816,ecs-keyed,adverse-ecs-omit,1,0,0,1,1,0
02d38815-a7c5-44b7-8b3e-54bd8a40a82c,20260816,ecs-keyed,adverse-ecs-omit,1,0,0,1,1,0
15a224c4-5dd3-4145-9754-5670188d7dfc,20260816,ecs-keyed,benign-burst,0,0,0,1,1,0
fefbecfc-8594-4ac7-93a8-f68e992d0068,20260816,ecs-keyed,adverse-ecs-omit,1,0,0,1,1,0
2a6620e0-e4c8-42e1-8f52-6d6d19d3a40e,20260816,ecs-keyed,adverse-ecs-omit,1,0,0,1,1,0
9a348c17-be9d-4949-8684-310b3358db78,20260816,ecs-keyed,adverse-ecs-omit,1,0,0,1,1,0
2f637d7c-d652-4abf-b6d0-8fb975597e56,20260816,ecs-keyed,adverse-ecs-omit,1,0,0,1,1,0
927c3783-534d-4c9f-8921-550b6e02cdad,20260816,ecs-keyed,adverse-ecs-omit,1,0,0,1,1,0
6d7628c5-bd44-40fd-bbd1-f4833b5d05ad,20260816,ecs-keyed,adverse-ecs-omit,1,0,0,1,1,0
e9a43bc4-b2c4-4f15-903d-572c49d1fca4,20260816,ecs-keyed,adverse-ecs-omit,1,0,0,1,1,0
955a5412-20dd-4e1b-96a1-4b78e0ddedfd,20260816,ecs-keyed,adverse-ecs-omit,1,0,0,1,1,0
9da50635-e7ed-41ca-bd41-eee2ca1b1f93,20260816,ecs-keyed,adverse-ecs-omit,1,0,0,1,1,0
9c90f7af-7837-433f-915d-35185b233887,20260816,ecs-keyed,adverse-ecs-omit,1,0,0,1,1,0
85caa10c-96c2-4c28-993d-8271defd87b5,20260816,ecs-keyed,adverse-ecs-omit,1,0,0,1,1,0
2b18a27e-56ed-40fe-8d48-ed75170c2333,20260816,ecs-keyed,adverse-ecs-omit,1,0,0,1,1,0
b1602bd8-2107-4826-b37a-6e01c8e4f36c,20260816,ecs-keyed,adverse-ecs-omit,1,0,0,1,1,0
d52bcd64-de1d-4572-9b47-3a0630945352,20260816,ecs-keyed,adverse-ecs-omit,1,0,0,1,1,0
e465b0a3-fd51-4d64-8b91-609278fb36f4,20260816,ecs-keyed,adverse-ecs-omit,1,0,0,1,1,0
84f6fe37-f2df-4742-802d-e5abffe0ba87,20260816,ecs-keyed,adverse-ecs-omit,1,0,0,1,1,0
a6c84418-b465-4a3e-b788-df7e2803a762,20260816,ecs-keyed,adverse-ecs-omit,1,0,0,1,1,0
8cd07358-68c2-4ed8-baef-78f23d0106f0,20260816,ecs-keyed,adverse-ecs-omit,1,0,0,1,1,0
dddff88a-c439-44d9-9717-f0c9661c4900,20260816,ecs-keyed,adverse-ecs-omit,1,0,0,1,1,0
169d3673-cc68-4abd-8909-b79791c20120,20260816,ecs-keyed,adverse-ecs-omit,1,0,0,1,1,0
8e00259a-c437-4c12-a8f4-6b05bb514990,20260816,ecs-keyed,adverse-ecs-omit,1,0,0,1,1,0
212ab628-c417-451d-ae71-69d525206c09,20260816,ecs-keyed,adverse-ecs-omit,1,0,0,1,1,0
3e6d159e-2eb6-4a85-9304-319c95adec54,20260816,ecs-keyed,adverse-ecs-omit,1,0,0,1,1,0
05ea1b65-78cc-4fab-a2e0-00ca672e6b33,20260816,ecs-keyed,adverse-ecs-omit,1,0,0,1,1,0
4f76acad-8d1a-45d0-8dd6-2c64d6b33051,20260816,ecs-keyed,adverse-ecs-omit,1,0,0,1,1,0
3a431986-ca9f-4494-9ccd-137cda9c38ae,20260816,ecs-keyed,adverse-ecs-omit,1,0,0,1,1,0
48feb2e7-97dd-46b9-9461-e7cc0b0851c8,20260816,ecs-keyed,adverse-ecs-omit,1,0,0,1,1,0
8a880d04-a6cd-4e3f-a675-64b8a2c5f76c,20260816,ecs-keyed,adverse-ecs-omit,1,0,0,1,1,0
9ba52a5a-f9e1-4064-8146-bb2d152aba94,20260816,ecs-keyed,adverse-ecs-omit,1,0,0,1,1,0
f4545811-a181-4434-b42a-af37393b684a,20260816,ecs-keyed,adverse-ecs-omit,1,0,0,1,1,0
b930b1a6-416a-4a5b-9cc7-9751f88a5a50,20260816,ecs-keyed,adverse-ecs-omit,1,0,0,1,1,0
a07f8582-a324-4cca-ab08-e5ffeaad6318,20260816,ecs-keyed,adverse-ecs-omit,1,0,0,1,1,0
46dab524-7a97-4ecf-9231-5569d6826ea6,20260816,ecs-keyed,adverse-ecs-omit,1,0,0,1,1,0
68c8b9ad-7976-45e8-b12a-bd144d1f00b8,20260816,ecs-keyed,adverse-ecs-omit,1,0,0,1,1,0
7b297ace-5da0-4c53-8182-13108417d545,20260816,ecs-keyed,benign-burst,0,0,0,1,1,0
8d7dcde5-927e-4872-a6f8-339d58b1862c,20260816,ecs-keyed,benign-burst,0,0,0,1,1,0
25132432-2e41-4b8f-8f78-c2ddb4ee77f4,20260816,ecs-keyed,adverse-ecs-omit,1,0,0,1,1,0
9fab0bd1-cdee-479b-ba6f-6dcdf3dc7ce6,20260816,ecs-keyed,adverse-ecs-omit,1,0,0,1,1,0
c648c870-f275-4639-b6e4-53dcbe367e91,20260816,ecs-keyed,adverse-ecs-omit,1,0,0,1,1,0
fb143807-7032-4c41-8195-859fd2b49a2e,20260816,ecs-keyed,adverse-ecs-omit,1,0,0,1,1,0
07284a60-d45e-4de0-bc1f-509e7e84c96e,20260816,ecs-keyed,adverse-ecs-omit,1,0,0,1,1,0
5073c67c-2cec-488b-82cf-61b025c974d0,20260816,ecs-keyed,adverse-ecs-omit,1,0,0,1,1,0
3fe26e4a-0af4-46f8-91b8-9716cceaa7a6,20260816,ecs-keyed,adverse-ecs-mismatch,1,0,0,1,1,0
edc9bd71-332a-487b-ba15-84d7ba03a29f,20260816,ecs-keyed,adverse-ecs-omit,1,0,0,1,1,0
78e3f8c9-2b0d-4d8c-977a-50f772d65243,20260816,ecs-keyed,adverse-ecs-mismatch,1,0,0,1,1,0
d12c744a-9107-405a-a7d6-7880fbbebbd7,20260816,ecs-keyed,adverse-ecs-mismatch,1,0,0,1,1,0
b3574b91-f8a7-42b1-a125-e6a2b0854aa4,20260816,ecs-keyed,adverse-ecs-mismatch,1,0,0,1,1,0
43ca1666-6752-4e2d-9f51-d24bbd632a33,20260816,ecs-keyed,adverse-ecs-mismatch,1,0,0,1,1,0
63ef042c-cbb1-41ca-be47-3b0fec5a1c54,20260816,ecs-keyed,adverse-ecs-omit,1,0,0,1,1,0
b902b3b5-c98c-4f0e-9eef-a5e1f856762e,20260816,ecs-keyed,adverse-ecs-omit,1,0,0,1,1,0
3ac6925b-f84b-4cae-9f1e-305435e1e938,20260816,ecs-keyed,adverse-ecs-omit,1,0,0,1,1,0
01710645-6775-42ba-bcdf-69c7ed834997,20260816,ecs-keyed,adverse-ecs-omit,1,0,0,1,1,0
753c7262-e057-49f5-98c4-34d1c0051359,20260816,ecs-keyed,adverse-ecs-omit,1,0,0,1,1,0
1f5f0506-5135-4bd3-bc06-85a08be7cbae,20260816,ecs-keyed,adverse-ecs-omit,1,0,0,1,1,0
4c45084d-d1c0-4a56-bb34-cfd7ad1a1558,20260816,ecs-keyed,adverse-ecs-omit,1,0,0,1,1,0
a1b9d8e1-c715-42fd-9e32-075947a20eb1,20260816,ecs-keyed,adverse-ecs-omit,1,0,0,1,1,0
790e7ca4-a5df-403b-9204-617a8cd9e390,20260816,ecs-keyed,adverse-ecs-mismatch,1,0,0,1,1,0
484493c5-9e16-412c-8e75-b88f389034bc,20260816,ecs-keyed,adverse-ecs-mismatch,1,0,0,1,1,0
05073ea0-58df-42ad-a873-759c4c1a02bb,20260816,ecs-keyed,adverse-ecs-mismatch,1,0,0,1,1,0
ddffc3b0-bf86-46a0-8fd6-6988418749bc,20260816,ecs-keyed,adverse-ecs-mismatch,1,0,0,1,1,0
64feb517-8634-405d-a8a4-683f480f5889,20260816,ecs-keyed,adverse-ecs-mismatch,1,0,0,1,1,0
796c1b49-24a4-4416-8bcd-41e530e26961,20260816,ecs-keyed,adverse-ecs-mismatch,1,0,0,1,1,0
139eaa25-8719-451a-8551-13694670835f,20260816,ecs-keyed,adverse-ecs-mismatch,1,0,0,1,1,0
af86eab9-80ee-4b34-9885-301dd4506bc0,20260816,ecs-keyed,adverse-ecs-mismatch,1,0,0,1,1,0
19fd4cc7-d877-4726-96cb-95527b2f231c,20260816,ecs-keyed,adverse-ecs-mismatch,1,0,0,1,1,0
e336c1d9-3db5-479d-874d-ba8db78a3e17,20260816,ecs-keyed,adverse-ecs-mismatch,1,0,0,1,1,0
16da80e9-0e67-4ee2-a30b-cfb8beb8c33d,20260816,ecs-keyed,adverse-ecs-mismatch,1,0,0,1,1,0
54e9eb0b-d656-4c36-be1d-fff14fb4a276,20260816,ecs-keyed,adverse-ecs-mismatch,1,0,0,1,1,0
3fb830d5-b848-44fa-b097-e3842762e06f,20260816,ecs-keyed,adverse-ecs-mismatch,1,0,0,1,1,0
a38437b5-7944-400e-a979-3d6676dfa9df,20260816,ecs-keyed,adverse-ecs-mismatch,1,0,0,1,1,0
c4fcf6ef-2664-469e-841b-2479e49b1f99,20260816,ecs-keyed,adverse-ecs-omit,1,0,0,1,1,0
1c1fd574-ffad-48dc-a0f7-67d9d3cd4f6f,20260816,ecs-keyed,adverse-ecs-mismatch,1,0,0,1,1,0
21f02fec-968f-4b9d-9e7a-4091959b22df,20260816,ecs-keyed,adverse-ecs-mismatch,1,0,0,1,1,0
d3130e53-46f8-4266-8720-fc2852aefdf5,20260816,ecs-keyed,adverse-ecs-mismatch,1,0,0,1,1,0
05987e90-3b6c-4a3a-8662-974c965ce307,20260816,ecs-keyed,adverse-ecs-mismatch,1,0,0,1,1,0
a391d088-f738-4564-8c1c-ee3f2b544873,20260816,ecs-keyed,adverse-ecs-mismatch,1,0,0,1,1,0
ae46094a-038f-4f5d-8b33-05ef03b6ebd0,20260816,ecs-keyed,adverse-ecs-mismatch,1,0,0,1,1,0
270ab5ca-b314-42eb-9854-8b00a9a3c0dd,20260816,ecs-keyed,adverse-ecs-mismatch,1,0,0,1,1,0
9dabcbec-5f21-4152-ba4c-1589c9d0b8d3,20260816,ecs-keyed,adverse-ecs-mismatch,1,0,0,1,1,0
1ce5b238-cab3-4577-b677-d70deeb95eb8,20260816,ecs-keyed,adverse-ecs-mismatch,1,0,0,1,1,0
382238ee-d66f-48a6-b7dd-edf8ee3a92c8,20260816,ecs-keyed,adverse-ecs-mismatch,1,0,0,1,1,0
54ae1122-98fa-496b-885b-2bf09ff89dea,20260816,ecs-keyed,adverse-ecs-mismatch,1,0,0,1,1,0
4abcb518-b284-425c-8266-a0f214795b36,20260816,ecs-keyed,adverse-ecs-mismatch,1,0,0,1,1,0
e4c745c8-bfdf-47d7-95e1-7a5c2d8b8d56,20260816,ecs-keyed,adverse-ecs-mismatch,1,0,0,1,1,0
55f7ff61-8418-44a3-8546-37a2f30f9758,20260816,ecs-keyed,adverse-ecs-mismatch,1,0,0,1,1,0
a00344c2-1f9e-4ef9-9c2e-9889e911db08,20260816,ecs-keyed,adverse-ecs-mismatch,1,0,0,1,1,0
ec924b29-2ab7-4506-810d-a006d357525a,20260816,ecs-keyed,adverse-ecs-mismatch,1,0,0,1,1,0
0fd8fa3d-2496-4afd-bdb6-0df46bd2137a,20260816,ecs-keyed,adverse-ecs-mismatch,1,0,0,1,1,0
bebba5ce-f563-4df8-bda9-d78b953288f8,20260816,ecs-keyed,adverse-ecs-mismatch,1,0,0,1,1,0
373ce088-1321-48c8-a24f-ffa7e64781a3,20260816,ecs-keyed,adverse-ecs-mismatch,1,0,0,1,1,0
1ddeacc5-50dc-4e5a-a82f-d2fb6480eb7e,20260816,ecs-keyed,adverse-ecs-mismatch,1,0,0,1,1,0
09e36906-5e07-4dad-961b-d9c3658143dc,20260816,ecs-keyed,adverse-ecs-mismatch,1,0,0,1,1,0
df1850be-5d69-4517-972e-532dfd742863,20260816,ecs-keyed,adverse-ecs-mismatch,1,0,0,1,1,0
31fd1bd5-4719-46fe-9eb7-eefd8a269b2e,20260816,ecs-keyed,adverse-ecs-mismatch,1,0,0,1,1,0
722488d2-7b12-427d-ac49-6c43646b5532,20260816,ecs-keyed,adverse-ecs-mismatch,1,0,0,1,1,0
ace1f17e-bbef-46e3-993d-d729bacd979c,20260816,ecs-keyed,adverse-ecs-mismatch,1,0,0,1,1,0
26033d9d-8f84-4d69-b5b7-87b0cc721ec3,20260816,ecs-keyed,adverse-ecs-mismatch,1,0,0,1,1,0
fdfcc5fd-59b6-4ddd-9a0c-d519e44a52ba,20260816,ecs-keyed,adverse-ecs-mismatch,1,0,0,1,1,0
b979a6d0-bcee-4a6c-bcb0-c4732197148d,20260816,ecs-keyed,adverse-ecs-mismatch,1,0,0,1,1,0
879147fe-538e-41d9-803f-9259ece387ae,20260816,ecs-keyed,adverse-ecs-mismatch,1,0,0,1,1,0
597cfcfa-afef-4aae-a424-70ed9a5bdd00,20260816,ecs-keyed,adverse-ecs-mismatch,1,0,0,1,1,0
91180c74-9028-4d5d-8bfc-cd40ed50776b,20260816,ecs-keyed,adverse-ecs-mismatch,1,0,0,1,1,0
0c46db6d-537b-42a4-878c-eca399e50af2,20260816,ecs-keyed,adverse-ecs-mismatch,1,0,0,1,1,0
6e0fd386-6493-4fb5-906a-21ef4fcec4ec,20260816,ecs-keyed,adverse-ecs-mismatch,1,0,0,1,1,0
d586a821-3b3d-4dd3-8c0c-8fad9726c745,20260816,ecs-keyed,adverse-ecs-mismatch,1,0,0,1,1,0
e6f4b0b8-4b1a-492c-a759-cdf0b2cbca9a,20260816,ecs-keyed,adverse-ecs-mismatch,1,0,0,1,1,0
f3b0da0c-cd97-469f-8fdb-65893ad7d8cc,20260816,ecs-keyed,adverse-ecs-mismatch,1,0,0,1,1,0
dd938b65-ad89-4341-99ef-305f7ba7ce21,20260816,ecs-keyed,adverse-ecs-mismatch,1,0,0,1,1,0
e8f996eb-8abc-49a5-aaa8-2b980b740d4f,20260816,ecs-keyed,adverse-ecs-mismatch,1,0,0,1,1,0
9be2a2e9-5056-473a-9682-d73f7a7b4ae0,20260816,ecs-keyed,adverse-ecs-mismatch,1,0,0,1,1,0
840247db-224d-4a4d-a6cc-70a7ee795e94,20260816,ecs-keyed,adverse-ecs-mismatch,1,0,0,1,1,0
25eee670-0ef7-442a-8f27-5cefa17778ef,20260816,ecs-keyed,adverse-ecs-mismatch,1,0,0,1,1,0
d6b5928e-d7fd-4288-8581-8b3d523a6831,20260816,ecs-keyed,adverse-ecs-mismatch,1,0,0,1,1,0
bd8c9876-4cf4-409d-9191-f89a6f335d82,20260816,ecs-keyed,adverse-ecs-mismatch,1,0,0,1,1,0
082ed5a8-ba49-454d-bd2e-25154adfd409,20260816,ecs-keyed,adverse-ecs-mismatch,1,0,0,1,1,0
5d95c4ed-1a1e-45c8-bbc5-3aad9e2b4a7d,20260816,ecs-keyed,adverse-ecs-mismatch,1,0,0,1,1,0
2385f6ce-8c07-41e8-b1f9-974a267e2e8e,20260816,ecs-keyed,adverse-ecs-mismatch,1,0,0,1,1,0
f93cd329-ed8f-45f6-a535-bc88408ac22b,20260816,ecs-keyed,adverse-ecs-omit,1,0,0,1,1,0
89bc5df1-6e72-4ae2-a656-7d222a678acd,20260816,ecs-keyed,adverse-ecs-mismatch,1,0,0,1,1,0
666ec7c8-554d-4ccd-8018-6ba846a84f6b,20260816,ecs-keyed,adverse-ecs-mismatch,1,0,0,1,1,0
8fcae8ae-1405-42e3-af0f-369e1cd82fdd,20260816,ecs-keyed,adverse-ecs-mismatch,1,0,0,1,1,0
b450cca6-d961-4ce0-b12e-169c3b4a5e09,20260816,ecs-keyed,adverse-ecs-mismatch,1,0,0,1,1,0
f5659f73-d2e2-433b-81c8-17d77306c47d,20260816,ecs-keyed,adverse-ecs-mismatch,1,0,0,1,1,0
6e550448-d4c8-438e-88c4-54a440d00371,20260816,ecs-keyed,adverse-ecs-mismatch,1,0,0,1,1,0
9ddf8a17-056d-4151-9cf9-f357486aca03,20260816,ecs-keyed,adverse-ecs-omit,1,0,0,1,1,0
93fe831a-3dc2-4430-bfd3-1ba459652368,20260816,ecs-keyed,adverse-ecs-mismatch,1,0,0,1,1,0
27c8ec0b-b10b-4d36-ba1f-933fe7fb684f,20260816,ecs-keyed,adverse-ecs-mismatch,1,0,0,1,1,0
f6c2ebda-0e97-4c8f-a0b4-2737db7f00e4,20260816,ecs-keyed,adverse-ecs-mismatch,1,0,0,1,1,0
19699996-dae3-44b6-b79f-148f269faf31,20260816,ecs-keyed,adverse-ecs-mismatch,1,0,0,1,1,0
76ebecea-b9dd-4e20-a41d-dccd1604df79,20260816,ecs-keyed,adverse-ecs-mismatch,1,0,0,1,1,0
4dc37e6b-a55b-46a8-80ea-b215d10c700b,20260816,ecs-keyed,adverse-ecs-mismatch,1,0,0,1,1,0
c400ad80-740e-448a-9ac5-030d0016afc1,20260816,ecs-keyed,adverse-ecs-mismatch,1,0,0,1,1,0
e9260d48-232c-4559-ad25-7ce98a774d61,20260816,ecs-keyed,adverse-ecs-mismatch,1,0,0,1,1,0
3f57c176-3e34-41a7-9bd2-8a9ec1ef4dc7,20260816,ecs-keyed,adverse-conflict,1,0,0,2,1,1
503052bf-08c2-40ac-887d-1f1bff571b72,20260816,ecs-keyed,adverse-conflict,1,0,0,2,1,1
ea1d99d2-c04f-4bfd-8e5c-d56fe9535485,20260816,ecs-keyed,adverse-conflict,1,0,0,2,1,1
41865242-1fb3-4d09-a07c-62af6445ce6c,20260816,ecs-keyed,adverse-conflict,1,0,0,2,1,1
1fd3876b-781c-4076-b55e-6862f952cf1e,20260816,ecs-keyed,adverse-conflict,1,0,0,2,1,1
4b514e18-676f-4934-92be-a446a141e295,20260816,ecs-keyed,adverse-conflict,1,0,0,2,1,1
ccd8eca1-6440-4658-862b-c5c3d5674820,20260816,ecs-keyed,adverse-conflict,1,0,0,2,1,1
2ef0f166-c9a3-4127-9342-72ac232b00f9,20260816,ecs-keyed,adverse-conflict,1,0,0,2,1,1
78e3b501-76f3-4ea8-8a39-34f6a3803535,20260816,ecs-keyed,adverse-ecs-mismatch,1,0,0,1,1,0
97337237-dac9-40db-a12c-256da8dc657d,20260816,ecs-keyed,adverse-conflict,1,0,0,2,1,1
dba25371-bf06-4d74-8ad4-dfa2c8321810,20260816,ecs-keyed,adverse-conflict,1,0,0,2,1,1
5076a7ef-4747-41ac-a40c-8696260c439e,20260816,ecs-keyed,adverse-ecs-mismatch,1,0,0,1,1,0
e753c23e-7f39-41c0-a8f3-49e451c90351,20260816,ecs-keyed,adverse-ecs-mismatch,1,0,0,1,1,0
ae490cd3-0a3c-4303-bc3f-7879bec1cb9a,20260816,ecs-keyed,adverse-conflict,1,0,0,2,1,1
c6fa1f7d-0a32-4041-9818-56cb8aef0587,20260816,ecs-keyed,adverse-conflict,1,0,0,2,1,1
4156ee9c-9925-4730-8a57-fcbcabe4b3b2,20260816,ecs-keyed,adverse-conflict,1,0,0,2,1,1
40b70d7b-e59b-49e2-b906-24e2cb914437,20260816,ecs-keyed,adverse-conflict,1,0,0,2,1,1
53737b42-b56d-482e-9f3e-b1c52fae653f,20260816,ecs-keyed,adverse-conflict,1,0,0,2,1,1
3baeb7a8-14d1-4663-aff8-e6084e8e7460,20260816,ecs-keyed,adverse-conflict,1,0,0,2,1,1
626c3778-621b-4a88-a37b-a3067e775cb1,20260816,ecs-keyed,adverse-conflict,1,0,0,2,1,1
cb9f638e-0eef-4cfa-9654-0b7bec5bf726,20260816,ecs-keyed,adverse-conflict,1,0,0,2,1,1
c41c8878-5691-43d4-98d7-5bef8802c403,20260816,ecs-keyed,adverse-conflict,1,0,0,2,1,1
245b801d-f7ad-45d4-a997-d2213256e261,20260816,ecs-keyed,adverse-conflict,1,0,0,2,1,1
59a39158-673f-4e25-b218-14cc00e3a99e,20260816,ecs-keyed,adverse-conflict,1,0,0,2,1,1
9c60316c-5d2b-49c0-aac2-0b8b2b83ee1b,20260816,ecs-keyed,adverse-conflict,1,0,0,2,1,1
8727fbbf-c8ad-40eb-9730-a1eae3facbde,20260816,ecs-keyed,adverse-conflict,1,0,0,2,1,1
d7f518a2-b327-4503-80d2-dc6796f44d16,20260816,ecs-keyed,adverse-conflict,1,0,0,2,1,1
6b77e402-be96-4dc4-9ae6-d34aef67c3c8,20260816,ecs-keyed,adverse-conflict,1,0,0,2,1,1
59ebd6b2-c208-47dd-b296-bd59301e673a,20260816,ecs-keyed,adverse-conflict,1,0,0,2,1,1
7747e574-9091-443d-80dc-bedfa1b18ae6,20260816,ecs-keyed,adverse-conflict,1,0,0,2,1,1
d0123555-6287-4192-8e7c-b696cfb6c0ca,20260816,ecs-keyed,adverse-conflict,1,0,0,2,1,1
e04c56bf-b9f9-4a3c-8f47-83a9be5c09ec,20260816,ecs-keyed,adverse-conflict,1,0,0,2,1,1
1ce0e218-5501-424a-90c9-f6e3e4935726,20260816,ecs-keyed,adverse-conflict,1,0,0,2,1,1
ca8748a8-1bfe-4a43-969d-a9a2c3c40f22,20260816,ecs-keyed,adverse-conflict,1,0,0,2,1,1
3bf38d51-bb8f-4bd8-86cd-dd7720c6e1bc,20260816,ecs-keyed,adverse-conflict,1,0,0,2,1,1
ce45b264-03f0-4cc2-b453-67d68b5528aa,20260816,ecs-keyed,adverse-conflict,1,0,0,2,1,1
4bdacab9-f444-4e60-b276-a92be4c1356c,20260816,ecs-keyed,adverse-conflict,1,0,0,2,1,1
58602a6a-c734-4622-b2dc-c3e7b381e447,20260816,ecs-keyed,adverse-conflict,1,0,0,2,1,1
3ae7d498-c7fd-48c7-932f-5373a791a008,20260816,ecs-keyed,adverse-conflict,1,0,0,2,1,1
ef958421-bc57-4738-9d78-7a8ab94539c7,20260816,ecs-keyed,adverse-conflict,1,0,0,2,1,1
e6470c17-170b-405f-a1c1-b3185cab09b1,20260816,ecs-keyed,adverse-conflict,1,0,0,2,1,1
b671bc26-838f-4c11-8490-1a28bdf3c782,20260816,ecs-keyed,adverse-conflict,1,0,0,2,1,1
c12e8a72-c7db-4219-bbd8-929167a91532,20260816,ecs-keyed,adverse-conflict,1,0,0,2,1,1
a25a5426-d9a6-4be7-972e-7557d6223a65,20260816,ecs-keyed,adverse-conflict,1,0,0,2,1,1
91ba456e-5b7a-4ce4-b222-b24a1a0315ff,20260816,ecs-keyed,adverse-conflict,1,0,0,2,1,1
e138c136-94cc-4b9f-9628-1486f448e592,20260816,ecs-keyed,adverse-conflict,1,0,0,2,1,1
f41ab46c-62c6-45e0-adb4-c2d3fbb524bf,20260816,ecs-keyed,adverse-conflict,1,0,0,2,1,1
1bfcae05-3c4c-4630-981f-fcfcc7eb1086,20260816,ecs-keyed,adverse-conflict,1,0,0,2,1,1
38c622ee-4056-430d-8cd3-4f2c324fe6be,20260816,ecs-keyed,adverse-conflict,1,0,0,2,1,1
45d73954-a75e-4289-ac50-020b6eebdd94,20260816,ecs-keyed,adverse-conflict,1,0,0,2,1,1
9e0db799-430a-4467-94c0-571980d3c622,20260816,ecs-keyed,adverse-conflict,1,0,0,2,1,1
c50040a7-ec78-49f6-8c90-3fba5e08f834,20260816,ecs-keyed,adverse-conflict,1,0,0,2,1,1
9994e1aa-ea45-4bdc-93a5-16190197c2bf,20260816,ecs-keyed,adverse-conflict,1,0,0,2,1,1
579b9211-1ea7-41fa-b151-404f1de7a878,20260816,ecs-keyed,adverse-conflict,1,0,0,2,1,1
cf341e30-51b8-4e76-94fa-861c921c7f2b,20260816,ecs-keyed,adverse-conflict,1,0,0,2,1,1
cafbcef0-e9bf-401e-8524-01619b655e17,20260816,ecs-keyed,adverse-conflict,1,0,0,2,1,1
7d0f10a7-b0c6-4d7e-93b9-ea931bc30c9e,20260816,ecs-keyed,adverse-conflict,1,0,0,2,1,1
ac8f41b0-7482-4e07-b4d5-4e41eda1047b,20260816,ecs-keyed,adverse-conflict,1,0,0,2,1,1
e7104b94-a403-40da-83c4-f094db5f4383,20260816,ecs-keyed,adverse-conflict,1,0,0,2,1,1
b4496f03-3e10-42f4-b8a8-01159686b4ef,20260816,ecs-keyed,adverse-conflict,1,0,0,2,1,1
56e0b9d1-b098-40aa-8a31-ffca9835eba5,20260816,ecs-keyed,adverse-conflict,1,0,0,2,1,1
a2e23cd1-30d7-4a9a-93dd-08c3def6df11,20260816,ecs-keyed,adverse-conflict,1,0,0,2,1,1
10cd8b54-bef8-422a-b377-1d86e6b2020b,20260816,ecs-keyed,adverse-conflict,1,0,0,2,1,1
24d05600-0fbf-4273-ba8e-28bb6236f21f,20260816,ecs-keyed,adverse-conflict,1,0,0,2,1,1
545166b6-d4f1-492c-b79b-9eeeb4deaeaf,20260816,ecs-keyed,adverse-conflict,1,0,0,2,1,1
639e1001-f349-42f5-a6e2-ac7f16b7d641,20260816,ecs-keyed,adverse-conflict,1,0,0,2,1,1
ac2f0e1c-82fc-4c38-a1fe-3278798c3a06,20260816,ecs-keyed,adverse-conflict,1,0,0,2,1,1
2a3ec4af-1f11-487d-8ede-516591b6a8b1,20260816,ecs-keyed,adverse-conflict,1,0,0,2,1,1
7aff27f7-3f5b-4e12-9ac6-d9c614ffd15f,20260816,ecs-keyed,adverse-conflict,1,0,0,2,1,1
7302c6d5-3505-4840-9038-def26ca553df,20260816,ecs-keyed,adverse-conflict,1,0,0,2,1,1
ae6802f8-5e56-4bfe-9bbb-5d7ea8fe5915,20260816,ecs-keyed,adverse-conflict,1,0,0,2,1,1
d7f049b7-484a-43e9-9b48-1ce264ab0200,20260816,ecs-keyed,adverse-conflict,1,0,0,2,1,1
e2f9fb4d-cf22-4e54-8c64-c057b8e68287,20260816,ecs-keyed,adverse-conflict,1,0,0,2,1,1
b57e299e-0292-4e81-9b74-8c414248a768,20260816,ecs-keyed,adverse-conflict,1,0,0,2,1,1
390f725d-78d7-49b0-861c-8cb307a73863,20260816,ecs-keyed,adverse-conflict,1,0,0,2,1,1
cb0cd3fa-7817-447e-8850-b5143fcaffdd,20260816,ecs-keyed,adverse-conflict,1,0,0,2,1,1
002c592b-0cb6-44b4-902f-e9176bbe2bee,20260816,ecs-keyed,adverse-conflict,1,0,0,2,1,1
56a8ee1b-f29b-47d6-bddd-47eab54c27db,20260816,ecs-keyed,adverse-conflict,1,0,0,2,1,1
ce01b8de-1524-41d4-bdc1-934d66905597,20260816,ecs-keyed,adverse-conflict,1,0,0,2,1,1
9a44f89a-050c-476f-933e-44851c0a4d34,20260816,ecs-keyed,adverse-conflict,1,0,0,2,1,1
bbe592c8-beb0-44ca-840c-269aae8c29d2,20260816,ecs-keyed,adverse-conflict,1,0,0,2,1,1
e03c3edc-fb24-4777-bd95-9a26d610caca,20260816,ecs-keyed,adverse-conflict,1,0,0,2,1,1
9ea6dfa1-b9ee-4ff3-a9e5-700b0254ef99,20260816,ecs-keyed,adverse-conflict,1,0,0,2,1,1
f12a7e62-915f-452f-8429-de0514c8e44b,20260816,ecs-keyed,adverse-conflict,1,0,0,2,1,1
84390a7b-5a80-41a2-9e5e-51d9a19de84f,20260816,ecs-keyed,adverse-conflict,1,0,0,2,1,1
36f21bd9-187b-4461-b14e-2003bd615850,20260816,ecs-keyed,adverse-ecs-mismatch,1,0,0,1,1,0
37a2d036-a4a9-4472-a279-fd9beb618809,20260816,ecs-keyed,adverse-ecs-mismatch,1,0,0,1,1,0
1378e4c4-026c-4df4-aab3-d5728055dd8b,20260816,ecs-keyed,adverse-conflict,1,0,0,2,1,1
b0748ded-3201-4f78-bc4b-2b1cb9025ce2,20260816,ecs-keyed,adverse-ecs-mismatch,1,0,0,1,1,0
6fc1ff15-01c8-4061-ba91-d4dddba6e98f,20260816,ecs-keyed,adverse-ecs-mismatch,1,0,0,1,1,0
d534a72c-157b-4fde-aedd-af1cb2f535d2,20260816,ecs-keyed,adverse-ecs-mismatch,1,0,0,1,1,0
1a311f91-bd1c-4bea-ab13-56d5eeb8c0e5,20260816,ecs-keyed,adverse-ecs-mismatch,1,0,0,1,1,0
ac3eacd3-31eb-42fe-9bb0-e8800368d18b,20260816,ecs-keyed,adverse-conflict,1,0,0,2,1,1
fc9cf3fe-164d-4599-8581-688160e0e8da,20260816,ecs-keyed,adverse-conflict,1,0,0,2,1,1
79d099f5-c61c-4d35-98f1-48a5a62f3dea,20260816,ecs-keyed,adverse-ecs-mismatch,1,0,0,1,1,0
e665caf6-3bc0-495e-9e9d-c7310f1e0d4d,20260816,ecs-keyed,adverse-conflict,1,0,0,2,1,1
ee72a404-00c9-4d08-8a1a-fc37904dcc15,20260816,ecs-keyed,adverse-ecs-fanout,1,0,0,2,1,1
15e9630b-e818-4614-bbcf-59cbe43ab0fc,20260816,ecs-keyed,adverse-ecs-fanout,1,0,0,2,1,1
17ccbe07-696a-44d5-a63e-33b48169d0e9,20260816,ecs-keyed,adverse-ecs-fanout,1,0,0,2,1,1
713555cb-8ebb-4428-88b3-73da40919917,20260816,ecs-keyed,adverse-ecs-fanout,1,0,0,2,1,1
11764378-2ec3-4618-b7b5-53d1f6ee4b40,20260816,ecs-keyed,adverse-ecs-mismatch,1,0,0,1,1,0
1a79adab-75ed-4525-acbb-0afcd46279ac,20260816,ecs-keyed,adverse-ecs-fanout,1,0,0,2,1,1
dac12649-de58-4d81-b949-f8a38c4e85da,20260816,ecs-keyed,adverse-ecs-fanout,1,0,0,2,1,1
1185a48f-f974-435c-8bdf-f77ab3599572,20260816,ecs-keyed,adverse-ecs-fanout,1,0,0,2,1,1
24870e1c-f8aa-4c42-a559-4a575b7a9a09,20260816,ecs-keyed,adverse-ecs-fanout,1,0,0,2,1,1
ae333b3d-2bed-4af8-85f1-f60fc4387c17,20260816,ecs-keyed,adverse-conflict,1,0,0,2,1,1
c3bae822-51bd-4833-af24-d11243646f1f,20260816,ecs-keyed,adverse-ecs-fanout,1,0,0,2,1,1
9a33f93a-d1bd-4141-9078-0e390b538a1a,20260816,ecs-keyed,adverse-ecs-fanout,1,0,0,2,1,1
d98fda3e-7eae-480c-b897-c9afd8032173,20260816,ecs-keyed,adverse-ecs-fanout,1,0,0,2,1,1
962e43d2-a060-4b00-8802-fe3ce8ddf8b5,20260816,ecs-keyed,adverse-ecs-fanout,1,0,0,2,1,1
7a3f614c-3ad6-4d2a-8f0d-e18f2faf2da3,20260816,ecs-keyed,adverse-ecs-fanout,1,0,0,2,1,1
7f1d4833-c1ba-40de-a6e4-25fc474a18ab,20260816,ecs-keyed,adverse-ecs-fanout,1,0,0,2,1,1
92f96c10-e0cd-45b9-bb28-891f72fd6de4,20260816,ecs-keyed,adverse-ecs-fanout,1,0,0,2,1,1
7676ba28-196e-438e-87a6-11bc1bfacd3d,20260816,ecs-keyed,adverse-ecs-fanout,1,0,0,2,1,1
9a69b267-77a9-460b-b333-ae1e7ddba221,20260816,ecs-keyed,adverse-conflict,1,0,0,2,1,1
72894dae-5a5d-4fcc-beb3-c52476cba6b3,20260816,ecs-keyed,adverse-ecs-fanout,1,0,0,2,1,1
e17c5632-eef1-482a-ad49-f1673e9ff87f,20260816,ecs-keyed,adverse-ecs-fanout,1,0,0,2,1,1
27c6e178-f123-446f-9e32-b1943f61957a,20260816,ecs-keyed,adverse-ecs-fanout,1,0,0,2,1,1
8cb47757-2c59-4ae3-8a1d-0ee835f104b0,20260816,ecs-keyed,adverse-ecs-fanout,1,0,0,2,1,1
0006ba00-3b35-4b74-8627-ee4ee50390c6,20260816,ecs-keyed,adverse-ecs-fanout,1,0,0,2,1,1
194fd22d-6a61-4290-8124-5d0221aca6b6,20260816,ecs-keyed,adverse-ecs-fanout,1,0,0,2,1,1
c08f965a-3423-4208-a158-93d85be2a8c0,20260816,ecs-keyed,adverse-ecs-fanout,1,0,0,2,1,1
c307e625-59aa-466b-96de-ea4301395ea8,20260816,ecs-keyed,adverse-ecs-fanout,1,0,0,2,1,1
b098ce32-f8a5-4a53-9fdc-b6797fa1316a,20260816,ecs-keyed,adverse-ecs-fanout,1,0,0,2,1,1
cba805bc-23cc-4bbc-88c7-4c066f65c616,20260816,ecs-keyed,adverse-ecs-fanout,1,0,0,2,1,1
6ee28020-a6ec-4a3c-9295-4a22904b82f5,20260816,ecs-keyed,adverse-ecs-fanout,1,0,0,2,1,1
b6cbaa4e-b671-4236-abb0-01698cdb97b6,20260816,ecs-keyed,adverse-ecs-fanout,1,0,0,2,1,1
de79bc34-ee73-4064-a0a2-3fe706a27e51,20260816,ecs-keyed,adverse-ecs-fanout,1,0,0,2,1,1
4205729a-f9df-4b4b-97a1-887992e5a9ce,20260816,ecs-keyed,adverse-ecs-fanout,1,0,0,2,1,1
7c3a2913-79c3-4c99-b03a-9ebc3423729f,20260816,ecs-keyed,adverse-ecs-fanout,1,0,0,2,1,1
7d487ec3-057b-4c6f-9b82-d2c11b6797ad,20260816,ecs-keyed,adverse-ecs-fanout,1,0,0,2,1,1
3bcb519e-cb96-4b10-b285-076bbf328931,20260816,ecs-keyed,adverse-ecs-fanout,1,0,0,2,1,1
500efd28-593d-4ce1-bfbe-93f4a25384ab,20260816,ecs-keyed,adverse-ecs-fanout,1,0,0,2,1,1
c4669f9d-00c4-4a82-a320-c321efff82a8,20260816,ecs-keyed,adverse-ecs-fanout,1,0,0,2,1,1
1856b15d-7974-4e21-a88f-bc7590fac682,20260816,ecs-keyed,adverse-ecs-fanout,1,0,0,2,1,1
f6a85dcf-548a-4300-8188-ac6927460c2c,20260816,ecs-keyed,adverse-ecs-fanout,1,0,0,2,1,1
ab7b802e-c61f-4982-925d-0a6b045a09e7,20260816,ecs-keyed,adverse-ecs-fanout,1,0,0,2,1,1
a10e8015-4e29-4562-91fd-61faf2f8f85e,20260816,ecs-keyed,adverse-ecs-fanout,1,0,0,2,1,1
3dd75674-328c-4a4e-a2bc-e46c7ad27131,20260816,ecs-keyed,adverse-ecs-fanout,1,0,0,2,1,1
5fdfb763-bc9f-41b2-950c-e7602751d497,20260816,ecs-keyed,adverse-ecs-fanout,1,0,0,2,1,1
3efced2f-1b0d-4ca6-9309-641767fe0d5a,20260816,ecs-keyed,adverse-ecs-fanout,1,0,0,2,1,1
b6c696e7-29a1-4445-ab40-dd1ece9873c7,20260816,ecs-keyed,adverse-ecs-fanout,1,0,0,2,1,1
e8ff96ab-d6da-4249-ae63-ca8ac6e02bc7,20260816,ecs-keyed,adverse-ecs-fanout,1,0,0,2,1,1
d8aa534a-7880-46c3-8fdc-411763573c41,20260816,ecs-keyed,adverse-ecs-fanout,1,0,0,2,1,1
c14b1793-dd95-4161-9180-e63aeeb40955,20260816,ecs-keyed,adverse-ecs-fanout,1,0,0,2,1,1
b318c880-0c76-4133-bebb-9685c0e42c7d,20260816,ecs-keyed,adverse-ecs-fanout,1,0,0,2,1,1
208d8866-c729-4605-b924-95a726dd3b01,20260816,ecs-keyed,adverse-ecs-fanout,1,0,0,2,1,1
bbaf241e-81d3-48f8-b925-24892fe76de6,20260816,ecs-keyed,adverse-ecs-fanout,1,0,0,2,1,1
39790410-103a-4eba-9125-342c621e11e4,20260816,ecs-keyed,adverse-ecs-fanout,1,0,0,2,1,1
7cad3cf7-219e-4fee-aaeb-670385160a3e,20260816,ecs-keyed,adverse-ecs-fanout,1,0,0,2,1,1
9ec7e176-9308-4258-a8a6-36d3d43181e7,20260816,ecs-keyed,adverse-ecs-fanout,1,0,0,2,1,1
9bfd2f3b-2b71-4775-99db-ab18f6ee3dac,20260816,ecs-keyed,adverse-ecs-fanout,1,0,0,2,1,1
34dd79fd-5e00-4451-8944-0df109dc2feb,20260816,ecs-keyed,adverse-ecs-fanout,1,0,0,2,1,1
59553bbe-ba4c-46f6-bac7-80c4f038d301,20260816,ecs-keyed,adverse-ecs-fanout,1,0,0,2,1,1
26538786-8a10-439d-bcb4-937983c87a13,20260816,ecs-keyed,adverse-ecs-fanout,1,0,0,2,1,1
fbef4710-88aa-4d5c-8e56-88d9483aaf71,20260816,ecs-keyed,adverse-ecs-fanout,1,0,0,2,1,1
eeef376f-5f25-457d-ac7e-206d3b3e8673,20260816,ecs-keyed,adverse-ecs-fanout,1,0,0,2,1,1
554739de-58c8-4f9d-9a87-453df81e2e0f,20260816,ecs-keyed,adverse-ecs-fanout,1,0,0,2,1,1
854149df-9c06-492c-9982-9a65dccfec5b,20260816,ecs-keyed,adverse-ecs-fanout,1,0,0,2,1,1
7ceb11b6-c859-4639-9227-394f07f61fb6,20260816,ecs-keyed,adverse-ecs-fanout,1,0,0,2,1,1
b23cd98e-c8b3-4a7a-9cc1-10b01ec6ef76,20260816,ecs-keyed,adverse-ecs-fanout,1,0,0,2,1,1
d9d1dbe4-374c-4d1f-87c5-a189e6f4dc05,20260816,ecs-keyed,adverse-ecs-fanout,1,0,0,2,1,1
1504089d-de0e-4228-bb0e-6506317d0a0e,20260816,ecs-keyed,adverse-ecs-fanout,1,0,0,2,1,1
c2d6ca1c-6cb8-4665-9c64-6898a708b3b4,20260816,ecs-keyed,adverse-ecs-fanout,1,0,0,2,1,1
c9884e89-1291-4932-b7ec-6211cf00c0c7,20260816,ecs-keyed,adverse-ecs-fanout,1,0,0,2,1,1
adbf0bf3-6397-4eec-a3f5-d0efb098c467,20260816,ecs-keyed,adverse-ecs-fanout,1,0,0,2,1,1
265667aa-3835-469e-813e-5268301db28c,20260816,ecs-keyed,adverse-ecs-fanout,1,0,0,2,1,1
8425a3d9-2aea-495d-95df-512e6a88609a,20260816,ecs-keyed,adverse-conflict,1,0,0,2,1,1
46d3da9d-156d-404c-b707-53a2bbc3ca47,20260816,ecs-keyed,adverse-ecs-fanout,1,0,0,2,1,1
7130c375-dff4-4975-aa14-01a6428011f4,20260816,ecs-keyed,adverse-ecs-fanout,1,0,0,2,1,1
c8d69603-755d-4d1f-b2bb-f33cb2946133,20260816,ecs-keyed,adverse-ecs-fanout,1,0,0,2,1,1
f0f56cb2-387d-41fd-8072-df44a592077b,20260816,ecs-keyed,adverse-ecs-fanout,1,0,0,2,1,1
f0d1edc5-683b-48c4-abb8-a3a77ea65247,20260816,ecs-keyed,adverse-ecs-fanout,1,0,0,2,1,1
4cf8ab09-f916-4a99-9077-776e9f53b52d,20260816,ecs-keyed,adverse-ecs-fanout,1,0,0,2,1,1
6c16df3b-22e2-4e97-8110-57ffd27ebf20,20260816,ecs-keyed,adverse-ecs-fanout,1,0,0,2,1,1
03bf94ad-b8d7-4e71-b8b2-06ed587d1157,20260816,ecs-keyed,adverse-ecs-fanout,1,0,0,2,1,1
1acfe873-bdfd-481d-8e46-bd79a9ee2f3a,20260816,ecs-keyed,adverse-ecs-fanout,1,0,0,2,1,1
d70ba9f5-1e87-4fcb-ad62-9bebfbf874cd,20260816,ecs-keyed,adverse-ecs-fanout,1,0,0,2,1,1
30d78482-3396-4477-95d7-78ed27ae9b61,20260816,ecs-keyed,adverse-ecs-fanout,1,0,0,2,1,1
0c99899b-d548-4052-a689-d4a59f1636b4,20260816,ecs-strict,benign-plain,0,0,0,1,1,0
4b4285e2-b711-4ec9-908f-5b89a70eb119,20260816,ecs-strict,benign-plain,0,0,0,1,1,0
4d42583b-560d-403a-bad9-4f68eeb3648a,20260816,ecs-strict,benign-plain,0,0,0,1,1,0
7b300f84-cc03-47b6-9967-4ccb9315f7da,20260816,ecs-strict,benign-plain,0,0,0,1,1,0
162b0b83-d62f-4ac1-afc1-576db56fca2c,20260816,ecs-strict,benign-plain,0,0,0,1,1,0
e52cfe9f-4934-4b8e-b43a-788dbd168863,20260816,ecs-keyed,adverse-ecs-fanout,1,0,0,2,1,1
7cd9725c-87d2-4193-87e7-5bd2f22168c7,20260816,ecs-strict,benign-plain,0,0,0,1,1,0
6d677234-8b9d-4064-a887-1ee7766aaea3,20260816,ecs-strict,benign-plain,0,0,0,1,1,0
6f857fc9-9955-45cb-8368-c3cc19ac891c,20260816,ecs-keyed,adverse-conflict,1,0,0,2,1,1
7dff1705-37ea-4ece-952d-d2ccb1cf6e91,20260816,ecs-strict,benign-plain,0,0,0,1,1,0
4ef01130-39db-445c-8ba0-6d4bbcdd636d,20260816,ecs-keyed,adverse-ecs-fanout,1,0,0,2,1,1
ac73db0e-d70f-4918-8693-a545be4733b5,20260816,ecs-strict,benign-plain,0,0,0,1,1,0
3ef212ce-165f-456f-a10a-ea3f4fedc970,20260816,ecs-keyed,adverse-ecs-fanout,1,0,0,2,1,1
efa1d455-e05b-4b2e-b53c-f653e76e7862,20260816,ecs-strict,benign-plain,0,0,0,1,1,0
7eb9400f-3243-4003-ae71-a9fdceb95366,20260816,ecs-strict,benign-plain,0,0,0,1,1,0
1f779cb7-e640-4cc3-8731-3fc747266394,20260816,ecs-strict,benign-plain,0,0,0,1,1,0
0ae16307-376a-4e56-9761-e51a097efde7,20260816,ecs-keyed,adverse-ecs-fanout,1,0,0,2,1,1
542471bb-9243-42db-96d6-8b8905a7cbf4,20260816,ecs-strict,benign-plain,0,0,0,1,1,0
27cfbc8a-b1c6-4028-9795-835d4b0ca32b,20260816,ecs-strict,benign-plain,0,0,0,1,1,0
8db8143e-2263-4eed-b3b0-764077c6bf2b,20260816,ecs-keyed,adverse-ecs-fanout,1,0,0,2,1,1
c12fff50-2c3e-4664-abac-c6bb5ed6d676,20260816,ecs-keyed,adverse-ecs-fanout,1,0,0,2,1,1
3dbd1afb-e22f-4c7b-955c-61279c2d2fda,20260816,ecs-strict,benign-plain,0,0,0,1,1,0
1f530123-812a-42eb-ba18-195e9b65c3ad,20260816,ecs-strict,benign-plain,0,0,0,1,1,0
e7ca587c-c024-4135-ab68-638d0857d959,20260816,ecs-strict,benign-plain,0,0,0,1,1,0
e2ae79db-abea-4d00-99a5-3e30a573debb,20260816,ecs-strict,benign-plain,0,0,0,1,1,0
1c05cb5c-33c2-4cc7-9f4b-a40bfa237e61,20260816,ecs-strict,benign-plain,0,0,0,1,1,0
b4b3da90-d2c6-4c5f-a0f3-cb6d40041e18,20260816,ecs-strict,benign-plain,0,0,0,1,1,0
7d6ce7e5-15b4-4a3f-988f-4a861990b0ec,20260816,ecs-strict,benign-plain,0,0,0,1,1,0
b999cba9-bd26-4650-9d49-4a995c94b0d9,20260816,ecs-keyed,adverse-ecs-fanout,1,0,0,2,1,1
fa9e3c41-5f83-475b-8ded-10dcf8544377,20260816,ecs-strict,benign-plain,0,0,0,1,1,0
561c9805-3fa4-4a85-9344-f98f59145fef,20260816,ecs-strict,benign-plain,0,0,0,1,1,0
94dfc63e-055b-4c29-8d20-769a33aa2467,20260816,ecs-strict,benign-plain,0,0,0,1,1,0
65ab02a2-9d89-45dd-a78a-3027b01d322b,20260816,ecs-strict,benign-plain,0,0,0,1,1,0
a756628c-77ce-4d7d-86fa-cb157c7b36af,20260816,ecs-strict,benign-plain,0,0,0,1,1,0
b0f30f92-eed2-4372-b913-ea2d1af9d86c,20260816,ecs-strict,benign-plain,0,0,0,1,1,0
28ae09a4-598b-4a68-87aa-0bfd66f0be13,20260816,ecs-keyed,adverse-ecs-fanout,1,0,0,2,1,1
6c50c39a-b865-4b20-9548-b77eb1dad059,20260816,ecs-keyed,adverse-ecs-fanout,1,0,0,2,1,1
b7cabe51-83eb-4ffa-8726-198e49a083d1,20260816,ecs-keyed,adverse-ecs-fanout,1,0,0,2,1,1
31445d58-f0b2-48a8-b66d-eb5b6de315f2,20260816,ecs-strict,benign-plain,0,0,0,1,1,0
248a93a8-8a5b-499b-a2a0-6b19d91d9ff1,20260816,ecs-strict,benign-plain,0,0,0,1,1,0
7b3808fd-9b3b-4e63-b164-beba49154b35,20260816,ecs-strict,benign-plain,0,0,0,1,1,0
e50c5c45-eb79-4a04-945e-3862b12b7004,20260816,ecs-strict,benign-plain,0,0,0,1,1,0
1ba5b6c1-f629-4a5c-95d0-3bed2aec4321,20260816,ecs-strict,benign-plain,0,0,0,1,1,0
cc41b1fe-dd76-49a7-85cf-56e8d041f17b,20260816,ecs-strict,benign-plain,0,0,0,1,1,0
04f4d517-295b-4a48-8c8c-be9eda0d3028,20260816,ecs-strict,benign-plain,0,0,0,1,1,0
67a0d4c6-d378-4023-a350-9471e935ac73,20260816,ecs-strict,benign-plain,0,0,0,1,1,0
782bad0a-e59d-4c4d-be46-1fd9d2f14728,20260816,ecs-strict,benign-plain,0,0,0,1,1,0
47b8582e-d98e-4c4e-a1cd-7ac1665a1e48,20260816,ecs-strict,benign-plain,0,0,0,1,1,0
344307ae-f105-4458-9bf6-b32b42b46e64,20260816,ecs-strict,benign-plain,0,0,0,1,1,0
991f915a-244c-42a9-8358-e1224b0fa6ee,20260816,ecs-keyed,adverse-ecs-fanout,1,0,0,2,1,1
614d645c-86e1-42ea-9387-6cc30d364200,20260816,ecs-strict,benign-plain,0,0,0,1,1,0
eb020633-6824-4678-b095-a601673715a1,20260816,ecs-strict,benign-plain,0,0,0,1,1,0
747a39a4-6b9c-4ea9-9a3a-284209dcbe96,20260816,ecs-strict,benign-plain,0,0,0,1,1,0
04248c88-bb6c-4f80-a91b-b528e2402118,20260816,ecs-strict,benign-plain,0,0,0,1,1,0
369832ee-28f0-46cd-b718-25c4fbf5a520,20260816,ecs-strict,benign-plain,0,0,0,1,1,0
f250bfff-98e2-401c-bfad-9a080c4cd6e7,20260816,ecs-strict,benign-plain,0,0,0,1,1,0
b581fe8d-9c0e-402f-a32c-acf550920c8f,20260816,ecs-strict,benign-plain,0,0,0,1,1,0
cef8e943-2c38-4293-89c7-3adaacd8c018,20260816,ecs-strict,benign-plain,0,0,0,1,1,0
4cc4191e-8697-40ef-8b99-41d71a50f638,20260816,ecs-strict,benign-plain,0,0,0,1,1,0
888b69a5-c846-4fd1-8419-fdf829ab06f3,20260816,ecs-strict,benign-plain,0,0,0,1,1,0
b5c0b072-2245-4717-93aa-0faeb4554938,20260816,ecs-strict,benign-plain,0,0,0,1,1,0
1c5bb587-7a64-41e8-abc8-7e6f83349ff8,20260816,ecs-strict,benign-plain,0,0,0,1,1,0
73d91c62-ccbf-4c5e-8d2e-7018fbb886b3,20260816,ecs-strict,benign-plain,0,0,0,1,1,0
a762c23b-1e25-412d-9d6d-fcdb60b75709,20260816,ecs-strict,benign-plain,0,0,0,1,1,0
9bfd45e2-b259-43b3-b38c-710b5f9bda35,20260816,ecs-strict,benign-plain,0,0,0,1,1,0
f7a37955-44dc-482e-844c-f464484fb492,20260816,ecs-strict,benign-plain,0,0,0,1,1,0
a7e09f69-a369-4458-8bd0-faba7ff8171b,20260816,ecs-strict,benign-plain,0,0,0,1,1,0
a71549de-b31f-4e83-9c7c-fb8872ad86f5,20260816,ecs-strict,benign-plain,0,0,0,1,1,0
a7ae118f-7c17-4228-80e2-90590e01fc2d,20260816,ecs-strict,benign-plain,0,0,0,1,1,0
97e3a802-4d03-4875-9cfa-c5a5ebab2151,20260816,ecs-strict,benign-plain,0,0,0,1,1,0
a89e9ef0-4dfe-4218-9004-7f276325c6de,20260816,ecs-strict,benign-plain,0,0,0,1,1,0
3a4beada-90cc-46a4-aafe-0cd6c32c4ddf,20260816,ecs-strict,benign-plain,0,0,0,1,1,0
b00e8ed2-8110-4c9d-afe4-ce30b172bb6a,20260816,ecs-strict,benign-plain,0,0,0,1,1,0
8842f22f-5cc7-4bfd-862c-e65b27b35f4c,20260816,ecs-strict,benign-plain,0,0,0,1,1,0
9917d6cb-ce77-4fe9-99da-f4d3d1524503,20260816,ecs-strict,benign-plain,0,0,0,1,1,0
c8d645da-7772-4f9f-9669-df0795b29cbb,20260816,ecs-strict,benign-plain,0,0,0,1,1,0
5c9ef25e-c96e-4ba2-a5da-0bac2eebd680,20260816,ecs-strict,benign-plain,0,0,0,1,1,0
5fe12f8c-3c3f-47be-9904-ded0713a21ac,20260816,ecs-strict,benign-plain,0,0,0,1,1,0
dc80b3e0-4648-4ad7-ac89-229b803af5ca,20260816,ecs-strict,benign-plain,0,0,0,1,1,0
ade7d483-8de6-4f95-a1e6-8c4e5403dbf2,20260816,ecs-strict,benign-plain,0,0,0,1,1,0
8ed9a5df-189c-491a-b032-e59089ad01ad,20260816,ecs-strict,benign-plain,0,0,0,1,1,0
b7732d47-f715-40e2-8022-c9c319a670fb,20260816,ecs-strict,benign-plain,0,0,0,1,1,0
1579ba87-4a9a-47b0-8834-41f6923eb7c9,20260816,ecs-strict,benign-plain,0,0,0,1,1,0
d7241e7c-62fb-4ef7-8ffa-6ad2556f0a3b,20260816,ecs-strict,benign-plain,0,0,0,1,1,0
383ce75c-5cdc-4f9f-909e-70977be75a18,20260816,ecs-strict,benign-plain,0,0,0,1,1,0
d8779aab-fadb-4240-8e6d-3bce04a19771,20260816,ecs-strict,benign-plain,0,0,0,1,1,0
44eb8719-e1e7-491b-a5b2-9f4d7089455b,20260816,ecs-strict,benign-plain,0,0,0,1,1,0
3939b640-2b31-4703-905f-501c99d0b82f,20260816,ecs-strict,benign-plain,0,0,0,1,1,0
4e2fdcd0-75c8-44b5-8072-67ea27c1a87a,20260816,ecs-strict,benign-plain,0,0,0,1,1,0
bd44e2c4-1715-4c99-be3b-8c7e21419be3,20260816,ecs-strict,benign-ecs-stable,0,0,0,1,1,0
193bd90b-47d7-48c1-9864-747da2dee63a,20260816,ecs-strict,benign-ecs-stable,0,0,0,1,1,0
5073c441-e04d-401d-a73d-44bafd9e68c8,20260816,ecs-strict,benign-ecs-stable,0,0,0,1,1,0
ae5afde4-ce56-49b7-b0bb-e4de96b7f6cc,20260816,ecs-strict,benign-ecs-stable,0,0,0,1,1,0
74145d4d-e06c-4f65-a2a5-6851b97ff5cc,20260816,ecs-strict,benign-ecs-stable,0,0,0,1,1,0
b51ce13c-8dec-43f8-9d4b-f4c4857cfc36,20260816,ecs-strict,benign-ecs-stable,0,0,0,1,1,0
ee98dfff-06b4-4df4-a0f6-4a959c76be2c,20260816,ecs-strict,benign-ecs-stable,0,0,0,1,1,0
6e5e7b0f-19a9-4586-9b9c-829d93b2c9f7,20260816,ecs-strict,benign-ecs-stable,0,0,0,1,1,0
0af335b6-6696-4cf1-a985-b9279fb32c77,20260816,ecs-strict,benign-ecs-stable,0,0,0,1,1,0
0dae4743-9a64-425a-96e0-1cbd73ddc78a,20260816,ecs-strict,benign-ecs-stable,0,0,0,1,1,0
a85b016a-1675-4e75-ac0c-ac6df77af4fe,20260816,ecs-strict,benign-ecs-stable,0,0,0,1,1,0
ce6d7879-c342-46ab-a3ad-66d22be8c1aa,20260816,ecs-strict,benign-ecs-stable,0,0,0,1,1,0
37f68546-ac4e-49c5-98a8-238883f56330,20260816,ecs-strict,benign-ecs-stable,0,0,0,1,1,0
bad702b1-6ab9-479d-92da-df64e289c7dc,20260816,ecs-strict,benign-ecs-stable,0,0,0,1,1,0
5efc6356-7b75-4dd2-a016-c06e3fc4a75e,20260816,ecs-strict,benign-ecs-stable,0,0,0,1,1,0
f00805ad-a4c4-4093-bce4-79b17cb3d080,20260816,ecs-strict,benign-ecs-stable,0,0,0,1,1,0
0840fb4f-45c0-4748-acaa-71daa563d978,20260816,ecs-strict,benign-ecs-stable,0,0,0,1,1,0
4c6c743a-7d88-4cd0-9dad-5bdf1f523615,20260816,ecs-strict,benign-ecs-stable,0,0,0,1,1,0
aafc5348-eaf9-410c-a282-398b8447755c,20260816,ecs-strict,benign-ecs-stable,0,0,0,1,1,0
6e2b2d1c-84e5-4832-8894-353ebcaf1dc1,20260816,ecs-strict,benign-ecs-stable,0,0,0,1,1,0
d3bed2f7-3139-4275-85b4-f23ac5e2dc69,20260816,ecs-strict,benign-ecs-stable,0,0,0,1,1,0
8145e6ab-8769-4686-b2fc-8858c14ac8a5,20260816,ecs-strict,benign-ecs-stable,0,0,0,1,1,0
76018813-d982-4723-b16c-c191e2867a9a,20260816,ecs-strict,benign-ecs-stable,0,0,0,1,1,0
d1cbcd99-3384-44a5-aa3a-a521083432e9,20260816,ecs-strict,benign-ecs-stable,0,0,0,1,1,0
124c3480-97eb-4460-80dc-bcefc0a7a0f1,20260816,ecs-strict,benign-ecs-stable,0,0,0,1,1,0
29c13793-9b3f-4af4-8838-a94d99625d98,20260816,ecs-strict,benign-ecs-stable,0,0,0,1,1,0
30e89ed2-57c8-4b1f-93c9-1c4b2ac991ff,20260816,ecs-strict,benign-ecs-stable,0,0,0,1,1,0
1d0cccf8-a961-411e-ab49-21ce03a13bad,20260816,ecs-strict,benign-ecs-stable,0,0,0,1,1,0
065818ae-edc6-4d6d-9af2-5dbc697ba523,20260816,ecs-strict,benign-ecs-stable,0,0,0,1,1,0
db554a23-fa92-4500-8883-a2d1eb76ade0,20260816,ecs-strict,benign-ecs-stable,0,0,0,1,1,0
313583b4-bfad-4c5c-a274-677df5c61144,20260816,ecs-strict,benign-ecs-stable,0,0,0,1,1,0
0a101fcd-f551-4a77-991e-327622149b88,20260816,ecs-strict,benign-ecs-stable,0,0,0,1,1,0
663e2427-799a-4966-9a89-de692d5a503d,20260816,ecs-strict,benign-ecs-stable,0,0,0,1,1,0
ae35e389-6269-4b97-8095-22ab1f8ff7ac,20260816,ecs-strict,benign-ecs-stable,0,0,0,1,1,0
4129274e-85dd-4a6f-a4c0-453c8ddcc145,20260816,ecs-strict,benign-ecs-stable,0,0,0,1,1,0
5af39130-5624-431b-9727-16cf068d1c71,20260816,ecs-strict,benign-ecs-stable,0,0,0,1,1,0
af60c635-13e8-442a-b2cf-946fe0ce231e,20260816,ecs-strict,benign-ecs-stable,0,0,0,1,1,0
0c1afb2b-06b0-424d-a2f8-437d47ebe784,20260816,ecs-strict,benign-ecs-stable,0,0,0,1,1,0
b3a1632d-03e9-4d99-8e3a-3faf417920f0,20260816,ecs-strict,benign-ecs-stable,0,0,0,1,1,0
815b4699-6d5c-4296-b325-055f32c317aa,20260816,ecs-strict,benign-ecs-stable,0,0,0,1,1,0
081f6df2-4fc3-4e9d-b4e2-22d3f39fb8bb,20260816,ecs-strict,benign-ecs-stable,0,0,0,1,1,0
f71c1deb-1b24-41da-a067-9e42aeba3d3d,20260816,ecs-strict,benign-plain,0,0,0,1,1,0
1c8edd4a-cfbb-47e3-a4a7-de728a1020c3,20260816,ecs-strict,benign-ecs-stable,0,0,0,1,1,0
91bad338-c0c5-4af7-aef8-3e91a87ded17,20260816,ecs-strict,benign-plain,0,0,0,1,1,0
d57763d4-eaaf-4351-9c60-9f84c67c7d7a,20260816,ecs-strict,benign-ecs-stable,0,0,0,1,1,0
a31a1e70-aea3-43d7-a6d5-2e58936c4818,20260816,ecs-strict,benign-ecs-stable,0,0,0,1,1,0
98d5dfc4-b3bd-4f99-84df-a368905490f3,20260816,ecs-strict,benign-plain,0,0,0,1,1,0
99af47f1-851d-480a-92f4-b105f1f8f515,20260816,ecs-strict,benign-ecs-stable,0,0,0,1,1,0
5fef9d26-8ad7-438d-9ac2-c39688426f38,20260816,ecs-strict,benign-ecs-stable,0,0,0,1,1,0
f48395b3-39ae-484c-9204-683115c25cf2,20260816,ecs-strict,benign-ecs-stable,0,0,0,1,1,0
6d48228e-3bfa-4f95-a941-36a102f23425,20260816,ecs-strict,benign-ecs-stable,0,0,0,1,1,0
808b2186-b9ec-44bc-894e-437f7577d928,20260816,ecs-strict,benign-ecs-stable,0,0,0,1,1,0
474c708b-1f40-4e8e-947c-c07b2dbcaa73,20260816,ecs-strict,benign-ecs-stable,0,0,0,1,1,0
02aa910a-3d00-49ec-835a-326ebda39d2b,20260816,ecs-strict,benign-plain,0,0,0,1,1,0
6c4ddf14-de04-48e5-99af-09e9f0763e25,20260816,ecs-strict,benign-ecs-stable,0,0,0,1,1,0
25fd6bc5-539c-4ac3-9c5e-ccae98931ba4,20260816,ecs-strict,benign-ecs-stable,0,0,0,1,1,0
7e0579e9-a2b2-4c61-921c-702f175c1997,20260816,ecs-strict,benign-ecs-stable,0,0,0,1,1,0
9aa6d7f8-b22f-44c6-ad22-f7b0921aa7db,20260816,ecs-strict,benign-plain,0,0,0,1,1,0
724f61c0-f4de-400a-9908-9f46e0cbf8e0,20260816,ecs-strict,benign-plain,0,0,0,1,1,0
00d321ac-6e35-4204-b880-082b7f41c2ee,20260816,ecs-strict,benign-plain,0,0,0,1,1,0
a3085746-2960-404f-9f8e-3319ace017e0,20260816,ecs-strict,benign-ecs-stable,0,0,0,1,1,0
9ffeac0c-c569-451f-af93-2d277151f53c,20260816,ecs-strict,benign-plain,0,0,0,1,1,0
464ea2b8-25d7-40c4-8229-7fa200f8a1e4,20260816,ecs-strict,benign-plain,0,0,0,1,1,0
d0091faa-5107-4337-9d65-42eee5f28007,20260816,ecs-strict,benign-ecs-stable,0,0,0,1,1,0
06d4f78f-6590-4fb5-8a80-bff800ed6972,20260816,ecs-strict,benign-ecs-stable,0,0,0,1,1,0
124f4a20-f601-407d-a7c1-587fe083528f,20260816,ecs-strict,benign-ecs-stable,0,0,0,1,1,0
e3c10ff8-497e-44dc-bc5d-1ea4316d7364,20260816,ecs-strict,benign-ecs-stable,0,0,0,1,1,0
c8c7d998-cf8d-4724-a8da-56fa5fd075c9,20260816,ecs-strict,benign-ecs-stable,0,0,0,1,1,0
9d179fd5-771c-4c45-85df-e97a613734ab,20260816,ecs-strict,benign-ecs-stable,0,0,0,1,1,0
98166c84-1422-44d2-9597-0c651456eb7d,20260816,ecs-strict,benign-ecs-stable,0,0,0,1,1,0
ddbbbd7f-69b5-4548-98af-f3cb47e5ede6,20260816,ecs-strict,benign-plain,0,0,0,1,1,0
2937a87d-416c-44a2-a7ee-c900e0580289,20260816,ecs-strict,benign-ecs-stable,0,0,0,1,1,0
441b16d1-0ec0-4a30-948f-c8d149496efc,20260816,ecs-strict,benign-ecs-stable,0,0,0,1,1,0
ab262bf5-153a-4eff-b329-1ead01d2f614,20260816,ecs-strict,benign-ecs-stable,0,0,0,1,1,0
5d3bf52c-fded-43e4-808f-b37f098ca44f,20260816,ecs-strict,benign-ecs-stable,0,0,0,1,1,0
3edb03dc-e2d2-439c-ad7f-c32af425b992,20260816,ecs-strict,benign-ecs-stable,0,0,0,1,1,0
8307dec3-8ea3-4c44-a6ab-dbee74e6e3c3,20260816,ecs-strict,benign-ecs-stable,0,0,0,1,1,0
cc189ba2-d39e-4a61-b658-28e86f0abce0,20260816,ecs-strict,benign-ecs-stable,0,0,0,1,1,0
4aaebcc6-4e48-49c3-88c2-7fc31041b967,20260816,ecs-strict,benign-ecs-stable,0,0,0,1,1,0
dc912cb7-6e9c-4e33-9717-f6cfed932d9d,20260816,ecs-strict,benign-plain,0,0,0,1,1,0
faf87c73-7a9f-4f99-992b-c1c54029f5d8,20260816,ecs-strict,benign-plain,0,0,0,1,1,0
fd356c85-255e-44b8-bec6-7959710e2135,20260816,ecs-strict,benign-ecs-stable,0,0,0,1,1,0
5d5c9c45-9cd5-4689-845d-83c3da140ced,20260816,ecs-strict,benign-ecs-stable,0,0,0,1,1,0
06e4de60-9139-4898-805d-be5a76655b3e,20260816,ecs-strict,benign-ecs-stable,0,0,0,1,1,0
7c6594fd-4571-41cf-a1e9-1c60de3ff2a2,20260816,ecs-strict,benign-ecs-stable,0,0,0,1,1,0
f8e5a5f6-de4f-40b5-8a3a-ad7981011d2e,20260816,ecs-strict,benign-ecs-stable,0,0,0,1,1,0
24358491-5e86-405d-b0fb-6d2b8585e2e0,20260816,ecs-strict,benign-ecs-stable,0,0,0,1,1,0
a2b6a026-5e0e-4eca-a78f-4c8f955256a3,20260816,ecs-strict,benign-ecs-stable,0,0,0,1,1,0
8533fef3-852a-4954-8c40-e649038028eb,20260816,ecs-strict,benign-ecs-stable,0,0,0,1,1,0
75654444-34a6-4470-b5a1-ce5f52fbf7fc,20260816,ecs-strict,benign-ecs-stable,0,0,0,1,1,0
c327a712-b6c9-4e83-9354-70625470bd7e,20260816,ecs-strict,benign-ecs-stable,0,0,0,1,1,0
93dab1e9-93c2-4820-ac8a-136235a14cdb,20260816,ecs-strict,benign-plain,0,0,0,1,1,0
2a413fa4-83fb-4156-a5d3-12ca4dd8f1d7,20260816,ecs-strict,benign-ecs-stable,0,0,0,1,1,0
fb13f0b8-f510-42a0-8d49-322e268903a5,20260816,ecs-strict,benign-ecs-stable,0,0,0,1,1,0
780f69e4-f956-47e7-a3fd-8799f6bbc030,20260816,ecs-strict,benign-ecs-stable,0,0,0,1,1,0
5d7479a3-8a31-4586-810b-c60d25e03a46,20260816,ecs-strict,benign-ecs-geo,0,0,0,1,1,0
ab51b19d-5de5-41f6-9873-122703f9fe09,20260816,ecs-strict,benign-ecs-geo,0,0,0,1,1,0
ade31753-71e6-4660-8bcf-9ba4a4dd7219,20260816,ecs-strict,benign-ecs-stable,0,0,0,1,1,0
49fca053-383b-4de6-b83a-a6164a328d8a,20260816,ecs-strict,benign-ecs-geo,0,0,0,1,1,0
641c82f4-29c4-4bc1-a7d9-49e56b416d0d,20260816,ecs-strict,benign-ecs-geo,0,0,0,1,1,0
16506469-829e-44c9-91e9-b68fa9563ab2,20260816,ecs-strict,benign-ecs-geo,0,0,0,1,1,0
3bfde8cf-ea2e-4a66-aa42-d145e6a0128e,20260816,ecs-strict,benign-ecs-geo,0,0,0,1,1,0
0726795d-d582-4d5f-912a-7bbc985476d2,20260816,ecs-strict,benign-ecs-geo,0,0,0,1,1,0
1561016c-59cf-4ab7-a774-2ce6de459040,20260816,ecs-strict,benign-ecs-geo,0,0,0,1,1,0
83e799b1-aeac-45d4-babc-a513e8492c30,20260816,ecs-strict,benign-ecs-geo,0,0,0,1,1,0
25eb3d31-95b7-4e27-8ef3-92fa12cb0040,20260816,ecs-strict,benign-ecs-geo,0,0,0,1,1,0
8c679a4e-9f1f-46e7-83d5-28a3bfcd79c8,20260816,ecs-strict,benign-ecs-geo,0,0,0,1,1,0
9bec666c-6186-494e-97bc-8ee6b6e1b869,20260816,ecs-strict,benign-ecs-geo,0,0,0,1,1,0
7da17cff-ab1f-478a-b585-f023cb42142a,20260816,ecs-strict,benign-ecs-geo,0,0,0,1,1,0
b3b57a18-57d0-47b6-8b9c-fce5c261940e,20260816,ecs-strict,benign-ecs-geo,0,0,0,1,1,0
cd22014b-e667-4371-b03e-4c5ae3598f0b,20260816,ecs-strict,benign-ecs-geo,0,0,0,1,1,0
4fceb4bd-cd21-4bd0-8854-2c1939ff1da1,20260816,ecs-strict,benign-ecs-geo,0,0,0,1,1,0
f9085a47-5782-44f3-bf96-8aa02bec1212,20260816,ecs-strict,benign-ecs-geo,0,0,0,1,1,0
fd147b57-c2c6-47bf-b5c3-e3f9ee6f608e,20260816,ecs-strict,benign-ecs-geo,0,0,0,1,1,0
824c9331-1684-46e0-b7fd-c4a31ef46369,20260816,ecs-strict,benign-ecs-geo,0,0,0,1,1,0
386fde06-5958-4659-afe3-a6ad5dcd5318,20260816,ecs-strict,benign-ecs-geo,0,0,0,1,1,0
1fc8ad10-610e-4dc4-aa8c-fd6368e19e42,20260816,ecs-strict,benign-ecs-geo,0,0,0,1,1,0
52383c5a-9eb3-450c-b6a7-efeaa2b8ea67,20260816,ecs-strict,benign-ecs-stable,0,0,0,1,1,0
80d17105-9dda-4204-9e48-0eceb4c2dc82,20260816,ecs-strict,benign-ecs-stable,0,0,0,1,1,0
947362c0-74f1-4cb1-8dab-af699542d67d,20260816,ecs-strict,benign-ecs-stable,0,0,0,1,1,0
a541834c-128c-4d6d-930f-f408ccf1b10b,20260816,ecs-strict,benign-ecs-stable,0,0,0,1,1,0
0b9a04f2-dbc7-48d1-8491-17f4d4d121c5,20260816,ecs-strict,benign-ecs-geo,0,0,0,1,1,0
b8f384ce-843f-439f-86be-31518c82e92d,20260816,ecs-strict,benign-ecs-stable,0,0,0,1,1,0
cce5d14b-db14-48ee-b3f9-daecf767843b,20260816,ecs-strict,benign-ecs-geo,0,0,0,1,1,0
0bd89b1c-4b0c-4edb-a6d4-2323ea805759,20260816,ecs-strict,benign-ecs-stable,0,0,0,1,1,0
b5886bd9-6d0d-4e60-8f9f-45db13e2217f,20260816,ecs-strict,benign-ecs-stable,0,0,0,1,1,0
005f5390-fc5e-492c-abd6-528cdd3f6425,20260816,ecs-strict,benign-ecs-geo,0,0,0,1,1,0
d358362a-b2d3-4c3a-a975-8e6d9eee7a68,20260816,ecs-strict,benign-ecs-geo,0,0,0,1,1,0
b084cf99-1179-4767-9b41-a1ff52c573da,20260816,ecs-strict,benign-ecs-geo,0,0,0,1,1,0
29c97b07-7e9e-4817-a80e-fcc891a79336,20260816,ecs-strict,benign-ecs-geo,0,0,0,1,1,0
3872b3e4-4794-4413-abcc-6917b62b8af4,20260816,ecs-strict,benign-ecs-geo,0,0,0,1,1,0
f39e4cf2-81e9-4c04-8258-66b97eb5f578,20260816,ecs-strict,benign-ecs-geo,0,0,0,1,1,0
e76c12af-ac40-4846-ad6d-a2f23bc6cc76,20260816,ecs-strict,benign-ecs-geo,0,0,0,1,1,0
50c08c06-19f9-4cc0-b9ef-9135c999382f,20260816,ecs-strict,benign-ecs-geo,0,0,0,1,1,0
4fde1275-cf74-4643-b07d-9579ead92930,20260816,ecs-strict,benign-ecs-geo,0,0,0,1,1,0
b9d5cecd-f102-44a4-8d17-007f23881156,20260816,ecs-strict,benign-ecs-geo,0,0,0,1,1,0
5e89c924-0565-4502-95c2-40b9751efd00,20260816,ecs-strict,benign-ecs-geo,0,0,0,1,1,0
7791fab5-8621-4fd8-a183-c8916a280987,20260816,ecs-strict,benign-ecs-geo,0,0,0,1,1,0
998323ea-221c-49aa-85b9-83991455e1bd,20260816,ecs-strict,benign-ecs-geo,0,0,0,1,1,0
f96d5449-79f3-4544-8d04-c9c52f82b077,20260816,ecs-strict,benign-ecs-geo,0,0,0,1,1,0
d97b6ccc-cc6b-4153-91e4-817734fcdf13,20260816,ecs-strict,benign-ecs-geo,0,0,0,1,1,0
5201efc9-c5ec-40b1-929a-d3079b404917,20260816,ecs-strict,benign-ecs-geo,0,0,0,1,1,0
edab9743-1180-489b-868a-c6799b6e922e,20260816,ecs-strict,benign-ecs-geo,0,0,0,1,1,0
2ae42f3a-91e8-4d36-9dc1-ce35c5455f94,20260816,ecs-strict,benign-ecs-geo,0,0,0,1,1,0
418f3879-752c-434d-b4d6-b07225366339,20260816,ecs-strict,benign-ecs-geo,0,0,0,1,1,0
dcadef05-40bd-494a-836c-bb92381cfc8d,20260816,ecs-strict,benign-ecs-geo,0,0,0,1,1,0
92179d0d-2ca8-4f84-b85a-ee1c1a2d129f,20260816,ecs-strict,benign-ecs-geo,0,0,0,1,1,0
c4ed0e08-3c4f-42da-8fb4-28921dc19d57,20260816,ecs-strict,benign-ecs-geo,0,0,0,1,1,0
99b8f727-ed4a-4a7f-8793-863daa501b02,20260816,ecs-strict,benign-ecs-geo,0,0,0,1,1,0
545a6d2c-40d2-4df7-92d6-ccf019bbe27c,20260816,ecs-strict,benign-ecs-geo,0,0,0,1,1,0
e2b36d13-a309-4764-8433-52f7b355506c,20260816,ecs-strict,benign-ecs-geo,0,0,0,1,1,0
ae67b506-5de5-4a03-b9bc-9a8a45107f9f,20260816,ecs-strict,benign-ecs-geo,0,0,0,1,1,0
da7d5a85-1ae3-4b7e-9489-519debec9941,20260816,ecs-strict,benign-ecs-geo,0,0,0,1,1,0
5b9fec6b-c5df-40ab-ba83-9f10f4916e9e,20260816,ecs-strict,benign-ecs-geo,0,0,0,1,1,0
fa308b85-37d8-49d0-ac6e-16c76207163e,20260816,ecs-strict,benign-ecs-geo,0,0,0,1,1,0
1bad73bc-b4e2-4184-9946-2df642aee4f5,20260816,ecs-strict,benign-ecs-geo,0,0,0,1,1,0
5c09be31-2154-4f12-b03e-b4a15ae8fb95,20260816,ecs-strict,benign-ecs-geo,0,0,0,1,1,0
33a6afe3-fabb-4b6b-980a-91f0531c0382,20260816,ecs-strict,benign-ecs-geo,0,0,0,1,1,0
bbe6096e-6fc5-4643-bd9f-9aaccb1e5b6a,20260816,ecs-strict,benign-ecs-geo,0,0,0,1,1,0
18f71de0-2e80-48a6-9c2b-9d6867c78155,20260816,ecs-strict,benign-ecs-geo,0,0,0,1,1,0
3e6f416b-b82b-4d56-91c2-5253b847f301,20260816,ecs-strict,benign-ecs-geo,0,0,0,1,1,0
267de6d8-a02a-4f88-8865-501514476c69,20260816,ecs-strict,benign-ecs-geo,0,0,0,1,1,0
eab98b09-0653-456b-bbb1-e6e18b67b88b,20260816,ecs-strict,benign-ecs-geo,0,0,0,1,1,0
eff7debc-6cea-4655-98b7-22400fd3b739,20260816,ecs-strict,benign-ecs-geo,0,0,0,1,1,0
d201f9f8-7a9b-4ce1-a98d-d6f50ee5415a,20260816,ecs-strict,benign-ecs-geo,0,0,0,1,1,0
8496f2d8-7050-4ffc-9807-de0127127b01,20260816,ecs-strict,benign-ecs-geo,0,0,0,1,1,0
779a80a8-5c93-47ca-8f1f-a1f1331cd9a8,20260816,ecs-strict,benign-ecs-geo,0,0,0,1,1,0
5c5e55e4-6d99-4709-85a7-82961801e950,20260816,ecs-strict,benign-ecs-geo,0,0,0,1,1,0
12360cbd-89ec-47eb-8655-fca729bbbbe7,20260816,ecs-strict,benign-ecs-geo,0,0,0,1,1,0
d245edec-e5bd-4dd4-9bba-2e06fa5f3090,20260816,ecs-strict,benign-ecs-geo,0,0,0,1,1,0
382c16ec-648e-49bb-92b7-299dd3260e41,20260816,ecs-strict,benign-ecs-geo,0,0,0,1,1,0
35fe135e-13ac-4c13-81fc-26ba7008e69c,20260816,ecs-strict,benign-ecs-geo,0,0,0,1,1,0
5018a2fe-f256-4230-999c-cdf7fde115aa,20260816,ecs-strict,benign-ecs-geo,0,0,0,1,1,0
89b6279c-c251-43b1-bf50-682c4d725c28,20260816,ecs-strict,benign-ecs-geo,0,0,0,1,1,0
bb9ca8d6-2045-4326-962b-d5aac9323d96,20260816,ecs-strict,benign-ecs-geo,0,0,0,1,1,0
20d84505-cbcb-40db-b2f9-e5e98fedd1cf,20260816,ecs-strict,benign-ecs-geo,0,0,0,1,1,0
568353d8-7c7c-44ed-afbd-0ae8080869bc,20260816,ecs-strict,benign-ecs-geo,0,0,0,1,1,0
62b24a7b-20c8-425b-a530-6e6f8c85ddec,20260816,ecs-strict,benign-ecs-geo,0,0,0,1,1,0
6bfd28c2-f512-494e-9f97-3512396d583d,20260816,ecs-strict,benign-ecs-geo,0,0,0,1,1,0
e162ff62-0257-47da-86c4-d45824ef90d6,20260816,ecs-strict,benign-ecs-geo,0,0,0,1,1,0
e6c643b7-994c-44b1-8f2b-d18083aa324a,20260816,ecs-strict,benign-ecs-geo,0,0,0,1,1,0
aee1def3-bc23-494d-8620-66f27d795e54,20260816,ecs-strict,benign-ecs-geo,0,0,0,1,1,0
f3154c53-3c23-4bad-be9f-dec839bafe74,20260816,ecs-strict,benign-ecs-geo,0,0,0,1,1,0
d5f8a3ea-2923-4621-a151-8b0f6e1c5df4,20260816,ecs-strict,benign-ecs-geo,0,0,0,1,1,0
7f073102-5773-4ac6-9af1-8010b7c905f9,20260816,ecs-strict,benign-ecs-geo,0,0,0,1,1,0
f088f028-c898-4452-ba60-b7e5c5411add,20260816,ecs-strict,benign-ecs-geo,0,0,0,1,1,0
cc1021d1-29be-4c0c-8a33-c86c3dfbb306,20260816,ecs-strict,benign-burst,0,0,0,1,1,0
13c9b56b-68c1-4108-81f0-8544b2bc22e5,20260816,ecs-strict,benign-ecs-geo,0,0,0,1,1,0
e8b8397d-9937-45d1-b013-ce9da7e50dac,20260816,ecs-strict,benign-burst,0,0,0,1,1,0
fb495da8-c0a0-46d2-a1e0-4e9915e1f077,20260816,ecs-strict,benign-ecs-geo,0,0,0,1,1,0
05a160de-206c-4d5a-a55d-3fb57ff51880,20260816,ecs-strict,benign-burst,0,0,0,1,1,0
7dfe1614-695e-40a0-aaab-780a9cec6537,20260816,ecs-strict,benign-ecs-geo,0,0,0,1,1,0
2ead044e-c86d-45e8-97a3-b00370f79ffa,20260816,ecs-strict,benign-burst,0,0,0,1,1,0
78f6322f-fc90-4850-b91a-5af74661f24a,20260816,ecs-strict,benign-burst,0,0,0,1,1,0
83e54c28-8914-4be8-984d-c8390acd5851,20260816,ecs-strict,benign-burst,0,0,0,1,1,0
442a17f9-5d47-46ca-a2c4-1806db6ec4fb,20260816,ecs-strict,benign-burst,0,0,0,1,1,0
a50348d8-3ec1-42e2-a942-e0535b43dd53,20260816,ecs-strict,benign-burst,0,0,0,1,1,0
4c6c4718-15af-4038-8655-d4b510ca239d,20260816,ecs-strict,benign-burst,0,0,0,1,1,0
8e1685fc-8b99-4044-aab2-e5e20b08d279,20260816,ecs-strict,benign-burst,0,0,0,1,1,0
85ca06a9-19ee-4db7-8fbb-6f51f3ec720a,20260816,ecs-strict,benign-burst,0,0,0,1,1,0
8409a306-c06f-4c03-95dc-a4df4e6496d2,20260816,ecs-strict,benign-burst,0,0,0,1,1,0
ce48f8b1-6412-4967-8ec7-f23859a52137,20260816,ecs-strict,benign-burst,0,0,0,1,1,0
665e538d-34de-41ff-90ca-e8f1eacea3a3,20260816,ecs-strict,benign-burst,0,0,0,1,1,0
62be712d-de90-4113-9d9d-4a693bd78912,20260816,ecs-strict,benign-burst,0,0,0,1,1,0
c1f0bf30-5c76-4214-b425-def6d6a35160,20260816,ecs-strict,benign-burst,0,0,0,1,1,0
c1e58eb5-3ece-4d0b-8393-220546a75f6c,20260816,ecs-strict,benign-burst,0,0,0,1,1,0
2f1811ac-cd83-434f-8e18-dea9a42d6da1,20260816,ecs-strict,benign-burst,0,0,0,1,1,0
63e8a923-dd17-42ce-ab1e-d7b957492347,20260816,ecs-strict,benign-burst,0,0,0,1,1,0
fda230b7-2151-4b04-ad05-c9630a8d750b,20260816,ecs-strict,benign-burst,0,0,0,1,1,0
f0e1aed6-8a83-4668-856a-e6672507c8ac,20260816,ecs-strict,benign-burst,0,0,0,1,1,0
4bd1ff6c-cf6e-4be8-8792-dd7f97cf9f16,20260816,ecs-strict,benign-burst,0,0,0,1,1,0
3e04300b-dcea-4793-bb3a-75d83f5f50d9,20260816,ecs-strict,benign-burst,0,0,0,1,1,0
83a6b613-b826-4881-8c16-4204b548452a,20260816,ecs-strict,benign-burst,0,0,0,1,1,0
80b938b5-9789-4e3f-9fd0-081640e266b0,20260816,ecs-strict,benign-burst,0,0,0,1,1,0
2a8211db-9774-4bf2-a1b0-d47e1e428dc4,20260816,ecs-strict,benign-burst,0,0,0,1,1,0
6202ae59-2fc8-4c85-88ab-29cb7100b4dc,20260816,ecs-strict,benign-burst,0,0,0,1,1,0
48f36de1-1d9d-400e-9d0e-22b48da0cf3a,20260816,ecs-strict,benign-burst,0,0,0,1,1,0
4b7cbc52-a1f9-4cc7-ada8-5ad80c63c32b,20260816,ecs-strict,benign-ecs-geo,0,0,0,1,1,0
151162b9-631e-4cd9-9dfe-b98ab0b0a763,20260816,ecs-strict,benign-burst,0,0,0,1,1,0
03204be3-6b4d-4c06-9367-9097be34e08d,20260816,ecs-strict,benign-ecs-geo,0,0,0,1,1,0
d503e8c3-61c5-4dc4-b8ee-8403957a017c,20260816,ecs-strict,benign-ecs-geo,0,0,0,1,1,0
843a2375-bb86-47ab-b8aa-f0a300e234a4,20260816,ecs-strict,benign-burst,0,0,0,1,1,0
16b85db4-b34b-4a09-903c-39f1de975529,20260816,ecs-strict,benign-burst,0,0,0,1,1,0
f6882720-ba38-43ce-8eeb-be9ac3fd975f,20260816,ecs-strict,benign-burst,0,0,0,1,1,0
c4a6cc47-a0ba-4371-8484-6b6cb227fd6a,20260816,ecs-strict,benign-burst,0,0,0,1,1,0
8b2b52a4-0d62-4122-a818-35b89b4827f9,20260816,ecs-strict,benign-burst,0,0,0,1,1,0
ce20f60b-ba8a-4517-a760-85d360f32559,20260816,ecs-strict,benign-burst,0,0,0,1,1,0
c8f7c83b-b6bd-4ead-9f84-8f88cdc17e22,20260816,ecs-strict,benign-burst,0,0,0,1,1,0
01a1baa8-954e-4478-8425-50b6d7780236,20260816,ecs-strict,benign-burst,0,0,0,1,1,0
6471e5a2-7175-4aa3-946e-e9493d46aa50,20260816,ecs-strict,benign-burst,0,0,0,1,1,0
6cb12b5a-c0fb-45ec-8a67-6322bd3022ca,20260816,ecs-strict,benign-burst,0,0,0,1,1,0
07c35a4a-63a2-412b-90cf-49bb002d3913,20260816,ecs-strict,benign-burst,0,0,0,1,1,0
70425229-4b0c-4828-80c5-1a865e85ccae,20260816,ecs-strict,benign-burst,0,0,0,1,1,0
7295194a-24bd-4be5-97a4-4dae7e487be6,20260816,ecs-strict,benign-burst,0,0,0,1,1,0
45e84b06-bdec-4934-b874-d90db8dd6287,20260816,ecs-strict,benign-burst,0,0,0,1,1,0
5876cb09-fae7-41df-9ad9-e8b464a28044,20260816,ecs-strict,benign-burst,0,0,0,1,1,0
476f5c76-689e-4ba7-8cd6-f0ccff25be0b,20260816,ecs-strict,benign-burst,0,0,0,1,1,0
04d70fc6-9ab8-493e-81f0-0efd3abb4cd2,20260816,ecs-strict,benign-burst,0,0,0,1,1,0
b95ebe22-784c-4bf7-be0b-f8a9d35af378,20260816,ecs-strict,benign-ecs-geo,0,0,0,1,1,0
58cbc1c2-ec1f-4c91-873f-6e210b2c8ad7,20260816,ecs-strict,benign-burst,0,0,0,1,1,0
1f7f44de-0fb2-48f6-8795-3abd89950c95,20260816,ecs-strict,benign-burst,0,0,0,1,1,0
8ed20992-9ec0-4784-8dde-3e77588ffbc2,20260816,ecs-strict,benign-burst,0,0,0,1,1,0
c7790a1b-d95b-4ab9-b06b-45b54fa605bb,20260816,ecs-strict,benign-burst,0,0,0,1,1,0
a8325565-ac61-4956-8463-6e94e168bd68,20260816,ecs-strict,benign-burst,0,0,0,1,1,0
5d8768e1-1d96-4c26-9cec-11ddc8cc183c,20260816,ecs-strict,benign-burst,0,0,0,1,1,0
8f853bd5-158f-4ec9-8d44-0d4976aa6d42,20260816,ecs-strict,benign-burst,0,0,0,1,1,0
3ce93fdd-f89b-472f-ae7f-bac5ba50d7dd,20260816,ecs-strict,benign-burst,0,0,0,1,1,0
7babb58d-aab1-4576-be6a-2d592ef97f70,20260816,ecs-strict,benign-burst,0,0,0,1,1,0
2837a0e9-7267-411c-91cc-164a26f27449,20260816,ecs-strict,benign-burst,0,0,0,1,1,0
51fb5c85-8f3f-4139-b5f3-856284553ed0,20260816,ecs-strict,benign-burst,0,0,0,1,1,0
6638c80b-cefe-4b38-8cee-bf5be8dbf512,20260816,ecs-strict,benign-burst,0,0,0,1,1,0
7c21bbcc-5132-4b40-839e-be3644cbc7d7,20260816,ecs-strict,benign-burst,0,0,0,1,1,0
2c8adedf-6ab4-4568-8a19-328e885cf182,20260816,ecs-strict,benign-burst,0,0,0,1,1,0
744294d2-5f12-48f5-b0e8-b56415b05502,20260816,ecs-strict,benign-burst,0,0,0,1,1,0
ea533ac2-ada5-43d7-a281-2e67e070bba4,20260816,ecs-strict,benign-burst,0,0,0,1,1,0
cb7a7fef-15b2-44d5-8c66-39133ef078e2,20260816,ecs-strict,benign-burst,0,0,0,1,1,0
f9416d16-ec53-4585-b2a2-09d1d575c507,20260816,ecs-strict,benign-burst,0,0,0,1,1,0
e0faf2d0-8b59-4bbf-86a8-3a917875162a,20260816,ecs-strict,benign-burst,0,0,0,1,1,0
83e40c29-0d9e-4f69-8441-889167d00c0a,20260816,ecs-strict,benign-burst,0,0,0,1,1,0
24dfbee2-5bf2-4f14-9557-a8f7db3ba5df,20260816,ecs-strict,benign-burst,0,0,0,1,1,0
a155902a-6400-499a-b411-7c401e5833a0,20260816,ecs-strict,benign-burst,0,0,0,1,1,0
00fed94a-7b0e-4a5f-b720-1fe1aeafce3f,20260816,ecs-strict,benign-burst,0,0,0,1,1,0
a258f867-1125-4937-a98f-0d582a4430da,20260816,ecs-strict,benign-burst,0,0,0,1,1,0
428db828-cf4e-4431-8dff-ae28d35247a5,20260816,ecs-strict,benign-burst,0,0,0,1,1,0
58139f59-5395-41ce-86b3-fb9c627a3836,20260816,ecs-strict,benign-burst,0,0,0,1,1,0
60ecb6fa-411f-4ba1-9688-6a107bf9c184,20260816,ecs-strict,benign-burst,0,0,0,1,1,0
3e8b5588-ac6b-4f66-be8e-4c81c3fea3e9,20260816,ecs-strict,benign-burst,0,0,0,1,1,0
35510d38-7af0-4f20-a237-977132eecd2f,20260816,ecs-strict,benign-burst,0,0,0,1,1,0
d65cf306-2f72-43c5-98b1-bff7cff1200b,20260816,ecs-strict,benign-burst,0,0,0,1,1,0
7c816977-737a-4a47-a7cd-917607cf9d59,20260816,ecs-strict,benign-burst,0,0,0,1,1,0
c5fe43e7-4ae0-4d3f-85ac-24c85a13a253,20260816,ecs-strict,benign-burst,0,0,0,1,1,0
e6e589d6-592a-499b-bf7b-524787f611f6,20260816,ecs-strict,benign-burst,0,0,0,1,1,0
fdce4deb-fabc-452c-9a90-0ed0e0876f8c,20260816,ecs-strict,benign-burst,0,0,0,1,1,0
227ea3e9-94b0-484c-b9dc-f6f25f6c57c9,20260816,ecs-strict,adverse-ecs-omit,1,0,0,1,1,0
0465a062-14bc-4860-87ef-2f301bc8ad5e,20260816,ecs-strict,adverse-ecs-omit,1,0,0,1,1,0
c591bf04-cfb3-4118-943e-ba39aed26a7c,20260816,ecs-strict,benign-burst,0,0,0,1,1,0
f4e14993-d46b-4ed8-9a46-08929c4dddde,20260816,ecs-strict,benign-burst,0,0,0,1,1,0
8463cb59-60ed-4d8f-b19e-29e6a437eb43,20260816,ecs-strict,adverse-ecs-omit,1,0,0,1,1,0
445f2414-b7eb-4361-8dce-1d025ac71ae9,20260816,ecs-strict,adverse-ecs-omit,1,0,0,1,1,0
1b9e519b-ff68-45ca-9c95-61214f8a1313,20260816,ecs-strict,benign-burst,0,0,0,1,1,0
816824f7-e57c-4dd7-bc48-388acb307774,20260816,ecs-strict,adverse-ecs-omit,1,0,0,1,1,0
a66565b7-d178-4c54-a3fa-5bd4b0e11c2c,20260816,ecs-strict,adverse-ecs-omit,1,0,0,1,1,0
83ac3e6c-6037-4f1b-88e5-e20d1dc93753,20260816,ecs-strict,adverse-ecs-omit,1,0,0,1,1,0
7ce8fd40-b271-4101-a842-5f9fd133f330,20260816,ecs-strict,adverse-ecs-omit,1,0,0,1,1,0
3f1bab5e-3e8e-4233-a440-a67b87d9d8b3,20260816,ecs-strict,adverse-ecs-omit,1,0,0,1,1,0
6040afce-4ed7-4d33-906c-7b8fbfb3db27,20260816,ecs-strict,adverse-ecs-omit,1,0,0,1,1,0
8fd4e982-72d6-41af-9796-4e4445773c34,20260816,ecs-strict,benign-burst,0,0,0,1,1,0
6732ff28-5481-4539-97d2-40b860c0f26e,20260816,ecs-strict,benign-burst,0,0,0,1,1,0
b5ed538c-6363-4d9b-bd5c-d6dbf802f516,20260816,ecs-strict,adverse-ecs-omit,1,0,0,1,1,0
b35e0e62-b6d0-4f53-a581-8f268941dce8,20260816,ecs-strict,adverse-ecs-omit,1,0,0,1,1,0
6d8fe524-3d0b-4bc8-9d89-7990a3dd4a42,20260816,ecs-strict,adverse-ecs-omit,1,0,0,1,1,0
9b6a5050-e7b8-4ebe-a9e6-3e231566fe64,20260816,ecs-strict,adverse-ecs-omit,1,0,0,1,1,0
925d37b3-08f6-4c15-bb2e-8a644d70e0f9,20260816,ecs-strict,adverse-ecs-omit,1,0,0,1,1,0
c2b0252e-fcef-4fd5-9f5a-b70b20538dfb,20260816,ecs-strict,benign-burst,0,0,0,1,1,0
b53a17cd-8171-4dc4-b2a6-3ed5038fed22,20260816,ecs-strict,adverse-ecs-omit,1,0,0,1,1,0
fa515e20-a494-4551-aa63-ecb43a3342b8,20260816,ecs-strict,adverse-ecs-omit,1,0,0,1,1,0
16dc09ad-27b1-4bf3-8bb0-4c1c28d433a9,20260816,ecs-strict,adverse-ecs-omit,1,0,0,1,1,0
b1db217e-8868-4e1f-b959-453bad60137c,20260816,ecs-strict,benign-burst,0,0,0,1,1,0
945f7f34-821b-4bac-a2e5-84c19555e113,20260816,ecs-strict,adverse-ecs-omit,1,0,0,1,1,0
24beb9ac-5f17-447e-9f9a-a7fdf6363e2c,20260816,ecs-strict,adverse-ecs-omit,1,0,0,1,1,0
b013bcb4-5810-4ebe-8b59-7f0e871198bb,20260816,ecs-strict,adverse-ecs-omit,1,0,0,1,1,0
a25865eb-9d98-4be5-904c-16f6c694907d,20260816,ecs-strict,adverse-ecs-omit,1,0,0,1,1,0
ac13359d-6758-4179-a0bb-195e6f3d5408,20260816,ecs-strict,adverse-ecs-omit,1,0,0,1,1,0
c360e47a-11c4-40f1-a658-a8c2382268dd,20260816,ecs-strict,adverse-ecs-omit,1,0,0,1,1,0
6ab044c2-807d-4b21-aa6b-428566987987,20260816,ecs-strict,adverse-ecs-omit,1,0,0,1,1,0
c1beb9b2-fcc0-4379-8178-ce95ad4bebff,20260816,ecs-strict,adverse-ecs-omit,1,0,0,1,1,0
41ddf416-95a7-410d-947b-986ded107b06,20260816,ecs-strict,adverse-ecs-omit,1,0,0,1,1,0
9ab2b2bc-4bdf-4ab4-b72a-868894d15592,20260816,ecs-strict,adverse-ecs-omit,1,0,0,1,1,0
5e1c4a7c-b2e3-4d02-b997-097e45acf0fb,20260816,ecs-strict,adverse-ecs-omit,1,0,0,1,1,0
5bfef6bd-0bf0-48ac-8a87-4ce32171454f,20260816,ecs-strict,adverse-ecs-omit,1,0,0,1,1,0
3b59851b-ab9c-40d0-915a-c73b1e1831c1,20260816,ecs-strict,adverse-ecs-omit,1,0,0,1,1,0
5fa2dc84-4468-4135-91de-43e4be52682b,20260816,ecs-strict,adverse-ecs-omit,1,0,0,1,1,0
14e43a4a-6af0-4ab1-bfdb-3c0135d8c5be,20260816,ecs-strict,adverse-ecs-omit,1,0,0,1,1,0
52dfb173-f2fc-44f4-8953-97ec3c4fa4f6,20260816,ecs-strict,adverse-ecs-omit,1,0,0,1,1,0
ad5e0e70-d3c3-40ca-856d-846837fd2d2f,20260816,ecs-strict,adverse-ecs-omit,1,0,0,1,1,0
f58abf0e-820b-4c51-bf7e-79fa2c49bda9,20260816,ecs-strict,adverse-ecs-omit,1,0,0,1,1,0
066f4acb-a6ee-451a-b0eb-0441189dd1cc,20260816,ecs-strict,adverse-ecs-omit,1,0,0,1,1,0
e99e23c5-28b3-4e38-b7b2-62d0876174ad,20260816,ecs-strict,adverse-ecs-omit,1,0,0,1,1,0
e3b28305-dbd4-4839-832e-faf49023cca5,20260816,ecs-strict,adverse-ecs-omit,1,0,0,1,1,0
d39b9041-c867-4145-b55c-93795f79767d,20260816,ecs-strict,adverse-ecs-omit,1,0,0,1,1,0
dd20c1f4-dea9-4875-8e99-030602eac720,20260816,ecs-strict,adverse-ecs-omit,1,0,0,1,1,0
fcf3c696-c38f-4af0-a84b-117a30b9f32e,20260816,ecs-strict,adverse-ecs-omit,1,0,0,1,1,0
88d53eed-f92d-430f-83ad-1b3b7af0b005,20260816,ecs-strict,adverse-ecs-omit,1,0,0,1,1,0
ff7a6001-ba5b-41d6-8cb6-634d4baabb4b,20260816,ecs-strict,adverse-ecs-omit,1,0,0,1,1,0
649cc58c-133d-4267-a9d6-f0f704a0468b,20260816,ecs-strict,adverse-ecs-omit,1,0,0,1,1,0
7b1f0db9-5716-4dc5-88e5-d03b80fa1ac5,20260816,ecs-strict,adverse-ecs-omit,1,0,0,1,1,0
ba00f44a-8467-4fdd-8ee6-ca608c02041b,20260816,ecs-strict,adverse-ecs-omit,1,0,0,1,1,0
1eda98fb-d96a-483c-9ba7-2b9742ea5acb,20260816,ecs-strict,adverse-ecs-omit,1,0,0,1,1,0
40657780-d29c-45b4-9833-7fb76f62ea38,20260816,ecs-strict,adverse-ecs-omit,1,0,0,1,1,0
825beab3-549d-4978-bcb5-e43f2a1fe8f1,20260816,ecs-strict,adverse-ecs-omit,1,0,0,1,1,0
033baac2-474d-4084-9812-4f562f91c8b2,20260816,ecs-strict,adverse-ecs-omit,1,0,0,1,1,0
57c6ac2f-e015-42c7-b9ae-e860e9c57549,20260816,ecs-strict,adverse-ecs-omit,1,0,0,1,1,0
388f926d-ff19-468f-8e1e-d5e5121dae5c,20260816,ecs-strict,adverse-ecs-omit,1,0,0,1,1,0
cf1b6f0b-d823-4aa4-a4df-3c3f80f7fb54,20260816,ecs-strict,adverse-ecs-omit,1,0,0,1,1,0
bb249199-d637-4950-b77a-56c705485851,20260816,ecs-strict,adverse-ecs-omit,1,0,0,1,1,0
f9ea78f9-d095-4105-8119-7c9a02d5f326,20260816,ecs-strict,adverse-ecs-omit,1,0,0,1,1,0
4b32e3e0-f802-4c53-beeb-938bd98f2afe,20260816,ecs-strict,adverse-ecs-omit,1,0,0,1,1,0
ba084c1a-7bcb-425e-9c7a-2645c58031b6,20260816,ecs-strict,adverse-ecs-omit,1,0,0,1,1,0
654240ba-f191-425a-8e88-c318582ee8e7,20260816,ecs-strict,adverse-ecs-omit,1,0,0,1,1,0
39289c8b-d9d6-4d89-a6e0-a1e940249dd8,20260816,ecs-strict,adverse-ecs-omit,1,0,0,1,1,0
d017875b-8797-4df2-8024-54fc36cdae5c,20260816,ecs-strict,adverse-ecs-omit,1,0,0,1,1,0
ffc78c0f-8c90-492e-a22d-12d667e689e4,20260816,ecs-strict,adverse-ecs-omit,1,0,0,1,1,0
c1d19f3e-8fc1-4096-9284-15d6e1883b16,20260816,ecs-strict,adverse-ecs-omit,1,0,0,1,1,0
f9ae7901-88c1-4720-910d-86cbf85af19b,20260816,ecs-strict,adverse-ecs-omit,1,0,0,1,1,0
b60dfcd7-15f9-4117-87c3-c32e16962e1b,20260816,ecs-strict,adverse-ecs-omit,1,0,0,1,1,0
bf3294b6-17b0-45fa-84dd-39389a00cac1,20260816,ecs-strict,adverse-ecs-omit,1,0,0,1,1,0
24fadd00-2f8f-4f6c-9f9c-bb65e14abf66,20260816,ecs-strict,adverse-ecs-omit,1,0,0,1,1,0
acb12ec4-6039-461e-8714-fec45f1852b4,20260816,ecs-strict,adverse-ecs-omit,1,0,0,1,1,0
bcaa1d7f-7c58-45fd-a0d2-9fe261146eb2,20260816,ecs-strict,adverse-ecs-omit,1,0,0,1,1,0
4faaf696-719f-405a-afdf-183234e6e6f0,20260816,ecs-strict,adverse-ecs-omit,1,0,0,1,1,0
74f92fa9-d4b5-4ec9-8289-60573e4307c8,20260816,ecs-strict,adverse-ecs-omit,1,0,0,1,1,0
6947b608-d9fa-43ea-93e2-822e8e0f2745,20260816,ecs-strict,adverse-ecs-omit,1,0,0,1,1,0
865df526-30de-4ce4-8491-c4b355018937,20260816,ecs-strict,adverse-ecs-omit,1,0,0,1,1,0
978ce421-fc6c-4eea-8e9f-4c099e7660f2,20260816,ecs-strict,adverse-ecs-omit,1,0,0,1,1,0
1d2de271-ee90-4521-ad2e-e3cf00d051fe,20260816,ecs-strict,adverse-ecs-omit,1,0,0,1,1,0
b25291cb-fca1-4b7e-85c4-c76ea6ee28fd,20260816,ecs-strict,adverse-ecs-omit,1,0,0,1,1,0
ac46052a-4c23-4b39-ae38-f26e68d8ab19,20260816,ecs-strict,adverse-ecs-omit,1,0,0,1,1,0
22b3afdd-65d2-4962-afac-ec33f2b2be8c,20260816,ecs-strict,adverse-ecs-omit,1,0,0,1,1,0
47b8fc0d-6431-4598-b34c-2867ba46ce6d,20260816,ecs-strict,adverse-ecs-omit,1,0,0,1,1,0
780ab678-2bd1-4776-bf16-8fa61b66cd35,20260816,ecs-strict,adverse-ecs-omit,1,0,0,1,1,0
ba0f8b6e-d029-436f-9b7a-766f6538cf49,20260816,ecs-strict,adverse-ecs-mismatch,1,0,0,1,1,0
d1854a52-3eb0-46f8-8666-5f0e5a851bf4,20260816,ecs-strict,adverse-ecs-mismatch,1,0,0,1,1,0
ac8a5ce1-04d3-44cd-b187-4ae258820f83,20260816,ecs-strict,adverse-ecs-mismatch,1,0,0,1,1,0
0a6dd955-644b-490b-93a6-91b3d72dbab4,20260816,ecs-strict,adverse-ecs-mismatch,1,0,0,1,1,0
9c7d4a53-4ed1-40d9-b4cf-cd5511cb0d3d,20260816,ecs-strict,adverse-ecs-mismatch,1,0,0,1,1,0
b8aa9cb6-cd75-44a3-a38e-9b09cf0323cb,20260816,ecs-strict,adverse-ecs-mismatch,1,0,0,1,1,0
3e06c8e2-f319-4b6b-abb5-66f03f48018d,20260816,ecs-strict,adverse-ecs-mismatch,1,0,0,1,1,0
b787e630-26e6-4505-b441-2bcf8b244023,20260816,ecs-strict,adverse-ecs-mismatch,1,0,0,1,1,0
3a242007-eabd-4cf4-ae9f-d9ded54c1e52,20260816,ecs-strict,adverse-ecs-mismatch,1,0,0,1,1,0
059a9cb7-b265-4692-9718-f91be6b2ac7e,20260816,ecs-strict,adverse-ecs-mismatch,1,0,0,1,1,0
eaedd1da-3a3d-407b-ae4f-a095464169c5,20260816,ecs-strict,adverse-ecs-mismatch,1,0,0,1,1,0
c9424625-b057-4be3-8c4a-9bc272cd03c3,20260816,ecs-strict,adverse-ecs-mismatch,1,0,0,1,1,0
763fe271-7f5a-45ec-a00b-bc1cc1fbfc9d,20260816,ecs-strict,adverse-ecs-mismatch,1,0,0,1,1,0
57b654e6-0af3-4134-9e79-ec42984407a1,20260816,ecs-strict,adverse-ecs-mismatch,1,0,0,1,1,0
e0d0b58b-cf41-4a0d-8f8e-7f767365ee09,20260816,ecs-strict,adverse-ecs-omit,1,0,0,1,1,0
1386c8aa-f9e9-40eb-9796-3b9700ae06a0,20260816,ecs-strict,adverse-ecs-omit,1,0,0,1,1,0
6948d7b0-776c-4920-8ae4-ffd3d6bc42ae,20260816,ecs-strict,adverse-ecs-mismatch,1,0,0,1,1,0
07dd13df-a708-4f9c-95dd-02cdb4d6de4d,20260816,ecs-strict,adverse-ecs-omit,1,0,0,1,1,0
a34288ae-841a-4de6-8fb9-1d58d742d3f2,20260816,ecs-strict,adverse-ecs-omit,1,0,0,1,1,0
f7eedfd9-1219-4fb8-b681-1d889f461ed5,20260816,ecs-strict,adverse-ecs-mismatch,1,0,0,1,1,0
0ebdd3ba-d625-45a2-bf3a-94a56a7c0fc8,20260816,ecs-strict,adverse-ecs-omit,1,0,0,1,1,0
1f77a907-4b0e-43f7-b47f-4baed1a94332,20260816,ecs-strict,adverse-ecs-mismatch,1,0,0,1,1,0
5042fee9-2542-4cd0-ad8b-1192129d6169,20260816,ecs-strict,adverse-ecs-omit,1,0,0,1,1,0
fbd4335f-046a-40df-bd1a-db0ed7631eef,20260816,ecs-strict,adverse-ecs-mismatch,1,0,0,1,1,0
a6aba3bc-8f53-459b-81c0-c064c087e3b5,20260816,ecs-strict,adverse-ecs-omit,1,0,0,1,1,0
884506d5-3af7-49df-9714-cffe4602a599,20260816,ecs-strict,adverse-ecs-mismatch,1,0,0,1,1,0
f660ef10-d67c-4326-bd93-0ac33bbd9e6c,20260816,ecs-strict,adverse-ecs-mismatch,1,0,0,1,1,0
72c0a925-72ab-458b-8e90-f3144cb1a45e,20260816,ecs-strict,adverse-ecs-mismatch,1,0,0,1,1,0
8b43da93-11df-4ccd-a166-8a09ce381fe1,20260816,ecs-strict,adverse-ecs-mismatch,1,0,0,1,1,0
60d4a895-ca65-4baf-83f8-921b05f08b5f,20260816,ecs-strict,adverse-ecs-mismatch,1,0,0,1,1,0
640e53b0-c257-4726-bbc1-7854df078bea,20260816,ecs-strict,adverse-ecs-mismatch,1,0,0,1,1,0
4926420e-ef77-4b1e-a447-f7433143d9fb,20260816,ecs-strict,adverse-ecs-mismatch,1,0,0,1,1,0
b4255f96-02e8-4c04-a641-9d9aa06a3be1,20260816,ecs-strict,adverse-ecs-mismatch,1,0,0,1,1,0
4f7e2ed6-66d4-467c-ac5d-b0e512dc905e,20260816,ecs-strict,adverse-ecs-mismatch,1,0,0,1,1,0
e982fd9b-1d45-499c-9183-734497b00b03,20260816,ecs-strict,adverse-ecs-mismatch,1,0,0,1,1,0
9b43e57c-0704-4c2f-83d7-3c7a43dedb65,20260816,ecs-strict,adverse-ecs-mismatch,1,0,0,1,1,0
e9d668da-a400-479e-a8e8-14cac1f1340d,20260816,ecs-strict,adverse-ecs-mismatch,1,0,0,1,1,0
446518f4-85ee-46cc-a29a-fced09345da6,20260816,ecs-strict,adverse-ecs-mismatch,1,0,0,1,1,0
8d9542a1-b1f2-4279-b86d-78e0f625878b,20260816,ecs-strict,adverse-ecs-mismatch,1,0,0,1,1,0
ab6dbbde-60d9-4f55-a879-ccebf4303a3a,20260816,ecs-strict,adverse-ecs-mismatch,1,0,0,1,1,0
e3f46814-b636-466f-9d37-e08b5101d18c,20260816,ecs-strict,adverse-ecs-mismatch,1,0,0,1,1,0
bcc1bec5-0a40-436a-a4d6-02568b29cd8d,20260816,ecs-strict,adverse-ecs-mismatch,1,0,0,1,1,0
44dfac5d-a953-49ac-b659-40e544936119,20260816,ecs-strict,adverse-ecs-omit,1,0,0,1,1,0
8e6e66f2-4252-4530-8c5d-c47e2a8ba9c6,20260816,ecs-strict,adverse-ecs-omit,1,0,0,1,1,0
0757a111-c373-4999-8f58-73c10d03ba4b,20260816,ecs-strict,adverse-ecs-mismatch,1,0,0,1,1,0
a289956a-fbf8-45c7-9885-074347b91453,20260816,ecs-strict,adverse-ecs-mismatch,1,0,0,1,1,0
ea07cdc4-2faf-4f96-8ffe-81ea7f1674ea,20260816,ecs-strict,adverse-ecs-omit,1,0,0,1,1,0
5c3f334e-66d2-4fb3-84dd-9c636e3e4cd8,20260816,ecs-strict,adverse-ecs-mismatch,1,0,0,1,1,0
dd6d0f34-0564-4b15-8aae-204c70f2c6c8,20260816,ecs-strict,adverse-ecs-mismatch,1,0,0,1,1,0
d237e5b5-1f25-4ae7-b212-e02628ef4838,20260816,ecs-strict,adverse-ecs-mismatch,1,0,0,1,1,0
defd8f00-5778-4464-937e-cc834a8b6f80,20260816,ecs-strict,adverse-ecs-mismatch,1,0,0,1,1,0
5d011b53-55df-4228-8fb3-26f8406d859d,20260816,ecs-strict,adverse-ecs-mismatch,1,0,0,1,1,0
9dda74f2-fef2-4e40-ae72-29936d1d4d41,20260816,ecs-strict,adverse-ecs-mismatch,1,0,0,1,1,0
0d91e221-747e-49af-a20e-e41fa29b2510,20260816,ecs-strict,adverse-ecs-mismatch,1,0,0,1,1,0
75b8036a-df47-4221-967e-583c671e759d,20260816,ecs-strict,adverse-ecs-mismatch,1,0,0,1,1,0
6be94285-ca0c-4746-8b03-5957733e45af,20260816,ecs-strict,benign-burst,0,0,0,1,1,0
51fee76e-f6e4-4a6b-8772-595a5b468293,20260816,ecs-strict,benign-burst,0,0,0,1,1,0
b324e389-7c90-43f3-aad3-6b4e25fc85c7,20260816,ecs-strict,adverse-ecs-mismatch,1,0,0,1,1,0
92b05e87-25d7-4afc-b8d3-5c1809f2b384,20260816,ecs-strict,adverse-ecs-mismatch,1,0,0,1,1,0
437dbec8-2269-4eea-b577-9b8b0b01b0fb,20260816,ecs-strict,adverse-ecs-mismatch,1,0,0,1,1,0
1e1adcd2-1539-40b8-95aa-abd834b530da,20260816,ecs-strict,adverse-ecs-mismatch,1,0,0,1,1,0
14d2bf6a-123a-41de-97a7-b738481d3802,20260816,ecs-strict,adverse-ecs-mismatch,1,0,0,1,1,0
268ac08f-a84a-430d-8f8e-a21d34587563,20260816,ecs-strict,adverse-ecs-mismatch,1,0,0,1,1,0
1b091bac-77bd-452a-b01d-17ab17816a1b,20260816,ecs-strict,adverse-ecs-mismatch,1,0,0,1,1,0
81221229-2f73-4719-9368-0bd262762279,20260816,ecs-strict,adverse-ecs-mismatch,1,0,0,1,1,0
fd513c08-e62a-4a85-93b5-d99920c139ac,20260816,ecs-strict,adverse-ecs-mismatch,1,0,0,1,1,0
5879c0bc-27d9-403d-874c-c828ef0df68f,20260816,ecs-strict,benign-burst,0,0,0,1,1,0
1cf48108-9806-44b6-b741-b1da0338f49c,20260816,ecs-strict,adverse-ecs-mismatch,1,0,0,1,1,0
94b7ad6e-f60f-4d3a-b6dd-e95d901976ad,20260816,ecs-strict,adverse-ecs-mismatch,1,0,0,1,1,0
646f8bbe-de6a-48d7-b87a-015f2f5ec864,20260816,ecs-strict,adverse-ecs-mismatch,1,0,0,1,1,0
393f1225-6acb-46c1-84d2-d51436a7fa9d,20260816,ecs-strict,adverse-ecs-mismatch,1,0,0,1,1,0
d3a0ae02-b62e-4daf-9363-73772fcb54af,20260816,ecs-strict,adverse-ecs-mismatch,1,0,0,1,1,0
b2bde93a-b1dd-4462-81aa-e31b11936614,20260816,ecs-strict,adverse-ecs-mismatch,1,0,0,1,1,0
4e79f4ef-13be-4965-b3f6-8c061a206105,20260816,ecs-strict,adverse-ecs-mismatch,1,0,0,1,1,0
8401d413-4dd4-4842-ae7d-c72c39feb423,20260816,ecs-strict,adverse-ecs-mismatch,1,0,0,1,1,0
304acc77-6aa7-42cd-a614-b24557f1fe81,20260816,ecs-strict,adverse-ecs-mismatch,1,0,0,1,1,0
b8660865-17aa-4e91-ad72-8bb1706f4913,20260816,ecs-strict,adverse-ecs-mismatch,1,0,0,1,1,0
2f4e4087-709a-4a5c-bb69-f1a69bd52e25,20260816,ecs-strict,adverse-ecs-mismatch,1,0,0,1,1,0
83fc7239-bcdb-4f07-815a-168b77999204,20260816,ecs-strict,adverse-ecs-mismatch,1,0,0,1,1,0
d01a7f72-f7a0-4e15-9f8a-3c55e50de997,20260816,ecs-strict,adverse-ecs-mismatch,1,0,0,1,1,0
5dfe3f12-cc8c-42a3-b0e6-20fd3228d79c,20260816,ecs-strict,adverse-ecs-mismatch,1,0,0,1,1,0
34c580c2-9a35-48c1-bcb5-d2b4361f1dd5,20260816,ecs-strict,adverse-ecs-mismatch,1,0,0,1,1,0
4e056a67-0cc0-4ab3-880d-d6178ac88f51,20260816,ecs-strict,adverse-ecs-mismatch,1,0,0,1,1,0
b9783617-2745-4a74-9f15-cc7935b91403,20260816,ecs-strict,adverse-ecs-mismatch,1,0,0,1,1,0
2003a315-c716-4ed8-8228-8a75dd6267d0,20260816,ecs-strict,adverse-ecs-mismatch,1,0,0,1,1,0
8b0fe18c-a700-4479-86cd-4f746982cb9e,20260816,ecs-strict,adverse-ecs-mismatch,1,0,0,1,1,0
98a3361a-4f77-4ca6-b71e-4cac5bee0abb,20260816,ecs-strict,adverse-ecs-mismatch,1,0,0,1,1,0
92dc6086-19ab-4d4d-b386-c2bfa6b56ea2,20260816,ecs-strict,adverse-ecs-mismatch,1,0,0,1,1,0
01baa28e-9e18-4f29-9452-ffb3f5c0ce8b,20260816,ecs-strict,adverse-ecs-mismatch,1,0,0,1,1,0
cca63049-8fdd-4684-987b-d3ece5a130c0,20260816,ecs-strict,adverse-ecs-mismatch,1,0,0,1,1,0
fe7e9ea3-dba9-4be4-99c6-387d3851e8a8,20260816,ecs-strict,adverse-ecs-mismatch,1,0,0,1,1,0
3255f8c2-898b-4e93-9db8-983591d2128b,20260816,ecs-strict,adverse-ecs-mismatch,1,0,0,1,1,0
8face641-4573-4515-9153-6b38297ba478,20260816,ecs-strict,adverse-ecs-mismatch,1,0,0,1,1,0
506fa35f-ce62-495f-96a6-b8aade3465b8,20260816,ecs-strict,adverse-ecs-mismatch,1,0,0,1,1,0
510211ce-a8bb-437c-bcaf-443bc4b78e77,20260816,ecs-strict,adverse-ecs-mismatch,1,0,0,1,1,0
5297135f-c849-4921-8d30-5c1b1c3953ca,20260816,ecs-strict,adverse-conflict,1,0,0,2,1,1
52de6004-a329-4771-a428-eabba66e2d94,20260816,ecs-strict,adverse-conflict,1,0,0,2,1,1
24fb5da7-45b6-44d8-826e-19edca224ce5,20260816,ecs-strict,adverse-ecs-mismatch,1,0,0,1,1,0
62a63245-54f1-497f-8f64-390a5554c00f,20260816,ecs-strict,adverse-conflict,1,0,0,2,1,1
ce43c1ee-c48a-4582-8975-aee982972dc5,20260816,ecs-strict,adverse-conflict,1,0,0,2,1,1
d770cf4a-9f0a-4ed8-abdc-b78edbf7be23,20260816,ecs-strict,adverse-conflict,1,0,0,2,1,1
e1d919bc-3536-4b81-9975-2059da7fb6d2,20260816,ecs-strict,adverse-conflict,1,0,0,2,1,1
63ada154-e194-468a-bd84-fd438bdbd7be,20260816,ecs-strict,adverse-conflict,1,0,0,2,1,1
15bac405-1023-4b3e-85ae-72d1b0d5b50f,20260816,ecs-strict,adverse-conflict,1,0,0,2,1,1
6b6e90f3-4cee-4231-8cb8-8e0b85184cfe,20260816,ecs-strict,adverse-conflict,1,0,0,2,1,1
8b3bbdac-0652-4452-a4cd-ea647ec698b1,20260816,ecs-strict,adverse-ecs-mismatch,1,0,0,1,1,0
246e1eec-d0fd-401a-b15d-0b105915405c,20260816,ecs-strict,adverse-conflict,1,0,0,2,1,1
ed4e792b-2fc9-4931-b921-9b52b525d2d9,20260816,ecs-strict,adverse-ecs-mismatch,1,0,0,1,1,0
bc6f9e67-2b45-4371-99e9-47b02f79d1aa,20260816,ecs-strict,adverse-conflict,1,0,0,2,1,1
2db3b162-3b27-4905-ba49-d98f9444f908,20260816,ecs-strict,adverse-conflict,1,0,0,2,1,1
8c747bd0-0ac2-40e7-952d-f3f80fbe604a,20260816,ecs-strict,adverse-conflict,1,0,0,2,1,1
1623032e-7edd-444d-badd-d8a5b02ce8d7,20260816,ecs-strict,adverse-conflict,1,0,0,2,1,1
39fdcaff-bffc-4f5e-bb47-01ab67a8c2d5,20260816,ecs-strict,adverse-ecs-mismatch,1,0,0,1,1,0
8cf09030-4be6-4b0e-9753-2db922d5bdc1,20260816,ecs-strict,adverse-conflict,1,0,0,2,1,1
faa93d72-25b1-4426-8b23-ba020f172156,20260816,ecs-strict,adverse-conflict,1,0,0,2,1,1
17e756c2-c9e0-43f8-bc75-91eceb9f94c8,20260816,ecs-strict,adverse-ecs-mismatch,1,0,0,1,1,0
490d4c63-4ef6-4d3f-a744-ebf1bb02771f,20260816,ecs-strict,adverse-conflict,1,0,0,2,1,1
210f1e68-6232-46fd-9424-71dc4d932b0b,20260816,ecs-strict,adverse-conflict,1,0,0,2,1,1
649824cd-31ab-488f-9123-224a5b24b40c,20260816,ecs-strict,adverse-conflict,1,0,0,2,1,1
a284aa7e-2f8b-4b76-b613-e50e43592d3c,20260816,ecs-strict,adverse-conflict,1,0,0,2,1,1
afe455db-40e2-4ab0-86fc-50280c9b39b0,20260816,ecs-strict,adverse-conflict,1,0,0,2,1,1
e76df8aa-15b7-477c-8ef5-1d39943c5df7,20260816,ecs-strict,adverse-conflict,1,0,0,2,1,1
5236e398-f995-481a-8e35-5977b5fc385c,20260816,ecs-strict,adverse-conflict,1,0,0,2,1,1
c691f3a9-6b53-4956-919c-9d4679047e23,20260816,ecs-strict,adverse-conflict,1,0,0,2,1,1
98ebbaf7-1be4-46bb-af42-38f6ca704819,20260816,ecs-strict,adverse-conflict,1,0,0,2,1,1
c4acc488-cd6d-4dae-9e90-a5270feda394,20260816,ecs-strict,adverse-conflict,1,0,0,2,1,1
23b576b5-4a5d-474d-b30a-071bf6956fd6,20260816,ecs-strict,adverse-conflict,1,0,0,2,1,1
dab43dae-78a0-4045-b7ed-037447c59a80,20260816,ecs-strict,adverse-conflict,1,0,0,2,1,1
0df11f39-c235-454a-ae34-dce4c18dbfdb,20260816,ecs-strict,adverse-conflict,1,0,0,2,1,1
eddba1ed-a450-4c4c-9386-c4b00bd11ded,20260816,ecs-strict,adverse-conflict,1,0,0,2,1,1
04fb3a36-860a-465d-8c8b-4649f460d85a,20260816,ecs-strict,adverse-conflict,1,0,0,2,1,1
35ce2f7f-406e-4c98-a511-e41867454694,20260816,ecs-strict,adverse-conflict,1,0,0,2,1,1
0e348554-1a84-493b-9eb3-67e283f8232a,20260816,ecs-strict,adverse-conflict,1,0,0,2,1,1
5e5d70b2-d840-4ab9-880e-42cb38b41a19,20260816,ecs-strict,adverse-conflict,1,0,0,2,1,1
b77a62b7-5801-47e4-b61a-d8dc9925e6dc,20260816,ecs-strict,adverse-conflict,1,0,0,2,1,1
c4d59816-08c8-46e7-abcd-df7e9d8f31bb,20260816,ecs-strict,adverse-conflict,1,0,0,2,1,1
ef7e228b-aa51-458a-a0f7-4205d43cebdf,20260816,ecs-strict,adverse-conflict,1,0,0,2,1,1
2bcdb3e1-13d4-43ed-a306-ba187208d09a,20260816,ecs-strict,adverse-conflict,1,0,0,2,1,1
3393b7ea-c30b-4460-a5c3-3456609732b0,20260816,ecs-strict,adverse-conflict,1,0,0,2,1,1
ac136709-dc6a-4edc-bf1b-00b5f5bc5797,20260816,ecs-strict,adverse-conflict,1,0,0,2,1,1
e332d123-e42b-454c-9ebc-82755b4b6171,20260816,ecs-strict,adverse-conflict,1,0,0,2,1,1
30cd9c39-3b1d-4005-88a7-16cb9b545469,20260816,ecs-strict,adverse-conflict,1,0,0,2,1,1
d1e027c1-6c99-4cd5-80e6-946e8bd0c389,20260816,ecs-strict,adverse-conflict,1,0,0,2,1,1
ee22364c-19ec-44a3-be9a-39a0028f6415,20260816,ecs-strict,adverse-conflict,1,0,0,2,1,1
66237878-5762-4f9c-8553-a29f1fee6682,20260816,ecs-strict,adverse-conflict,1,0,0,2,1,1
c5132d57-318e-4cce-858f-37fb14e1e644,20260816,ecs-strict,adverse-conflict,1,0,0,2,1,1
01e80c90-50c6-48d7-b408-ebbec9c122a5,20260816,ecs-strict,adverse-conflict,1,0,0,2,1,1
80ef1a41-b424-4a69-837d-9e8e9333d790,20260816,ecs-strict,adverse-conflict,1,0,0,2,1,1
c9ebd961-bd8f-4ba6-a18d-9fe73ef51246,20260816,ecs-strict,adverse-conflict,1,0,0,2,1,1
dd23545c-455c-479c-b696-5c2e836e2891,20260816,ecs-strict,adverse-conflict,1,0,0,2,1,1
572bb5b0-272e-4a0c-ac09-78c0a032462f,20260816,ecs-strict,adverse-conflict,1,0,0,2,1,1
6fbc4b67-aff4-4f82-a187-5bd47770a13a,20260816,ecs-strict,adverse-conflict,1,0,0,2,1,1
f6d8259d-d922-4918-809c-ebd1ead6b9ee,20260816,ecs-strict,adverse-conflict,1,0,0,2,1,1
e149cc08-ff7d-46c4-ab7c-4d8416f579e7,20260816,ecs-strict,adverse-conflict,1,0,0,2,1,1
0c9d7b2f-1f5a-44f6-8850-4a06b2f17139,20260816,ecs-strict,adverse-conflict,1,0,0,2,1,1
f1de9457-857e-4e38-813c-b9ba941824df,20260816,ecs-strict,adverse-conflict,1,0,0,2,1,1
c479f00d-90ed-4321-a817-23afa64f75ff,20260816,ecs-strict,adverse-conflict,1,0,0,2,1,1
1f8c958b-1c45-43b7-9265-e215d975eb9d,20260816,ecs-strict,adverse-conflict,1,0,0,2,1,1
0c37c31c-378a-4738-850d-fa227a68593b,20260816,ecs-strict,adverse-conflict,1,0,0,2,1,1
3f0cfa3c-355e-48b5-bfb0-de23ca1e1934,20260816,ecs-strict,adverse-conflict,1,0,0,2,1,1
dc60ca83-a0a7-4bba-81ac-e824ba5653c1,20260816,ecs-strict,adverse-ecs-mismatch,1,0,0,1,1,0
36a6ad96-3bd6-46e5-b841-ebe0648c13d4,20260816,ecs-strict,adverse-conflict,1,0,0,2,1,1
86a898dc-737e-4269-b7c6-e110bc898146,20260816,ecs-strict,adverse-conflict,1,0,0,2,1,1
5acb62a2-6cc2-442e-ae5c-91104ba74f6f,20260816,ecs-strict,adverse-conflict,1,0,0,2,1,1
95c3f446-1cc2-4e15-b629-f1a217beda1b,20260816,ecs-strict,adverse-conflict,1,0,0,2,1,1
dd8bc585-6765-43fe-ac17-994b2118655b,20260816,ecs-strict,adverse-conflict,1,0,0,2,1,1
65268941-a7f4-472c-bfb0-7e8958328b6e,20260816,ecs-strict,adverse-conflict,1,0,0,2,1,1
40e0808c-4dfe-4ac2-9b08-781a3516d833,20260816,ecs-strict,adverse-conflict,1,0,0,2,1,1
799105a7-3ae4-453b-ac5a-d15b85bf07ca,20260816,ecs-strict,adverse-conflict,1,0,0,2,1,1
78ae7f41-c0d4-4300-a528-91da08b118f2,20260816,ecs-strict,adverse-ecs-mismatch,1,0,0,1,1,0
fea70dd1-b527-4134-bc85-cfdd4c2b7083,20260816,ecs-strict,adverse-conflict,1,0,0,2,1,1
8e4bbd5a-808c-4f61-9a7c-541d6e054b4b,20260816,ecs-strict,adverse-conflict,1,0,0,2,1,1
9a7a0d58-e042-4bcb-aff5-55efba4feff9,20260816,ecs-strict,adverse-conflict,1,0,0,2,1,1
ac57afca-e5e0-4aff-876c-845fe6ec3fcb,20260816,ecs-strict,adverse-conflict,1,0,0,2,1,1
ba68462d-2cdc-40c7-9984-84912c778798,20260816,ecs-strict,adverse-conflict,1,0,0,2,1,1
11419d41-e459-49a2-a270-f0e2c1144221,20260816,ecs-strict,adverse-conflict,1,0,0,2,1,1
ea437385-450a-4a80-b9d9-d94903ebf9b8,20260816,ecs-strict,adverse-ecs-mismatch,1,0,0,1,1,0
b60e0e09-0f5b-441d-96df-a296186df5ab,20260816,ecs-strict,adverse-conflict,1,0,0,2,1,1
44a02b7e-25c4-4ff7-b4d8-b8d55303f296,20260816,ecs-strict,adverse-conflict,1,0,0,2,1,1
265d62bc-5e10-46a2-ba9a-3b78b47874f9,20260816,ecs-strict,adverse-conflict,1,0,0,2,1,1
b70d5e5d-b0db-416e-be0d-cf15986543b7,20260816,ecs-strict,adverse-conflict,1,0,0,2,1,1
d28db411-9625-469a-8cc4-f88df99cf34e,20260816,ecs-strict,adverse-conflict,1,0,0,2,1,1
5bc1c316-a246-4189-85d0-e71e46d2909e,20260816,ecs-strict,adverse-conflict,1,0,0,2,1,1
a844827d-196e-46d8-8deb-88268a3eb787,20260816,ecs-strict,adverse-conflict,1,0,0,2,1,1
5cd2dbb1-cb86-485b-ab5f-5358d80d5ea1,20260816,ecs-strict,adverse-ecs-fanout,1,0,0,2,1,1
4d6c87af-e419-4030-8ef6-3e86e8d852dc,20260816,ecs-strict,adverse-conflict,1,0,0,2,1,1
885c0031-bb99-437c-bad7-ceca6afdeb55,20260816,ecs-strict,adverse-ecs-fanout,1,0,0,2,1,1
c21f8bea-3631-4aa5-9d6e-619e45339106,20260816,ecs-strict,adverse-conflict,1,0,0,2,1,1
b723ec16-b7db-45ff-92fb-da868d95fcc0,20260816,ecs-strict,adverse-ecs-fanout,1,0,0,2,1,1
90ccd52d-9187-4d23-adcd-4f63805cff7b,20260816,ecs-strict,adverse-ecs-fanout,1,0,0,2,1,1
3a8fd723-10ef-4b6d-b421-7cf05e4ea9de,20260816,ecs-strict,adverse-ecs-fanout,1,0,0,2,1,1
39b1f5fb-8e4f-481d-8ebf-e2318d919a52,20260816,ecs-strict,adverse-ecs-fanout,1,0,0,2,1,1
a8d0d04e-6cab-4996-afc3-d33e38d5765f,20260816,ecs-strict,adverse-conflict,1,0,0,2,1,1
d0f8679b-1fe3-4ea9-a73e-96a72c333cef,20260816,ecs-strict,adverse-ecs-fanout,1,0,0,2,1,1
4573cd1b-f3a1-4295-a4ad-549f68ba795b,20260816,ecs-strict,adverse-ecs-fanout,1,0,0,2,1,1
4c108b1f-fb6e-4a5f-b221-a11fab0265ed,20260816,ecs-strict,adverse-ecs-fanout,1,0,0,2,1,1
d194abb6-866b-4440-b613-72f35121b05a,20260816,ecs-strict,adverse-ecs-fanout,1,0,0,2,1,1
88155157-4dc4-49e7-94d6-a301046d976d,20260816,ecs-strict,adverse-ecs-fanout,1,0,0,2,1,1
e0907fa9-868e-4a22-88e0-bc3b940b7a64,20260816,ecs-strict,adverse-ecs-fanout,1,0,0,2,1,1
0cdc0ea1-41a4-4295-94c0-a6544c26211c,20260816,ecs-strict,adverse-ecs-fanout,1,0,0,2,1,1
94d75a40-0e2e-4242-b6d4-3a47d701ed8d,20260816,ecs-strict,adverse-ecs-fanout,1,0,0,2,1,1
c6090ebd-4d58-4e18-8b84-d11f1076afd1,20260816,ecs-strict,adverse-ecs-fanout,1,0,0,2,1,1
1233b055-4a93-41de-9189-e070c7d8321f,20260816,ecs-strict,adverse-ecs-fanout,1,0,0,2,1,1
fb0d7e9b-917d-491a-a4b4-a957611ee518,20260816,ecs-strict,adverse-ecs-fanout,1,0,0,2,1,1
d3235ad3-1b1f-4844-bfa2-227dc3611c2f,20260816,ecs-strict,adverse-ecs-fanout,1,0,0,2,1,1
2c3f4144-7a74-4500-99b5-26f9bc049b7c,20260816,ecs-strict,adverse-ecs-fanout,1,0,0,2,1,1
45597b85-0cfc-4157-b05f-2a88e06cbb66,20260816,ecs-strict,adverse-ecs-fanout,1,0,0,2,1,1
7b95132b-10a7-4bff-90db-de7a192fa515,20260816,ecs-strict,adverse-ecs-fanout,1,0,0,2,1,1
7b1b0ad0-6b54-4ac9-8094-9c2e00103375,20260816,ecs-strict,adverse-ecs-fanout,1,0,0,2,1,1
af7e0bc7-ae5d-4a1b-942a-64741036e46c,20260816,ecs-strict,adverse-ecs-fanout,1,0,0,2,1,1
2e15e824-95a1-4a03-a0a8-b8cdea6c1ef4,20260816,ecs-strict,adverse-ecs-fanout,1,0,0,2,1,1
20d2c108-52eb-4ec2-a019-e9db7606236b,20260816,ecs-strict,adverse-ecs-fanout,1,0,0,2,1,1
7cb1e599-610f-4b16-a96c-7c1ab644e2a7,20260816,ecs-strict,adverse-ecs-fanout,1,0,0,2,1,1
5de846dc-2028-448d-a41f-1813b1162c85,20260816,ecs-strict,adverse-ecs-fanout,1,0,0,2,1,1
98f62122-46dc-4d53-803c-524e8a10e46c,20260816,ecs-strict,adverse-ecs-fanout,1,0,0,2,1,1
b8e4e303-2d90-4914-91b7-81ceaa4816c6,20260816,ecs-strict,adverse-ecs-fanout,1,0,0,2,1,1
3f600caa-ccc0-48e0-ac68-5969e9490b11,20260816,ecs-strict,adverse-ecs-fanout,1,0,0,2,1,1
5eead57b-95dd-4a9c-bb9c-054499c8c93b,20260816,ecs-strict,adverse-ecs-fanout,1,0,0,2,1,1
3c8b6c78-278b-4bdf-aabc-bfd8680b25c7,20260816,ecs-strict,adverse-ecs-fanout,1,0,0,2,1,1
299495e9-f58c-449e-91f7-b2c739d5d37f,20260816,ecs-strict,adverse-ecs-fanout,1,0,0,2,1,1
5a890680-ad53-45dd-9696-c84fae913f49,20260816,ecs-strict,adverse-ecs-fanout,1,0,0,2,1,1
cf8a3cd9-fd54-4ccd-b117-a95516d621a6,20260816,ecs-strict,adverse-ecs-fanout,1,0,0,2,1,1
7379fc8f-114f-4458-a3c2-5e11b889a227,20260816,ecs-strict,adverse-ecs-fanout,1,0,0,2,1,1
10d597cf-ba1a-43e4-9807-7b38b1a2bd7d,20260816,ecs-strict,adverse-ecs-fanout,1,0,0,2,1,1
cd0b59fd-9460-4c7b-9a53-5079b82276fd,20260816,ecs-strict,adverse-ecs-fanout,1,0,0,2,1,1
4627602c-2f4e-4527-803c-c8d9fe3b99eb,20260816,ecs-strict,adverse-ecs-fanout,1,0,0,2,1,1
ef6c02fc-c6b4-45d1-aa02-2675a3f3ed59,20260816,ecs-strict,adverse-ecs-fanout,1,0,0,2,1,1
097a97cc-4f5b-47fa-a846-7b599b693c7d,20260816,ecs-strict,adverse-ecs-fanout,1,0,0,2,1,1
c11d7770-eeff-4ad3-b0c2-eaee22943541,20260816,ecs-strict,adverse-ecs-fanout,1,0,0,2,1,1
c88d0e8a-b579-47f4-84ce-df6975dc4f8e,20260816,ecs-strict,adverse-ecs-fanout,1,0,0,2,1,1
2c96d8b6-c0a9-49db-a989-f150a85405a8,20260816,ecs-strict,adverse-ecs-fanout,1,0,0,2,1,1
756a2af6-9883-42a4-a4b8-56f56e6944bf,20260816,ecs-strict,adverse-ecs-fanout,1,0,0,2,1,1
8d8b64d8-cd3c-4a8e-9b20-a50ae744eff5,20260816,ecs-strict,adverse-ecs-fanout,1,0,0,2,1,1
023f627c-0f15-4c52-8533-6b40f6c53132,20260816,ecs-strict,adverse-ecs-fanout,1,0,0,2,1,1
e826a921-3738-4304-a9df-35b46ddc38c1,20260816,ecs-strict,adverse-ecs-fanout,1,0,0,2,1,1
a4655421-2379-430d-ad95-1cbc3e04b24e,20260816,ecs-strict,adverse-ecs-fanout,1,0,0,2,1,1
0e71e402-0713-41c6-b402-3000fc029fdd,20260816,ecs-strict,adverse-ecs-fanout,1,0,0,2,1,1
576c1457-bb32-4c6c-89d8-d33cec051183,20260816,ecs-strict,adverse-ecs-fanout,1,0,0,2,1,1
3254f1f3-58d6-4fc0-bc7f-e10fe0271cf6,20260816,ecs-strict,adverse-ecs-fanout,1,0,0,2,1,1
b915bafa-608e-4634-85ca-4d4bab4fe1f2,20260816,ecs-strict,adverse-ecs-fanout,1,0,0,2,1,1
69903289-c4ef-4609-968b-66ccce4365b6,20260816,ecs-strict,adverse-ecs-fanout,1,0,0,2,1,1
31ac7cf3-3253-4653-a12e-54bd6cbcdf33,20260816,ecs-strict,adverse-ecs-fanout,1,0,0,2,1,1
2b727eba-31cf-41ce-93fc-3fe4f080296c,20260816,ecs-strict,adverse-ecs-fanout,1,0,0,2,1,1
52d2c48b-6f22-4041-98f7-d59bf2d454f0,20260816,ecs-strict,adverse-ecs-fanout,1,0,0,2,1,1
fde8ca03-5a14-473f-8b73-cfcaf7e0ab6f,20260816,ecs-strict,adverse-ecs-fanout,1,0,0,2,1,1
153855f6-09df-4bc0-8ba7-e137bcad18d1,20260816,ecs-strict,adverse-ecs-fanout,1,0,0,2,1,1
7e81922b-4230-4fc0-9de0-c378decb991e,20260816,ecs-strict,adverse-ecs-fanout,1,0,0,2,1,1
f46e306f-5277-4877-8af2-42d4179c9d9d,20260816,ecs-strict,adverse-ecs-fanout,1,0,0,2,1,1
7ec132bd-afd8-4bb8-ab4b-d27f3dafcc03,20260816,ecs-strict,adverse-conflict,1,0,0,2,1,1
cf6bb4c1-52b3-4aae-959d-7403fa66de26,20260816,ecs-strict,adverse-ecs-fanout,1,0,0,2,1,1
77aaf554-1fa5-4c4a-9510-392084dd9396,20260816,ecs-strict,adverse-conflict,1,0,0,2,1,1
bc896352-8be0-43eb-92c7-57fca04d648f,20260816,ecs-strict,adverse-ecs-fanout,1,0,0,2,1,1
056d2c47-9f77-485a-aa0c-3b68c8b73595,20260816,ecs-strict,adverse-conflict,1,0,0,2,1,1
f698f361-7f5a-426b-aea4-d98a2d5c3526,20260816,ecs-strict,adverse-conflict,1,0,0,2,1,1
33ce8ae5-7b84-44f4-84d7-f7160a1be9d0,20260816,ecs-strict,adverse-ecs-fanout,1,0,0,2,1,1
70279db9-5053-43c2-98e0-cbda908d4d36,20260816,ecs-strict,adverse-conflict,1,0,0,2,1,1
fb5c375f-df95-4897-b12e-c6157979c1b4,20260816,ecs-strict,adverse-conflict,1,0,0,2,1,1
d29f8865-8996-4523-bb48-454bde747a1d,20260816,ecs-strict,adverse-ecs-fanout,1,0,0,2,1,1
1bb175fb-13c0-426d-85df-8b7d23a9fb16,20260816,ecs-strict,adverse-ecs-fanout,1,0,0,2,1,1
9369cc9f-3133-4018-830f-87a6499efb92,20260816,ecs-strict,adverse-ecs-fanout,1,0,0,2,1,1
afbed827-5971-4af3-891d-86030a241350,20260816,ecs-strict,adverse-ecs-fanout,1,0,0,2,1,1
5aa138f0-e2fe-42d8-ba92-4a9c5e2cae9f,20260816,ecs-strict,adverse-ecs-fanout,1,0,0,2,1,1
f2238a8d-6185-4715-ab5a-8e95d3f3c051,20260816,ecs-strict,adverse-ecs-fanout,1,0,0,2,1,1
c20acd96-6ff0-45ef-b5c9-30f29db0b628,20260816,ecs-strict,adverse-ecs-fanout,1,0,0,2,1,1
0a81c329-8a87-49d8-9d85-37e4a044a7f2,20260816,ecs-strict,adverse-ecs-fanout,1,0,0,2,1,1
5126879b-61ba-4ed0-9cd0-75f547c03d7c,20260816,ecs-strict,adverse-ecs-fanout,1,0,0,2,1,1
55df521a-8663-4205-9513-2b3b00927bab,20260816,ecs-strict,adverse-ecs-fanout,1,0,0,2,1,1
8220dd97-38e2-47c8-9fb7-46b8b1364db5,20260816,ecs-strict,adverse-ecs-fanout,1,0,0,2,1,1
a17b6977-3423-45d4-ba2c-74d3293e838c,20260816,ecs-strict,adverse-ecs-fanout,1,0,0,2,1,1
f9cf4f1f-25a1-42cd-9616-c3206da96ba1,20260816,ecs-strict,adverse-ecs-fanout,1,0,0,2,1,1
331d0a92-561e-4987-b7bd-51995a193b69,20260816,ecs-strict,adverse-ecs-fanout,1,0,0,2,1,1
8877881c-9365-42a3-adae-df6bc45fc157,20260816,ecs-strict,adverse-ecs-fanout,1,0,0,2,1,1
7691caac-337b-4bcf-8137-86850b91fe5f,20260816,ecs-strict,adverse-ecs-fanout,1,0,0,2,1,1
ad57efd0-590a-4394-8985-4361783730b2,20260816,ecs-strict,adverse-ecs-fanout,1,0,0,2,1,1
2295239f-0ffc-4e70-9fc3-5f46aab1bff0,20260816,ecs-strict,adverse-ecs-fanout,1,0,0,2,1,1
8ba640f6-c492-4034-8a1f-3534063dd33a,20260816,ecs-strict,adverse-ecs-fanout,1,0,0,2,1,1
e1a7a451-32c3-4460-bf1a-8a0e83b33716,20260816,ecs-strict,adverse-ecs-fanout,1,0,0,2,1,1
3eb17341-5506-4f04-a184-ce0c5a498465,20260816,ecs-strict,adverse-ecs-fanout,1,0,0,2,1,1
2efd7d66-2f53-498b-b98f-014f00229f79,20260816,ecs-strict,adverse-ecs-fanout,1,0,0,2,1,1
7679c987-dde7-48c7-9fdd-0354375ee769,20260816,ecs-strict,adverse-ecs-fanout,1,0,0,2,1,1
43c00f08-01f4-483e-802c-6b32e50c2fee,20260816,ecs-strict,adverse-ecs-fanout,1,0,0,2,1,1
ff65ca3b-4a37-4d49-9c8d-03ecea199a29,20260816,ecs-strict,adverse-ecs-fanout,1,0,0,2,1,1
a7bed84a-d7c8-4ba7-a6aa-3c98d66ff1e4,20260816,ecs-strict,adverse-ecs-fanout,1,0,0,2,1,1
